season,round,circuit_id,driver_id,avg_lap_time_norm,lap_time_std,best_lap_time_norm,avg_sector1_norm,avg_sector2_norm,avg_sector3_norm,tyre_degradation_slope,avg_stint_length,number_of_pit_stops,team,teammate_pace_delta,position_gain,grid_position,finish_position
2019,1,Melbourne,ALB,1.0114583132201933,0.012487011847535841,0.988715671930444,1.0132034084198094,1.0068353184337877,1.0129136854140015,-0.0004039669409877431,27.0,1,Toro Rosso,0.004474823331367395,-1.0,13.0,14.0
2019,1,Melbourne,BOT,0.9865018102493508,0.012334951489567376,0.959476200886826,0.9837367376024752,0.9854253152541558,0.9867025923092214,-0.0006504363527856806,28.0,1,Mercedes,-0.0019039450702837968,1.0,2.0,1.0
2019,1,Melbourne,GAS,1.0026280477765714,0.013764887616239988,0.9779638879078868,1.0042568026957681,1.0026984594249828,1.0010449027022215,-0.00012932460511669124,27.0,1,Red Bull Racing,0.006590083001184466,6.0,17.0,11.0
2019,1,Melbourne,GIO,1.013724687807731,0.016398329506375806,0.9919782049341608,1.0138163086039274,1.013402737865499,1.0136920259918893,-0.00016842868212627786,27.0,1,Alfa Romeo Racing,0.00567974316635933,-1.0,14.0,15.0
2019,1,Melbourne,HAM,0.9903097003899183,0.013417330054138317,0.964824064264052,0.987889345011146,0.9895353342985708,0.9898152108648459,-0.0015114377171292464,28.0,1,Mercedes,0.0019039450702836858,-1.0,1.0,2.0
2019,1,Melbourne,HUL,1.0029583704193685,0.009693921305451977,0.991585804057425,1.0052729266852276,1.0000443902416232,1.0027947372723092,-0.00025213343575475187,27.0,1,Renault,0.0,4.0,11.0,7.0
2019,1,Melbourne,KUB,1.0297020653691116,0.018114884412256116,1.0010034250990811,1.025770613286416,1.031799157824679,1.031425922428656,-6.646140161619336e-05,15.333333333333334,2,Williams,0.0030219049103668016,3.0,20.0,17.0
2019,1,Melbourne,KVY,1.0025086665574587,0.016569188213640368,0.9804191962508898,1.0078665862700433,0.998234514425271,1.0007002462055243,-0.0006093660311666685,27.0,1,Toro Rosso,-0.004474823331367173,5.0,15.0,10.0
2019,1,Melbourne,LEC,0.9962660763326724,0.012821996744790171,0.9745668174607178,0.9966569644815658,0.9989876476187928,0.9937344175104054,3.2974801115178006e-05,27.5,1,Ferrari,-0.0007881597294340237,0.0,5.0,5.0
2019,1,Melbourne,MAG,1.0013929721512589,0.00978019163978097,0.988648403208718,1.0012918275614242,1.0027533843842351,1.0003994740131035,-0.0001767080253252351,27.5,1,Haas F1 Team,0.0,1.0,7.0,6.0
2019,1,Melbourne,NOR,1.0111680611431157,0.01137770867665524,0.9928302754093582,1.0131910015334913,1.009724578020133,1.010264724303437,-0.00018058891740537546,27.0,1,McLaren,0.0,-4.0,8.0,12.0
2019,1,Melbourne,PER,1.0107937231638804,0.0116395514527068,0.9920454736558868,1.011117190485407,1.0099278386001964,1.0109306089851218,-0.00043742649435695255,27.0,1,Racing Point,0.003975394596452908,-3.0,10.0,13.0
2019,1,Melbourne,RAI,1.0023652014750122,0.009575005871770566,0.9896350111273676,0.9993430553694521,1.001016302900318,1.0056342486514402,-0.00024853082650602427,27.0,1,Alfa Romeo Racing,-0.005679743166359552,1.0,9.0,8.0
2019,1,Melbourne,RUS,1.023658255548378,0.015417075372486865,0.9946016850814792,1.0235146986571662,1.02164951938974,1.024948946952514,0.000847327150040782,17.0,2,Williams,-0.0030219049103668016,3.0,19.0,16.0
2019,1,Melbourne,STR,1.0028429339709743,0.012629854086154893,0.981764570685412,1.0033548220604365,1.0002788018684396,1.0039583434205228,-0.0005892083012483004,27.0,1,Racing Point,-0.00397539459645313,7.0,16.0,9.0
2019,1,Melbourne,VER,0.9894478817742024,0.010685151184248908,0.967055143534635,0.991691739856017,0.9862200795965882,0.9895556586401271,-0.00041661595656721276,27.5,1,Red Bull Racing,-0.006590083001184577,1.0,4.0,3.0
2019,1,Melbourne,VET,0.9978423957915405,0.011952756162656331,0.9860921917831256,0.9960483841496839,0.9988908280415493,0.9953873001146647,-0.0013356719545715627,28.0,1,Ferrari,0.0007881597294341347,-1.0,3.0,4.0
2019,2,Sakhir,ALB,1.0011614075270796,0.008995467829650208,0.9893044847542892,1.000139748533653,1.0035239061795218,1.0013427141051812,0.0005796278746645731,16.0,2,Toro Rosso,0.0005607860078937765,3.0,12.0,9.0
2019,2,Sakhir,BOT,0.9902750567496267,0.011242457516376213,0.9633019080144788,0.9935063432028892,0.9918874527553544,0.984501104028663,-0.0004319582025368617,16.666666666666668,2,Mercedes,0.001480705126894133,2.0,4.0,2.0
2019,2,Sakhir,GAS,0.9981409384649993,0.01350079504477882,0.9743655289474222,0.9962990267561057,1.0016593952685362,0.9973032884778291,0.0007240893322232007,16.0,2,Red Bull Racing,0.0033341556064541145,5.0,13.0,8.0
2019,2,Sakhir,GIO,1.0024538248907613,0.015235456841529663,0.9738133704165728,1.0037921135919288,1.002903698691926,1.0030204557763611,0.000618047963107933,16.0,2,Alfa Romeo Racing,0.002147389687587431,5.0,16.0,11.0
2019,2,Sakhir,HAM,0.9873136464958384,0.012378162617168039,0.9563385754309904,0.9867964295799657,0.9887396761700343,0.9862300545765114,0.0007664678983433753,16.666666666666668,2,Mercedes,-0.001480705126894133,2.0,3.0,1.0
2019,2,Sakhir,HUL,0.9971316301628527,0.009878574789887644,0.9735884169410416,0.997806555623967,0.9974248751808128,0.998814384313072,-0.0002214488536709427,16.0,2,Renault,-0.0035039613966202365,0.0,17.0,17.0
2019,2,Sakhir,KUB,1.0215583512583453,0.009159491008137587,1.0010736415877626,1.0181787249336425,1.022993984924133,1.0264891131032863,0.0005788238715089979,14.666666666666666,2,Williams,0.0019308242944848786,4.0,20.0,16.0
2019,2,Sakhir,KVY,1.000039835511292,0.014775958923097384,0.9707151475490297,0.9978126316471693,1.0033333722178153,1.0001050215945229,0.00034926367309799097,16.0,2,Toro Rosso,-0.0005607860078937765,3.0,15.0,12.0
2019,2,Sakhir,LEC,0.9921415570870568,0.020907141601883627,0.9551422319474836,0.9986244214137906,0.9876883953151976,0.9930916968712243,0.0023163091051974856,16.666666666666668,2,Ferrari,0.002573979017975736,-2.0,1.0,3.0
2019,2,Sakhir,MAG,1.0086947231089822,0.01514647327967749,0.9805108488926152,1.0121844518616936,1.005974084841813,1.0092879546519269,0.00029233655913138206,16.333333333333332,2,Haas F1 Team,0.0,-7.0,6.0,13.0
2019,2,Sakhir,NOR,0.9980256924136145,0.010438571995786997,0.979334955725066,0.9941636421573392,0.9994701989330097,1.0034882792428723,0.00031386688229644044,16.0,2,McLaren,-0.0008917930807393892,3.0,9.0,6.0
2019,2,Sakhir,PER,1.0015555021575084,0.012146644457539197,0.984989468087282,0.9995294457586658,1.003845675267914,1.0031584593592469,4.925683646284407e-05,16.0,2,Racing Point,-0.0025471990162146962,4.0,14.0,10.0
2019,2,Sakhir,RAI,0.9981590455155865,0.011896021591226309,0.977412626025072,0.9958041684219623,0.9990828122812748,1.0026142565512643,0.00012470592588847163,16.0,2,Alfa Romeo Racing,-0.00214738968758732,1.0,8.0,7.0
2019,2,Sakhir,RIC,1.004139552956093,0.00832119755612233,0.9887421010654616,1.0062283288505782,1.0042895805142082,1.0042819647544057,0.0002377323237499415,25.0,1,Renault,0.0035039613966201255,-8.0,10.0,18.0
2019,2,Sakhir,RUS,1.0176967026693755,0.011865536946885614,0.995040798380335,1.0170714705803265,1.021198661314838,1.0153846017474764,0.0011576007810082157,15.666666666666666,2,Williams,-0.0019308242944848786,4.0,19.0,15.0
2019,2,Sakhir,SAI,0.9998092785750932,0.013109538398600021,0.977381950551136,0.9994368651680942,0.9980244992524033,1.003710586901275,-0.003262381387752369,11.5,3,McLaren,0.0008917930807392782,-12.0,7.0,19.0
2019,2,Sakhir,STR,1.0066499001899376,0.00739583915120661,0.9922186547782164,1.0052338119861832,1.0082919173922194,1.0086417769207419,0.0007006917418787559,24.5,1,Racing Point,0.002547199016214474,4.0,18.0,14.0
2019,2,Sakhir,VER,0.9914726272520911,0.011480308513622103,0.974570032106996,0.9948422416375733,0.9890019131165135,0.9921359830021248,-0.0006071020392161378,16.666666666666668,2,Red Bull Racing,-0.0033341556064541145,1.0,5.0,4.0
2019,2,Sakhir,VET,0.9869935990511053,0.00906518565576587,0.9703163663878608,0.9891531350900769,0.9833948680260681,0.9921520226638337,0.0007337084416208765,12.0,3,Ferrari,-0.002573979017975736,-3.0,2.0,5.0
2019,3,Shanghai,ALB,1.0062815427349114,0.008315218259241777,0.9942197112871446,1.0040709858370214,1.01403325201657,1.0035273930147186,-1.852247795253829e-05,25.5,1,Toro Rosso,0.0008743641436026461,-10.0,0.0,10.0
2019,3,Shanghai,BOT,0.9810943343117938,0.011617028868072865,0.9537174795930676,0.9838515451385592,0.9802836640501298,0.9811518662259742,0.0004989355797808765,16.666666666666668,2,Mercedes,0.000644577586553563,-1.0,1.0,2.0
2019,3,Shanghai,GAS,0.9913634947122926,0.012607411405041988,0.9524106317101612,0.9919870272939657,0.9893120641444598,0.9935753112296016,0.0003726203610555808,12.0,3,Red Bull Racing,0.003626879850416209,0.0,6.0,6.0
2019,3,Shanghai,GIO,1.0049768952576807,0.012335793885712022,0.985644778640074,1.0088196725251288,1.0021684919630351,1.005770635963897,0.0004243220547568362,16.333333333333332,2,Alfa Romeo Racing,0.0002274825246355583,4.0,19.0,15.0
2019,3,Shanghai,GRO,1.0027876686079957,0.012467532497927815,0.9738328843138044,0.9995406622448787,1.005177154242757,1.0043238052306362,0.00015882780425298688,16.333333333333332,2,Haas F1 Team,-0.0007930330441718869,-1.0,10.0,11.0
2019,3,Shanghai,HAM,0.9798051791386867,0.010863920759254509,0.963971209135872,0.9845413967976601,0.9772684701681097,0.9798413045731461,0.0004944252873401604,16.666666666666668,2,Mercedes,-0.000644577586553563,1.0,2.0,1.0
2019,3,Shanghai,KUB,1.024060156854571,0.011253807286794582,1.0029755921026178,1.0177079549934278,1.0300983109276456,1.025010006305794,0.00043532283084200644,24.5,1,Williams,0.0025053817828259994,1.0,18.0,17.0
2019,3,Shanghai,KVY,1.004532814447706,0.0119542478604043,0.984910933290442,1.0054155824422115,1.0151275561769362,0.9979572858245138,0.0016280358096030943,8.0,3,Toro Rosso,-0.0008743641436028682,-8.0,11.0,19.0
2019,3,Shanghai,LEC,0.9846011098154328,0.0151746456854451,0.9535968474807994,0.9860821668027883,0.9794367146177946,0.9884131608950514,0.0008022308199166838,16.666666666666668,2,Ferrari,0.0014746270457195454,-1.0,4.0,5.0
2019,3,Shanghai,MAG,1.0043737346963395,0.013007916088476368,0.979844384575174,1.001985812083955,1.0019519177815654,1.0086802793163607,7.193368008385603e-05,16.333333333333332,2,Haas F1 Team,0.0007930330441718869,-4.0,9.0,13.0
2019,3,Shanghai,NOR,1.0042331117380656,0.008745645960711711,0.9886404760947364,1.0022090130027426,1.0101929771092844,1.0025885025492665,0.0006730680855595417,14.333333333333334,2,McLaren,0.001161650202555986,-3.0,15.0,18.0
2019,3,Shanghai,PER,1.003685389874314,0.007604699470664386,0.9922192287586956,1.0065103744778123,1.0059279986629965,1.0016414198722223,0.00026070736582790497,25.5,1,Racing Point,-0.00018291928134805957,4.0,12.0,8.0
2019,3,Shanghai,RAI,1.0045219302084096,0.010324708603311245,0.9832723470987976,1.0051361234725422,1.0073594643530694,1.0034126810467603,0.0006992354319703473,25.5,1,Alfa Romeo Racing,-0.0002274825246355583,4.0,13.0,9.0
2019,3,Shanghai,RIC,1.0036317756021949,0.0071661180787898964,0.9915155414371306,1.0042616678193244,1.0046378959898483,1.0037640429013728,7.889474695543322e-06,25.5,1,Renault,0.0,0.0,7.0,7.0
2019,3,Shanghai,RUS,1.019049393288919,0.013115433762842911,0.9779544814829708,1.0172426543835265,1.019647323025358,1.020956587982165,0.0025882125844265322,15.666666666666666,2,Williams,-0.0025053817828259994,1.0,17.0,16.0
2019,3,Shanghai,SAI,1.0019098113329534,0.011389507583315755,0.980156017531867,1.0051547447598765,0.9988704170142942,1.0032202901083733,9.871406133426711e-05,25.5,1,McLaren,-0.001161650202556208,0.0,14.0,14.0
2019,3,Shanghai,STR,1.00405122843701,0.012338651608186793,0.9718726124894448,1.0048015331415099,1.0057718738204442,1.003622482471044,0.00020959696318293198,16.333333333333332,2,Racing Point,0.00018291928134783753,4.0,16.0,12.0
2019,3,Shanghai,VER,0.9841097350114602,0.011222682867525653,0.9664944308174837,0.984814906266026,0.9807815921571269,0.9871362270104684,0.0005384243238097422,16.666666666666668,2,Red Bull Racing,-0.003626879850416209,1.0,5.0,4.0
2019,3,Shanghai,VET,0.9816518557239938,0.012076505233270259,0.9533555832562628,0.9822066895857473,0.9774146818043998,0.9853880437160987,0.000508594231769461,16.666666666666668,2,Ferrari,-0.0014746270457194344,0.0,3.0,3.0
2019,4,Baku,ALB,1.0066174027964188,0.019141927530330484,0.9788864719766744,1.0107766050592777,1.0113527398565472,0.9945938476950447,0.0015491974107957182,22.5,1,Toro Rosso,-0.0024508408136401094,0.0,11.0,11.0
2019,4,Baku,BOT,0.9856805664830841,0.013377938810873874,0.9628731429629288,0.9818521200654527,0.9813988518782868,0.9975004216953144,-1.5238640894254922e-05,23.5,1,Mercedes,-7.552713905756292e-05,0.0,1.0,1.0
2019,4,Baku,GAS,0.9991524268286429,0.018278953532496242,0.9784977090757624,0.9997821108441785,0.9996489595172452,0.9995987748980132,-0.0012701988842761976,37.0,0,Red Bull Racing,0.005020371089779374,-17.0,0.0,17.0
2019,4,Baku,GIO,1.006414999254357,0.019692734450317974,0.9808765677789604,1.0171009187016145,1.0080725851734977,0.9898526693956509,0.005689352164334036,22.5,1,Alfa Romeo Racing,0.0009016625270619194,5.0,17.0,12.0
2019,4,Baku,GRO,1.0217264046023244,0.014137861521849357,1.0044615171009394,1.0273179286667715,1.0270150222815377,1.0066524878820853,-0.0008944383574981909,16.5,1,Haas F1 Team,0.00562313092511646,-4.0,14.0,18.0
2019,4,Baku,HAM,0.9858316207611991,0.016252157171982553,0.9641875318183922,0.9839642551337242,0.981816784140176,0.9937018564516075,-0.00014637706057742299,23.5,1,Mercedes,7.55271390574519e-05,0.0,2.0,2.0
2019,4,Baku,HUL,1.012946421684331,0.014511113293772821,0.9941870690054148,1.0157061531149656,1.014253264819225,1.0068017957999305,0.0018391465335922997,14.0,2,Renault,0.0015853915654906459,1.0,15.0,14.0
2019,4,Baku,KUB,1.025607210626186,0.01442715693574331,0.9969824593881612,1.0299581975619572,1.0250903249411174,1.0222650785014769,0.0006457126754565451,10.0,3,Williams,0.0015143052262347467,-16.0,0.0,16.0
2019,4,Baku,KVY,1.0115190844236988,0.017561795724168532,0.9967232841208868,1.0144147936862369,1.0154614085464055,1.002745330994204,0.007378783197784136,14.0,1,Toro Rosso,0.0024508408136398874,-13.0,6.0,19.0
2019,4,Baku,LEC,0.9925586131109535,0.012694268358933407,0.9534780395242284,0.9896115839187114,0.9931340281732983,0.9982096312979224,-0.0038560892286946106,14.333333333333334,2,Ferrari,0.002284255700208182,3.0,8.0,5.0
2019,4,Baku,MAG,1.0104801427520915,0.015248536352978327,0.9874762808349148,1.011407824758641,1.0139057215959184,1.0055279202722074,0.002849642280814753,15.0,2,Haas F1 Team,-0.00562313092511646,-1.0,12.0,13.0
2019,4,Baku,NOR,1.0012621993069621,0.017457007658798096,0.975554218540288,1.0006750704280207,1.0013875934934904,0.9986150202909865,-0.00032922969653243346,15.666666666666666,2,McLaren,0.0008510364292040329,-1.0,7.0,8.0
2019,4,Baku,PER,0.9996238413674056,0.018283798444824133,0.9767575322812052,0.9981892759756772,1.0009618766958732,0.9971829099291885,-0.0004741739185812501,23.5,1,Racing Point,-0.0010598781093617005,-1.0,5.0,6.0
2019,4,Baku,RAI,1.0046116742002331,0.012841436250322988,0.9855972601471744,1.0075962732650474,1.0052980468978274,1.0012228612881497,0.0038074070390674807,22.5,1,Alfa Romeo Racing,-0.0009016625270619194,-10.0,0.0,10.0
2019,4,Baku,RIC,1.0097756385533494,0.01693213091206778,0.9882630628962836,1.0146193136495494,1.0136440206413448,0.9982080245954024,0.000761769281815173,13.5,1,Renault,-0.001585391565490868,-10.0,10.0,20.0
2019,4,Baku,RUS,1.0225786001737165,0.017012185147073214,0.9927430925163142,1.0224352229770306,1.0261051576950626,1.0190849146298702,-0.0005463357803883684,14.333333333333334,2,Williams,-0.0015143052262347467,1.0,16.0,15.0
2019,4,Baku,SAI,0.9995601264485543,0.015402515731748891,0.9793770537325868,1.00436255797506,1.0006109485560437,0.9928198014314777,0.0004899455594944683,23.0,1,McLaren,-0.0008510364292038108,2.0,9.0,7.0
2019,4,Baku,STR,1.0017435975861289,0.016464057546517048,0.9812468181607812,1.0058893686003072,1.0034061997607904,0.994951304077481,0.0012945134964374772,23.0,1,Racing Point,0.0010598781093615894,4.0,13.0,9.0
2019,4,Baku,VER,0.9891116846490843,0.019452180182247626,0.9700004628129772,0.9899292587150973,0.9826078875835195,0.9958872304043975,-0.0011130225050952067,23.5,1,Red Bull Racing,-0.005020371089779263,0.0,4.0,4.0
2019,4,Baku,VET,0.9879901017105372,0.01588607015169091,0.9684731799879668,0.9816133618789536,0.9856657505241181,0.9992550049445843,-0.0013096466259372216,23.5,1,Ferrari,-0.002284255700208071,0.0,3.0,3.0
2019,5,Barcelona,ALB,0.9996599979268167,0.01441709929592048,0.9725499609914182,0.9997192909094782,0.9994385772626706,0.9989981071835081,-0.0010052754215559027,18.333333333333332,2,Toro Rosso,0.000799375862689744,0.0,11.0,11.0
2019,5,Barcelona,BOT,0.9827987157174578,0.017798086400835314,0.9450519114205124,0.9841103167366503,0.9812513455698115,0.9793253732979258,-0.00020979971767027262,18.666666666666668,2,Mercedes,0.0011167588448405263,-1.0,1.0,2.0
2019,5,Barcelona,GAS,0.9917261083152581,0.013600070129169245,0.9666446618256016,1.001095180294056,0.9905775758214272,0.9844558843312026,-0.0004980904640065367,18.666666666666668,2,Red Bull Racing,0.0036923766085682486,0.0,6.0,6.0
2019,5,Barcelona,GIO,1.0160713049178514,0.018279179870766715,0.982212086659065,1.0099243693762316,1.0172587937281556,1.0189450541785492,-0.0024420937408048886,17.333333333333332,2,Alfa Romeo Racing,0.004359680108644959,2.0,18.0,16.0
2019,5,Barcelona,GRO,0.9970305467202784,0.012382461909440515,0.9728980375682652,1.0024110006988687,0.9916212174653192,0.9976563317406619,-0.00086997074658974,18.333333333333332,2,Haas F1 Team,-0.0006312297796425836,-3.0,7.0,10.0
2019,5,Barcelona,HAM,0.9805651980277768,0.01558875752873349,0.9421112644781852,0.9856021818425191,0.9809536024625646,0.9726773950186035,-0.00023974001135094452,19.0,2,Mercedes,-0.0011167588448405263,1.0,2.0,1.0
2019,5,Barcelona,HUL,1.00582826403627,0.0165254648296266,0.9755986316989738,1.0058817266125766,1.008125180363613,1.002426736587794,-0.0007545085440859538,27.5,1,Renault,0.0014887638916927237,-13.0,0.0,13.0
2019,5,Barcelona,KUB,1.0333909015538976,0.018543422345878514,0.9986437016143552,1.0286009939324534,1.037082758841825,1.032414673244025,-0.0007288550740799947,18.0,2,Williams,0.0022612752583346385,-1.0,17.0,18.0
2019,5,Barcelona,KVY,0.9980612462014371,0.014631591902267612,0.968925163535978,0.993212260598704,0.9988124422472068,1.0003620764545678,-0.0012411990153299206,18.333333333333332,2,Toro Rosso,-0.0007993758626898551,0.0,9.0,9.0
2019,5,Barcelona,LEC,0.9869254807486219,0.01416689240764047,0.9602352517553862,0.9859976636153726,0.9839860014932962,0.990039160783415,-0.0002055833835530155,18.666666666666668,2,Ferrari,0.001638205643336832,0.0,5.0,5.0
2019,5,Barcelona,MAG,0.9982930062795636,0.014496127509596168,0.9694532797215388,0.9999918691159986,0.9967404833599082,0.9977374977409852,-0.000999042503478744,18.333333333333332,2,Haas F1 Team,0.0006312297796426947,1.0,8.0,7.0
2019,5,Barcelona,NOR,1.0111431344164008,0.012601252148931747,0.9909500090019804,1.0061823521193112,1.0116292983239576,1.0138126035115895,-0.00010588224550066072,20.5,1,McLaren,0.004614847638986008,-10.0,10.0,20.0
2019,5,Barcelona,PER,1.0058330650925023,0.012810176850977921,0.982524155314169,1.0014972442111012,1.0092089652739924,1.004852204956833,-0.0008558737652602843,18.333333333333332,2,Racing Point,-0.0025912157437384398,0.0,15.0,15.0
2019,5,Barcelona,RAI,1.0073519447005614,0.01586361170147101,0.9767988957570668,1.0030289478829695,1.008629469738265,1.0086416425969316,-0.0009417978915068227,18.333333333333332,2,Alfa Romeo Racing,-0.004359680108644959,0.0,14.0,14.0
2019,5,Barcelona,RIC,1.0028507362528847,0.015074864034550895,0.9675928704314948,1.0008080549957508,1.0045636730922265,1.0018034070696853,-0.0009790037610208394,18.333333333333332,2,Renault,-0.0014887638916925017,1.0,13.0,12.0
2019,5,Barcelona,RUS,1.028868351037228,0.020333530275963612,0.9888015363379944,1.031412745397285,1.0292108891525318,1.0255331186520806,-0.00032562187893313255,18.0,2,Williams,-0.0022612752583348605,2.0,19.0,17.0
2019,5,Barcelona,SAI,1.0019134391384288,0.015507004533747445,0.9705215147332412,0.9978329258211709,1.001341468035924,1.005020878051255,-0.000687015437302145,18.333333333333332,2,McLaren,-0.004614847638986008,4.0,12.0,8.0
2019,5,Barcelona,STR,1.0110154965799794,0.010436723481736387,0.9989317649882974,1.0078973925879295,1.0104843559738381,1.0132826581988834,-0.00044699868147342304,20.5,1,Racing Point,0.002591215743738662,-3.0,16.0,19.0
2019,5,Barcelona,VER,0.9843413550981215,0.017926356076450132,0.95743863650003,0.986472833275363,0.9826804291998122,0.9801225733426758,-0.0006650544919294649,18.333333333333332,2,Red Bull Racing,-0.0036923766085683596,1.0,4.0,3.0
2019,5,Barcelona,VET,0.9836490694619483,0.016281216293095035,0.9580507711696572,0.9799541443954657,0.9827599106465301,0.9868013655897728,-0.0002719210814416197,18.0,2,Ferrari,-0.001638205643336721,-1.0,3.0,4.0
2019,6,Monaco,ALB,1.0011640306154999,0.014227826024813213,0.9647072333584272,1.0064250972762645,0.9997623261694057,0.9998507594309864,-0.0003460083078058639,35.0,1,Toro Rosso,0.00011693166925197396,2.0,10.0,8.0
2019,6,Monaco,BOT,0.9916858087848099,0.015358790220550369,0.959042017021168,0.9947457491604924,0.990803451511416,0.9884969256259442,-0.0025937789620754347,37.0,1,Mercedes,0.00019061652851359856,-1.0,2.0,3.0
2019,6,Monaco,GAS,0.9890568555647541,0.019876626593948378,0.9477626223316704,0.993739271000229,0.9846185880751209,0.9935873442401321,-0.00027727089337679407,22.666666666666668,2,Red Bull Racing,-0.0013358573875363877,3.0,8.0,5.0
2019,6,Monaco,GIO,1.013534016721796,0.01836337793613944,0.973536804766948,1.0177180730588304,1.0120053239588307,1.0135107264380883,0.00018541613634017313,33.5,1,Alfa Romeo Racing,0.0003288254389104406,-1.0,18.0,19.0
2019,6,Monaco,GRO,1.0010049014693474,0.013853067610875383,0.979240299592972,1.0041675931072818,0.9995083146941551,1.0019055307198144,-0.0005632258947189789,35.0,1,Haas F1 Team,-0.003881424640630682,3.0,13.0,10.0
2019,6,Monaco,HAM,0.9913045757277827,0.011630647878633035,0.9718525512612765,0.9887752518522466,0.993729508950748,0.9881889106923534,-0.0021063265175953884,37.0,1,Mercedes,-0.00019061652851359856,0.0,1.0,1.0
2019,6,Monaco,HUL,1.0062981983036527,0.02035956858900527,0.9732433363530808,1.0115194834489372,1.0066037233255394,1.0020535816900895,8.428778926300782e-05,34.5,1,Renault,0.0010372253063835046,-2.0,11.0,13.0
2019,6,Monaco,KUB,1.0141915620700708,0.01910612662565549,0.9874318961887386,1.0153181506065458,1.0120097705521962,1.018293142794893,8.637744688333159e-05,34.0,1,Williams,0.0020139470944107174,2.0,20.0,18.0
2019,6,Monaco,KVY,1.000930167276996,0.012102791515918386,0.973396450308142,0.994616453585325,1.00131945930176,1.007793749533623,-0.0004071731440859351,35.0,1,Toro Rosso,-0.00011693166925197396,0.0,7.0,7.0
2019,6,Monaco,MAG,1.008767750750609,0.019697673006815564,0.982379135671724,1.013331643557845,1.008996826431701,1.0053016708924423,0.00022718481530569629,35.5,1,Haas F1 Team,0.003881424640630904,-9.0,5.0,14.0
2019,6,Monaco,NOR,1.0040281729677312,0.01999886292633894,0.974991387340028,1.0089084213451915,1.0032733638043372,1.0019625134825285,-0.0005117153218036761,35.0,1,McLaren,0.0015340560068972664,1.0,12.0,11.0
2019,6,Monaco,PER,1.008146026966284,0.023025402931706986,0.9775432865910456,1.0177487493051693,1.0045375863074981,1.0064519411449464,0.0022056143272467734,35.0,1,Racing Point,-0.00117751922582654,4.0,16.0,12.0
2019,6,Monaco,RAI,1.012876365843975,0.01784107977182348,0.975284855753895,1.0192494219816162,1.0137749232939692,1.006482133357558,-5.0984167577273806e-05,34.5,1,Alfa Romeo Racing,-0.0003288254389106626,-3.0,14.0,17.0
2019,6,Monaco,RIC,1.0042237476908857,0.0209477533678025,0.965855588021385,1.0100667423259833,1.0027758868466832,1.0024270435970897,1.767867933512914e-05,36.0,1,Renault,-0.0010372253063835046,-3.0,6.0,9.0
2019,6,Monaco,RUS,1.0101636678812493,0.020485265964701266,0.9829660724994578,1.0157531962201223,1.006707770106,1.0121244394999078,-0.0001817522541759806,35.0,1,Williams,-0.0020139470944107174,4.0,19.0,15.0
2019,6,Monaco,SAI,1.0009600609539364,0.011883036833206519,0.9683309302948722,0.9980933852140075,1.0017726344452011,1.0037201603657746,-0.00028894842601370784,35.0,1,McLaren,-0.0015340560068974884,3.0,9.0,6.0
2019,6,Monaco,STR,1.0105010654179372,0.01897215531499448,0.974557564467355,1.0123655298695355,1.0102702919152684,1.0104747725577718,-0.0005603903396735473,34.0,1,Racing Point,0.00117751922582654,1.0,17.0,16.0
2019,6,Monaco,VER,0.991728570339827,0.013340628748174656,0.9726436400290918,0.9939348915303022,0.9915897926517393,0.9875003689762227,-0.003045449169512943,37.0,1,Red Bull Racing,0.0013358573875364987,-1.0,3.0,4.0
2019,6,Monaco,VET,0.9922692971000425,0.015364801209496792,0.973256095849336,0.9919473908640265,0.9931720420215997,0.9882935074302184,-0.003673882416202792,37.0,1,Ferrari,0.0,2.0,4.0,2.0
2019,7,Montréal,ALB,1.0157713240815733,0.012401684323417447,0.997685245053666,1.0167838809578502,1.0165339778421718,1.0153770295654692,-0.00018991871604346456,57.0,0,Toro Rosso,0.006564974236845211,-6.0,13.0,19.0
2019,7,Montréal,BOT,0.98866973709079,0.015227094705994449,0.9450148713306608,0.9853275427330586,0.9878785051959924,0.9925129791886705,-0.0007349510093184695,21.666666666666668,2,Mercedes,0.0022587014692279084,2.0,6.0,4.0
2019,7,Montréal,GAS,0.9995611096089565,0.009564290268833358,0.9848312427259795,1.001279626987678,0.9986139591402748,1.0000253941464539,-0.0004300185124867385,33.0,1,Red Bull Racing,0.003290420451028897,-3.0,5.0,8.0
2019,7,Montréal,GIO,1.0068730416098837,0.012682291830072998,0.9875210138368032,1.0107366586426851,1.0065448982257132,1.005361260282939,-0.0007400556557087836,32.5,1,Alfa Romeo Racing,0.0011905659685265135,-1.0,12.0,13.0
2019,7,Montréal,GRO,1.0076737241809013,0.01526028795455096,0.985969222811328,1.0072584888723806,1.0093599100390271,1.0075269226787307,-0.0004427335719667029,33.0,1,Haas F1 Team,-0.0069532581733537935,0.0,14.0,14.0
2019,7,Montréal,HAM,0.9841523341523342,0.014319717522760499,0.9674511832406568,0.9790990723788431,0.9835345003875915,0.9865326424516818,-0.00029716077212868,34.0,1,Mercedes,-0.0022587014692279084,1.0,2.0,1.0
2019,7,Montréal,HUL,0.9974934264407948,0.009618047081149548,0.982736324841588,0.9984052147437791,0.9950432042961755,0.9997143158523936,-0.0005390862312995622,33.0,1,Renault,-8.160618208474801e-05,0.0,7.0,7.0
2019,7,Montréal,KUB,1.0264797286868597,0.016723234197086913,0.9994180783654468,1.0358997900185418,1.0267161139059928,1.0206782864735715,-0.0015243270234195632,20.666666666666668,2,Williams,0.0030945331454670377,1.0,19.0,18.0
2019,7,Montréal,KVY,1.002641375607883,0.01190461636787131,0.9853614379930168,1.0011494835062482,1.0035615676532483,1.0038481898857068,-0.0004046864925736857,33.0,1,Toro Rosso,-0.006564974236845211,0.0,10.0,10.0
2019,7,Montréal,LEC,0.9833881156740544,0.012426340865471446,0.961541445751972,0.9823491420231928,0.9853057052839126,0.983467885865586,-0.00022901479045653832,33.5,1,Ferrari,-0.00024242902980031733,0.0,3.0,3.0
2019,7,Montréal,MAG,1.0215802405276089,0.013451116682912361,0.9997284365705418,1.0239147981742465,1.0257461271043615,1.0175599621161409,-0.00031926059354529004,32.5,1,Haas F1 Team,0.0069532581733537935,-17.0,0.0,17.0
2019,7,Montréal,PER,1.0044210369569222,0.011861545538528894,0.9868615026509764,1.0063615540679334,1.0049433211572434,1.003563970785011,0.00016284362162670066,33.0,1,Racing Point,0.0010694034617479975,3.0,15.0,12.0
2019,7,Montréal,RAI,1.0044919096728309,0.012553516657123754,0.9755851545325228,1.0059799830532083,1.0069648668041071,1.0023936577386707,-0.0021441596086765324,21.333333333333332,2,Alfa Romeo Racing,-0.0011905659685262915,1.0,16.0,15.0
2019,7,Montréal,RIC,0.9976566388049642,0.008013378284575462,0.9837708521919049,0.9987682095352263,0.9939983144567186,1.0007022458192445,-0.0007217647663824184,33.0,1,Renault,8.160618208474801e-05,-2.0,4.0,6.0
2019,7,Montréal,RUS,1.0202906623959256,0.01678255399387691,0.9988490883227724,1.0253276855932625,1.0238934805997624,1.0148421423223202,0.0006837998442954635,32.5,1,Williams,-0.0030945331454670377,2.0,18.0,16.0
2019,7,Montréal,SAI,1.0029552606107632,0.009781360100022202,0.9888917625759732,1.0065536036378269,1.0067825967656188,0.9983108009118451,-0.0001328212392805689,33.0,1,McLaren,0.0,0.0,11.0,11.0
2019,7,Montréal,STR,1.0022822300334262,0.011857968993933621,0.9833570412517784,1.004270113147446,1.0039694789270341,1.0004614897769026,-0.000469717218487183,33.0,1,Racing Point,-0.0010694034617479975,8.0,17.0,9.0
2019,7,Montréal,VER,0.9929802687068988,0.01092651632910516,0.9668563300142248,0.9951498427631553,0.9934169801007091,0.9920220979804134,-0.0003209458873627718,33.5,1,Red Bull Racing,-0.003290420451028786,4.0,9.0,5.0
2019,7,Montréal,VET,0.983872973733655,0.012366509675742987,0.9682529419371524,0.9817961450986314,0.9830286104254945,0.9847272306718085,-0.00027369241328293345,34.0,1,Ferrari,0.00024242902980031733,-1.0,1.0,2.0
2019,8,Le Castellet,ALB,1.0058713884291821,0.012997441195642981,0.9829230450972278,1.009249421059801,1.0013278249017157,1.009194000313504,-0.0008460157010183939,24.0,1,Toro Rosso,0.0004440120328230712,-4.0,11.0,15.0
2019,8,Le Castellet,BOT,0.986048613984278,0.014686368004958195,0.9679975175837816,0.9824791706629526,0.9892474063059713,0.9846705854690808,-0.0007100569499765364,25.0,1,Mercedes,0.0012539304923459005,0.0,2.0,2.0
2019,8,Le Castellet,GAS,1.0024528944283546,0.010548821311702788,0.9841745966073644,1.0043096989510967,1.0031548162166424,1.0029939650442825,-0.00089199585541784,24.0,1,Red Bull Racing,0.007518717949529741,-1.0,9.0,10.0
2019,8,Le Castellet,GIO,1.0053219046248494,0.013778318651967141,0.9838125775755068,1.0058980828343491,1.0056531583486754,1.0068636972367329,-4.717999850678469e-05,15.333333333333334,2,Alfa Romeo Racing,0.001755258270223825,-6.0,10.0,16.0
2019,8,Le Castellet,GRO,1.0115442445280887,0.012863913894175225,0.989770376499793,1.01605051481655,1.0095051972790012,1.0124870249407878,-0.0006789319599978211,20.5,1,Haas F1 Team,0.0002070493430679221,-4.0,16.0,20.0
2019,8,Le Castellet,HAM,0.9835407529995862,0.01409367693760047,0.9594952420355812,0.9789179586832689,0.9876320502855598,0.9826023983070773,-0.0007242916768137647,25.0,1,Mercedes,-0.0012539304923459005,0.0,1.0,1.0
2019,8,Le Castellet,HUL,1.0014538942904425,0.012950391067379146,0.9800786098469176,1.0057357648821685,0.9965818717402813,1.0044757622070695,-0.00038718017583201474,24.0,1,Renault,-2.521203971883601e-05,5.0,13.0,8.0
2019,8,Le Castellet,KUB,1.0257610102201604,0.01337247489811268,0.9992552751344642,1.031369718891565,1.0226801277271629,1.0268241191449339,-0.00027447211277085846,23.5,1,Williams,0.0029283146076206634,0.0,18.0,18.0
2019,8,Le Castellet,KVY,1.004983364363536,0.014314440603852735,0.9849503516756308,1.0070673273395994,0.9977421344327668,1.0109256211301825,-0.0005638285607988074,24.0,1,Toro Rosso,-0.0004440120328230712,5.0,19.0,14.0
2019,8,Le Castellet,LEC,0.9846195739363183,0.00954938944161412,0.9705006206040546,0.9833523765043413,0.991133542396716,0.9828769128154435,-0.000679655638430963,24.5,1,Ferrari,-0.0012518861099487522,0.0,3.0,3.0
2019,8,Le Castellet,MAG,1.0111301458419526,0.012672322730534652,0.9897807199007032,1.0144590314671027,1.012674180212452,1.010256485617995,-0.0003563792257443462,24.0,1,Haas F1 Team,-0.00020704934306814415,-2.0,15.0,17.0
2019,8,Le Castellet,NOR,1.0018343031188652,0.011740999209867773,0.9846607364501448,1.0043283569111985,1.0020024777516454,1.0023787964440622,-0.0008665218161183818,23.5,1,McLaren,0.0010244643438761525,-4.0,5.0,9.0
2019,8,Le Castellet,PER,1.0021438853261617,0.01226902479269889,0.9827678940835746,1.0046536575398448,0.9995817985198202,1.0045796104710403,-0.0009666233688174405,24.0,1,Racing Point,-0.0005535874362159188,2.0,14.0,12.0
2019,8,Le Castellet,RAI,1.001811388084402,0.011867668884721311,0.9821059164253206,1.0028419152703991,1.0022353361945637,1.003019927110275,-0.0005455770823900035,24.0,1,Alfa Romeo Racing,-0.001755258270223603,5.0,12.0,7.0
2019,8,Le Castellet,RIC,1.00150431836988,0.01155562182299096,0.9813094745552338,1.003645620487672,0.9989108456400032,1.0041725448702876,-0.0009834068869314118,24.0,1,Renault,2.5212039718613966e-05,-3.0,8.0,11.0
2019,8,Le Castellet,RUS,1.019904381004919,0.015346030342423114,0.9912081092263136,1.0282186804704172,1.014375241721394,1.0211019672388117,-0.00099439083891704,15.0,2,Williams,-0.0029283146076206634,1.0,20.0,19.0
2019,8,Le Castellet,SAI,0.9997853744311129,0.010851332266024192,0.9780823334712454,1.0006496049584526,1.0041116105122054,0.9983702680460852,-0.0009461912078041507,24.0,1,McLaren,-0.0010244643438761525,0.0,6.0,6.0
2019,8,Le Castellet,STR,1.0032510601985933,0.012962892729724798,0.981836988001655,1.0097159787494892,0.9991797900262469,1.0044635159495259,-0.0003179813906261539,24.0,1,Racing Point,0.0005535874362156967,4.0,17.0,13.0
2019,8,Le Castellet,VER,0.9874154585292951,0.009199089257749893,0.973955316508068,0.9841888860161965,0.9948460611644879,0.9861682269898316,-0.00036231922117825935,24.5,1,Red Bull Racing,-0.007518717949529741,0.0,4.0,4.0
2019,8,Le Castellet,VET,0.9871233461562159,0.01312230230376575,0.959247000413736,0.9916189167804257,0.990477984608604,0.9842684262923291,-0.0009007446430995204,15.666666666666666,2,Ferrari,0.0012518861099488632,2.0,7.0,5.0
2019,9,Spielberg,ALB,1.0054753490917625,0.017094837261658415,0.9852454682509628,1.0020335406797325,1.0095726602254507,1.0034298365577168,-0.0005277652997131136,33.5,1,Toro Rosso,-0.0027562836730556928,3.0,18.0,15.0
2019,9,Spielberg,BOT,0.9902677147318436,0.008423767842664848,0.9798009388597928,0.9912815903209501,0.99044553522179,0.9881085623125657,-0.0003022389483797828,34.5,1,Mercedes,0.0005880688198951489,0.0,3.0,3.0
2019,9,Spielberg,GAS,1.000402362388704,0.01064878928141691,0.9830162121222948,0.9938382188426144,1.003812957055097,1.001939336214593,-0.00025849401165406325,33.5,1,Red Bull Racing,0.007721032879890566,1.0,8.0,7.0
2019,9,Spielberg,GIO,1.0034028575301217,0.0095881120440206,0.9867459291067971,1.0011509806269998,1.0054222224352782,1.0034157884866226,-0.00041590763604450165,33.5,1,Alfa Romeo Racing,-9.395209765394874e-05,-3.0,7.0,10.0
2019,9,Spielberg,GRO,1.007004816724625,0.018086877463373237,0.9858313624899075,1.0177106613084486,1.0050487884968922,1.0021317947885873,-0.00046857453276850274,33.5,1,Haas F1 Team,-0.002850234050668199,-5.0,11.0,16.0
2019,9,Spielberg,HAM,0.9890915770920533,0.011951364972789853,0.9724415356145102,0.9926215321368433,0.9901476273265324,0.9832565010731964,-0.0004456777354073524,34.5,1,Mercedes,-0.0005880688198951489,-1.0,4.0,5.0
2019,9,Spielberg,HUL,1.0044014584863432,0.010448969451653205,0.98956107947441,0.9992491019378095,1.0033268697463384,1.0113473294265647,-0.00048046180997965096,33.5,1,Renault,0.0005134839389366874,2.0,15.0,13.0
2019,9,Spielberg,KUB,1.0309234539619587,0.012294474668276573,1.014082896889759,1.0232445944585262,1.0302884460970216,1.0393437519231674,-0.0009140833648863012,32.5,1,Williams,0.007550097846403148,-3.0,17.0,20.0
2019,9,Spielberg,KVY,1.0109879164378741,0.014413620695266282,0.9931336053216346,1.0098347259774203,1.0104844334614067,1.0137973130254418,-0.00041104067350891394,33.5,1,Toro Rosso,0.002756283673055915,-1.0,16.0,17.0
2019,9,Spielberg,LEC,0.9867927343729694,0.008147888390126127,0.971641289824732,0.9893608117653753,0.9879310063933825,0.982277085844108,-0.00023174154983429722,34.5,1,Ferrari,0.001559588747392704,-1.0,1.0,2.0
2019,9,Spielberg,MAG,1.0127052848259617,0.015723083247237396,0.9846309938052404,1.0201018540446958,1.0116915409999119,1.0091943605695297,-0.0019542280409366973,20.666666666666668,2,Haas F1 Team,0.002850234050668421,-9.0,10.0,19.0
2019,9,Spielberg,NOR,0.9991687212245041,0.01006162263732092,0.981715812713905,0.9972750215118705,0.9984127859178493,1.0029472853156214,-0.0005350013932785141,33.5,1,McLaren,-0.0015381056804336657,-1.0,5.0,6.0
2019,9,Spielberg,PER,1.0037065755484176,0.010038025621796108,0.9868888301406862,0.997144208953525,1.0081848665776625,1.0036812970303082,-0.00041130034616361255,33.5,1,Racing Point,-0.0010195028984913979,2.0,13.0,11.0
2019,9,Spielberg,RAI,1.0035907617254298,0.009573219019707934,0.9878176868609646,1.0049284056072716,1.000006711264618,1.0088460703681927,-0.0002063712144376076,33.5,1,Alfa Romeo Racing,9.395209765417079e-05,-3.0,6.0,9.0
2019,9,Spielberg,RIC,1.0033744906084696,0.01606178720322162,0.9719985424094544,0.9988379767544385,1.0056671835938342,1.0048760854768932,-0.0004896650474528503,33.5,1,Renault,-0.0005134839389369095,0.0,12.0,12.0
2019,9,Spielberg,RUS,1.0158232582691524,0.013866536636861002,0.9992497695720828,1.0084755701112194,1.0175258283817785,1.0205278822390218,-0.0005103033838166249,33.0,1,Williams,-0.007550097846403148,-18.0,0.0,18.0
2019,9,Spielberg,SAI,1.0022449325853713,0.01565872144104815,0.9733989725415664,0.9980573485653513,1.0039380742026178,1.004335234739756,0.00011519842576586744,33.5,1,McLaren,0.0015381056804335547,11.0,19.0,8.0
2019,9,Spielberg,STR,1.0057455813454004,0.012050652870565065,0.990132683609966,1.0027096887085825,1.007503673218938,1.0067922423741802,-0.0004979408352673249,33.5,1,Racing Point,0.0010195028984913979,0.0,14.0,14.0
2019,9,Spielberg,VER,0.9849602966289228,0.0127156710317672,0.9642247261658936,0.9865922124355974,0.9865245279097666,0.9824081686889073,-0.0005971492236673475,34.0,1,Red Bull Racing,-0.007721032879890566,1.0,2.0,1.0
2019,9,Spielberg,VET,0.9836735568781839,0.01088725917118768,0.9670970369470624,0.9867027400918472,0.9834092228632134,0.982351397641529,-0.00039258629870859383,22.0,2,Ferrari,-0.001559588747392815,5.0,9.0,4.0
2019,10,Silverstone,ALB,1.0055874404056968,0.009504811179733109,0.9934080349822356,1.0025545078082123,1.0073328321878583,1.008504181174693,-0.0005076219240453124,22.5,1,Toro Rosso,0.0005305639063495349,-3.0,9.0,12.0
2019,10,Silverstone,BOT,0.9847270739645705,0.013178764884492005,0.9555179010658652,0.9937954506933526,0.9799354693845675,0.980792343966513,0.0014560653545943655,14.666666666666666,2,Mercedes,0.0004276710808549522,-1.0,1.0,2.0
2019,10,Silverstone,GAS,0.9931473687407002,0.011082695374469442,0.978890407215086,0.9935062692134985,0.9939140654830089,0.9935915817107468,-0.0005734210374965527,22.5,1,Red Bull Racing,0.0006783881449089479,1.0,5.0,4.0
2019,10,Silverstone,HAM,0.9838717318028606,0.013997999360442562,0.9551134189669308,0.9910273925789505,0.9823855195804697,0.9772716761478133,-0.0008838021300293937,24.0,1,Mercedes,-0.0004276710808549522,1.0,2.0,1.0
2019,10,Silverstone,HUL,1.005077039871246,0.014490573429535997,0.983317846406122,1.0001750083474374,1.0092610490645284,1.0065370359358587,-0.0002321078162896763,22.5,1,Renault,0.002767240593969378,0.0,10.0,10.0
2019,10,Silverstone,KUB,1.0228266216714001,0.011618262414623206,1.0003716862530747,1.0231020029344935,1.0235962479456149,1.0234217790313977,-0.0005040860063950145,23.0,1,Williams,0.0018775621754578697,5.0,20.0,15.0
2019,10,Silverstone,KVY,1.0045263125929977,0.01441822508671414,0.982891500409948,1.0048495734171532,1.0052011741122568,1.0051698127335875,-0.0004923345061502439,15.0,2,Toro Rosso,-0.0005305639063495349,8.0,17.0,9.0
2019,10,Silverstone,LEC,0.9922097983530783,0.014618988691862825,0.9763651270839028,0.9922006148319574,0.9913219735171076,0.9923653859577911,-0.000884689272584967,15.333333333333334,2,Ferrari,-0.0009294370802622742,0.0,3.0,3.0
2019,10,Silverstone,NOR,1.0004067701812034,0.0127998099549295,0.9798961464881116,1.0023070255837248,0.9990559817789499,1.0022232025271585,-0.0006424194151490004,14.333333333333334,2,McLaren,-0.0004917240253641264,-3.0,8.0,11.0
2019,10,Silverstone,PER,1.0035608089641979,0.013851726974231735,0.97792839573654,1.0051094953542192,1.0023612006013747,1.0055638143941645,-0.0009564976376765097,13.333333333333334,2,Racing Point,0.00023327952102802918,-2.0,15.0,17.0
2019,10,Silverstone,RAI,1.0051326713431117,0.013818411674588815,0.9842470620388084,1.0057568535341324,1.0062511932035128,1.0047769122514911,-0.001161893148429379,22.5,1,Alfa Romeo Racing,0.0,4.0,12.0,8.0
2019,10,Silverstone,RIC,0.9995425586833075,0.012226951247482118,0.9797649631046734,0.9946837376563463,1.0056510118365791,0.9981002468842154,-0.0006362117221500277,15.0,2,Renault,-0.0027672405939691558,0.0,7.0,7.0
2019,10,Silverstone,RUS,1.0190714973204842,0.011607684838514801,0.9949494397376334,1.019506722753438,1.0193433204467355,1.0202107425801876,-0.0005015473364649035,23.0,1,Williams,-0.0018775621754580918,5.0,19.0,14.0
2019,10,Silverstone,SAI,1.0013902182319319,0.013188044406151468,0.9812189122711124,1.0059689997111774,0.9999023223294584,1.0003369606152503,-0.0009417054146897601,23.5,1,McLaren,0.0004917240253643484,7.0,13.0,6.0
2019,10,Silverstone,STR,1.0030942499221416,0.016632603942925626,0.9772068871276306,1.0024114522292273,1.0049479791017342,1.0031488070626209,-0.001105939019285999,14.333333333333334,2,Racing Point,-0.00023327952102825122,5.0,18.0,13.0
2019,10,Silverstone,VER,0.9917905924508823,0.015911328219001014,0.9759169171904892,0.9906770373766332,0.9903356481481481,0.9936558905340495,-0.0008167332997305285,15.0,2,Red Bull Racing,-0.0006783881449089479,-1.0,4.0,5.0
2019,10,Silverstone,VET,0.9940686725136029,0.016415953341996727,0.9700245968843948,0.994765815214641,0.9952736937675725,0.9894695302913178,-0.0015973752070183346,14.666666666666666,2,Ferrari,0.0009294370802622742,-10.0,6.0,16.0
2019,11,Hockenheim,ALB,0.9644185607068995,0.07500802033250056,0.8533751342818933,0.9641743944376499,0.9737656180948937,0.9557272522204533,-0.0022542861168458393,14.0,2,Toro Rosso,-0.0020094891137485416,10.0,16.0,6.0
2019,11,Hockenheim,BOT,0.9689805123124569,0.06475972743900453,0.8580010084844234,0.9692814005192187,0.9723833753000922,0.960999953025308,-0.0020774379785234464,9.25,3,Mercedes,0.0019059961062748432,-12.0,3.0,15.0
2019,11,Hockenheim,GAS,0.9826455233466393,0.08224794771078664,0.8494836998224191,0.9844160869717656,0.9840801278188286,0.9743283900323058,-0.004378290172480243,9.75,3,Red Bull Racing,0.01638662076783315,-10.0,4.0,14.0
2019,11,Hockenheim,GIO,0.9761570688389799,0.08730444534134195,0.8496152412689365,0.9708786589728668,0.9795984779352261,0.969277170023515,-0.0015702248669987118,10.5,3,Alfa Romeo Racing,0.0021474663133839167,-2.0,11.0,13.0
2019,11,Hockenheim,GRO,0.9802666950629156,0.08403319973992218,0.8639094117904984,0.9764474166416434,0.9870090738476901,0.9698070278787996,-0.003173832630503243,10.5,3,Haas F1 Team,0.0017919293992771923,-1.0,6.0,7.0
2019,11,Hockenheim,HAM,0.9651685200999073,0.06377743824936953,0.8493740819503212,0.9685364289062692,0.9743263065992115,0.9485380233620349,-0.0014192018504303313,6.833333333333333,5,Mercedes,-0.0019059961062747321,-8.0,1.0,9.0
2019,11,Hockenheim,KUB,0.9865257066806291,0.08442787756234425,0.872152675772258,0.9932324858096997,0.9962310969946614,0.9726270019305135,-0.0006430514570702778,5.666666666666667,5,Williams,-0.00032288911442923673,8.0,18.0,10.0
2019,11,Hockenheim,KVY,0.9684375389343965,0.08116253559348598,0.8518185604981036,0.9661066416491804,0.9788063272943204,0.9597610432703856,-0.0035257436576134806,13.666666666666666,2,Toro Rosso,0.0020094891137485416,11.0,14.0,3.0
2019,11,Hockenheim,MAG,0.9766828362643613,0.084926046704882,0.8666608203801548,0.9807601388860181,0.9790780434272375,0.9643786646864578,-0.004362763560151116,6.333333333333333,5,Haas F1 Team,-0.0017919293992771923,4.0,12.0,8.0
2019,11,Hockenheim,RAI,0.971862136212212,0.07783311278354657,0.8522351084120755,0.9759479495068815,0.9731670081555582,0.9649790734546894,-0.0015866944498144258,10.5,3,Alfa Romeo Racing,-0.0021474663133840277,-7.0,5.0,12.0
2019,11,Hockenheim,RUS,0.9871714849094877,0.08190027251690492,0.869269725736084,0.9887449983817762,0.9987763117781765,0.9741355288664897,0.0007218913467124734,5.666666666666667,5,Williams,0.00032288911442934776,6.0,17.0,11.0
2019,11,Hockenheim,SAI,0.9711407462158345,0.08508925199299239,0.8532764781970051,0.9671765844993083,0.9770691644139878,0.9615191746875624,-0.0025785137786960336,10.5,3,McLaren,0.0,2.0,7.0,5.0
2019,11,Hockenheim,STR,0.9622121232751049,0.07579953749619608,0.8531668603249074,0.9650417029719939,0.9718807685720268,0.950933334768267,-0.0029817382970731207,9.5,3,Racing Point,0.0,11.0,15.0,4.0
2019,11,Hockenheim,VER,0.9498722818109729,0.07646470722823828,0.8401661806941003,0.9445325800004936,0.9615441373167497,0.9333675792539543,-0.0004782667406392521,10.25,3,Red Bull Racing,-0.01638662076783326,1.0,2.0,1.0
2019,11,Hockenheim,VET,0.9622500712516169,0.07801319029132384,0.8417994869883586,0.9616836495521947,0.9664535374231651,0.9610435197491736,-0.0030917531853403863,8.0,4,Ferrari,0.0,18.0,20.0,2.0
2019,12,Budapest,ALB,1.0011215843405146,0.015440902089646314,0.9708694605009632,1.0022227299048403,1.0033872035815996,1.0003272061243693,-0.000791866645137476,33.0,1,Toro Rosso,-0.0018918719767708758,2.0,12.0,10.0
2019,12,Budapest,BOT,0.9902298591040462,0.01893928978334932,0.9553347784200386,0.9893417635054224,0.9918701400992092,0.9927042956936576,1.0071733841916962e-05,21.333333333333332,2,Mercedes,0.00794837601083076,-6.0,2.0,8.0
2019,12,Budapest,GAS,0.9950629853447771,0.012376594522159463,0.9759754335260116,0.9937028615411507,0.9994469768065425,0.9946633778256219,-0.000523166976148789,33.0,1,Red Bull Racing,0.009245270625328428,0.0,6.0,6.0
2019,12,Budapest,GIO,1.0167127982807171,0.0128163396533293,1.0011319845857418,1.0107654164661128,1.0233656811080059,1.0192974466007647,-9.858897437847565e-05,32.5,1,Alfa Romeo Racing,0.010626480736668498,-1.0,17.0,18.0
2019,12,Budapest,GRO,1.011730089916506,0.008808814606240783,0.9972182080924854,1.0113260584799268,1.015025844989647,1.011564036669459,-0.000378350677801297,22.5,1,Haas F1 Team,0.004130302300461297,-11.0,9.0,20.0
2019,12,Budapest,HAM,0.9743331070823845,0.01791958073409278,0.945664739884393,0.9816796685967387,0.969476572942185,0.9712755617683847,0.00017058040488759102,22.0,2,Mercedes,-0.007948376010830871,2.0,3.0,1.0
2019,12,Budapest,HUL,1.0036324224908038,0.012140167670800828,0.9832610789980732,1.0076581708195276,1.0049990452859467,1.0002962280297547,-0.00024884831910872114,33.0,1,Renault,0.0002047206165702864,-1.0,11.0,12.0
2019,12,Budapest,KUB,1.0191695721319998,0.011659216298571954,1.0047687861271677,1.015161432729023,1.023963274365473,1.0216767373133175,-0.00041433882078016583,31.5,1,Williams,0.0019904848951091125,0.0,19.0,19.0
2019,12,Budapest,KVY,1.0049053282940565,0.014440870493207018,0.9866570327552986,1.0065401027267078,1.0056457351470087,1.0053885799849935,-0.0003861378702822132,32.5,1,Toro Rosso,0.0018918719767710979,-2.0,13.0,15.0
2019,12,Budapest,LEC,0.988606660149609,0.014431322268791354,0.9693280346820808,0.9898172358594607,0.9853769232589135,0.9911910029590916,-9.889500438362756e-05,34.0,1,Ferrari,0.001291780165391998,0.0,4.0,4.0
2019,12,Budapest,MAG,1.0034694853155834,0.015132089641982519,0.9755298651252408,1.0071128379134653,1.0033760313958733,1.0024711484225048,-0.0005084321186006897,33.0,1,Haas F1 Team,-0.004130302300461297,1.0,14.0,13.0
2019,12,Budapest,NOR,0.9955072765224499,0.012749955087928061,0.9776974951830444,0.9940401808644881,0.9970134716246796,0.9989015683951153,-0.0005588689824203714,33.0,1,McLaren,0.00029768421206288753,-2.0,7.0,9.0
2019,12,Budapest,PER,1.003478243416827,0.013406457023638563,0.9842726396917147,1.0032270215265946,1.0077458794947736,1.001855458792035,-0.0004382221096531072,33.0,1,Racing Point,-0.004321831895892636,5.0,16.0,11.0
2019,12,Budapest,RAI,0.9954598368073803,0.012747917769942796,0.9739884393063584,0.9985812144824474,0.9982297163889872,0.9914539181481298,-0.0005788895322949923,33.0,1,Alfa Romeo Racing,-0.010626480736668387,3.0,10.0,7.0
2019,12,Budapest,RIC,1.0032229812576632,0.016712223538481133,0.9734947013487476,1.0015112927865286,1.0097914051359553,1.0005195284617698,-8.723765314142307e-05,33.0,1,Renault,-0.0002047206165702864,6.0,20.0,14.0
2019,12,Budapest,RUS,1.0151886023417813,0.01392169633213814,0.9921242774566472,1.0150338032883444,1.018635205791661,1.0145281306417737,0.0001653963386154798,32.5,1,Williams,-0.0019904848951093346,-1.0,15.0,16.0
2019,12,Budapest,SAI,0.9949119080983242,0.011632227260504564,0.9754576107899806,0.9974859488613685,0.9945088707154669,0.9956275710205088,-0.0005113391271457143,33.0,1,McLaren,-0.0002976842120627765,3.0,8.0,5.0
2019,12,Budapest,STR,1.0121219072086123,0.015295285239398132,0.9706526974951828,1.0075712125264333,1.0168811726326137,1.0153334807251406,0.00032808080389085575,21.0,2,Racing Point,0.004321831895892636,1.0,18.0,17.0
2019,12,Budapest,VER,0.9765724440941203,0.013747939439752051,0.9285043352601154,0.9854991612425288,0.9709238788203798,0.973110368497343,-0.0002439239618849486,22.0,2,Red Bull Racing,-0.009245270625328428,-1.0,1.0,2.0
2019,12,Budapest,VET,0.986023099818825,0.01571330019670843,0.9608140655105972,0.9860719844470619,0.9863122382456935,0.9890168783801738,0.00033653992062487214,33.5,1,Ferrari,-0.001291780165391998,2.0,5.0,3.0
2019,13,Spa-Francorchamps,ALB,0.9988804480115198,0.01624116937724856,0.9739496749937716,0.9934323473208999,1.004226084555932,0.9974448624719159,-0.0008723887119774636,19.0,1,Red Bull Racing,0.0,12.0,17.0,5.0
2019,13,Spa-Francorchamps,BOT,0.984249744012149,0.012421097574559399,0.964509772835368,0.9982271520984692,0.9717212399938793,0.9918214328445515,0.00026955562516504586,19.0,1,Mercedes,0.001437823262888327,1.0,4.0,3.0
2019,13,Spa-Francorchamps,GAS,1.0060616969461453,0.008686933968137012,0.9938169546803164,1.0004015889536264,1.0123631297529407,1.0032792261026398,-0.0016288068423913067,19.0,1,Toro Rosso,0.002380836016387944,4.0,13.0,9.0
2019,13,Spa-Francorchamps,GIO,1.002983816375885,0.013361202097034343,0.9744298235680476,0.9997209328613919,1.0074895579907066,1.0006314725940892,-0.0005942485008716172,18.0,1,Alfa Romeo Racing,-0.005471776444303966,0.0,18.0,18.0
2019,13,Spa-Francorchamps,GRO,1.0083198071352897,0.00888761279585626,0.989957647271986,1.0052245607341934,1.0113918989434878,1.0081735941549028,-0.00010167597437053989,18.0,1,Haas F1 Team,0.00018594569021490592,-4.0,9.0,13.0
2019,13,Spa-Francorchamps,HAM,0.9813740974863725,0.010665753252926468,0.965551604647476,0.9964676904953935,0.9674946204228121,0.9899965878322986,-0.000203222692008345,19.0,1,Mercedes,-0.001437823262888216,1.0,3.0,2.0
2019,13,Spa-Francorchamps,HUL,1.0002516501961614,0.012479716969694514,0.981577695739814,0.9947913354952207,1.0068175195342943,0.9968098940061554,-0.0008651904302933231,12.0,2,Renault,-0.005671399662747989,4.0,12.0,8.0
2019,13,Spa-Francorchamps,KUB,1.016348434589551,0.01300887276826329,0.9894684392906484,1.02732690724679,1.0081086026356119,1.0200455570498508,0.00021421358671375597,18.5,1,Williams,0.0018266947671519151,-17.0,0.0,17.0
2019,13,Spa-Francorchamps,KVY,1.0013000249133694,0.012243436878249043,0.9797114578850816,1.0008709460431775,1.0002685775980604,1.0051155927201183,-0.0005817331360925632,19.0,1,Toro Rosso,-0.002380836016387944,12.0,19.0,7.0
2019,13,Spa-Francorchamps,LEC,0.9816036819337546,0.009040275716760637,0.9663125948406678,0.9916377466843812,0.9736291039673513,0.9858044960848695,0.0001509411463362584,19.0,1,Ferrari,-0.00077416871662217,0.0,1.0,1.0
2019,13,Spa-Francorchamps,MAG,1.0079479157548596,0.016658947473558876,0.9845491812560868,1.0130357673754382,1.005184296663753,1.0087996559327703,0.0002970692834850045,18.5,1,Haas F1 Team,-0.00018594569021512797,-4.0,8.0,12.0
2019,13,Spa-Francorchamps,NOR,0.9959312244094705,0.010084121716047605,0.9813240323420832,1.0028475732042843,0.991128176583683,0.9982045698135618,-0.00021370999797793556,18.5,1,McLaren,0.0,0.0,11.0,11.0
2019,13,Spa-Francorchamps,PER,0.9994952956644777,0.012222843360244253,0.9854913595905148,0.9987759903350925,1.0024985206831503,0.9969317079007193,-0.0016434372743195454,19.0,1,Racing Point,-0.0009286620699447967,1.0,7.0,6.0
2019,13,Spa-Francorchamps,RAI,1.0139273692644928,0.014292776303533379,0.9852376961927842,1.0066214239928235,1.0237290780523747,1.007102985784471,0.0006855070305345434,18.5,1,Alfa Romeo Racing,0.005471776444303744,-10.0,6.0,16.0
2019,13,Spa-Francorchamps,RIC,1.0115944495216573,0.009960215997841726,1.0006205693837338,0.9964254965208741,1.0261044584951309,1.0052961777134548,-3.090035310531668e-05,37.0,0,Renault,0.005671399662747989,-4.0,10.0,14.0
2019,13,Spa-Francorchamps,RUS,1.012695045055247,0.015497930458227532,0.9862070527483976,1.0204434341507527,1.0054175335398015,1.0161042578319666,0.0005066384705820217,18.5,1,Williams,-0.0018266947671521372,-1.0,14.0,15.0
2019,13,Spa-Francorchamps,STR,1.0013526198043674,0.013386084056265119,0.9816501709963084,0.9909709416926304,1.0101387448806483,0.999448046177018,-0.0006083071057138473,12.0,2,Racing Point,0.0009286620699449077,6.0,16.0,10.0
2019,13,Spa-Francorchamps,VET,0.9831520193669989,0.011990592408291279,0.9640024460399068,0.9891525896723962,0.9773161607741881,0.9880852815432252,0.0011338275877758176,12.0,2,Ferrari,0.00077416871662217,-2.0,2.0,4.0
2019,14,Monza,ALB,0.9965816358400463,0.01610930936229014,0.977023012147742,0.9988505168891559,0.9999685514695901,0.9932016853342931,-0.0006599654300686785,23.5,1,Red Bull Racing,0.001448127172738678,2.0,8.0,6.0
2019,14,Monza,BOT,0.987781699181791,0.012501851182433006,0.9711044307320874,0.9947837964362113,0.986580160782556,0.9828687923372308,-0.00023071931577677726,24.5,1,Mercedes,-0.001037211654141168,1.0,3.0,2.0
2019,14,Monza,GAS,1.0047763837255594,0.013424764814308375,0.9831291129745852,1.006547779576117,1.008151829065028,1.0019199916033168,-0.0006768026897248159,23.5,1,Toro Rosso,0.0,6.0,17.0,11.0
2019,14,Monza,GIO,1.0047048008790989,0.010873524863016407,0.9903720502317622,1.0069022927515103,1.0072649000764369,1.0022520452247452,-0.0002876056801990625,23.0,1,Alfa Romeo Racing,-0.0034222118827131887,1.0,10.0,9.0
2019,14,Monza,GRO,1.0158194761046226,0.012534963156066033,0.9960210724938324,1.0150251156028829,1.0138050826662646,1.0209920914572075,-0.0012952091028114185,15.0,2,Haas F1 Team,0.0026140726807006853,-3.0,13.0,16.0
2019,14,Monza,HAM,0.9898561224900734,0.01017710071788105,0.9584468704768266,0.9977051615700746,0.9888646303558236,0.9839908236246682,0.007954928891351512,15.666666666666666,2,Mercedes,0.001037211654141168,-1.0,2.0,3.0
2019,14,Monza,HUL,0.9996721998048027,0.013247813370916926,0.9802694419539524,0.9978400383993172,1.0003935634455148,1.0013821173289612,-0.000670263672734801,24.5,1,Renault,2.8424498502155338e-05,1.0,6.0,5.0
2019,14,Monza,KUB,1.0237702991390383,0.013740091598841807,0.9960679523466296,1.020626201213213,1.025621228719982,1.0273737373737375,-0.0005424000876655248,15.0,2,Williams,0.004890887488948836,-2.0,15.0,17.0
2019,14,Monza,LEC,0.9870220542201376,0.009191751263434758,0.9728624252119848,0.9884639087897695,0.9856297884587608,0.9880614402209087,-0.00035300238488753194,24.5,1,Ferrari,-0.00384851845368539,0.0,1.0,1.0
2019,14,Monza,MAG,1.0105913307432215,0.014123235837196674,0.9896688524398032,1.0140101636288372,1.0114783541879373,1.0086368670089603,0.0008719793062375469,11.666666666666666,2,Haas F1 Team,-0.0026140726807004633,-7.0,11.0,18.0
2019,14,Monza,NOR,1.0046559424016175,0.015757127903341286,0.9849925871232764,1.002200244572484,1.0140656327129831,0.999874799454216,-0.0008064955195741757,23.5,1,McLaren,0.0,6.0,16.0,10.0
2019,14,Monza,PER,1.001821497545804,0.01592345076105338,0.981781317206664,0.9931143174234724,1.0126547149716998,1.0017869727172053,-0.00048249258496990764,24.5,1,Racing Point,0.0006609004665165674,11.0,18.0,7.0
2019,14,Monza,RAI,1.0115492246445255,0.014269939668799591,0.9893875733230196,1.0093153899486231,1.0131138185548954,1.014512460759818,-0.001988534898108393,14.666666666666666,2,Alfa Romeo Racing,0.0034222118827134107,-15.0,0.0,15.0
2019,14,Monza,RIC,0.9996153508077984,0.01264583096857917,0.978218448394072,0.9972619080876204,0.9995534456674836,1.002249471458774,-0.0006948826655581069,25.0,1,Renault,-2.8424498502155338e-05,1.0,5.0,4.0
2019,14,Monza,RUS,1.0139885241611406,0.01583339520685707,0.9943451177563304,1.0161120539890165,1.0138599223258298,1.0143545799409235,-0.0009429215877513766,23.5,1,Williams,-0.004890887488948836,0.0,14.0,14.0
2019,14,Monza,STR,1.0004996966127708,0.011975139884087358,0.9864107026703935,0.9927233616856911,1.0063747180185179,1.0045630725863284,3.727577695828167e-05,14.666666666666666,2,Racing Point,-0.0006609004665165674,-3.0,9.0,12.0
2019,14,Monza,VER,0.9936853814945689,0.011562553827423456,0.9744329002806932,0.9976533750511102,0.9971344068258357,0.9885519438571765,0.0001601921383453995,24.0,1,Red Bull Racing,-0.001448127172738789,11.0,19.0,8.0
2019,14,Monza,VET,0.9947190911275082,0.014500658455205564,0.9704012329401286,0.9908173208703678,0.9953230990061289,0.998286245114998,-0.00352824869197955,11.0,3,Ferrari,0.003848518453685279,-9.0,4.0,13.0
2019,15,Singapore,ALB,0.9953236451209646,0.015432323449349772,0.9675343775277594,0.9970870679314046,0.9942022336668046,0.9963542298345619,-0.0005483880330542355,24.0,1,Red Bull Racing,0.0026767440007842147,0.0,6.0,6.0
2019,15,Singapore,BOT,0.9940553609946808,0.016747601846322027,0.9516692403853224,0.9915768802889421,0.9922334694844018,0.9995188010115847,-0.0007879212054984083,24.0,1,Mercedes,0.0010409772777409954,0.0,5.0,5.0
2019,15,Singapore,GAS,0.9971718430485345,0.013913025471361924,0.9722130303698802,0.9974985359141884,1.0009564581074117,0.9962878423180244,-0.0006935661943182861,23.5,1,Toro Rosso,-0.002239291687592737,3.0,11.0,8.0
2019,15,Singapore,GIO,0.9991073912084327,0.013679482700039358,0.9709353628943304,1.0049003688066944,0.9973135257979249,1.0002607277761795,-0.0012787298472153516,23.0,1,Alfa Romeo Racing,-0.0014525637988000994,0.0,10.0,10.0
2019,15,Singapore,GRO,1.0058540110046454,0.01720381702784041,0.9768549158026324,1.0071062391652839,1.0074710646807656,1.0067379088226178,0.0007102222530211838,15.333333333333334,2,Haas F1 Team,0.0011198873318689628,6.0,17.0,11.0
2019,15,Singapore,HAM,0.991973406439199,0.014842428330014831,0.9643539966173984,0.9913352244895293,0.9944587501726553,0.9917690828807707,-0.0007189723098444726,24.0,1,Mercedes,-0.0010409772777408843,-2.0,2.0,4.0
2019,15,Singapore,HUL,0.9962828532122461,0.013341937411881123,0.9721762629605116,0.9925077026274204,0.9996009195130133,0.9991678682604069,-0.0010417460987547046,24.0,1,Renault,-0.003967516792406034,-1.0,8.0,9.0
2019,15,Singapore,KUB,1.0121973837945597,0.018184608007813637,0.9816254871681742,1.0220380413156427,1.0099104823168046,1.0107617879714852,-0.0010078573470079734,15.0,2,Williams,0.004380533622774241,3.0,19.0,16.0
2019,15,Singapore,KVY,1.00165042642372,0.019330170614070875,0.9593628207956468,1.0028026267187133,1.0048749891368827,1.0007681216057784,-0.00012192839833771419,15.666666666666666,2,Toro Rosso,0.002239291687592848,-1.0,14.0,15.0
2019,15,Singapore,LEC,0.988957138392529,0.01556881452249175,0.9625983528200602,0.9849904897920381,0.9941326782296415,0.9888818889502787,-0.0004540842206227512,24.0,1,Ferrari,0.0005654904159619889,-1.0,1.0,2.0
2019,15,Singapore,MAG,1.0036142363409075,0.019431515432449836,0.940335686447533,1.0092696810183763,1.0019650479817412,1.0047282152177917,0.006417527491711576,15.0,2,Haas F1 Team,-0.0011198873318689628,-4.0,13.0,17.0
2019,15,Singapore,NOR,0.9951236245468611,0.012781016768626212,0.9717258621957496,0.9953628211464062,0.9969265879988061,0.9965567852318802,-0.00024955577345324074,23.5,1,McLaren,-0.004626647875493384,2.0,9.0,7.0
2019,15,Singapore,PER,1.0029211166045946,0.01618560826399578,0.980614383410545,1.004077861575409,1.003657623589304,1.0048719044263308,-0.0005397072700468804,17.0,1,Racing Point,0.0011291409595188817,-4.0,15.0,19.0
2019,15,Singapore,RAI,1.002012518806033,0.01225956755531381,0.9840980954481948,1.006518234186299,1.0011925617679482,1.0030852338181837,4.6849639220335095e-05,18.5,1,Alfa Romeo Racing,0.0014525637988000994,-6.0,12.0,18.0
2019,15,Singapore,RIC,1.0042178867970581,0.017886808908419805,0.9735550408118244,0.993968764717963,1.0086585026405246,1.010970175721795,-0.000534777630067758,23.5,1,Renault,0.003967516792406034,6.0,20.0,14.0
2019,15,Singapore,RUS,1.003436316549011,0.005909408089076387,0.9953397308625632,1.0116530662710188,1.00280293612739,1.0013694799681971,9.446077143847502e-05,32.0,0,Williams,-0.004380533622774463,-2.0,18.0,20.0
2019,15,Singapore,SAI,1.0043769202978479,0.01817676639620226,0.9740514008382968,1.0023897546775575,1.0069187391741885,1.006762516837448,0.00013279001205790736,23.0,1,McLaren,0.004626647875493384,-5.0,7.0,12.0
2019,15,Singapore,STR,1.000662834685557,0.017915842765665005,0.9641885432752408,1.0040406107529818,1.0001723264731612,1.0022468679953822,-0.0005757815661210183,11.25,3,Racing Point,-0.0011291409595186597,3.0,16.0,13.0
2019,15,Singapore,VER,0.9899701571193961,0.016483529209084996,0.9667622619310244,0.9930050442926778,0.9903855640403322,0.9887291630169662,-0.0005309794905435084,24.0,1,Red Bull Racing,-0.0026767440007843257,1.0,4.0,3.0
2019,15,Singapore,VET,0.987826157560605,0.016280625540584247,0.9633245091550848,0.9875819398211747,0.9907141024882101,0.9867235121574337,-0.0005722401701486127,24.0,1,Ferrari,-0.0005654904159619889,2.0,3.0,1.0
2019,16,Sochi,ALB,1.003187736149679,0.019668782227454325,0.9690736104156236,1.0029443880142206,0.9995611457179895,1.0067642071515273,-0.001412037451999568,22.0,1,Red Bull Racing,0.005231991927284851,-5.0,0.0,5.0
2019,16,Sochi,BOT,0.9851811049908196,0.014750918836318641,0.9646069103655484,0.9909205462445688,0.9834895161859314,0.9792206027248327,-0.0008938163880490458,22.5,1,Mercedes,0.0016441328659656529,2.0,4.0,2.0
2019,16,Sochi,GAS,1.0124517008070246,0.0158489687855896,0.987541311967952,1.0097732882941406,1.0104357830495552,1.0170849205013515,-0.0011098536568262892,21.5,1,Toro Rosso,0.001400885683705111,2.0,16.0,14.0
2019,16,Sochi,GIO,1.0153712386761962,0.017447344618053723,0.988442663995994,1.0123990604367699,1.0160362208939244,1.017203170220192,-0.0014247077844321524,22.0,1,Alfa Romeo Racing,0.0025016529122687814,-3.0,12.0,15.0
2019,16,Sochi,HAM,0.9818928392588884,0.012301074406733037,0.9590485728592888,0.9901762880198635,0.9808251072754913,0.972106894377815,-0.0005466450664138544,22.5,1,Mercedes,-0.0016441328659655419,1.0,2.0,1.0
2019,16,Sochi,HUL,1.005169659250781,0.013462899186592924,0.9866700050075112,1.0011944666134611,1.0015703042748012,1.013251242126994,-0.0012649822219176225,14.0,2,Renault,0.0,-4.0,6.0,10.0
2019,16,Sochi,KVY,1.0096499294396142,0.016066443845011644,0.9837556334501752,1.0043575418994415,1.010567925983847,1.0140117925766687,-0.0014373263735241487,22.0,1,Toro Rosso,-0.001400885683705333,7.0,19.0,12.0
2019,16,Sochi,LEC,0.9812479183892118,0.010558449426889922,0.9633750625938908,0.9823626088086269,0.9805561634015268,0.9797395582714861,-0.0001500329828549818,14.333333333333334,2,Ferrari,0.0,-2.0,1.0,3.0
2019,16,Sochi,MAG,1.0064772158237358,0.015425743518042616,0.9827741612418628,1.0079577196546472,1.0089489538343663,1.0007752584452205,-0.0012157700130093513,22.0,1,Haas F1 Team,0.0,4.0,13.0,9.0
2019,16,Sochi,NOR,1.0060142594844648,0.0142763260496723,0.9844867300951428,1.0031111997871776,1.0079731598233015,1.00624825066778,-0.0012862006647759842,21.0,1,McLaren,0.0018632710971218103,-1.0,7.0,8.0
2019,16,Sochi,PER,1.0036182845697117,0.015795543708219572,0.9819028542814222,1.0005646448523546,1.0060166362914156,1.00352050581385,-0.0014851901994269235,21.0,1,Racing Point,-0.0021640902912811733,4.0,11.0,7.0
2019,16,Sochi,RAI,1.0103679328516586,0.014531608022406729,0.9873710565848772,1.0074926842245278,1.011668357234945,1.011338908546125,-0.0018862270997532671,14.0,2,Alfa Romeo Racing,-0.0025016529122687814,2.0,15.0,13.0
2019,16,Sochi,SAI,1.0022877172902211,0.013382150825550316,0.9816725087631448,1.0010647778664539,1.0021187081309464,1.002986605575536,-0.0008279617461170014,21.0,1,McLaren,-0.0018632710971218103,-1.0,5.0,6.0
2019,16,Sochi,STR,1.007946465152274,0.014936501010775198,0.987591387080621,1.0012563484002033,1.0085599544483688,1.0143685350086327,-0.0014423330365395672,22.0,1,Racing Point,0.0021640902912811733,3.0,14.0,11.0
2019,16,Sochi,VER,0.9927237522951093,0.01792602965361176,0.9708262393590386,0.9978019863438862,0.9911286856908286,0.987446441447053,-0.0009502586460153249,22.5,1,Red Bull Racing,-0.005231991927284851,5.0,9.0,4.0
2019,17,Suzuka,ALB,0.986824862164043,0.014165329408564206,0.966637840315909,0.9836576154624334,0.9878242919204658,0.9934729858402187,-0.0002227176738470412,16.333333333333332,2,Red Bull Racing,0.0,2.0,6.0,4.0
2019,17,Suzuka,BOT,0.9750748106529774,0.009392510229212905,0.9571251445658856,0.9724603371464146,0.9781253534338806,0.9798364626435396,0.00044520640532001217,16.333333333333332,2,Mercedes,-0.0007769718637946621,2.0,3.0,1.0
2019,17,Suzuka,GAS,1.003082196776311,0.010802584389506056,0.9931650291215603,1.0130954564620291,0.9993303217994692,0.9971586755536446,-0.0002355600245283056,25.0,1,Toro Rosso,0.0010101463509646358,2.0,9.0,7.0
2019,17,Suzuka,GIO,1.006877755951725,0.010700763114758847,0.962407660168582,1.008601163792782,1.008022444811941,1.0096661893804582,8.79703345931368e-05,15.666666666666666,2,Alfa Romeo Racing,0.002706100464229255,-3.0,11.0,14.0
2019,17,Suzuka,GRO,1.0086934093265965,0.011373286664927136,0.9896954478677182,1.0084329284415996,1.0083935497544614,1.018486259263972,0.00013769829672414627,24.5,1,Haas F1 Team,0.0008140542211156898,-3.0,10.0,13.0
2019,17,Suzuka,HAM,0.9766287543805668,0.013832570788875334,0.9479667003552936,0.9723302352048558,0.9801212153468475,0.9807557295117573,0.0006290000466785095,16.333333333333332,2,Mercedes,0.0007769718637947731,1.0,4.0,3.0
2019,17,Suzuka,HUL,1.0019838936752068,0.008550522496917377,0.9889973639517802,1.010905634577865,1.0013272481721232,0.9956296429558709,0.00011121577224473448,24.5,1,Renault,0.0022475622879887247,-5.0,15.0,20.0
2019,17,Suzuka,KUB,1.025887683739044,0.010792019947055803,1.00369880283818,1.0253686626979495,1.0281707777726035,1.030341145273418,0.0008747630220941157,15.0,2,Williams,0.005324828981017493,-17.0,0.0,17.0
2019,17,Suzuka,KVY,1.0010619040743818,0.015178082858802018,0.971472331912854,1.0058625527951346,1.0005094199930242,1.0020502503301902,-0.0005190752048559006,24.5,1,Toro Rosso,-0.0010101463509646358,4.0,14.0,10.0
2019,17,Suzuka,LEC,0.9878412898742495,0.015142350770074848,0.9545099346718484,0.9854979702475908,0.987236246125063,0.9986982696568293,0.0006352538392286935,11.5,3,Ferrari,0.005839848368729306,-4.0,2.0,6.0
2019,17,Suzuka,MAG,1.007065300884365,0.012976664871636,0.955770653385707,1.0078244326944805,1.0075815150347145,1.0130822929866379,0.003902620798146775,15.666666666666666,2,Haas F1 Team,-0.0008140542211156898,4.0,19.0,15.0
2019,17,Suzuka,NOR,0.9995315718001881,0.011484820185966308,0.9806099377975972,0.9979647285849461,0.998921125754824,1.0077671468501397,-0.006369310099853052,16.0,2,McLaren,0.0037536694350994715,-3.0,8.0,11.0
2019,17,Suzuka,PER,0.996931783022291,0.01323687239037972,0.9650332892255435,0.9963326160545267,1.001056939047824,0.9970331298551972,0.0012359485351886043,15.333333333333334,2,Racing Point,-0.0033143266661261883,9.0,17.0,8.0
2019,17,Suzuka,RAI,1.0014655550232667,0.015464019753695263,0.970961792929556,1.0027971011973205,1.0033094504627782,1.0033154617858435,0.0003738757191064581,15.666666666666666,2,Alfa Romeo Racing,-0.002706100464229033,1.0,13.0,12.0
2019,17,Suzuka,RIC,0.9974887690992293,0.012601310546820284,0.9739937693405712,1.0016901589630833,0.9991118414487296,0.994528277877481,0.00017005390122409354,24.5,1,Renault,-0.0022475622879887247,-3.0,16.0,19.0
2019,17,Suzuka,RUS,1.015238025777009,0.012334850117383065,0.99459245444221,1.0179948007859616,1.0120315822971484,1.0262387568981581,0.000621929639554334,24.0,1,Williams,-0.005324828981017493,2.0,18.0,16.0
2019,17,Suzuka,SAI,0.9920242329299892,0.013197839197961875,0.974848140700376,0.9886698961129917,0.9949380115292985,0.995964393067483,-9.019967301638827e-05,25.5,1,McLaren,-0.0037536694350994715,2.0,7.0,5.0
2019,17,Suzuka,STR,1.0035604363545432,0.010871154433662452,0.9868301780634944,1.0038382926416745,1.0037959297722723,1.005546119114169,-0.0003527906975707581,25.0,1,Racing Point,0.0033143266661259663,3.0,12.0,9.0
2019,17,Suzuka,VET,0.9761615931367909,0.010722745917172078,0.9598341269262428,0.9720457132018211,0.9784446913399553,0.9846499984642321,0.0003216180133566599,16.333333333333332,2,Ferrari,-0.005839848368729306,-1.0,1.0,2.0
2019,18,Mexico City,ALB,0.9869735342815595,0.010594429080476723,0.9693048376651148,0.9933312224574066,0.9818160481121254,0.9869336693738786,-0.00010824763862446473,21.333333333333332,2,Red Bull Racing,-0.004019469774646955,0.0,5.0,5.0
2019,18,Mexico City,BOT,0.988277389401101,0.013074169208356318,0.9713699182521351,0.9921646840574188,0.9818232814995773,0.9935486417191592,-0.0005306458669501337,33.5,1,Mercedes,-0.00016587395512646097,3.0,6.0,3.0
2019,18,Mexico City,GAS,1.0021147219472855,0.019031560338175373,0.971809817075406,0.9975363475484924,1.008120001414138,1.0001969909812067,-0.0004567098086115167,21.333333333333332,2,Toro Rosso,0.0003109267507361846,1.0,10.0,9.0
2019,18,Mexico City,GIO,1.0069837641046262,0.013174902615612454,0.9899434241235626,1.005884690970919,1.0104555762994238,1.0041423775959615,-0.000752952956025971,33.0,1,Alfa Romeo Racing,-0.001286274527229292,1.0,15.0,14.0
2019,18,Mexico City,GRO,1.0227601090902532,0.016838503070397793,0.9968718305900752,1.017946713945881,1.0264733163088051,1.0246242356923252,5.498394602395015e-05,31.5,1,Haas F1 Team,0.004109886406020724,1.0,18.0,17.0
2019,18,Mexico City,HAM,0.9886091373113538,0.011740582723355321,0.9709666776641372,0.9936370750432579,0.9836436033930874,0.9900918018275795,-0.0008856583606471169,33.5,1,Mercedes,0.00016587395512634995,2.0,3.0,1.0
2019,18,Mexico City,HUL,1.0044555735086913,0.013123771524946893,0.987218495301636,1.0040720998700108,1.0094776270035135,0.9983088400880449,-0.0008561681573542245,32.5,1,Renault,0.002053796921261064,2.0,12.0,10.0
2019,18,Mexico City,KUB,1.0209857379432967,0.014183284528503723,0.986057651184672,1.0165891240922003,1.0264840530798978,1.0195989032850359,0.0006475681041116891,20.333333333333332,2,Williams,-0.0009564334526830365,2.0,20.0,18.0
2019,18,Mexico City,KVY,1.0014928684458129,0.015547976793909278,0.9763920964844752,0.9974929733856137,1.0013228084785444,1.008066301114364,-0.0007628831603583388,21.333333333333332,2,Toro Rosso,-0.00031092675073640663,-2.0,9.0,11.0
2019,18,Mexico City,LEC,0.9849145634004179,0.009968130882378686,0.9681684323716656,0.9877061357090808,0.9809582357839824,0.9879208376617243,-0.0002684993178290813,21.333333333333332,2,Ferrari,-0.0017269263023208525,-3.0,1.0,4.0
2019,18,Mexico City,MAG,1.0145403362782117,0.01380428406303241,0.9981059911775848,1.0099977445435302,1.0183985277249659,1.0158109240721505,0.00018303541274203642,32.0,1,Haas F1 Team,-0.004109886406020724,2.0,17.0,15.0
2019,18,Mexico City,NOR,1.0159309126096765,0.012837233338254646,0.9976294341190416,1.0198918041834175,1.0144541388983042,1.0136473609181136,-0.0009687728249517891,21.0,1,McLaren,0.006547907561507804,-12.0,8.0,20.0
2019,18,Mexico City,PER,1.0001190936698159,0.012600464364651127,0.9834793553038356,0.9986508693218042,1.0027886430862831,0.9989795098546363,-0.0006967733755769966,33.5,1,Racing Point,-0.0035240733768875376,4.0,11.0,7.0
2019,18,Mexico City,RAI,1.0095563131590846,0.01408963533282267,0.9785549323655558,1.0017155348901767,1.0129792750184625,1.015964680328643,0.0007642416830985669,16.666666666666668,2,Alfa Romeo Racing,0.0012862745272290699,-5.0,14.0,19.0
2019,18,Mexico City,RIC,1.0003479796661694,0.013410311824110045,0.979336974718037,0.997838283512173,1.0035480095242093,0.9998287437117934,-0.00015700939727209332,33.5,1,Renault,-0.002053796921260842,5.0,13.0,8.0
2019,18,Mexico City,RUS,1.0228986048486626,0.014209614098636112,0.9932671041216076,1.0108630590929595,1.0322173098376886,1.0261680753612241,-0.0002608833247384591,32.0,1,Williams,0.0009564334526828144,3.0,19.0,16.0
2019,18,Mexico City,SAI,1.0028350974866609,0.016339843748560474,0.9813531776580277,1.003246315123896,1.0037194080372436,1.0018227960432133,0.00019826222808205538,21.0,2,McLaren,-0.006547907561507804,-6.0,7.0,13.0
2019,18,Mexico City,STR,1.0071672404235912,0.011540629127274396,0.988819238241871,1.0047401388183514,1.0107269765676818,1.006001081740056,-0.00022513174579707925,33.0,1,Racing Point,0.0035240733768877597,4.0,16.0,12.0
2019,18,Mexico City,VER,0.9950124738308533,0.012658440701813614,0.9825140217749918,0.9979485963085093,0.9956400922027512,0.9909431499598993,-0.00025292526735944706,33.5,1,Red Bull Racing,0.004019469774646844,-2.0,4.0,6.0
2019,18,Mexico City,VET,0.9883684160050596,0.010367114661999065,0.9699891247235358,0.9890991528105934,0.9853666908802587,0.9931728862317211,-0.00016807613007178298,33.0,1,Ferrari,0.0017269263023208525,0.0,2.0,2.0
2019,19,Austin,ALB,0.9901819201755724,0.013876157228742173,0.96475265843589,0.9895345618763203,0.9942535862798652,0.9866135053609295,0.0009736053577174998,16.666666666666668,2,Red Bull Racing,0.0029988913168800257,1.0,6.0,5.0
2019,19,Austin,BOT,0.9833504487157406,0.010635927134829247,0.9542025676480284,0.9813504832335733,0.988525229353457,0.9793345187799092,0.0008059330502436876,17.333333333333332,2,Mercedes,-0.0019608773354695685,0.0,1.0,1.0
2019,19,Austin,GAS,1.0076277550056343,0.012933367404970829,0.9925155372722306,1.0088513663167942,1.002582613616791,1.0116232117791117,-7.871039202486359e-05,25.0,1,Toro Rosso,0.003077831523317087,-6.0,10.0,16.0
2019,19,Austin,GIO,1.0090970913439063,0.015355348153394038,0.983795965968084,1.009868162284216,1.0073024777933615,1.0115019562165875,0.0007560315060783166,16.666666666666668,2,Alfa Romeo Racing,0.002846851457280586,2.0,16.0,14.0
2019,19,Austin,GRO,1.0149717643505196,0.013804555658749504,0.9966489683644898,1.0124259708533874,1.0163343951636563,1.0162694501687424,0.0003131623114595168,26.0,1,Haas F1 Team,0.0016316015351811597,0.0,15.0,15.0
2019,19,Austin,HAM,0.9872722033866798,0.010734031323137877,0.9688565650203472,0.9847595710498503,0.9915711829050576,0.9839376753930408,0.0001721034100522299,27.0,1,Mercedes,0.0019608773354695685,3.0,5.0,2.0
2019,19,Austin,HUL,1.0022369735411203,0.01717017198017364,0.9687679914969416,1.0018100371476437,0.9989995324918187,1.0073697100020906,-0.00028133739841683993,16.666666666666668,2,Renault,-0.00021275870622150528,2.0,11.0,9.0
2019,19,Austin,KVY,1.0014720919590003,0.015120859423405486,0.97400367088047,1.0024269793866998,0.9973371718215596,1.0065603440551922,0.00014173785342061075,16.666666666666668,2,Toro Rosso,-0.003077831523316865,1.0,13.0,12.0
2019,19,Austin,LEC,0.9905739223649282,0.016480706753242425,0.9464474635987422,0.9865955705612423,0.9954645081795005,0.9873575339035423,0.0006985150826739906,17.333333333333332,2,Ferrari,0.0,0.0,4.0,4.0
2019,19,Austin,MAG,1.0117085612801573,0.013042428235598744,0.9875652614641204,1.013757181180387,1.012033754823632,1.0104950050867352,0.0006058288619086623,15.666666666666666,2,Haas F1 Team,-0.0016316015351811597,-6.0,12.0,18.0
2019,19,Austin,NOR,0.9988358637981463,0.016019265879574234,0.9651955260529176,1.0002720732841175,0.9959506747508432,0.9989857305404617,0.0002744579484389162,17.333333333333332,2,McLaren,-0.0032046392843259053,1.0,8.0,7.0
2019,19,Austin,PER,1.0063401987907823,0.01451434703199778,0.985774107990808,1.0047891324932627,1.0028391185104848,1.0127182795402492,8.902709214045427e-05,26.0,1,Racing Point,1.5602566815431373e-05,-10.0,0.0,10.0
2019,19,Austin,RAI,1.0034033884293454,0.011178788565840023,0.9802923910422644,1.0018420860951271,1.0067773922885757,1.0014425230714095,-0.00036869079985952434,16.666666666666668,2,Alfa Romeo Racing,-0.002846851457280364,6.0,17.0,11.0
2019,19,Austin,RIC,1.002662490953563,0.010543109728107604,0.9897008675284542,1.0053103401833607,0.9990736411961285,1.0043382988160936,-0.0002487935102191744,27.0,1,Renault,0.00021275870622128323,3.0,9.0,6.0
2019,19,Austin,RUS,1.021400347405042,0.015232417935455175,0.9963438817838708,1.0215274980266706,1.0189353367389622,1.0251574512073445,6.393142338739271e-05,16.333333333333332,2,Williams,0.0,1.0,18.0,17.0
2019,19,Austin,SAI,1.005245142366798,0.011355489666609096,0.9924564882566268,1.0082818794578574,0.9999261829187275,1.0100665320403697,0.00017739517985845049,26.0,1,McLaren,0.0032046392843259053,-1.0,7.0,8.0
2019,19,Austin,STR,1.0063089936571517,0.011129654470150931,0.9878900310499408,1.008373515915216,1.0010152309244358,1.011897978078428,-0.0003381629487153656,16.666666666666668,2,Racing Point,-1.560256681520933e-05,1.0,14.0,13.0
2019,19,Austin,VER,0.9841841375418123,0.010687670573804207,0.9665733364170042,0.980322174758169,0.9891299615961903,0.9816336188973052,0.0005541763390037976,17.333333333333332,2,Red Bull Racing,-0.0029988913168800257,0.0,3.0,3.0
2019,20,São Paulo,ALB,0.9889055829172927,0.01327130508523678,0.9578973609211512,0.9890602519563463,0.9860548572822216,0.9940265660614636,0.000501805530831435,18.0,2,Red Bull Racing,0.004408393696016533,-9.0,5.0,14.0
2019,20,São Paulo,BOT,0.9929214675537039,0.015273266945558365,0.9526555857245844,0.9949697222133222,0.9878869792393488,0.9954534508621512,0.0016572498377878879,15.666666666666666,2,Mercedes,0.00498822236417662,-16.0,4.0,20.0
2019,20,São Paulo,GAS,0.9996627574873534,0.01106742662944323,0.9759269115972592,1.0015063786618688,0.9993091963825456,0.9972465756361065,-0.00011716575210538609,18.333333333333332,2,Toro Rosso,-0.0033459651254735823,4.0,6.0,2.0
2019,20,São Paulo,GIO,1.003136857617632,0.010402532847486944,0.98394453689792,1.0059814908746376,1.003455443404227,0.998079355212107,0.00020255119276298814,18.333333333333332,2,Alfa Romeo Racing,0.000500167518756367,7.0,12.0,5.0
2019,20,São Paulo,GRO,1.0091382159676832,0.012248088355666842,0.9920160622006025,1.0088928533830628,1.0082629356846087,1.0102275406743693,0.0004970852075184486,18.666666666666668,2,Haas F1 Team,0.0004798196360489282,-6.0,7.0,13.0
2019,20,São Paulo,HAM,0.9829450228253506,0.014660899436330246,0.9578299859186244,0.9856751838539396,0.977159379150272,0.9876280834129654,-0.00033379080098642306,14.25,3,Mercedes,-0.004988222364176731,-4.0,3.0,7.0
2019,20,São Paulo,HUL,1.0088792767218617,0.012606243462972368,0.9827856868544632,1.009039937927189,1.0105737842156355,1.0037170216667977,-0.0002865728221078173,13.5,3,Renault,0.0044655471119026124,-2.0,13.0,15.0
2019,20,São Paulo,KUB,1.0299676237199398,0.01072284514711352,1.0046017126725642,1.0308453521423309,1.0330328625097238,1.0208858578346909,-0.0015870833673964774,10.4,4,Williams,0.0034855458037847953,3.0,19.0,16.0
2019,20,São Paulo,KVY,1.0063546877383007,0.01524350323846072,0.9753879115770469,1.0015216912785077,1.0122867072565263,0.9972283552335426,0.0005423989410477359,18.333333333333332,2,Toro Rosso,0.0033459651254736933,6.0,16.0,10.0
2019,20,São Paulo,LEC,0.992653307224499,0.013268285926372785,0.962424961090936,0.9914201494894198,0.9937447589907807,0.9904310732888897,-0.0014624020959028816,18.333333333333332,2,Ferrari,0.0029597226109896457,-4.0,14.0,18.0
2019,20,São Paulo,MAG,1.0081785766955855,0.012571400221955964,0.9872054870202056,1.0126202368280484,1.0031748935169458,1.013333246002428,0.00018162946854325432,18.0,2,Haas F1 Team,-0.00047981963604870614,-2.0,9.0,11.0
2019,20,São Paulo,NOR,1.0073404474243894,0.011949606179557036,0.974619836548244,1.002999375874152,1.0108774166333812,1.0024579361336614,0.0002765241832265495,19.0,2,McLaren,0.0006705585777775358,2.0,10.0,8.0
2019,20,São Paulo,PER,1.0041536076557602,0.013184822184120022,0.981519036806964,1.0035439137134052,1.0052655959368966,1.0011736082827807,-0.00014883769349006783,18.333333333333332,2,Racing Point,-0.0022086750828254065,6.0,15.0,9.0
2019,20,São Paulo,RAI,1.0021365225801195,0.009882044200121301,0.9854941619560312,1.001300615375781,1.0017688183409785,1.0027502089987352,0.0001825104648914322,18.333333333333332,2,Alfa Romeo Racing,-0.000500167518756145,4.0,8.0,4.0
2019,20,São Paulo,RIC,0.9999481824980566,0.012546575797434328,0.9800772117528956,0.9991453645838317,1.001261880610701,0.9967342607875501,-0.0006399415648945817,18.333333333333332,2,Renault,-0.004465547111902501,5.0,11.0,6.0
2019,20,São Paulo,RUS,1.02299653211237,0.013617961277706123,0.998820937455785,1.0195208518189884,1.0287574239500081,1.0127170562872638,-0.0013573825651468727,14.0,3,Williams,-0.0034855458037850173,6.0,18.0,12.0
2019,20,São Paulo,SAI,1.0059993302688346,0.011800645142598333,0.9858040869676532,1.0011072264301135,1.011145020040498,0.9987134778705784,-7.895022824538457e-05,28.5,1,McLaren,-0.0006705585777773138,17.0,20.0,3.0
2019,20,São Paulo,STR,1.008570957821411,0.011923138924149927,0.9783254616872048,1.0059298107934809,1.0126487377630602,1.0011703929176223,-0.0027710696057422052,18.333333333333332,2,Racing Point,0.0022086750828254065,-2.0,17.0,19.0
2019,20,São Paulo,VER,0.9800887955252597,0.01355115187071433,0.9548654858074556,0.9862720511933587,0.9729665300987974,0.9845079569945852,0.00039109845764865334,14.25,3,Red Bull Racing,-0.004408393696016422,0.0,1.0,1.0
2019,20,São Paulo,VET,0.9867338620025198,0.014293908794395798,0.9618994360712289,0.9862890050804568,0.9840450020073214,0.9876690746179075,5.589964551410887e-05,18.333333333333332,2,Ferrari,-0.0029597226109895347,-15.0,2.0,17.0
2019,21,Yas Island,ALB,0.9931122475075407,0.010923590108491763,0.980880229149374,0.9892613476657324,0.9995694126271614,0.9878515905532238,-0.0011206051348383835,26.5,1,Red Bull Racing,0.004544549686192445,-1.0,5.0,6.0
2019,21,Yas Island,BOT,0.987093370397996,0.01694789696905976,0.9568521708256766,0.9895168777629191,0.9926321542865447,0.9817725093855094,-0.0007873745791825823,26.0,1,Mercedes,0.0030664671301379176,16.0,20.0,4.0
2019,21,Yas Island,GAS,1.0068206879053372,0.0121023431657872,0.982751423787202,1.0121770112097546,1.00637887731493,1.0065755770099836,-0.0004214193450957705,51.0,0,Toro Rosso,0.0021823077935492208,-7.0,11.0,18.0
2019,21,Yas Island,GIO,1.0088592400443097,0.011423253725128348,0.9908311462746434,1.0088775849172578,1.0060319569258747,1.0134353396419857,0.000627663816001666,16.333333333333332,2,Alfa Romeo Racing,0.002092320113682433,0.0,16.0,16.0
2019,21,Yas Island,GRO,1.0100543079199888,0.013126755863397723,0.9947654529490508,1.0113823627114447,1.0063877513486867,1.0149529608819048,-0.0008087016826949311,25.5,1,Haas F1 Team,0.0009830122056642132,0.0,15.0,15.0
2019,21,Yas Island,HAM,0.9809604361377202,0.00832330213614042,0.9527067550126426,0.9893837891706343,0.9902168926449825,0.9680605715708975,-6.134233086152954e-05,26.5,1,Mercedes,-0.0030664671301379176,0.0,1.0,1.0
2019,21,Yas Island,HUL,1.0036245105988735,0.007617875175042551,0.9910038719335198,1.0114865789079446,1.0001821395428496,1.0054592477813247,-0.0004088633529439877,25.5,1,Renault,0.0017611915629831554,-3.0,9.0,12.0
2019,21,Yas Island,KUB,1.0202181141236812,0.009663965644534303,1.0027684084769914,1.0207839663381686,1.0143222112849752,1.0278132795435828,-0.0003522717912957108,25.0,1,Williams,0.0028339294532340187,0.0,19.0,19.0
2019,21,Yas Island,KVY,1.0024560723182387,0.013166472029683443,0.9809090167591868,1.0093946558802902,0.9980869801729682,1.0056647272494093,2.9873188255292787e-05,25.5,1,Toro Rosso,-0.0021823077935492208,4.0,13.0,9.0
2019,21,Yas Island,LEC,0.9849178325413447,0.010203164927743749,0.9638283682702964,0.9823363968552762,0.9913214168371036,0.9792575731938694,0.00018906403116555467,17.0,2,Ferrari,-0.001330533220854746,0.0,3.0,3.0
2019,21,Yas Island,MAG,1.0080882835086602,0.00951947037642427,0.9959553408213104,1.000026054049125,1.011358985059011,1.0097144046021784,-0.0002861017703260541,25.5,1,Haas F1 Team,-0.0009830122056644353,0.0,14.0,14.0
2019,21,Yas Island,NOR,1.0021913392005493,0.0071897242383788225,0.9886240961890002,1.005752516929704,1.0019311406039622,1.0028024778296314,-0.00012232133369978566,25.5,1,McLaren,0.0010456829512630605,-2.0,6.0,8.0
2019,21,Yas Island,PER,1.0024331174921135,0.010051606549231736,0.9849104945231572,1.0011452925761157,1.0001559611432682,1.0069818553204557,7.112938591230338e-05,25.5,1,Racing Point,-0.004752010843130483,3.0,10.0,7.0
2019,21,Yas Island,RAI,1.0046745998169448,0.012110330604352902,0.9897372171017592,1.0021516302235656,1.0030449028326578,1.0090764353197208,-0.00034572979115522594,25.5,1,Alfa Romeo Racing,-0.002092320113682433,4.0,17.0,13.0
2019,21,Yas Island,RIC,1.0001021274729072,0.013685228587202948,0.9710060789836056,1.012113604161629,0.9939740466296154,1.0029753734562588,0.0002670305663869666,16.333333333333332,2,Renault,-0.0017611915629831554,-4.0,7.0,11.0
2019,21,Yas Island,RUS,1.0145502552172134,0.01616718603270227,0.989084697946004,1.0121932949904577,1.009388062161719,1.0226226341484879,-0.0005780627849217016,25.5,1,Williams,-0.0028339294532337966,1.0,18.0,17.0
2019,21,Yas Island,SAI,1.0000999732980231,0.011359170203990594,0.9720040494571136,0.9949504993005949,0.9962549359039633,1.0080162443455116,0.00029693968078887376,16.333333333333332,2,McLaren,-0.0010456829512630605,-2.0,8.0,10.0
2019,21,Yas Island,STR,1.0119371391783742,0.013310571747909044,0.991502857170274,1.0106414089361713,1.0059673269340286,1.0203997690003204,-0.0008990888393285318,13.0,2,Racing Point,0.004752010843130261,-8.0,12.0,20.0
2019,21,Yas Island,VER,0.9840231481351559,0.009893125794629554,0.9703247722180374,0.9884149042188018,0.9911869417387743,0.9749422305916519,-0.0004135896089376439,26.5,1,Red Bull Racing,-0.004544549686192334,0.0,2.0,2.0
2019,21,Yas Island,VET,0.9875788989830542,0.013741430202962044,0.9608152651098968,0.9868375595172183,0.9901385081373779,0.9850849521862383,-0.0006838810586618718,17.0,2,Ferrari,0.001330533220854746,-1.0,4.0,5.0
2020,1,Spielberg,ALB,0.9935844468258616,0.01608254835953577,0.9767348919528418,0.9984828318295024,0.9911667538866283,0.9903773939166354,-0.00046817823869427444,12.333333333333334,2,Red Bull Racing,0.0,-9.0,4.0,13.0
2020,1,Spielberg,BOT,0.9859007418825864,0.01767819331183681,0.9656732608261254,0.9942933861501957,0.9808473702453387,0.9856823729218587,0.0011359650116583048,15.0,2,Mercedes,-0.0011861149739030852,0.0,1.0,1.0
2020,1,Spielberg,GAS,1.016288231088345,0.05164602856811035,0.9865690388513032,1.0146000898215815,1.0122213918318899,1.0210400908391895,0.0016058265632515583,14.333333333333334,2,AlphaTauri,0.0011365722253977584,5.0,12.0,7.0
2020,1,Spielberg,GIO,1.0213933439684322,0.05409958706934399,0.9819302903142932,1.011904081438234,1.0225241100893916,1.024332564418933,0.0006945912811454393,14.333333333333334,2,Alfa Romeo Racing,0.00478164074161791,9.0,18.0,9.0
2020,1,Spielberg,HAM,0.9882729718303925,0.02816298854443245,0.966458279809312,0.9823692483566735,0.9893775724787461,0.9893859392029896,0.0010796862266509273,14.0,2,Mercedes,0.0011861149739030852,1.0,5.0,4.0
2020,1,Spielberg,KVY,1.0140150866375497,0.032817316945412914,0.9867688618652052,1.00981672419226,1.0105139213738745,1.0193451091404528,0.0006251548948903992,13.333333333333334,2,AlphaTauri,-0.0011365722253975363,1.0,13.0,12.0
2020,1,Spielberg,LAT,1.0309742268143898,0.048026275503868704,0.9965030972567154,1.0207079573755766,1.030449163346554,1.036043018452698,0.002192597027143765,14.333333333333334,2,Williams,0.007382129944671023,9.0,20.0,11.0
2020,1,Spielberg,LEC,0.9951938039548248,0.020167331369065608,0.9696411749593218,1.0005973135181478,0.9905138197836755,0.9949363969207663,-0.00047916474838719143,13.666666666666666,2,Ferrari,-0.00971008127263906,5.0,7.0,2.0
2020,1,Spielberg,NOR,0.993188611341453,0.01598028018177443,0.9630755616453998,0.9998999714204059,0.9912929384652535,0.9886511922643635,-0.001998765826386932,13.666666666666666,2,McLaren,-0.005016682420093788,0.0,3.0,3.0
2020,1,Spielberg,OCO,1.0209721223660373,0.054306227039506896,0.9835859667151952,0.9951088065978035,1.022106064559046,1.0376343364983998,0.0015273272324404152,14.333333333333334,2,Renault,0.0,6.0,14.0,8.0
2020,1,Spielberg,PER,0.9999707741850414,0.03369696923478648,0.9759070537523908,0.9979352985870527,0.9959835589100912,1.0052331864850756,0.001473602772158503,14.0,2,Racing Point,0.0,0.0,6.0,6.0
2020,1,Spielberg,RAI,1.0118300624851964,0.027398008741495596,0.985284462333362,0.9940824362516274,1.0112157269569721,1.0219486760511922,-0.002500718203614627,18.5,1,Alfa Romeo Racing,-0.00478164074161791,5.0,19.0,14.0
2020,1,Spielberg,RUS,1.016209966925048,0.028112233574930257,0.9893665610459308,1.003100885967419,1.017132733002138,1.0203007175406726,-0.0021014100322856474,18.5,1,Williams,-0.007382129944670801,2.0,17.0,15.0
2020,1,Spielberg,SAI,1.0032219761816406,0.03822770684058061,0.9749650309725671,0.9940847210701312,1.0028195187594118,1.0086586281747156,0.0003029974634669258,14.0,2,McLaren,0.005016682420093788,3.0,8.0,5.0
2020,1,Spielberg,VET,1.014613966500103,0.04681786779158834,0.9794610487853616,1.006671293839056,1.007582299919602,1.029684789800261,-0.000640019127290742,14.333333333333334,2,Ferrari,0.00971008127263917,1.0,11.0,10.0
2020,2,Spielberg,ALB,0.9960340332278842,0.013366043320355936,0.9714116148456948,0.999006786235328,0.9929089332860463,0.9949215783105043,-0.0005910214381605668,33.0,1,Red Bull Racing,0.002939466095732368,2.0,6.0,4.0
2020,2,Spielberg,BOT,0.9898439405344043,0.009423948801158218,0.9775635458282672,0.9909392093983616,0.9885437600977263,0.9876338915698488,-0.0002561903844943117,33.0,1,Mercedes,0.0012409135650405245,2.0,4.0,2.0
2020,2,Spielberg,GAS,1.0092900476346716,0.01499662073030845,0.9818047594233108,1.0069634809379726,1.0058909736412986,1.0129315235100043,6.0383512356617617e-05,21.0,2,AlphaTauri,0.0009602120163176853,-8.0,7.0,15.0
2020,2,Spielberg,GIO,1.0096164632910658,0.011785653818092464,0.9917202246540444,1.005626651729289,1.0081264223016904,1.0118382493090632,-3.833171628318864e-05,32.0,1,Alfa Romeo Racing,0.0007532722844652007,5.0,19.0,14.0
2020,2,Spielberg,GRO,1.007891660876614,0.013783103497398204,0.9849892884025244,0.9993366152476157,1.0119732404096227,1.0057389450109597,-0.00035158174136598543,32.0,1,Haas F1 Team,-0.000777405043135948,-13.0,0.0,13.0
2020,2,Spielberg,HAM,0.9873621134043231,0.006303525183527651,0.9657663134734524,0.9896395878815735,0.984178094337392,0.9869407888087007,-0.0001723830460241047,33.0,1,Mercedes,-0.0012409135650406355,0.0,1.0,1.0
2020,2,Spielberg,KVY,1.0073696236020362,0.012916589977775481,0.9897805570030688,1.0097181343303372,1.0044883465039514,1.0063808106503236,-0.000579434675590799,32.5,1,AlphaTauri,-0.0009602120163176853,3.0,13.0,10.0
2020,2,Spielberg,LAT,1.016442115349056,0.011437413888053027,0.9959759133808116,1.0150763733677304,1.0157530726960022,1.0152913001909107,-0.0003694568299541122,31.0,1,Williams,0.0006954826441762929,1.0,18.0,17.0
2020,2,Spielberg,MAG,1.0094464709628856,0.015593415180073726,0.984439233397024,0.9990622155048217,1.009932479743923,1.0140760507004671,-0.000853459235360444,32.5,1,Haas F1 Team,0.000777405043135726,3.0,15.0,12.0
2020,2,Spielberg,NOR,0.9992843582603873,0.016743689669249676,0.9726275259104856,0.9982137820814141,0.9984730267565117,0.9981235686705998,-0.0006469709956971072,33.0,1,McLaren,-0.0007826544976970995,4.0,9.0,5.0
2020,2,Spielberg,PER,0.9964379867263041,0.016074155091122217,0.9725551502518672,0.9909047167643342,0.9972514019830949,0.9966063685314018,-0.0006116892654552467,32.0,1,Racing Point,-0.001813575683226154,11.0,17.0,6.0
2020,2,Spielberg,RAI,1.0081099187221354,0.011337730973050835,0.9898384575299636,1.0035655808341952,1.00460165393368,1.0137547055179643,-0.00023162467003146135,32.0,1,Alfa Romeo Racing,-0.0007532722844652007,5.0,16.0,11.0
2020,2,Spielberg,RIC,1.0003522282052766,0.013049178390117553,0.9818771350819292,0.9946004338455218,0.9994931433975647,1.0031406218864523,-0.000576719339890644,33.0,1,Renault,0.0,0.0,8.0,8.0
2020,2,Spielberg,RUS,1.0150511500607033,0.012052546396065757,0.9930085113774536,1.0043389526326447,1.0179133898899828,1.0164516329102242,-4.82502039342096e-05,31.5,1,Williams,-0.0006954826441762929,-5.0,11.0,16.0
2020,2,Spielberg,SAI,1.0008496672557814,0.013410057107638209,0.949843668577384,1.003766261953094,0.9979709785951657,0.9994070120821289,0.00404179389814428,21.0,2,McLaren,0.0007826544976969885,-6.0,3.0,9.0
2020,2,Spielberg,STR,1.0000651380927565,0.013264669776382281,0.9818916102136528,0.9916878192472816,1.0016747448476966,1.0014136408399248,-0.0006038579777383376,33.0,1,Racing Point,0.001813575683226265,5.0,12.0,7.0
2020,2,Spielberg,VER,0.9901551010364193,0.008745956286012622,0.9574575878640494,0.9975233037458349,0.9849764304291286,0.9884260638044411,-1.607331086822566e-05,21.333333333333332,2,Red Bull Racing,-0.002939466095732479,-1.0,2.0,3.0
2020,3,Budapest,ALB,1.0014895398319779,0.022446941270973745,0.9700344347571248,1.0009945115724983,1.0042904735023437,1.0003166003441601,-0.0007501428480303833,32.0,1,Red Bull Racing,0.004779234437199298,8.0,13.0,5.0
2020,3,Budapest,BOT,0.988965410571389,0.03359214441961862,0.9483600752191856,0.9948334359838784,0.9895369189221187,0.9825318296817547,-0.0004075158601014846,21.0,2,Mercedes,5.533672835300596e-05,-1.0,2.0,3.0
2020,3,Budapest,GIO,1.0060962952108823,0.024871506040441117,0.978044789606076,1.0068901747220331,1.0045080798750101,1.008821251882125,0.0009948054472411285,20.0,2,Alfa Romeo Racing,-0.0018535623479207786,2.0,19.0,17.0
2020,3,Budapest,GRO,1.0140925311988669,0.025783797619423524,0.9877280386841526,1.0155680947923758,1.0147552516336515,1.0131392503764252,-0.0006799045580185113,32.0,1,Haas F1 Team,0.002336957683102714,-16.0,0.0,16.0
2020,3,Budapest,HAM,0.988854737114683,0.024779190845289838,0.9356851539795344,0.9961019806152552,0.9851560773248139,0.9860471786047179,-0.0021573157427077967,15.75,3,Mercedes,-5.533672835300596e-05,0.0,1.0,1.0
2020,3,Budapest,KVY,1.011172979705473,0.026438880109323507,0.9884240603707232,1.0107322157930565,1.0125314328235655,1.0117619380511937,-0.0023373505017803132,32.0,1,AlphaTauri,0.0,5.0,17.0,12.0
2020,3,Budapest,LAT,1.032601085956643,0.027801732087561676,0.9915012088797712,1.0276958374303506,1.0425123197027812,1.02811516614485,-0.00015838735470210066,13.5,3,Williams,0.01196770622186416,-4.0,15.0,19.0
2020,3,Budapest,LEC,1.010051126872872,0.020837989142263837,0.9868976970229808,1.0134834192356317,1.0114329810521947,1.0057134662856324,-0.0008321458584384631,31.5,1,Ferrari,0.0033027595486383454,-5.0,6.0,11.0
2020,3,Budapest,MAG,1.0094186158326617,0.025703957261729304,0.9826971450899944,1.0135934309053778,1.01074168633891,1.004215288234029,-0.0009352887781926735,32.0,1,Haas F1 Team,-0.002336957683102492,-10.0,0.0,10.0
2020,3,Budapest,NOR,1.007756880058171,0.02122554724973815,0.9762009426820034,1.0044807747205693,1.0102919217436503,1.0104441468508665,-0.0003762359899402228,31.0,1,McLaren,0.0005159827139578077,-5.0,8.0,13.0
2020,3,Budapest,OCO,1.008434782334678,0.02178175640716725,0.9800595892250956,1.0061612024857813,1.0107328227930943,1.0101541087573465,-0.0007475904097885273,31.0,1,Renault,0.0030302743830143974,0.0,14.0,14.0
2020,3,Budapest,PER,1.0017751113358968,0.020253693145251283,0.9779715241653844,0.9990557544083096,1.0026845852384785,1.0057924354179533,-0.000436071003322361,31.0,1,Racing Point,0.002146732745866853,-3.0,4.0,7.0
2020,3,Budapest,RAI,1.009803419906724,0.023699275380520638,0.9797054729284196,1.0086631657428118,1.0153706880587718,1.0059818291696114,-0.001173910752222818,31.5,1,Alfa Romeo Racing,0.0018535623479210006,5.0,20.0,15.0
2020,3,Budapest,RIC,1.0023742335686492,0.02126380222127165,0.9711578381810632,1.001942291222908,1.0046628458921154,1.0017672895315677,-0.0002273156899773073,31.0,1,Renault,-0.0030302743830143974,3.0,11.0,8.0
2020,3,Budapest,RUS,1.008665673512915,0.024582165588833013,0.976677168046499,1.0088921034717495,1.0075598435343893,1.01150570015057,0.00010880011498547713,20.0,2,Williams,-0.011967706221863939,-6.0,12.0,18.0
2020,3,Budapest,SAI,1.0067249146302555,0.025638940380997774,0.970242020172418,1.0050903865063159,1.009455710163911,1.0070894235660852,-0.0009753834598420475,31.5,1,McLaren,-0.0005159827139578077,0.0,9.0,9.0
2020,3,Budapest,STR,0.9974816458441632,0.027793927135339448,0.96433194128996,0.9986396101440351,0.996385955022925,0.9991122856255142,-0.00046090725474090755,15.75,3,Racing Point,-0.002146732745866742,-1.0,3.0,4.0
2020,3,Budapest,VER,0.9919310709575792,0.024201243809394948,0.9669084426209488,0.9958671928182439,0.9908593562899861,0.990010620563562,-0.00025505111709817963,21.333333333333332,2,Red Bull Racing,-0.004779234437199409,5.0,7.0,2.0
2020,3,Budapest,VET,1.0034456077755953,0.021820783021147715,0.9813051017168534,1.0078165688785157,1.0009530652043226,1.0027819602781962,-0.0009471196719204239,31.5,1,Ferrari,-0.0033027595486383454,-1.0,5.0,6.0
2020,4,Silverstone,ALB,0.9930955914617619,0.019229587044148136,0.9702224021179068,0.9959435384665114,0.9938247380362757,0.9913433382541482,-0.0002459244123978718,18.0,1,Red Bull Racing,0.0016009103058254315,4.0,12.0,8.0
2020,4,Silverstone,BOT,0.9881535045016465,0.011150074994614019,0.9765236131318988,0.9908530525584206,0.9863972827043046,0.9862212777788812,-0.0021485776223021166,13.333333333333334,2,Mercedes,0.0009326811551473302,-9.0,2.0,11.0
2020,4,Silverstone,GAS,1.0040788307752895,0.016714814211696176,0.9802211987616368,1.001637605024042,1.0086634098813212,1.0028359779953528,-0.00310540129792158,20.0,1,AlphaTauri,0.0,4.0,11.0,7.0
2020,4,Silverstone,GIO,1.009197197273851,0.012626680902644282,0.9952522125345964,1.0063912797960266,1.0123198506028661,1.0105366115226502,-0.0016295870833264287,20.0,1,Alfa Romeo Racing,-0.0031040641510116096,1.0,15.0,14.0
2020,4,Silverstone,GRO,1.0034312926752456,0.01531056657039159,0.9821793876010544,1.0045175311008059,1.0032014689008812,1.0051583191091946,-0.000556367736057083,19.0,1,Haas F1 Team,0.0,1.0,17.0,16.0
2020,4,Silverstone,HAM,0.9862881421913519,0.00981973047512787,0.976228243865618,0.992166190386557,0.9848982284834823,0.9812121543851627,-0.0014767815629405825,20.5,1,Mercedes,-0.0009326811551473302,0.0,1.0,1.0
2020,4,Silverstone,LAT,1.0104979160057324,0.015662619760792054,0.9900449617660896,1.011012337651226,1.0092960472008337,1.0143338033483609,-0.0024621050374161835,20.0,1,Williams,0.0003781000098455056,3.0,18.0,15.0
2020,4,Silverstone,LEC,1.0010419304289313,0.015228420498491145,0.9825185152771548,0.995716045791338,1.0049333663830704,1.0000682983017943,-0.003498479323859029,20.5,1,Ferrari,-0.0030670876456933005,1.0,4.0,3.0
2020,4,Silverstone,NOR,1.0015181433306715,0.014425484643332289,0.9851987178785924,1.002396516025257,1.0014689364926856,1.0032162929716204,-0.002517904531434917,20.0,1,McLaren,0.00030954036972419274,0.0,5.0,5.0
2020,4,Silverstone,OCO,1.0029066523722527,0.015941791446915227,0.978995963286694,0.9996098495867486,1.0066267913447096,1.0039223085019762,-0.0030290697830387655,20.0,1,Renault,0.0011620592707661803,3.0,9.0,6.0
2020,4,Silverstone,RAI,1.015405325575874,0.013364434521927267,0.9842688516699304,1.0119103172030157,1.017283004210755,1.0193879856859223,0.010322177759055267,12.333333333333334,2,Alfa Romeo Racing,0.0031040641510113876,-1.0,16.0,17.0
2020,4,Silverstone,RIC,1.0005825338307206,0.015908798251433865,0.9788975068646004,0.9977318229264703,1.0059812982935707,0.9986108076976545,-0.002208285367410906,20.0,1,Renault,-0.0011620592707659583,4.0,8.0,4.0
2020,4,Silverstone,RUS,1.0097417159860411,0.014945475536327116,0.9939941582522892,1.0081751912250378,1.0133692842740571,1.0089031438047387,-0.0018313061653835736,20.0,1,Williams,-0.00037810000984572767,8.0,20.0,12.0
2020,4,Silverstone,SAI,1.000899062591223,0.012832035552978042,0.983995361608559,1.0057838087578501,0.9975990763815639,1.0027166102056324,-0.0017198614708562935,19.0,1,McLaren,-0.00030954036972419274,-6.0,7.0,13.0
2020,4,Silverstone,STR,1.005589589874304,0.01278596132387878,0.9897605321022632,1.0042830986156506,1.007295966006739,1.007257760212897,-0.0025161854510491123,20.0,1,Racing Point,0.0,-3.0,6.0,9.0
2020,4,Silverstone,VER,0.9898937708501109,0.015336146392570697,0.9528065550097908,0.9920546931077932,0.9867615457828862,0.9902661568302147,-0.0034546616308081235,13.0,2,Red Bull Racing,-0.0016009103058255425,1.0,3.0,2.0
2020,4,Silverstone,VET,1.0071761057203181,0.01399909049105366,0.990438787454464,1.0022989784219443,1.0126676319742343,1.007437491311342,-0.0026998345495861985,20.0,1,Ferrari,0.0030670876456935225,0.0,10.0,10.0
2020,5,Silverstone,ALB,0.9931258068734102,0.016762755984575252,0.968114342594997,0.9921194552316358,0.9926498827804907,0.9964242629164425,-0.0010060690272210718,15.666666666666666,2,Red Bull Racing,0.002975604683134625,4.0,9.0,5.0
2020,5,Silverstone,BOT,0.9911785629273782,0.011843897785657729,0.9712304163420756,0.9961581797298035,0.9895024341541424,0.9876970113138448,0.0005652844690345918,16.0,2,Mercedes,0.0007952479875357188,-2.0,1.0,3.0
2020,5,Silverstone,GAS,0.9995904628253506,0.01296183667677015,0.9747684584090712,0.9995303469525425,1.0030352436795362,0.9960110035523609,-0.00025489974100127,15.666666666666666,2,AlphaTauri,5.801201124866484e-05,-4.0,7.0,11.0
2020,5,Silverstone,GIO,1.0107192654646449,0.009875654773912815,0.9935298190946074,1.0070742520770464,1.0124469731630328,1.013801810101424,-0.0005974376354184362,15.333333333333334,2,Alfa Romeo Racing,-0.0010829353957251264,2.0,19.0,17.0
2020,5,Silverstone,GRO,1.0083102356248514,0.01265757449810023,0.9823530684670648,1.0053597108900563,1.0117105613440265,1.0081181598723885,-0.0013438320336562743,15.333333333333334,2,Haas F1 Team,-0.0033808035932696434,-3.0,13.0,16.0
2020,5,Silverstone,HAM,0.9895880669523068,0.013365441684708379,0.957013329871029,0.9947659939105544,0.9876227016902129,0.9862705186057158,0.0009478293161102806,16.0,2,Mercedes,-0.0007952479875356078,0.0,2.0,2.0
2020,5,Silverstone,HUL,0.9953098950394966,0.011520168648464701,0.9747143599065178,0.9978482338379511,0.9920331535136293,0.9956393786626403,-0.000274610700474106,11.5,3,Racing Point,-0.0006576300214385933,-4.0,3.0,7.0
2020,5,Silverstone,KVY,0.9994744388028532,0.013762633484200034,0.9817579849389768,1.0004681944976206,0.9996486516513653,0.99952996965257,-0.0006569631539081799,15.666666666666666,2,AlphaTauri,-5.801201124866484e-05,6.0,16.0,10.0
2020,5,Silverstone,LAT,1.0074459211696292,0.014527121919232203,0.9732320609365532,1.0025932850354442,1.010263929618768,1.0102921504628393,0.001189519527088572,11.0,3,Williams,0.0002532793528637889,-1.0,18.0,19.0
2020,5,Silverstone,LEC,0.9947955032441436,0.011927723976650728,0.9797455206439886,0.9890995575608135,0.9980266392877293,0.9979772014750574,-0.00038817845308138137,24.5,1,Ferrari,-0.0025726668563190724,4.0,8.0,4.0
2020,5,Silverstone,MAG,1.015071842811391,0.012964661351726447,0.9935730978966502,1.0093830334190232,1.0208787988561092,1.0144616659036907,-0.0007075600839966797,12.0,2,Haas F1 Team,0.0033808035932698655,-3.0,17.0,20.0
2020,5,Silverstone,NOR,0.9983063715604863,0.0104827574990765,0.9813251969185492,1.0013032142792029,0.9950168314469744,1.0011946952525266,-0.0009375544056682835,15.666666666666666,2,McLaren,-0.00047756316403035903,1.0,10.0,9.0
2020,5,Silverstone,OCO,1.0028707535987647,0.011929625793150402,0.9799943737557344,1.005860483010685,1.001450268659429,1.0030069708872367,-0.0010183862870852029,24.5,1,Renault,0.0003813166575852289,6.0,14.0,8.0
2020,5,Silverstone,RAI,1.0128851362560949,0.0111860492237472,0.9927724400588592,1.0127577834904313,1.015723155830042,1.0103001765744557,-0.00014629411144856196,24.0,1,Alfa Romeo Racing,0.0010829353957249044,5.0,20.0,15.0
2020,5,Silverstone,RIC,1.002108120283594,0.010987809388384572,0.9864104561585736,1.0007301568322673,1.0051458203312313,0.9972657713093261,-0.0004670421635982522,11.0,3,Renault,-0.00038131665758545097,-9.0,5.0,14.0
2020,5,Silverstone,RUS,1.0069393624639016,0.011972697338178694,0.9890071842811392,1.0049481966191478,1.0099277826104767,1.0062567999001193,-0.000508891264539158,11.0,3,Williams,-0.0002532793528637889,-3.0,15.0,18.0
2020,5,Silverstone,SAI,0.9992614978885469,0.011821422004426787,0.9797887994460311,0.9976612153366514,0.99842880176678,1.003776940127484,-0.0005413857982835123,15.666666666666666,2,McLaren,0.000477563164030248,-1.0,12.0,13.0
2020,5,Silverstone,STR,0.9966251550823739,0.011453493089849677,0.9832619233099626,0.999846122992215,0.9921287583605022,0.9981247138839842,-0.0009251492425518237,16.0,2,Racing Point,0.0006576300214387043,0.0,6.0,6.0
2020,5,Silverstone,VER,0.987174597507141,0.012538329790176442,0.9679845061888688,0.9902379259421319,0.9846269471024288,0.9861037538421294,-0.002102767228691451,16.0,2,Red Bull Racing,-0.002975604683134625,3.0,4.0,1.0
2020,5,Silverstone,VET,0.9999408369567818,0.014316473301077827,0.9822665108629792,0.9918627504603547,1.0065109417094475,1.0009141798053924,-0.0003410593555849572,15.666666666666666,2,Ferrari,0.0025726668563191835,-1.0,11.0,12.0
2020,6,Barcelona,ALB,1.0012308751894885,0.01581008597265013,0.972180824639841,1.001166027073757,1.001582661217066,0.9991909044644455,-0.0006213880660846686,20.333333333333332,2,Red Bull Racing,0.008935302405883583,-2.0,6.0,8.0
2020,6,Barcelona,BOT,0.9832718283537955,0.017508742248853088,0.9247391952309986,0.9806270893388236,0.9849017372765076,0.9819420200568163,-0.0005797646632221868,15.0,3,Mercedes,0.0024274245056900012,-1.0,2.0,3.0
2020,6,Barcelona,GAS,0.9996061315733447,0.012427675930452275,0.9763087549972796,0.9987496310040904,1.0035204652439154,0.9972333458831046,-0.0002624375552013108,20.0,2,AlphaTauri,0.000262973213792872,1.0,10.0,9.0
2020,6,Barcelona,GIO,1.0037829505042621,0.01865524937899651,0.9675324675324676,1.0014696579935056,1.0041637641694636,1.006416926218754,0.0003054674101906008,20.0,2,Alfa Romeo Racing,0.0007724591740987385,4.0,20.0,16.0
2020,6,Barcelona,GRO,1.0088352263956597,0.01701464781701948,0.9510680576254348,1.0070668524094988,1.007371180107957,1.0130270106270844,0.00024976639523203797,19.666666666666668,2,Haas F1 Team,0.0008777383597002864,-2.0,17.0,19.0
2020,6,Barcelona,HAM,0.9784169793424156,0.014811491728812952,0.9441250916660752,0.9840006138985808,0.9793083442794077,0.9723846147901077,-0.000582470696141772,20.666666666666668,2,Mercedes,-0.00242742450568989,0.0,1.0,1.0
2020,6,Barcelona,KVY,0.9990801851457588,0.014432337648690088,0.9738603836964492,0.9939597126751852,1.001918286787833,1.0013308461968489,7.499583506599869e-05,20.0,2,AlphaTauri,-0.000262973213792983,0.0,12.0,12.0
2020,6,Barcelona,LAT,1.0066266202692988,0.021460877960173468,0.9702410522082652,1.0052177629806147,1.0079454183835674,1.0075159400465135,0.0003777308729580148,19.666666666666668,2,Williams,6.0938644573127476e-05,1.0,19.0,18.0
2020,6,Barcelona,MAG,1.0070797496762594,0.010992833063918718,0.9873205119106758,1.009514993137016,1.0068847914594061,1.0064859499606393,-0.0003442524129487445,31.0,1,Haas F1 Team,-0.0008777383597000643,1.0,16.0,15.0
2020,6,Barcelona,NOR,0.9998397322167814,0.012641232957414117,0.9745227450145482,0.9944643585093972,1.0005171722289068,1.0046337178126887,-0.0005611193485872735,20.0,2,McLaren,0.0013952956575907782,-2.0,8.0,10.0
2020,6,Barcelona,OCO,1.00508121938582,0.014975136008405023,0.9719442670262344,1.0036831573262524,1.0091829564002361,1.0029517724435728,-0.0007935810257202701,31.0,1,Renault,0.0010289302330550587,2.0,15.0,13.0
2020,6,Barcelona,PER,1.0010845978839733,0.014202429916207853,0.97597757433823,1.0003951827158912,1.0042569958978038,0.9968180082154823,-0.0003046327430405541,31.5,1,Racing Point,0.001834252531709657,-1.0,4.0,5.0
2020,6,Barcelona,RAI,1.0022380321560649,0.01887415720749607,0.9685614931516572,0.9971801684027046,1.0049743524792603,1.0045515738554038,0.00015920270874226689,20.0,2,Alfa Romeo Racing,-0.0007724591740985165,0.0,14.0,14.0
2020,6,Barcelona,RIC,1.00302335891971,0.01604301843710285,0.9753743524235328,1.00115289966168,1.0041075868042435,1.0045366871032881,-0.0006865610861013177,31.0,1,Renault,-0.0010289302330550587,2.0,13.0,11.0
2020,6,Barcelona,RUS,1.0065047429801528,0.011918049623717628,0.975835639770066,1.0092284119821757,1.0071327549447997,1.004786596844303,0.00011687874349049613,20.0,2,Williams,-6.093864457290543e-05,1.0,18.0,17.0
2020,6,Barcelona,SAI,0.9970491409015998,0.013336143337572897,0.9671776311120572,0.9932013382251649,0.9967175395267346,1.0016907964541195,-0.0005166304407399637,20.0,2,McLaren,-0.0013952956575907782,1.0,7.0,6.0
2020,6,Barcelona,STR,0.997416092820554,0.015118179220710633,0.9701700849241832,0.9985992212429186,0.9974695069094139,0.9951392547680249,-5.619072711954465e-05,20.333333333333332,2,Racing Point,-0.001834252531709657,1.0,5.0,4.0
2020,6,Barcelona,VER,0.9833602703777214,0.013197866141274014,0.9637002341920374,0.9904617581972397,0.9829517017656035,0.9772122284087811,-0.0003039367544215902,20.666666666666668,2,Red Bull Racing,-0.008935302405883472,1.0,3.0,2.0
2020,6,Barcelona,VET,1.0026731010337568,0.011597275248061785,0.9782485274288552,1.0042075736325384,1.0016546787573977,1.0036953739923842,-6.224478488793974e-05,31.0,1,Ferrari,0.0,4.0,11.0,7.0
2020,7,Spa-Francorchamps,ALB,0.9995377755220418,0.00902200608633984,0.9854988399071928,0.9991831997255682,0.9996064748294008,1.0001731594043317,-0.0005361685295230732,19.0,1,Red Bull Racing,0.0033501078523782146,-1.0,5.0,6.0
2020,7,Spa-Francorchamps,BOT,0.990375308149652,0.010111448268035247,0.9786742314385152,1.0031120348781553,0.9764678917773612,0.9978167707103086,-0.0007009048016118852,20.0,1,Mercedes,0.001137434744779675,0.0,2.0,2.0
2020,7,Spa-Francorchamps,GAS,0.9972905992201597,0.013265786854677442,0.9773691270301624,0.9872668340047953,1.0052138510852144,0.9952280524154998,-0.00022385419721887958,18.0,1,AlphaTauri,-0.004886138332587109,4.0,12.0,8.0
2020,7,Spa-Francorchamps,GRO,1.0094176448589571,0.009684162612151454,0.9971178944315544,1.0040240527281628,1.0146049307524374,1.0069530160816245,-0.0014191113207643324,19.0,1,Haas F1 Team,0.000702625197589013,2.0,17.0,15.0
2020,7,Spa-Francorchamps,HAM,0.9881004386600928,0.009184507743859132,0.976635005800464,1.00410827544916,0.9713078599951104,0.99701704066138,-0.0005166552742596743,20.0,1,Mercedes,-0.001137434744779564,0.0,1.0,1.0
2020,7,Spa-Francorchamps,KVY,1.007062875885334,0.00942889290599135,0.9954321345707656,0.992575526965233,1.0187964563433682,1.0034534201202348,-0.0012626169823808503,19.0,1,AlphaTauri,0.004886138332587109,0.0,11.0,11.0
2020,7,Spa-Francorchamps,LAT,1.0069552699632638,0.016226804880089547,0.9792633410672854,1.007595252659481,1.0068318257137423,1.0068509457660797,-0.0003080959808591636,12.0,2,Williams,0.0,3.0,19.0,16.0
2020,7,Spa-Francorchamps,LEC,1.0043926430781127,0.013443628271598238,0.9773781902552204,1.0026120216273986,1.007598085821132,1.0013553793374947,-0.00068389642537319,12.0,2,Ferrari,-0.0019338855222454931,-1.0,13.0,14.0
2020,7,Spa-Francorchamps,MAG,1.0080123944637793,0.014086750686417534,0.9795805539443156,1.0092923636159101,1.0068408804860602,1.0089618131713627,-0.0002667071657294813,12.0,2,Haas F1 Team,-0.0007026251975887909,3.0,20.0,17.0
2020,7,Spa-Francorchamps,NOR,1.0007646499877885,0.011939021244919853,0.9838312064965198,0.9914048631672202,1.0091036204315695,0.9973067052649336,-0.0015458599279147994,19.0,1,McLaren,0.0,3.0,10.0,7.0
2020,7,Spa-Francorchamps,OCO,1.0002579533285738,0.013186309355193526,0.9837224477958236,0.989175106658629,1.0063245843337116,0.9992437909090517,-0.0022116411450012843,19.5,1,Renault,0.0026206838133588928,1.0,6.0,5.0
2020,7,Spa-Francorchamps,PER,0.9990503754189225,0.012225012415561584,0.982353900812065,0.9906654503012788,1.0048058204076458,0.9988311493541795,-1.2569661876707164e-05,18.0,1,Racing Point,-0.0016184481893054548,-2.0,8.0,10.0
2020,7,Spa-Francorchamps,RAI,1.0078511379594577,0.009332094302529185,0.9953415023201856,1.000044128862941,1.013622726239443,1.0069920879472174,-0.0007867587332293902,19.0,1,Alfa Romeo Racing,0.0,4.0,16.0,12.0
2020,7,Spa-Francorchamps,RIC,0.9950165857018561,0.013507694882277434,0.9741426189095128,0.9975467170303594,0.9912904408768639,0.9962139362240592,-0.0017252007604401116,20.0,1,Renault,-0.0026206838133587818,0.0,4.0,4.0
2020,7,Spa-Francorchamps,STR,1.0022872717975333,0.009029686738145415,0.9891241299303944,0.9977544237103547,1.0058036920595839,1.001669434257146,-0.00044678258640492587,19.0,1,Racing Point,0.0016184481893053437,0.0,9.0,9.0
2020,7,Spa-Francorchamps,VER,0.9928375598172854,0.011095243778341058,0.9815925899071928,0.9996316830462246,0.9863091842555619,0.9941606208874643,-0.0008465417274926488,20.0,1,Red Bull Racing,-0.0033501078523782146,0.0,3.0,3.0
2020,7,Spa-Francorchamps,VET,1.0082604141226035,0.008783172072667893,0.9965741009280742,1.0024387441425178,1.0153083435914372,1.0031701490946872,-0.000821260281275652,19.0,1,Ferrari,0.001933885522245271,1.0,14.0,13.0
2020,8,Monza,ALB,1.006790530356104,0.017927446125037026,0.9911727616645648,0.9967968250541749,1.0123594611546418,1.0086498308214826,-0.0011636969778106054,22.0,1,Red Bull Racing,0.0,-6.0,9.0,15.0
2020,8,Monza,BOT,0.9969475710823614,0.014370746673499213,0.9803488860865908,0.9929773457531401,1.0016872809376158,0.9960113559593405,-0.000764068326401017,15.0,2,Mercedes,0.00553605387394096,-3.0,2.0,5.0
2020,8,Monza,GAS,0.9973481664055434,0.01720125125289456,0.9812362804166084,1.0036183090756623,0.992847848269535,0.9944549703977532,-0.000590853434218432,14.666666666666666,2,AlphaTauri,-0.002420697092828328,9.0,10.0,1.0
2020,8,Monza,GIO,1.0068974000540905,0.017989352930859622,0.9907991219466628,1.0046454497543396,1.0003232967648772,1.0132965093802182,-0.0008830605865781092,10.75,3,Alfa Romeo Racing,-0.0003843655673623214,2.0,18.0,16.0
2020,8,Monza,GRO,1.0081033113819997,0.01900704545858735,0.9899701088225678,1.0023048246888568,1.006912654503016,1.0121915567299185,-0.0011209226203363445,22.0,1,Haas F1 Team,0.0,4.0,16.0,12.0
2020,8,Monza,HAM,0.9858754633344795,0.009679712450289124,0.9661622530474988,0.9923922519366005,0.9795397596602414,0.9866342580906949,-0.00010691233121864151,14.666666666666666,2,Mercedes,-0.00553605387394096,-6.0,1.0,7.0
2020,8,Monza,KVY,1.0021895605912,0.016091815302992675,0.9863971790201298,0.9963351959017958,1.0071287480926037,1.0011262592536974,-0.000730319419728946,22.0,1,AlphaTauri,0.0024206970928282168,2.0,11.0,9.0
2020,8,Monza,LAT,1.0097368731248513,0.023709289306889134,0.9924688244360376,1.0130737280239634,1.0084587433985024,1.0044191507130389,-0.002183573222350025,14.0,2,Williams,0.0005147908153373404,9.0,20.0,11.0
2020,8,Monza,NOR,0.9955762614232561,0.011258205471801319,0.9835131474475736,1.0039661159975333,0.9940182381949451,0.9890970294091229,-0.0005737627706721325,15.0,2,McLaren,0.0012838675862357762,2.0,6.0,4.0
2020,8,Monza,OCO,1.0004264481723497,0.01430360004440302,0.9865256176731584,1.0022558388615364,0.9984069923828959,0.9991740765472886,-0.000795617262205388,22.0,1,Renault,0.0018388163310749661,4.0,12.0,8.0
2020,8,Monza,PER,0.9991587798964847,0.009624860148753694,0.9847274765307552,0.995416088938336,1.0041455643865282,0.9975477901355666,-0.0005398501445049095,22.0,1,Racing Point,0.0013500270558558514,-6.0,4.0,10.0
2020,8,Monza,RAI,1.007666131188815,0.01598301208891671,0.9905539208817896,1.0066515360160486,1.0076098470606736,1.0067128246582082,-0.0005957943834708666,14.333333333333334,2,Alfa Romeo Racing,0.0003843655673623214,1.0,14.0,13.0
2020,8,Monza,RIC,0.9967488155101998,0.013562852238354987,0.9796132828919714,0.9905885884911232,0.9984805318138653,1.0001499548963788,-0.0007807796117512715,15.0,2,Renault,-0.0018388163310749661,1.0,7.0,6.0
2020,8,Monza,RUS,1.0087072914941766,0.021159585574983434,0.9857199570314324,1.010982788538977,1.0086749484339845,1.0036735222040816,-0.001443823476411253,22.0,1,Williams,-0.0005147908153373404,5.0,19.0,14.0
2020,8,Monza,SAI,0.9930085262507846,0.01008471841844693,0.9794264630330204,0.9995910551426435,0.9894476290727964,0.9905614326940726,-0.00014311431730294497,15.0,2,McLaren,-0.0012838675862356652,1.0,3.0,2.0
2020,8,Monza,STR,0.996458725784773,0.015416408480322372,0.979601606650787,0.997259095777482,0.992495718867874,0.9989097029409123,-0.0006916334368296884,22.5,1,Racing Point,-0.0013500270558558514,5.0,8.0,3.0
2020,9,Mugello,ALB,0.9910058541332821,0.01837350876574441,0.958654226204022,0.9945411202728909,0.9917203376763939,0.9872420960798369,-0.0006657369624635498,14.333333333333334,2,Red Bull Racing,0.0,1.0,4.0,3.0
2020,9,Mugello,BOT,0.9865472707455676,0.016971639099342753,0.9513839815069888,0.986208819237659,0.9892622327622543,0.9852210463911697,-0.0002169392678549395,14.666666666666666,2,Mercedes,0.0011096732255300168,0.0,2.0,2.0
2020,9,Mugello,GRO,1.0175419534811565,0.016786128277760465,0.9852918278616858,1.0221208279736271,1.0141379687464533,1.0159092982717308,-0.0006608449879369512,14.0,2,Haas F1 Team,0.0,3.0,15.0,12.0
2020,9,Mugello,HAM,0.9843279242945076,0.015915550683902307,0.9442095555209544,0.9794926624986652,0.9865578478374768,0.9880102921717764,-0.0005975723539137094,14.666666666666666,2,Mercedes,-0.0011096732255300168,0.0,1.0,1.0
2020,9,Mugello,KVY,1.000976013846918,0.01779005902580475,0.9756500700674324,1.0033716833227622,0.9992784520175629,1.0002618809934596,-0.0005334418990469024,14.333333333333334,2,AlphaTauri,0.0,5.0,12.0,7.0
2020,9,Mugello,LEC,1.001658423238842,0.016425553076757485,0.972907259465092,1.006800176966927,0.9960799317660811,1.0011256783380296,0.0008603438577926816,10.25,3,Ferrari,-0.0021063771038576373,-3.0,5.0,8.0
2020,9,Mugello,NOR,0.9974323927965498,0.016596974962957103,0.9725359619599716,1.0034323796922084,0.9878405056479269,0.9991268027770329,-0.000987231459190908,14.333333333333334,2,McLaren,0.0,5.0,11.0,6.0
2020,9,Mugello,PER,0.9978326460881466,0.019191134182820233,0.9657567881568074,1.0014933031212558,0.9960517555850572,0.9958783946901195,-0.0007149254771020623,14.666666666666666,2,Racing Point,-0.0017449419715493963,2.0,7.0,5.0
2020,9,Mugello,RAI,1.006513390950037,0.019796862486838453,0.972128732438227,1.0061846348874928,1.002758879692623,1.0102044246385236,-0.0011375557600159414,14.0,2,Alfa Romeo Racing,0.0,4.0,13.0,9.0
2020,9,Mugello,RIC,0.9934538398804009,0.01838914446600333,0.9632894563485884,0.9924200408100315,0.9945567605683737,0.9940975861679078,-0.001647197572436433,14.666666666666666,2,Renault,0.0,4.0,8.0,4.0
2020,9,Mugello,RUS,1.0065644372276226,0.01556903922860953,0.9778898324370292,1.0101616922379026,1.0066093430482215,1.003263014843236,-0.0002868900848041948,14.0,2,Williams,0.0,7.0,18.0,11.0
2020,9,Mugello,STR,1.0013225300312454,0.010881852703169752,0.9829562467810902,1.006735339061178,0.9994087116483804,0.9976675822120342,-0.0008345282495852802,15.5,1,Racing Point,0.0017449419715493963,-7.0,6.0,13.0
2020,9,Mugello,VET,1.005871177446557,0.01640303771238728,0.9725838713154712,1.0072721115067456,1.00287649834818,1.007190317721764,-0.00040229402023945343,14.0,2,Ferrari,0.0021063771038574153,4.0,14.0,10.0
2020,10,Sochi,ALB,0.9997426524463976,0.018800163576638957,0.9728834343694064,1.0002264715604712,0.9997033621557763,1.0041049659484744,-0.0010759226536501947,22.0,1,Red Bull Racing,0.007944322725669473,5.0,15.0,10.0
2020,10,Sochi,BOT,0.9822187499656622,0.010982243561091306,0.9595624956734145,0.9835222348670595,0.9840118562619063,0.9833777659290857,-0.0006774130962099189,22.5,1,Mercedes,-0.0013469278770555926,2.0,3.0,1.0
2020,10,Sochi,GAS,0.9969014905030886,0.013030781399253172,0.9615502526725936,0.9974810558747603,0.9966101320038407,1.0014284069702626,-0.001331898623810824,14.666666666666666,2,AlphaTauri,0.00020236682832242003,0.0,9.0,9.0
2020,10,Sochi,GIO,1.0053579985417722,0.011259434088904731,0.986619725274182,1.00626928793304,1.0090116755614653,1.004935047623664,-0.0006811460379381385,22.0,1,Alfa Romeo Racing,-7.821567568000454e-05,6.0,17.0,11.0
2020,10,Sochi,GRO,1.0081449050244047,0.012654407190297498,0.9851165458519172,1.0105173058190855,1.0086068544642819,1.0096974140229271,0.00035885550917988466,14.333333333333334,2,Haas F1 Team,0.0012594976588296003,-1.0,16.0,17.0
2020,10,Sochi,HAM,0.9849126057197735,0.009794152786653637,0.9698968542014854,0.9883402263117477,0.9854480922803904,0.9849988151307799,-0.0006931649441145235,22.5,1,Mercedes,0.0013469278770557036,-2.0,1.0,3.0
2020,10,Sochi,KVY,0.9964967568464439,0.011508946075680032,0.9803597741275132,0.9947570186557613,0.9936450690608175,1.006787079001155,-0.000577094146609133,22.5,1,AlphaTauri,-0.000202366828322309,3.0,11.0,8.0
2020,10,Sochi,LAT,1.0113411873516305,0.011450485863782642,0.999258299627172,1.009288007539319,1.016537931542082,1.0127101027027714,-0.000997321459133059,21.0,1,Williams,-0.00029811645778954343,4.0,20.0,16.0
2020,10,Sochi,LEC,0.9951459081963733,0.010697802574705786,0.9795686270631632,0.997663999475141,0.9998172034337132,0.9915590690967256,-0.0005080742523899922,22.0,1,Ferrari,-0.005376653429937428,4.0,10.0,6.0
2020,10,Sochi,MAG,1.0056259097067455,0.010456892770591442,0.9926917789930676,1.0072275338950332,1.0104415220123497,1.0030226788008045,-0.0004185694324579776,22.0,1,Haas F1 Team,-0.0012594976588296003,6.0,18.0,12.0
2020,10,Sochi,NOR,1.0073787949211956,0.01748689545427229,0.9629940960650324,1.0090285820987794,1.0066450780235592,1.0111871682702793,-0.007021775969084992,22.0,1,McLaren,0.0,-7.0,8.0,15.0
2020,10,Sochi,OCO,0.9970975890892029,0.01030626641906915,0.981180589206776,0.9997162621860763,0.9973959476263624,0.9984907728309488,-0.0004811523104181259,22.5,1,Renault,0.0030165278812911422,0.0,7.0,7.0
2020,10,Sochi,PER,0.9885299059084403,0.01195305033512083,0.970549550529574,0.9931131897990088,0.9927685707288995,0.9829349210580882,-0.0006388070640331294,22.5,1,Racing Point,0.0,0.0,4.0,4.0
2020,10,Sochi,RAI,1.0055144298931322,0.014942074288513367,0.9776402060938104,1.0081422518969358,1.007957830588566,1.00444048253799,8.217940263232336e-05,22.0,1,Alfa Romeo Racing,7.821567568000454e-05,5.0,19.0,14.0
2020,10,Sochi,RIC,0.9910645333266206,0.011503147682093701,0.9680277692619588,0.9921952475037661,0.9943014308872854,0.9907933641937908,-0.00023907831537054263,22.0,1,Renault,-0.0030165278812911422,0.0,5.0,5.0
2020,10,Sochi,RUS,1.0119374202672098,0.01619844925292383,0.9627468626074228,1.009567824131901,1.0119057160030913,1.0197763929618768,0.00017066801295177102,13.333333333333334,2,Williams,0.0002981164577897655,-5.0,13.0,18.0
2020,10,Sochi,VER,0.9838540069950586,0.011687329499470244,0.9625490758413354,0.9909037357784131,0.9863156856945677,0.9773438194259307,-0.0006362454045084049,22.5,1,Red Bull Racing,-0.007944322725669473,0.0,2.0,2.0
2020,10,Sochi,VET,1.005899215056248,0.013491283340656449,0.9848594230560032,1.0074476970554913,1.005697268069538,1.009202848937253,-0.00013011457130676347,22.0,1,Ferrari,0.005376653429937317,1.0,14.0,13.0
2020,11,Nürburgring,GAS,1.0013421228376311,0.019638619344584305,0.9706154807298736,1.0028557279630244,1.0035694858178994,0.9983795327024536,-0.0006916897805990917,16.666666666666668,2,AlphaTauri,-0.002820097857536341,6.0,12.0,6.0
2020,11,Nürburgring,GIO,1.0048792476339077,0.015869636557101222,0.9792218703548118,1.0053671650238174,1.006370117014556,1.0044171256979468,0.00043699651926888764,16.333333333333332,2,Alfa Romeo Racing,-0.001006581136946627,4.0,14.0,10.0
2020,11,Nürburgring,GRO,1.006709752472048,0.016003745357616277,0.986255628083328,1.0106305711455925,1.0045714285714284,1.0077648438154256,-0.0006733452070490866,25.0,1,Haas F1 Team,0.0005881840769226265,7.0,16.0,9.0
2020,11,Nürburgring,HAM,0.9777256547924627,0.013615325126945521,0.9494495788362524,0.9791782004723569,0.9788369382204379,0.974460910798849,-0.0005043522258994368,17.666666666666668,2,Mercedes,0.0,1.0,2.0,1.0
2020,11,Nürburgring,HUL,1.0045362890195826,0.016819098541101887,0.9773260949180294,1.0057147573456586,1.007315632690066,1.0011146470144878,-0.0008540215724736384,16.666666666666668,2,Racing Point,0.005224261617010173,12.0,20.0,8.0
2020,11,Nürburgring,KVY,1.006982318552704,0.012606524413161643,0.993278614360499,1.006955215232346,1.0115872692814984,1.0021448994973585,-0.000642380126586843,16.333333333333332,2,AlphaTauri,0.002820097857536563,-2.0,13.0,15.0
2020,11,Nürburgring,LAT,1.0081663309564333,0.015587570646068106,0.9842629095844374,1.0135406349730385,1.0056496351940594,1.007993293414845,0.0001204168334645644,16.0,2,Williams,0.0,4.0,18.0,14.0
2020,11,Nürburgring,LEC,0.999911410308323,0.015603964242189863,0.977099894439777,0.999599702872235,0.9991319724366888,1.0014587025665302,-0.0006733768208730949,16.333333333333332,2,Ferrari,-0.002323831884276095,-3.0,4.0,7.0
2020,11,Nürburgring,MAG,1.005533384318203,0.0170448372419965,0.9743424028953662,1.0070251458126995,1.0048261235591245,1.0073529924908577,0.0006475506033921612,16.0,2,Haas F1 Team,-0.0005881840769224045,2.0,15.0,13.0
2020,11,Nürburgring,NOR,1.0071675504925957,0.008902608061578686,0.9945065598138694,1.0081996837587532,1.0093845220485482,1.0048472974581164,-0.00015776825716162579,19.0,1,McLaren,0.005387347059563785,-8.0,8.0,16.0
2020,11,Nürburgring,PER,0.9940877657855621,0.017691443726527444,0.9661991856782784,0.9952611422911852,0.9947395415101671,0.9940850850012563,-0.0012221168297288723,16.666666666666668,2,Racing Point,-0.005224261617010284,5.0,9.0,4.0
2020,11,Nürburgring,RAI,1.0068924099078007,0.01624427325214918,0.974945604170706,1.012043443987037,1.0081241459153278,1.0009399957956553,-0.001891166137775296,16.333333333333332,2,Alfa Romeo Racing,0.001006581136946405,7.0,19.0,12.0
2020,11,Nürburgring,RIC,0.9937121652771495,0.017269033295498545,0.9649496973222172,0.992732345496799,0.9947142159744154,0.9926747212255124,-0.001203586517789751,17.333333333333332,2,Renault,0.0,3.0,6.0,3.0
2020,11,Nürburgring,SAI,0.9963928563734679,0.01629569219217396,0.9708201383054352,0.9980026411356883,0.9974754565470795,0.9951461351645591,-0.0006699113306583909,16.666666666666668,2,McLaren,-0.005387347059564007,5.0,10.0,5.0
2020,11,Nürburgring,VER,0.9812284088290131,0.014180537162019223,0.9493849501281802,0.9784188739619574,0.9810064685139526,0.9852268938633817,-0.0005288453712051904,17.666666666666668,2,Red Bull Racing,0.0,1.0,3.0,2.0
2020,11,Nürburgring,VET,1.0045590740768753,0.013982319691867013,0.9738253732307892,1.0064040516145347,1.0048345628253423,1.0043395987719765,-0.0005409552940358228,15.666666666666666,2,Ferrari,0.0023238318842762062,0.0,11.0,11.0
2020,12,Portimão,ALB,0.9980884306290775,0.016998287301954847,0.9684223286259772,1.000223991385164,0.9997518644923438,0.9965532731550031,-0.0007228761348693963,19.666666666666668,2,Red Bull Racing,0.004348721503947051,-6.0,6.0,12.0
2020,12,Portimão,BOT,0.9877960857656596,0.014495807677823542,0.961815867628341,0.989289833580491,0.9872465971727662,0.989434010180898,-0.0005233033971462483,31.5,1,Mercedes,0.0025459936484847345,0.0,2.0,2.0
2020,12,Portimão,GAS,1.0010661447712375,0.01630788967927963,0.9764349354506332,1.0062681802105171,1.0044813610798422,0.9947128898407173,-0.0009186191804532303,31.0,1,AlphaTauri,-0.0038474438839148917,4.0,9.0,5.0
2020,12,Portimão,GIO,1.0095002280317038,0.011602892106678135,0.9927025880356384,1.0134492248875244,1.0114015477925697,1.006084037918607,-0.0003769230067187517,30.5,1,Alfa Romeo Racing,0.0031330072117250474,2.0,17.0,15.0
2020,12,Portimão,GRO,1.0095159269463923,0.012903489322499644,0.9899266622219528,1.0132592312639292,1.0116332718505958,1.0060282716564601,-0.0007337783761096564,30.5,1,Haas F1 Team,-6.070909414268577e-05,1.0,18.0,17.0
2020,12,Portimão,HAM,0.9827040984686901,0.014854325265086331,0.9546033092914722,0.9806952310808565,0.9850054238897553,0.984093162516399,-0.0007790086466593173,31.5,1,Mercedes,-0.0025459936484847345,0.0,1.0,1.0
2020,12,Portimão,KVY,1.008761032539067,0.016778564328380152,0.9751984968785986,1.0067931911394532,1.0155729464730625,1.004830628310382,-0.0023889726710251006,19.333333333333332,2,AlphaTauri,0.0038474438839146696,-6.0,13.0,19.0
2020,12,Portimão,LAT,1.012813503848718,0.013727057372341067,0.9922904418449602,1.0087853142674503,1.0173045371363665,1.0134898383861042,-0.0008975470476805475,30.0,1,Williams,0.003417300998868278,2.0,20.0,18.0
2020,12,Portimão,LEC,0.9951804678879048,0.015718720041512743,0.974701497060428,0.9988657877514342,0.994302161242276,0.9952602276253728,-0.0005925647942050711,31.5,1,Ferrari,-0.0024942222426619365,0.0,4.0,4.0
2020,12,Portimão,MAG,1.0096373451346776,0.015114381777223362,0.9874537850778834,1.0161938809751456,1.0102993067933426,1.0053517227178883,-0.000808134390373593,30.5,1,Haas F1 Team,6.070909414268577e-05,3.0,19.0,16.0
2020,12,Portimão,NOR,1.0004606339778168,0.017353594954492842,0.9619976968301108,1.004040382985228,1.001003870343493,0.9989632786313284,-0.0007908744116138853,20.0,2,McLaren,-0.0007049303085817638,-5.0,8.0,13.0
2020,12,Portimão,OCO,1.002143042882364,0.018304126897379702,0.9801684950603066,1.0052441039971918,1.0034996956786368,1.0001151600000482,-0.00038778177573755375,31.0,1,Renault,-0.00010332982057570383,3.0,11.0,8.0
2020,12,Portimão,PER,0.9964232308167708,0.010559433078458358,0.9794775440935816,1.0020906132898488,0.994156726152853,0.9963733545122568,0.00019813290544436082,30.5,1,Racing Point,-0.006763904993524528,-2.0,5.0,7.0
2020,12,Portimão,RAI,1.0032342136082537,0.014582449133791368,0.9825807624704528,1.007209550334388,1.004537848824546,1.0004877719373768,-0.0006392929708865345,31.0,1,Alfa Romeo Racing,-0.0031330072117250474,5.0,16.0,11.0
2020,12,Portimão,RIC,1.0023497025235155,0.01533494518076582,0.9807382265591854,1.0104855183654586,1.0017450133026093,0.998131513925919,-0.0011385598094830864,31.0,1,Renault,0.00010332982057570383,1.0,10.0,9.0
2020,12,Portimão,RUS,1.0059789018509815,0.013924492353274648,0.9804472998363536,1.0026517095667256,1.0131906851066603,1.0027870874752036,-0.0007848776553441405,30.5,1,Williams,-0.003417300998868278,0.0,14.0,14.0
2020,12,Portimão,SAI,1.0018704945949803,0.014994898790612523,0.9730044245105764,1.006563366985074,1.0008244157335162,1.0012613336130936,-0.0005186046083271249,31.0,1,McLaren,0.0007049303085817638,1.0,7.0,6.0
2020,12,Portimão,STR,1.0099510408038197,0.017692322860994543,0.9902903206254924,1.011952770713766,1.0097929506461092,1.0107219252447468,-0.0011625223177616688,15.0,2,Racing Point,0.006763904993524417,-8.0,12.0,20.0
2020,12,Portimão,VER,0.9893909876211834,0.015044982996283181,0.9679859385417298,0.994516871241764,0.987314708807736,0.9895847240245581,-0.0007935389788790727,31.5,1,Red Bull Racing,-0.004348721503947051,0.0,3.0,3.0
2020,12,Portimão,VET,1.0001689123732287,0.01512140943717548,0.9786168858718708,0.9998776659761741,1.002657585290488,0.9998369909260324,-0.0008618106125856063,30.5,1,Ferrari,0.0024942222426619365,5.0,15.0,10.0
2020,13,Imola,ALB,1.0012690887293183,0.014991608627722268,0.9579723085048856,0.9994967576109263,1.0034722222222223,1.001212656752336,-0.0013346442990495042,16.0,2,Red Bull Racing,0.004082536052983032,-9.0,6.0,15.0
2020,13,Imola,BOT,0.9928855261125443,0.010999962246516804,0.9545140155183036,0.9964047990485425,0.9905118195619174,0.9908553229725112,-0.0009768024914712245,17.666666666666668,2,Mercedes,0.0030304036527659672,-1.0,1.0,2.0
2020,13,Imola,GIO,1.0075124184157247,0.013809974148979812,0.9908826821262842,1.0115852627023623,1.0071104321257094,1.0045656056703454,-0.0017500274123326677,25.0,1,Alfa Romeo Racing,0.0005966486243640379,10.0,20.0,10.0
2020,13,Imola,GRO,1.0092355286158026,0.013693624231193885,0.9912347992303726,1.0105553042075655,1.0090739124108834,1.0086724698715899,-0.0045789062493166,16.666666666666668,2,Haas F1 Team,-0.0005097913107319219,2.0,16.0,14.0
2020,13,Imola,HAM,0.9868247188070124,0.016113844254463935,0.9492574101786992,0.9838072923413006,0.9882922169951124,0.9857816605076378,-0.0021157461592852702,18.0,2,Mercedes,-0.0030304036527659672,1.0,2.0,1.0
2020,13,Imola,KVY,1.000173592745993,0.013712858732029872,0.9766973930758686,0.9964812567039522,1.0050160759778959,0.9992232656096149,-0.002283682801662839,17.0,2,AlphaTauri,0.0,4.0,8.0,4.0
2020,13,Imola,LAT,1.0082466417570939,0.014264721462691459,0.9899395113117618,1.0025336648812602,1.008751208907832,1.0137161634850786,-0.00044933933589761917,25.5,1,Williams,0.0010395810290657614,8.0,19.0,11.0
2020,13,Imola,LEC,1.0019946853533792,0.012427842831703992,0.9830732277820394,1.0033682311944208,1.0061885135815736,0.9968739921643718,-0.0010057070742830398,26.0,1,Ferrari,-0.001589904322362834,2.0,7.0,5.0
2020,13,Imola,MAG,1.0102551112372664,0.011822498501068974,0.9969063997283668,1.0177607797845025,1.0078412421275802,1.0061084954013944,-0.001310604178057979,21.0,1,Haas F1 Team,0.0005097913107319219,-1.0,17.0,18.0
2020,13,Imola,NOR,1.0020678249544008,0.014187433488161594,0.9817653642525686,1.0030821306235578,1.0023457804480735,1.0013385489185993,-0.0035084132833388144,17.0,2,McLaren,0.00020848390161520847,1.0,9.0,8.0
2020,13,Imola,PER,0.9998972185650842,0.0141910468333712,0.981953998415473,1.0017453974316102,0.9990906445511423,0.9994909300216789,-0.002861933771820856,17.333333333333332,2,Racing Point,-0.0018175243015142728,5.0,11.0,6.0
2020,13,Imola,RAI,1.0063191211669968,0.013861593667150665,0.982004300858914,1.0063783248807125,1.0066058432684875,1.0064958883212989,-0.004964678593952356,25.5,1,Alfa Romeo Racing,-0.0005966486243638158,9.0,18.0,9.0
2020,13,Imola,RIC,1.0023215052199463,0.015680075808545534,0.9752637734377948,1.0026926178843087,1.0030787687121332,0.9986332115059966,-0.0011818828545234563,26.5,1,Renault,0.0,2.0,5.0,3.0
2020,13,Imola,RUS,1.0061674796989626,0.012976412276115458,0.9910964675109094,1.0017471168994665,1.0052883152784944,1.011830880957956,-0.0016652230372132988,22.0,1,Williams,-0.0010395810290655394,-3.0,13.0,16.0
2020,13,Imola,SAI,1.0016508571511702,0.01378497669255308,0.982381569184723,1.0008280984168163,1.0058498301110055,0.9986238493216385,-0.003320325636807756,17.0,2,McLaren,-0.0002084839016154305,3.0,10.0,7.0
2020,13,Imola,STR,1.0035322671681128,0.013238252229031078,0.9854248670129152,1.0049018643592538,1.0053819578173186,1.0008394039899893,-0.0035657420896698343,17.0,2,Racing Point,0.0018175243015143838,2.0,15.0,13.0
2020,13,Imola,VER,0.9931040166233523,0.011034040986268728,0.97633270036092,0.9902647079198563,0.9948573047168848,0.9919336224935328,-0.0010036071033351552,23.5,1,Red Bull Racing,-0.004082536052982921,-14.0,3.0,17.0
2020,13,Imola,VET,1.0051744939981047,0.01539682164695611,0.9779675297727586,1.0051201706954986,1.0075258970167436,1.0033248065813403,-0.003949812749596435,17.0,2,Ferrari,0.001589904322362612,2.0,14.0,12.0
2020,14,Istanbul,ALB,1.0087279896831454,0.04628369150284384,0.9548397664424876,1.0105708350922233,1.0078937469651272,1.0056939188864498,-0.0030311345935828456,17.0,2,Red Bull Racing,0.0020412064436514665,-3.0,4.0,7.0
2020,14,Istanbul,BOT,1.024548590368643,0.05862046292864958,0.9461102653537086,1.0389588670923993,1.0239659574468083,1.0040394208541186,-0.005980194286945305,16.666666666666668,2,Mercedes,0.011273622943067663,-5.0,9.0,14.0
2020,14,Istanbul,GAS,1.020290405256971,0.0589793919813355,0.9595321141579788,1.0256821281531616,1.0221767701430067,1.0090097856882136,-0.005701197878909054,16.666666666666668,2,AlphaTauri,0.0014980731467428843,6.0,19.0,13.0
2020,14,Istanbul,GRO,1.045949085569073,0.051104901890931066,0.9951342184880428,1.0500162272561036,1.0455149222362334,1.0393259253217886,-0.003689024889240162,13.0,2,Haas F1 Team,0.010420375473814136,-1.0,17.0,18.0
2020,14,Istanbul,HAM,1.0020013444825078,0.04619458571677358,0.9578652226697242,1.0090490239624117,1.001250838453489,0.9917759573435446,-0.007211668340897562,26.0,1,Mercedes,-0.011273622943067663,5.0,6.0,1.0
2020,14,Istanbul,KVY,1.0172942589634855,0.050252970589462646,0.97333937139884,1.0229629179753683,1.0169208778732979,1.0084558461418394,-0.007105650424174777,25.5,1,AlphaTauri,-0.0014980731467426622,4.0,16.0,12.0
2020,14,Istanbul,LEC,1.0032721931969366,0.05631990825269264,0.9631453182510163,1.0086963519809413,1.000732336185259,0.9974878867473501,-0.00801893791688132,17.0,2,Ferrari,-0.0008451629163024332,8.0,12.0,4.0
2020,14,Istanbul,MAG,1.0251083346214447,0.05179213914399861,0.9726552714238914,1.02773662290283,1.023483959064631,1.021962233700474,-0.006925110858734912,15.666666666666666,2,Haas F1 Team,-0.010420375473814136,-4.0,13.0,17.0
2020,14,Istanbul,NOR,1.0097343969094776,0.062182502038471206,0.9327462278149268,1.010555839227333,1.0111196372514824,1.0053265253053407,-0.006046585314339094,17.0,2,McLaren,0.001907647070158891,6.0,14.0,8.0
2020,14,Istanbul,OCO,1.012713755264887,0.045230636078012074,0.973214113656948,1.017406450171365,1.0098130860296683,1.0083617824791433,-0.003151917608541723,25.5,1,Renault,-0.0018846000235024363,-4.0,7.0,11.0
2020,14,Istanbul,PER,1.0137410833394842,0.0475036532034239,0.967298094155281,1.0120689604456954,1.0118956768958411,1.0103123752766667,-0.004949136213782269,26.5,1,Racing Point,-0.0018427118084747285,1.0,3.0,2.0
2020,14,Istanbul,RAI,1.0252295990467564,0.050318445966556706,0.9610448422715973,1.0297710093941594,1.025896407394489,1.0166201716116547,-0.002741067026025612,12.0,3,Alfa Romeo Racing,0.0,-7.0,8.0,15.0
2020,14,Istanbul,RIC,1.016482955311892,0.04457103087966258,0.9700441292659896,1.0105821319771071,1.025885176142309,1.0112436340882625,-0.004544562282025132,16.666666666666668,2,Renault,0.0018846000235024363,-5.0,5.0,10.0
2020,14,Istanbul,RUS,1.0331032418748627,0.047434722148371584,0.9713641531613126,1.0263178499957208,1.0418883423617091,1.0298132358465435,1.7300913288186563e-05,16.333333333333332,2,Williams,0.0,-16.0,0.0,16.0
2020,14,Istanbul,SAI,1.0059191027691596,0.0516085955219356,0.9515156186768928,1.0108120785693346,1.0004637600279036,1.0044871638885509,-0.005092290647040406,16.666666666666668,2,McLaren,-0.001907647070159113,10.0,15.0,5.0
2020,14,Istanbul,STR,1.0174265069564337,0.042686114266430424,0.962759909814426,1.0159953092934624,1.0158638188445939,1.0146606397760467,-0.003257077850066029,17.0,2,Racing Point,0.0018427118084747285,-8.0,1.0,9.0
2020,14,Istanbul,VER,1.0046455767958427,0.04746771065368871,0.9484034455514232,1.0090245114909564,0.9969945355191255,1.0066519794436817,-0.003428195969642041,12.0,3,Red Bull Racing,-0.0020412064436512445,-4.0,2.0,6.0
2020,14,Istanbul,VET,1.0049625190295415,0.04552370028841544,0.9602643901875012,1.0083326322766497,1.0091747471224273,0.9935647367597725,-0.004783868547334331,16.666666666666668,2,Ferrari,0.0008451629163024332,8.0,11.0,3.0
2020,15,Sakhir,ALB,0.9917319954780889,0.008329904048922256,0.9786376124267464,0.994523446120928,0.99002659730415,0.990509528565104,0.0005735330320466748,13.666666666666666,2,Red Bull Racing,0.005413381901226644,1.0,4.0,3.0
2020,15,Sakhir,BOT,0.9979747197946236,0.01860388614060362,0.9751694888696216,0.9927497121185672,1.000304321006476,0.9999701427997817,0.00022227889322684266,13.666666666666666,2,Mercedes,0.008069421411238342,-6.0,2.0,8.0
2020,15,Sakhir,GAS,1.0030084927242529,0.011388892904596002,0.9904731063731992,1.0056089437685445,1.003535670916479,0.9981043910196628,-1.285690967747339e-05,21.5,1,AlphaTauri,-0.0013287509532116104,2.0,8.0,6.0
2020,15,Sakhir,GIO,1.0160696688916977,0.011243437453839406,0.9875377367359944,1.0146024658468025,1.0186287371954263,1.0128193531528271,0.000337610510596741,21.0,1,Alfa Romeo Racing,0.0021622670942627042,0.0,16.0,16.0
2020,15,Sakhir,HAM,0.9818358769721469,0.0064980660281261475,0.97007176508686,0.9835096885953805,0.9823683824909906,0.9781271985366538,0.0007349355839532207,14.0,2,Mercedes,-0.008069421411238342,0.0,1.0,1.0
2020,15,Sakhir,KVY,1.0056659946306763,0.012309523204035994,0.9834115053954392,1.0025929148335413,1.0079424704298492,1.0049831152384971,0.0005715591969997475,13.333333333333334,2,AlphaTauri,0.0013287509532118325,-1.0,10.0,11.0
2020,15,Sakhir,LAT,1.0128174325439523,0.013482866414033958,0.9881122752770842,1.0127784203889003,1.0157201999206038,1.0071294823088828,0.0008317038913827733,13.0,2,Williams,0.0009654859029133434,6.0,20.0,14.0
2020,15,Sakhir,LEC,1.0038604913412839,0.015790655368286152,0.9780212892644862,1.0044819815851977,1.002371241137164,1.005040719043746,0.001128861962830772,13.666666666666666,2,Ferrari,-0.002777354389463582,2.0,12.0,10.0
2020,15,Sakhir,MAG,1.0221135158823844,0.01100156558958594,0.9949022762172384,1.0199298643878065,1.0234992833560006,1.0218406400128643,0.0002793221471035379,21.0,1,Haas F1 Team,0.0,1.0,18.0,17.0
2020,15,Sakhir,NOR,0.9938734573130602,0.010807874448004122,0.977634781518662,0.9964437233839801,0.99008816513783,0.9965859835888354,-7.525912178807494e-05,13.666666666666666,2,McLaren,-0.0007431802529958009,5.0,9.0,4.0
2020,15,Sakhir,OCO,1.0006076604968956,0.009668628881699648,0.9856365364727512,0.999808612899971,0.9997249970095622,1.0025512462807191,0.00018811824440601415,13.666666666666666,2,Renault,0.0014884497370499794,-2.0,7.0,9.0
2020,15,Sakhir,PER,0.9910935060838661,0.00921225933539875,0.9780630738856564,0.9952137209335847,0.988700250258585,0.9893708367222972,0.0007546268790018712,13.666666666666666,2,Racing Point,0.0,-13.0,5.0,18.0
2020,15,Sakhir,RAI,1.0117451347031725,0.014740389397940947,0.9774780891892738,1.0115150371002692,1.010329118184441,1.0138866610384127,0.0014154073133065869,13.333333333333334,2,Alfa Romeo Racing,-0.002162267094262482,2.0,17.0,15.0
2020,15,Sakhir,RIC,0.9976307610227958,0.014263279324081167,0.9696852573410356,0.9965213993199752,0.9980779108685405,0.9976402516241287,-0.0004975124425996492,13.666666666666666,2,Renault,-0.0014884497370498684,-1.0,6.0,7.0
2020,15,Sakhir,RUS,1.0108864607381254,0.010586389390964445,0.992823491314022,1.0092299231728938,1.0178791229925956,1.0000981426762348,8.408315889974816e-05,13.333333333333334,2,Williams,-0.0009654859029135654,2.0,14.0,12.0
2020,15,Sakhir,SAI,0.9953598178190518,0.012828386077635418,0.9757858120318816,0.9975277431216758,0.992877920953938,0.9963001266357112,0.0001999829006151002,13.333333333333334,2,McLaren,0.0007431802529958009,10.0,15.0,5.0
2020,15,Sakhir,VER,0.9809052316756356,0.010829272102409734,0.9611925330881969,0.9849182817532677,0.9760923757461887,0.9835752400125555,0.0014645151427108917,9.75,3,Red Bull Racing,-0.005413381901226644,1.0,3.0,2.0
2020,15,Sakhir,VET,1.009415200120211,0.014674127150339928,0.9804865819135268,1.0054257144348415,1.0076307879702437,1.0170384561266792,0.0008371993191425238,13.0,2,Ferrari,0.002777354389463582,-2.0,11.0,13.0
2020,16,Sakhir,AIT,1.009081856286602,0.0139820342859025,0.9825462451743237,1.0070315477892127,1.0185689314684416,1.0032295106130777,0.00012475753228144456,16.5,3,Williams,0.0,1.0,17.0,16.0
2020,16,Sakhir,ALB,0.9987024840130376,0.014258158557240204,0.976793953245508,0.9971665356394132,1.0005577880989438,1.0014710991284423,-0.00022711500223033748,23.0,2,Red Bull Racing,0.0,6.0,12.0,6.0
2020,16,Sakhir,BOT,0.9921123086368616,0.011053140571201206,0.968353834433288,0.9921967573603135,0.9923864010983278,0.9948581180821933,-0.00030245265969538326,23.0,2,Mercedes,0.0030306320476852777,-7.0,1.0,8.0
2020,16,Sakhir,FIT,1.013895573479924,0.015480712476932517,0.988538215933506,1.0132728494623657,1.016006737071541,1.0153195975281941,0.0003041088689117437,15.5,3,Haas F1 Team,0.0022603152864644205,3.0,20.0,17.0
2020,16,Sakhir,GAS,0.9982257889566574,0.01009074590012465,0.9796016195440964,0.9953820226696705,1.0037223900652226,0.9981232972411123,0.0001496002289092374,22.333333333333332,2,AlphaTauri,0.0010154710761078878,-2.0,9.0,11.0
2020,16,Sakhir,GIO,1.0054811426637884,0.015194037630498706,0.9739006873646456,0.999191436598224,1.0160347611546778,1.0033486904213236,-0.00010819886768660536,22.666666666666668,2,Alfa Romeo Racing,-0.0008127695367576848,1.0,14.0,13.0
2020,16,Sakhir,KVY,0.9961948468044416,0.010633984608240882,0.9758523578404936,0.9930647081945987,1.001242780440711,0.996969987715472,8.417920458599663e-05,22.666666666666668,2,AlphaTauri,-0.0010154710761078878,-1.0,6.0,7.0
2020,16,Sakhir,MAG,1.009374942906995,0.012779541886447953,0.9846691148147196,1.0127186883976347,1.0033685588756476,1.0159356713070538,0.00016641191911516924,22.333333333333332,2,Haas F1 Team,-0.0022603152864646425,0.0,15.0,15.0
2020,16,Sakhir,NOR,1.0010450701941749,0.010992995497442933,0.980457615366837,1.0011879162042177,1.003767156157021,1.000778705447169,-0.0002543745540594291,22.666666666666668,2,McLaren,0.002752528272691901,9.0,19.0,10.0
2020,16,Sakhir,OCO,0.9973366301401017,0.011782710459172025,0.9818272086832216,0.9967030267295597,0.998519874405276,0.999846877847635,-0.00019706258470012576,35.0,1,Renault,0.000513482297518908,9.0,11.0,2.0
2020,16,Sakhir,PER,0.9932999984102937,0.015151545408645611,0.9722229355520744,0.9956199460916443,0.9924334663321129,0.9947838605922668,-0.00011286309530874268,35.0,1,Racing Point,-0.0021295953218605224,4.0,5.0,1.0
2020,16,Sakhir,RAI,1.0071066817373036,0.014617214479623893,0.9822552065945918,1.0064374471979722,1.0107503083488403,1.0067038761280545,0.000610517538091738,16.75,3,Alfa Romeo Racing,0.0008127695367574628,4.0,18.0,14.0
2020,16,Sakhir,RIC,0.9963096655450638,0.010564591082658593,0.975475719678488,0.9938032654270349,1.000492411438968,0.9973959223749322,1.1117640930008706e-05,23.0,2,Renault,-0.000513482297518908,2.0,7.0,5.0
2020,16,Sakhir,RUS,0.986051044541491,0.012868148197200552,0.948511851262166,0.9906903209396966,0.9809136870987958,0.9899462187811077,1.8994249866053563e-05,17.0,3,Mercedes,-0.0030306320476853887,-7.0,2.0,9.0
2020,16,Sakhir,SAI,0.9955400136487912,0.009406147788282488,0.9786600241390822,0.9980061070093884,0.9955383907048295,0.9958078951378594,-6.465240812717817e-05,23.0,2,McLaren,-0.00275252827269179,4.0,8.0,4.0
2020,16,Sakhir,STR,0.9975591890540146,0.011283110279167312,0.9824777655085042,0.9980767070979336,1.0017570921256496,0.9950459990596301,-0.00013894358574356947,35.0,1,Racing Point,0.0021295953218604113,7.0,10.0,3.0
2020,16,Sakhir,VET,1.0023670200907329,0.013699403427208767,0.974208845860832,1.0027046371914017,1.0040182043998265,1.003173918657086,0.0002974431861289811,16.75,3,Ferrari,0.0,1.0,13.0,12.0
2020,17,Yas Island,ALB,0.9899286875423163,0.011393622942582168,0.9793728654495496,0.9906367312787614,0.993358259917589,0.9844775777505479,-0.002312025397032778,25.5,1,Red Bull Racing,0.0030157594631617934,1.0,5.0,4.0
2020,17,Yas Island,BOT,0.9873816920996284,0.007548163244334538,0.9784440638938072,0.9866908380978942,0.9954051639752017,0.9780536415005306,-0.0007265615871997141,25.5,1,Mercedes,-0.0006180627999611277,0.0,2.0,2.0
2020,17,Yas Island,FIT,1.0198821583026154,0.013068456374029513,0.9840168732282628,1.0155840870690407,1.0141148431601854,1.028222562894097,0.0010418207479383176,10.75,3,Haas F1 Team,0.0011997020095009248,-2.0,17.0,19.0
2020,17,Yas Island,GAS,1.0033285925753925,0.009101221617683484,0.991437610657998,1.0067159391995535,0.997612076020733,1.0082835694803156,0.00021500507485474886,25.0,1,AlphaTauri,-0.0018778456147792166,1.0,9.0,8.0
2020,17,Yas Island,GIO,1.0103495912717357,0.015849810957946405,0.9837072727096818,1.0074965063182972,1.0056819171185951,1.016893809095592,0.000256764435595616,23.5,1,Alfa Romeo Racing,0.0010587673129489605,-2.0,14.0,16.0
2020,17,Yas Island,HAM,0.9886178176995506,0.00799348042876649,0.9812401435772404,0.9859500766978104,0.995293725383215,0.9813538778131639,-0.001073829409726984,25.5,1,Mercedes,0.0006180627999610167,0.0,3.0,3.0
2020,17,Yas Island,KVY,1.007084283804951,0.011347559694547808,0.9936628643852978,1.0064050498180026,0.9985603680410057,1.0167811071905166,0.0013183032686980428,24.5,1,AlphaTauri,0.0018778456147792166,-4.0,7.0,11.0
2020,17,Yas Island,LAT,1.012902265089555,0.016132565523038232,0.991660136030728,1.015295908035384,1.0072672981959507,1.0182040095837086,-0.0011814083454103892,15.333333333333334,2,Williams,-0.0005250580465918642,1.0,18.0,17.0
2020,17,Yas Island,LEC,1.0051897198629938,0.012313462036449948,0.9859615514855988,1.006232550135445,0.9987786804525024,1.0118973090593855,0.0003182015181415065,23.5,1,Ferrari,-0.0011847777823748018,-1.0,12.0,13.0
2020,17,Yas Island,MAG,1.0174827542836136,0.017443736682091,0.9868419779603133,1.0100886144952521,1.0153140939264427,1.0233411378502981,0.0017771715626453237,14.666666666666666,2,Haas F1 Team,-0.0011997020095009248,2.0,20.0,18.0
2020,17,Yas Island,NOR,0.9984146252856738,0.009848861419715383,0.9865033523931152,0.9937570771161623,0.999848443514898,0.9975081393681324,-0.00105066605864613,25.5,1,McLaren,-0.0006292554657676419,-1.0,4.0,5.0
2020,17,Yas Island,OCO,1.0061134492400274,0.009965868920858725,0.995501117464372,1.0051083530888298,1.0048813312721652,1.0082087426681792,-0.0003407950503613396,25.0,1,Renault,0.004706617227333787,1.0,10.0,9.0
2020,17,Yas Island,RAI,1.0082320566458378,0.01183766222235383,0.9882835553749552,1.0084871321279871,1.0042330654185836,1.0127205580631922,0.00022997097753587112,24.5,1,Alfa Romeo Racing,-0.0010587673129489605,3.0,15.0,12.0
2020,17,Yas Island,RIC,0.9967002147853599,0.011356771133999384,0.9764606855716484,1.0058301956956257,0.9986293610378588,0.9910499489085746,-0.0008598154308426149,24.0,1,Renault,-0.004706617227333787,4.0,11.0,7.0
2020,17,Yas Island,RUS,1.0139523811827384,0.011929332335207592,0.9997000744976248,1.01166968809557,1.0066301226091965,1.0230695889352868,-0.0010508584587941826,24.0,1,Williams,0.0005250580465916421,1.0,16.0,15.0
2020,17,Yas Island,SAI,0.9996731362172091,0.012117559831360663,0.9863388771176193,0.998194951889555,1.0027730379229984,0.9954393980914193,-0.0018256629491004044,25.5,1,McLaren,0.0006292554657676419,0.0,6.0,6.0
2020,17,Yas Island,STR,1.005708646561983,0.009101779088840889,0.9855552008049614,1.0005120624738528,1.005949804492134,1.008053296000386,-0.00046488504479743064,25.0,1,Racing Point,0.0,-2.0,8.0,10.0
2020,17,Yas Island,VER,0.9838971686159927,0.005152360625336229,0.9767702860902292,0.9907449449170267,0.9903382740747477,0.973280060050765,-0.00025225917253411326,25.5,1,Red Bull Racing,-0.0030157594631617934,0.0,1.0,1.0
2020,17,Yas Island,VET,1.0075592754277436,0.011467800441375499,0.9817722694685512,1.0115506606099627,1.0034163088966235,1.0105836029135722,0.0007910680922378856,23.5,1,Ferrari,0.0011847777823750238,-1.0,13.0,14.0
2021,1,Sakhir,BOT,0.9866300166826578,0.00997496762803692,0.9552161398231466,0.9856337233639286,0.988038129396569,0.9877207360553651,0.0002195342709397036,11.25,3,Mercedes,0.00028801355357899183,0.0,3.0,3.0
2021,1,Sakhir,GAS,1.0000548267954852,0.014406820668638874,0.9759614137904208,1.0031644911752273,0.9988322834177383,1.0004432983397826,0.0007048212681662467,14.0,2,AlphaTauri,-0.00013739014837521601,-12.0,5.0,17.0
2021,1,Sakhir,GIO,1.0031943212067436,0.009342133465626883,0.9866659751575344,1.0027564515800211,1.0101662649797205,0.9938611294096578,-0.00011025321680520815,15.333333333333334,2,Alfa Romeo Racing,0.0004881160501373216,0.0,12.0,12.0
2021,1,Sakhir,HAM,0.9860539895754997,0.007036879733743548,0.975183466016648,0.9867431950293261,0.9870294323856402,0.985709935978403,0.0004084072776861277,15.666666666666666,2,Mercedes,-0.00028801355357910285,1.0,2.0,1.0
2021,1,Sakhir,LAT,1.018220574125457,0.007450957077278094,1.0020174778933175,1.0192717512571343,1.025778172735133,1.0059617122323323,0.0006748371279291678,13.333333333333334,2,Williams,0.005763082206530212,-1.0,17.0,18.0
2021,1,Sakhir,LEC,0.9974930219188164,0.009948413530936047,0.985276041801727,0.9977731595023961,0.9961556386351417,1.0017540102361229,0.00027956535275613546,15.666666666666666,2,Ferrari,-0.0003191241080499063,-2.0,4.0,6.0
2021,1,Sakhir,MSC,1.0157446698163437,0.010617847249517373,0.9971630837849752,1.012713253605586,1.0154474544328453,1.022531184763942,0.00043856111838068553,15.666666666666666,2,Haas F1 Team,0.0,2.0,18.0,16.0
2021,1,Sakhir,NOR,0.9940998454587435,0.009782439695850515,0.979135440707414,0.9979795714131888,0.9913633455499844,0.9961231142601522,0.00011027475519559984,15.666666666666666,2,McLaren,-0.002083244825681896,3.0,7.0,4.0
2021,1,Sakhir,OCO,1.004856814390305,0.009089576282370471,0.98799367269144,1.0013283676743505,1.0085150670893777,1.0053427289899433,0.0003444640989594203,15.0,2,Alpine,0.0,3.0,16.0,13.0
2021,1,Sakhir,PER,0.9934697629355884,0.012210038059056101,0.9747166973523844,0.9954950600469449,0.9917154344746669,0.9961830269217992,8.785497992616497e-05,15.666666666666666,2,Red Bull Racing,0.0033650379235744543,-5.0,0.0,5.0
2021,1,Sakhir,RAI,1.0022180891064691,0.00842273626249667,0.987392059746389,1.0027793363788264,1.00479944728682,0.9992671876683646,-0.00029318066348380206,15.666666666666666,2,Alfa Romeo Racing,-0.0004881160501370996,3.0,14.0,11.0
2021,1,Sakhir,RIC,0.9982663351101073,0.00906028147469256,0.9846951741306434,0.998568533398651,0.9979094400712963,1.000784677023807,0.00047586039754632793,15.666666666666666,2,McLaren,0.002083244825681896,-1.0,6.0,7.0
2021,1,Sakhir,RUS,1.0066944097123964,0.011855740097630208,0.9857739283769416,1.0055353990668416,1.012332032897952,1.0006413881759815,-0.0005369310786179666,15.333333333333334,2,Williams,-0.005763082206530434,1.0,15.0,14.0
2021,1,Sakhir,SAI,0.9981312701349162,0.012029680681716243,0.9803075486865648,0.9962704807918236,0.9987485257234433,1.001755798673784,0.00025030471851237934,15.666666666666666,2,Ferrari,0.0003191241080499063,0.0,8.0,8.0
2021,1,Sakhir,STR,1.0020633823293301,0.008593180756864011,0.9840002074527396,1.0036091122602138,1.0016929907220224,1.0029978686294174,0.0006686390930355319,15.666666666666666,2,Aston Martin,-0.005129489682812682,0.0,10.0,10.0
2021,1,Sakhir,TSU,1.0003296070922354,0.010388041471283069,0.9829214532064414,0.9977298130011293,1.0013286374516324,1.0042515634298477,0.0003216065720249793,15.666666666666666,2,AlphaTauri,0.00013739014837499397,4.0,13.0,9.0
2021,1,Sakhir,VER,0.9867396870884395,0.010446101075919204,0.9670202007105256,0.9894760887282241,0.9841682627349898,0.9899431679222245,0.0010274833838133282,15.666666666666666,2,Red Bull Racing,-0.0033650379235744543,-1.0,1.0,2.0
2021,1,Sakhir,VET,1.0123223616949553,0.01307647751167601,0.9912714259782692,1.0123251992132953,1.0111038319948162,1.0167697328387109,0.0008848859844723417,23.5,1,Aston Martin,0.00512948968281246,5.0,20.0,15.0
2021,2,Imola,ALO,1.0458604398112372,0.08223793091893941,0.9682557104354932,1.0333410387634163,1.063973903769061,1.045074253353438,-0.0042728856324575635,24.5,1,Alpine,0.0010267820588156784,5.0,15.0,10.0
2021,2,Imola,GAS,1.0354477597417506,0.08375221480908053,0.9607678142416372,1.022669924683628,1.0489738901164025,1.039634170329212,-0.0003332631235999507,11.75,3,AlphaTauri,0.00023287512741276828,-2.0,5.0,7.0
2021,2,Imola,GIO,1.044666605949787,0.07801562385824652,0.9691581604653716,1.037566414548078,1.0578807763799325,1.0436303181654383,-0.009104358528517112,11.75,3,Alfa Romeo Racing,0.0022501312288967235,3.0,17.0,14.0
2021,2,Imola,HAM,1.0163634228920535,0.06534312701368238,0.9354016512396492,1.000782489876905,1.030249453673536,1.022834486949132,-0.0026778487850553047,17.0,2,Mercedes,0.0,-1.0,1.0,2.0
2021,2,Imola,LEC,1.0214184131701418,0.06568315922434961,0.955853120160002,1.0094040495548258,1.035512733970829,1.0241838905861536,-0.0030249178325206165,17.333333333333332,2,Ferrari,-0.0011417915978337856,0.0,4.0,4.0
2021,2,Imola,MAZ,1.0686255597352075,0.08261080168153873,0.98052415273357,1.0534536725745187,1.0907564830096539,1.0663975566626998,-0.006376436195875707,11.0,3,Haas F1 Team,0.006880389577129886,2.0,19.0,17.0
2021,2,Imola,MSC,1.054864780580948,0.08249294805700703,0.9657800704886644,1.042426047007206,1.0696583461607903,1.0575038979425806,-0.007093039000892366,16.333333333333332,2,Haas F1 Team,-0.006880389577129664,2.0,18.0,16.0
2021,2,Imola,NOR,1.0218490469395969,0.06841954170203317,0.954389687679118,1.0111777060985672,1.0339041460901697,1.0254152799349159,-0.0028722870941377465,16.666666666666668,2,McLaren,-0.006964982117189766,4.0,7.0,3.0
2021,2,Imola,OCO,1.043806875693606,0.08021751813008468,0.968511811119648,1.0304868351961594,1.060002131665897,1.0457954293321499,-0.004367333740594874,16.666666666666668,2,Alpine,-0.0010267820588154564,0.0,9.0,9.0
2021,2,Imola,PER,1.0343758376775996,0.07550082068742928,0.9553043329796704,1.0289418295260493,1.0445727159304408,1.0347810450265453,-0.0038197846033391535,17.0,2,Red Bull Racing,0.009661365937901456,-9.0,2.0,11.0
2021,2,Imola,RAI,1.0401663434919939,0.07506286559905605,0.968572787473018,1.0349471157452554,1.0498561125519594,1.040919310701871,-0.002112886705186591,16.666666666666668,2,Alfa Romeo Racing,-0.0022501312288965014,3.0,16.0,13.0
2021,2,Imola,RIC,1.0357790111739764,0.07405758691458945,0.9675849705484212,1.0263215180303613,1.0488381375927642,1.0371796377747904,-0.0034424050897526514,17.0,2,McLaren,0.006964982117189766,0.0,6.0,6.0
2021,2,Imola,SAI,1.0237019963658094,0.0736297723874234,0.9572067952048195,1.0076528392468682,1.0386172593882117,1.029603579616892,-0.0038517498209328805,16.666666666666668,2,Ferrari,0.0011417915978337856,6.0,11.0,5.0
2021,2,Imola,STR,1.036439712679423,0.07508703812903231,0.963353211624532,1.0347153251819068,1.046110775571109,1.033746024702315,-0.0038497927914323145,16.666666666666668,2,Aston Martin,-0.002528317972835703,2.0,10.0,8.0
2021,2,Imola,TSU,1.034982009486925,0.08221583834959129,0.9555360431224772,1.0195355615804196,1.0507561250954356,1.0394571407440278,-0.008008037906867037,16.333333333333332,2,AlphaTauri,-0.00023287512741276828,8.0,20.0,12.0
2021,2,Imola,VER,1.0150531058017966,0.06901057678175469,0.945426163733704,1.0048181508687097,1.022153237283239,1.018572088421505,-0.004163300550644632,17.666666666666668,2,Red Bull Racing,-0.009661365937901456,2.0,3.0,1.0
2021,2,Imola,VET,1.0414963486250943,0.07696175315568843,0.9643288332784546,1.0348137628630467,1.0527837618735407,1.0420364618001627,-0.010608243973285017,14.666666666666666,2,Aston Martin,0.002528317972835703,-15.0,0.0,15.0
2021,3,Portimão,ALO,0.9979692789325513,0.012627227954003676,0.9749031497389254,0.9957426303363416,0.9983838875229543,0.9987458396270213,-0.0008304636215849104,28.5,1,Alpine,-0.000652249841903596,5.0,13.0,8.0
2021,3,Portimão,BOT,0.9891821519437807,0.011763292692852334,0.960862869655189,0.9863894804339131,0.9880429590088136,0.9912843046864271,-0.0003664155255619328,14.25,3,Mercedes,0.0006554581999744791,-2.0,1.0,3.0
2021,3,Portimão,GAS,1.000846186546035,0.009301448159098828,0.9867176784811954,1.001251997561025,1.002235165730965,0.9980749488331339,-0.0005572480350919745,28.5,1,AlphaTauri,-0.002195309042201332,-1.0,9.0,10.0
2021,3,Portimão,GIO,1.0021645216954898,0.009144992840187337,0.9885584349960298,1.0041944137233216,1.0017169042860712,1.0001144773973698,-0.0008210839567853342,28.0,1,Alfa Romeo Racing,0.0,0.0,12.0,12.0
2021,3,Portimão,HAM,0.9878712355438318,0.010958535284078644,0.9737120719940328,0.9861772190004486,0.9880931462420133,0.9868595109193479,-0.00037035160691128213,19.666666666666668,2,Mercedes,-0.000655458199974368,1.0,2.0,1.0
2021,3,Portimão,LAT,1.0214636803317956,0.011171157475370131,1.0004451502682934,1.018596606819305,1.028951014012218,1.014360451326534,-0.000550804082703266,27.5,1,Williams,0.002762103509234226,0.0,18.0,18.0
2021,3,Portimão,LEC,0.9978792095326048,0.012882471996923333,0.9804855747250896,0.9996677250239978,0.997560019640442,0.9958975413523204,-0.0008353317696747649,29.0,1,Ferrari,-0.003163694565951669,2.0,8.0,6.0
2021,3,Portimão,MAZ,1.02633242033263,0.015524243716707256,1.0062922591977672,1.0334407623002024,1.0236320401208527,1.022356697304482,0.00038898587990219175,17.666666666666668,2,Haas F1 Team,0.0030052998285476917,1.0,20.0,19.0
2021,3,Portimão,MSC,1.020321820675535,0.011752005217804578,0.9956327149353932,1.0161011365508157,1.0241739150182818,1.0187835868939115,-0.000412132418612893,27.5,1,Haas F1 Team,-0.0030052998285474697,2.0,19.0,17.0
2021,3,Portimão,NOR,0.997182651004679,0.010808175557551756,0.9828917923915398,0.9995839462907322,0.9930510091569253,0.9991973729870064,-0.0005389287138140185,29.0,1,McLaren,-0.001553364165235327,2.0,7.0,5.0
2021,3,Portimão,OCO,0.9992737786163585,0.01308399519073178,0.9851776991746674,0.999756473682118,1.0014154254998409,0.9955357487115556,-0.0012004327245631662,29.0,1,Alpine,0.000652249841903596,-1.0,6.0,7.0
2021,3,Portimão,PER,0.9942823289863768,0.011168056598945725,0.97022305637768,0.9952906412055049,0.9921470535029762,0.9951771691493053,-0.00022645471267967838,29.0,1,Red Bull Racing,0.002642432401041228,0.0,4.0,4.0
2021,3,Portimão,RIC,1.0002893793351495,0.008975294829112364,0.9863928390962248,1.002570460082012,0.9987975027501302,0.9992597969018708,-0.0005129963719765005,28.5,1,McLaren,0.001553364165235216,7.0,16.0,9.0
2021,3,Portimão,RUS,1.0159394733133273,0.013344622625312361,0.9944175750138358,1.01413114455138,1.0218061900003568,1.0098164368244504,-6.19946179904689e-05,28.0,1,Williams,-0.002762103509234004,-5.0,11.0,16.0
2021,3,Portimão,SAI,1.0042065986645083,0.013141089159926232,0.9904593469525256,1.0047633179786322,1.0044008307328824,1.0006563611439256,-0.0010762248746549025,19.666666666666668,2,Ferrari,0.003163694565951891,-6.0,5.0,11.0
2021,3,Portimão,STR,1.003962524878572,0.011271791975793123,0.9861883105945763,1.0026597465703462,1.0045217203169052,1.003725839944625,-0.00019900513497597276,28.0,1,Aston Martin,-3.0185141262295545e-05,3.0,17.0,14.0
2021,3,Portimão,TSU,1.0052368046304379,0.012181930820596865,0.9872470463678146,1.0075844925951993,1.0047515499738833,1.0029417544810764,-0.0015387725230877486,27.5,1,AlphaTauri,0.002195309042201554,-1.0,14.0,15.0
2021,3,Portimão,VER,0.9889974641842944,0.013021589515922824,0.9606703722418732,0.9834311833776502,0.98880116228618,0.9915628616827197,-0.0005103990783676771,14.25,3,Red Bull Racing,-0.002642432401041228,1.0,3.0,2.0
2021,3,Portimão,VET,1.0040228951610963,0.007750749160564441,0.99155417599076,1.0052444878462008,1.0026994263231148,1.0037484691975933,-0.0003539372087414315,28.0,1,Aston Martin,3.01851412620735e-05,-3.0,10.0,13.0
2021,4,Barcelona,ALO,1.0078769328586439,0.013452579293696488,0.96526877757036,1.0075994459911883,1.007517612015571,1.008660158263644,0.0004118872181652174,19.0,2,Alpine,0.000585838084376844,-7.0,10.0,17.0
2021,4,Barcelona,BOT,0.9849522689793002,0.019135522043745908,0.9444371782219422,0.9835620373246079,0.9865784594491572,0.9813992432950418,-0.0005084518237928024,19.666666666666668,2,Mercedes,0.003252770966673868,0.0,3.0,3.0
2021,4,Barcelona,GAS,1.0009714487519583,0.01749174689133721,0.9675635827497234,0.9953938929949933,1.001222935670487,1.0054426031657615,9.81340100468524e-05,19.0,2,AlphaTauri,0.0,2.0,12.0,10.0
2021,4,Barcelona,GIO,1.0077374857343002,0.015839604122013563,0.9845308728582808,1.010791297299273,1.0075662282038536,1.0055702548391587,-0.0013951455184721283,19.666666666666668,2,Alfa Romeo Racing,-5.1994356395468344e-05,-1.0,14.0,15.0
2021,4,Barcelona,HAM,0.9784467270459526,0.015089688299723,0.9591215533334124,0.9799714502763841,0.9792037576573835,0.9737973796199481,0.0002938924469963206,19.666666666666668,2,Mercedes,-0.003252770966673757,0.0,1.0,1.0
2021,4,Barcelona,LAT,1.0096930017516115,0.017957640117493578,0.9857555616327598,1.0089725985223958,1.010690664187063,1.0093423923267297,-0.0008016630580716826,14.25,3,Williams,-0.0014262756248408781,3.0,19.0,16.0
2021,4,Barcelona,LEC,0.9900924552359827,0.015281924604897133,0.9566721757844548,0.9979856259869556,0.9892363224898755,0.9819857722473854,0.0012845884701793119,19.666666666666668,2,Ferrari,-0.0016107861340295404,0.0,4.0,4.0
2021,4,Barcelona,MAZ,1.0225011083348479,0.01657230133155361,0.9992509185165808,1.0173572727327642,1.0296865747922468,1.0189600035808781,0.0005390735222204698,18.666666666666668,2,Haas F1 Team,0.004742377968511402,1.0,20.0,19.0
2021,4,Barcelona,MSC,1.013016352397825,0.01849340794351051,0.9825689927826592,1.0116963568378003,1.0153374820164942,1.0116981568424612,0.0006698437876282939,18.666666666666668,2,Haas F1 Team,-0.004742377968511402,0.0,18.0,18.0
2021,4,Barcelona,NOR,1.0001683399490724,0.014268153404553476,0.96642212525118,0.9978850038538776,1.0002618403979089,1.00210167180938,0.00010657116165290667,19.0,2,McLaren,0.0038530502514708687,1.0,9.0,8.0
2021,4,Barcelona,OCO,1.00670525668989,0.010876995033724919,0.9905829756370164,1.009491926773698,1.00796370561135,1.0031787036884057,0.00029134332212670504,29.5,1,Alpine,-0.0005858380843770661,-4.0,5.0,9.0
2021,4,Barcelona,PER,0.9906110610675661,0.015875989794175763,0.9450673578825964,0.9941909040405587,0.9909226723417853,0.987474729770611,-0.0002593269172531203,19.333333333333332,2,Red Bull Racing,0.005198968301879048,3.0,8.0,5.0
2021,4,Barcelona,RAI,1.0078414744470912,0.015530144438726965,0.9853156248885294,1.0057357210789721,1.0127820506895886,1.0042762327139179,-7.046915781955187e-05,29.5,1,Alfa Romeo Racing,5.1994356395468344e-05,5.0,17.0,12.0
2021,4,Barcelona,RIC,0.9924622394461305,0.01213815384406964,0.9732470898778876,0.9935435047920668,0.9916568799491761,0.9926170113662011,-0.0002451139271062999,19.333333333333332,2,McLaren,-0.0038530502514709797,1.0,7.0,6.0
2021,4,Barcelona,RUS,1.0125455530012935,0.014644314324348217,0.9893582868625376,1.0077998066353182,1.0118428500412302,1.0173875740832092,-0.0018832451096181069,19.666666666666668,2,Williams,0.0014262756248411002,1.0,15.0,14.0
2021,4,Barcelona,SAI,0.9933140275040416,0.015043183036376112,0.9698583879290869,0.9898530374543794,0.995471390087056,0.9939363454326311,-0.0003850630111666812,19.333333333333332,2,Ferrari,0.0016107861340294294,-1.0,6.0,7.0
2021,4,Barcelona,STR,1.0044281541993934,0.013385960988272574,0.9822122873143644,1.0047040303621755,1.0047040028401524,1.0040537040973132,2.5839662477527078e-05,19.0,2,Aston Martin,-0.000166566851715233,0.0,11.0,11.0
2021,4,Barcelona,VER,0.980213124463808,0.01359446078444289,0.9292058547257528,0.9866554100851388,0.9786834041696129,0.9746783531872008,0.0021160171060374076,19.666666666666668,2,Red Bull Racing,-0.005198968301879048,0.0,2.0,2.0
2021,4,Barcelona,VET,1.004761287902824,0.013407642138106272,0.9847448961392576,0.9987032573611286,1.0059471226173422,1.0085966378137239,0.00012667573482849385,19.0,2,Aston Martin,0.00016656685171545504,0.0,13.0,13.0
2021,5,Monaco,ALO,1.0068370595657428,0.017402358396687575,0.9782448545854004,1.0105117730253748,1.0047000246238453,1.0085604603001606,-0.0005547514930380957,37.0,1,Alpine,-7.567757862747548e-05,4.0,17.0,13.0
2021,5,Monaco,GAS,0.995898967114113,0.009191777096422599,0.983277810012452,0.9980947670392718,0.9921474846408921,1.0018634444606203,-0.0005101070557104949,37.5,1,AlphaTauri,-0.007786418784860638,0.0,6.0,6.0
2021,5,Monaco,GIO,1.0066206868845908,0.013030558067826546,0.9822216716974488,1.01185122703077,1.0046849411045133,1.0064672329922002,3.850036833481668e-05,37.0,1,Alfa Romeo Racing,2.8103780654209487e-05,0.0,10.0,10.0
2021,5,Monaco,HAM,0.996005053674528,0.013939532912315231,0.9506418322043954,0.9968345039074092,0.9938719018586888,1.0004959080934728,0.001358734651213244,24.333333333333332,2,Mercedes,0.0,0.0,7.0,7.0
2021,5,Monaco,LAT,1.0109543074814376,0.018957173496730064,0.9853770478978282,1.0108245796493893,1.0131362369862225,1.0089060526533231,-0.00012056594339320594,37.0,1,Williams,0.00013840451225144434,3.0,18.0,15.0
2021,5,Monaco,MAZ,1.0298278047503873,0.023165735949777312,1.0022361447039878,1.034325848254031,1.0326658175722676,1.0221284029698645,-0.0002525483106350468,35.0,1,Haas F1 Team,0.004007881497792853,2.0,19.0,17.0
2021,5,Monaco,MSC,1.0218120417548016,0.019614532877743444,0.9964860583223046,1.0253419545139795,1.01905962644316,1.0247716648211627,-0.00018944592803558352,33.0,1,Haas F1 Team,-0.004007881497792853,2.0,20.0,18.0
2021,5,Monaco,NOR,0.990529959775473,0.010450094076709993,0.973603061497239,0.9871810597817129,0.9951730777280146,0.9873272836091296,-0.00026565804600642,37.5,1,McLaren,-0.0079867773033514,2.0,5.0,3.0
2021,5,Monaco,OCO,1.006988414722998,0.014376346573880561,0.982026090528004,1.0111908574911839,1.0027666945334688,1.0118196519419407,-3.8246311453181956e-05,37.0,1,Alpine,7.567757862769753e-05,2.0,11.0,9.0
2021,5,Monaco,PER,0.9901542700802097,0.014097091194320536,0.9720644896309384,0.9940983282223761,0.9900918523479321,0.9879788421410198,-0.0007526016003513989,37.5,1,Red Bull Racing,0.000647767120700804,5.0,9.0,4.0
2021,5,Monaco,RAI,1.0065644793232822,0.017254049958853677,0.9775277236307688,1.0069733151887668,1.006201211885361,1.0084070094260804,-0.00030932772172803235,37.0,1,Alfa Romeo Racing,-2.810378065443153e-05,3.0,14.0,11.0
2021,5,Monaco,RIC,1.006503514382176,0.018419170551409746,0.9724034969913096,1.0086897412795126,1.0082389953471114,1.0029522898936207,-0.00028874391153085877,37.0,1,McLaren,0.007986777303351511,0.0,12.0,12.0
2021,5,Monaco,RUS,1.0106774984569349,0.02071350975451405,0.9849337305804196,1.0071043196723284,1.012618495185152,1.012426241935632,-0.000315863298813539,37.0,1,Williams,-0.0001384045122512223,1.0,15.0,14.0
2021,5,Monaco,SAI,0.9887088817755295,0.01040141225966058,0.9729641630103852,0.9839548916806806,0.9917062213106747,0.9897439381439964,-0.00012620837559061167,37.5,1,Ferrari,0.0,2.0,4.0,2.0
2021,5,Monaco,STR,1.0007217121351772,0.01471978016778913,0.9736552164757576,1.002394842166333,1.0026754392415098,0.9972850999201268,-0.0006416765443658914,37.0,1,Aston Martin,0.0024521403187409696,5.0,13.0,8.0
2021,5,Monaco,TSU,1.011471804683834,0.019414384219214105,0.96534953614666,1.0108192325276113,1.0102356762186822,1.0158815096942917,0.0010812207741180682,37.0,1,AlphaTauri,0.007786418784860416,0.0,16.0,16.0
2021,5,Monaco,VER,0.988858735838808,0.01340998806356444,0.973329247860016,0.9882870049790616,0.9928737019812938,0.9809907466292751,-0.0004594507210462209,38.0,1,Red Bull Racing,-0.000647767120700915,1.0,2.0,1.0
2021,5,Monaco,VET,0.9958174314976954,0.010667762183493546,0.982026090528004,1.0007082797507172,0.9928391444476997,0.9977929829669531,-0.0006457156614347523,37.5,1,Aston Martin,-0.0024521403187408586,3.0,8.0,5.0
2021,6,Baku,ALO,1.0077026020315911,0.01931640800750286,0.983894255400408,1.00961321217398,1.0063851366926373,1.002203556799917,-0.00562770159521065,9.75,3,Alpine,0.0,2.0,8.0,6.0
2021,6,Baku,BOT,1.0051267780127244,0.024621272380390094,0.9842761729993572,1.0062981725634852,1.0048147849338434,0.9979827733706642,-0.0033403754592056306,13.333333333333334,2,Mercedes,0.0059423118124319885,-2.0,10.0,12.0
2021,6,Baku,GAS,0.9985573295576277,0.016840895878734094,0.9801309697912496,0.9995382413977325,0.9925061085242728,1.0033442214963446,-0.0028703753192608093,13.333333333333334,2,AlphaTauri,-0.0009497871508016287,1.0,4.0,3.0
2021,6,Baku,GIO,1.005325764926041,0.0158866369078049,0.9834378172943468,1.0107277276008575,1.0073908897456865,0.9958105132172476,-0.0028202241765905587,12.666666666666666,2,Alfa Romeo Racing,-0.0006624726002313341,9.0,20.0,11.0
2021,6,Baku,HAM,0.9932421543878606,0.015537044161810317,0.9759298762028076,0.9937071967225878,0.9928507214973953,0.991114481256805,-0.001991918392809101,13.333333333333334,2,Mercedes,-0.0059423118124318774,-13.0,2.0,15.0
2021,6,Baku,LAT,1.013610979545793,0.0213391048024609,0.9930602777751903,1.0210335070297376,1.0192050584609709,0.9951571604628067,-0.0019268492475651628,13.0,2,Williams,0.002207893157304186,0.0,16.0,16.0
2021,6,Baku,LEC,0.999591767346977,0.014973152369509517,0.9816400100602686,0.9992127284295643,0.9973197409063668,1.0033101959869342,-0.002019447736847331,13.333333333333334,2,Ferrari,-0.0013208491181859738,-3.0,1.0,4.0
2021,6,Baku,MAZ,1.0217663755487572,0.016560940656499,1.0036701349752686,1.0252217419267988,1.0202658113635017,1.0211908095015885,-0.0008673456297306373,8.75,3,Haas F1 Team,0.002985021054380921,4.0,18.0,14.0
2021,6,Baku,MSC,1.0157963334399953,0.017921723105280396,1.0025243821784209,1.016235741552462,1.0188270885795203,1.0120452930765573,-0.001711593092879721,7.4,4,Haas F1 Team,-0.002985021054380921,4.0,17.0,13.0
2021,6,Baku,NOR,0.9992648265356061,0.01443193705133764,0.981118366510484,1.0022329518455577,0.9997399370411219,0.996035591929199,-0.002885498708371161,13.0,2,McLaren,-0.0011707123897748417,4.0,9.0,5.0
2021,6,Baku,PER,0.9918050729835217,0.016302893544913984,0.9751660410049092,0.9888983298835671,0.9876711539348116,0.9992796313579095,-0.002006142107801125,13.333333333333334,2,Red Bull Racing,0.0007759080103172389,5.0,6.0,1.0
2021,6,Baku,RAI,1.0066507101265036,0.017526212667625128,0.9836800089424608,1.008832087023128,1.0085197838540847,1.0022533585480267,-0.0012641097762649196,12.666666666666666,2,Alfa Romeo Racing,0.0006624726002313341,4.0,14.0,10.0
2021,6,Baku,RIC,1.0016062513151558,0.01490646398181473,0.9847232960420296,1.0063303882799222,1.003085883427961,0.9940783150069199,-0.001247138095766421,13.0,2,McLaren,0.0011707123897748417,4.0,13.0,9.0
2021,6,Baku,RUS,1.0091951932311847,0.018073115239041183,0.9870148016357252,1.0113332029162,1.0150735570658702,0.9981037813853344,-0.003401761991647701,19.0,1,Williams,-0.002207893157304186,-2.0,15.0,17.0
2021,6,Baku,SAI,1.0022334655833487,0.018420283569852675,0.9846022002179724,1.0053321779477487,1.0005910521792685,0.9958281983480303,-0.003448838844273678,13.0,2,Ferrari,0.0013208491181857518,-3.0,5.0,8.0
2021,6,Baku,STR,1.0017049892810237,0.011357864392302089,0.9893249373561988,1.0022482686928817,1.0024113029103578,1.0016929426927095,-0.0012366014323141235,28.0,0,Aston Martin,0.0014831244319475356,0.0,19.0,19.0
2021,6,Baku,TSU,1.0004569038592308,0.02055906483387684,0.9775134369789388,1.005208207490691,0.995384030242958,0.9966392518276559,-0.004077286762119467,13.333333333333334,2,AlphaTauri,0.0009497871508015177,0.0,7.0,7.0
2021,6,Baku,VER,0.9902532569628872,0.01498213224564046,0.9732471379467738,0.9868847750483183,0.9851812175314043,1.0005300816202898,-0.0019707677987259218,19.0,1,Red Bull Racing,-0.0007759080103172389,-15.0,3.0,18.0
2021,6,Baku,VET,0.9987387404171286,0.021555064919001315,0.9770569988728772,0.9997449589115383,1.0001774929694345,0.989126419349821,-0.002000388546341126,13.333333333333334,2,Aston Martin,-0.0014831244319475356,9.0,11.0,2.0
2021,7,Le Castellet,ALO,0.9990724591247233,0.01332087183316805,0.977662524905634,0.9981335326749812,1.0002513404825737,1.0005230783045977,-6.222694020597262e-05,25.0,1,Alpine,-0.0033366918861219563,1.0,9.0,8.0
2021,7,Le Castellet,BOT,0.9880535058121489,0.00859481744473053,0.9707940767143588,0.9919038438840146,0.9880080428954424,0.9875727370689655,0.0001084215237403043,25.0,1,Mercedes,0.00046702738485993045,-1.0,3.0,4.0
2021,7,Le Castellet,GAS,0.9990181923766234,0.010695934704552785,0.9822381529281016,0.999774953771098,0.9992915549597855,1.00010775862069,-8.838988201986946e-05,25.0,1,AlphaTauri,-0.002789343136956446,-1.0,6.0,7.0
2021,7,Le Castellet,GIO,1.0064977881978507,0.01187967371535792,0.9882355297015328,1.0074881587367606,1.0066641133665262,1.007538521874267,0.00019559672058332457,24.5,1,Alfa Romeo Racing,-0.0005313678681921896,-2.0,13.0,15.0
2021,7,Le Castellet,HAM,0.9871194510424292,0.011302996600378833,0.9752996185307928,0.984872329543219,0.9899601797823687,0.9856797244759974,-0.0005542986839005695,25.5,1,Mercedes,-0.00046702738485981943,0.0,2.0,2.0
2021,7,Le Castellet,LAT,1.0076416441202272,0.013317543006000234,0.9843407391091042,1.0136835943804283,1.0034647371012748,1.008711404820549,-0.000810026747337724,24.5,1,Williams,0.0015288192231548425,-2.0,16.0,18.0
2021,7,Le Castellet,LEC,1.0032552805908714,0.0119955468708808,0.9780129559358012,1.0052687136018028,1.0053826079516284,1.002393043837124,0.0008503215473876303,15.666666666666666,2,Ferrari,-0.00023224736638849386,-9.0,7.0,16.0
2021,7,Le Castellet,MAZ,1.015242625980977,0.012446291202989982,0.9943931035173262,1.0172036552749122,1.0174878262296876,1.014351780582923,0.00038579212867399034,24.5,1,Haas F1 Team,0.002723480145450763,-2.0,18.0,20.0
2021,7,Le Castellet,MSC,1.0097956656900755,0.01190286568679067,0.9896873153979394,1.0055717441584997,1.015031943414523,1.0104209655478114,-0.0007071440572728221,23.5,1,Haas F1 Team,-0.002723480145450763,-4.0,15.0,19.0
2021,7,Le Castellet,NOR,0.9961556714759154,0.013264574913905817,0.9754498032580072,0.9935444781052053,1.000152815013405,0.9966675646551724,-0.0005299096707766237,25.0,1,McLaren,-0.0013578701803218518,3.0,8.0,5.0
2021,7,Le Castellet,OCO,1.0057458428969674,0.012762347350429158,0.987664827738118,1.00727056373165,1.0052860152103738,1.0068998504574243,0.00025298375878720313,24.5,1,Alpine,0.0033366918861221784,-3.0,11.0,14.0
2021,7,Le Castellet,PER,0.9864871792304535,0.011181121952949595,0.9681207885699412,0.9896470865955855,0.9880810991957105,0.9852994791666668,-0.00023771057426186397,25.0,1,Red Bull Racing,0.0017734691221222842,1.0,4.0,3.0
2021,7,Le Castellet,RAI,1.0075605239342351,0.014003457160756946,0.9811267859467144,1.0074616619280201,1.0116779285440716,1.0065777658045978,0.00015712301512864162,24.5,1,Alfa Romeo Racing,0.0005313678681921896,0.0,17.0,17.0
2021,7,Le Castellet,RIC,0.998871411836559,0.009531821043866864,0.9844508745757282,0.9962237872290198,1.001959785522788,1.0000175107758622,-0.00043752840843262113,25.0,1,McLaren,0.0013578701803217408,4.0,10.0,6.0
2021,7,Le Castellet,RUS,1.0045840056739177,0.011737170037172605,0.9843507514242518,1.0081843021663952,0.9995759697981068,1.0075985404937837,-0.0007679649368264587,24.5,1,Williams,-0.0015288192231546205,2.0,14.0,12.0
2021,7,Le Castellet,SAI,1.0037197753236482,0.00800835913255862,0.9905283498703406,1.0013573592477476,1.0064597855227884,1.0049447737068968,0.0001615597128445568,25.0,1,Ferrari,0.00023224736638827181,-6.0,5.0,11.0
2021,7,Le Castellet,STR,1.0011788499854821,0.01253611327928767,0.9794847662625028,1.007067710587402,0.9953552278820377,1.0034280711206898,-0.0003712424295632407,25.0,1,Aston Martin,0.0009174284369775076,9.0,19.0,10.0
2021,7,Le Castellet,TSU,1.0045968786505362,0.009371154056740088,0.9910189533125744,1.007184649836643,1.0035399682661268,1.0055423300785833,-0.0003986441289323836,24.5,1,AlphaTauri,0.002789343136956335,-13.0,0.0,13.0
2021,7,Le Castellet,VER,0.9829402409862089,0.015853640522966655,0.9652272294922756,0.9818641722731506,0.98232067625978,0.9824892241379312,-0.0002602007568642893,16.333333333333332,2,Red Bull Racing,-0.0017734691221222842,0.0,1.0,1.0
2021,7,Le Castellet,VET,0.9993439931115272,0.014192429638074483,0.9725762688106372,0.9997482000236062,0.9950147453083109,1.003718570402299,-0.0005336900522095962,25.0,1,Aston Martin,-0.0009174284369773966,3.0,12.0,9.0
2021,8,Spielberg,ALO,1.0053023877500422,0.010541586984507873,0.99116113171619,1.0032199819184322,1.0048204171784725,1.0067824182612384,-0.00019299951380147442,33.5,1,Alpine,-0.0010353442320731876,-1.0,8.0,9.0
2021,8,Spielberg,BOT,0.9939857059860175,0.0148824162192135,0.9751033806539626,0.9970201084023556,0.9908683177072328,0.9926956087478988,-0.00047978197027769313,34.5,1,Mercedes,0.0033842451391543626,2.0,5.0,3.0
2021,8,Spielberg,GIO,1.0078488064431224,0.012188892656674758,0.9907916613377672,1.0010146430081062,1.0075070127872847,1.0130239760512014,-9.4008012478862e-05,33.5,1,Alfa Romeo Racing,0.0011368319336091393,0.0,15.0,15.0
2021,8,Spielberg,HAM,0.9872172157077087,0.011763027077698262,0.9529209475494168,0.994387144566642,0.9852305982712297,0.9810698835053627,-4.946640773001809e-05,22.333333333333332,2,Mercedes,-0.0033842451391544737,0.0,2.0,2.0
2021,8,Spielberg,LAT,1.0146278296457347,0.017798647173271245,0.99620582342158,1.0090078138355463,1.0189318441698694,1.0119511973875182,-0.0004348440548328149,32.0,1,Williams,0.0,-1.0,16.0,17.0
2021,8,Spielberg,LEC,0.9964607493703286,0.013004357355818391,0.976794418155206,0.9983293531358948,0.994848590725731,0.996368715480097,1.4665548933448551e-05,33.0,1,Ferrari,-0.0013503124915623665,0.0,7.0,7.0
2021,8,Spielberg,MAZ,1.0278764307412473,0.013381355556290343,1.008242031518665,1.0214485155849335,1.0285287053574703,1.0312338160458392,7.58934415096933e-05,32.5,1,Haas F1 Team,0.004114200398891432,2.0,20.0,18.0
2021,8,Spielberg,MSC,1.0196480299434645,0.016521836662826552,0.9947989939037388,1.0094445509283965,1.0205045724532436,1.0258141128500227,-0.00010324152892867984,33.0,1,Haas F1 Team,-0.004114200398891432,3.0,19.0,16.0
2021,8,Spielberg,NOR,0.9990006745760077,0.014999679556600738,0.9791391340182748,1.006843099449473,0.9948893987604888,0.9954468842174258,-0.0004503158020416387,34.0,1,McLaren,-0.004003692632733924,-2.0,3.0,5.0
2021,8,Spielberg,OCO,1.0073730762141886,0.013927795861747975,0.9887027326597604,1.0047168567669373,1.0067209927556258,1.0095733700988014,-0.00024264202303367805,33.5,1,Alpine,0.0010353442320731876,3.0,17.0,14.0
2021,8,Spielberg,PER,0.9894872739512569,0.016282284467286027,0.964800841255631,0.9936403179323002,0.9851594866881485,0.9890737799368717,-0.00018781560937546003,22.333333333333332,2,Red Bull Racing,0.002570580675056666,0.0,4.0,4.0
2021,8,Spielberg,RAI,1.0055751425759043,0.013502127165815442,0.98233647383155,0.9995739009664197,1.0046255714408296,1.0109639545146127,-0.0003390176911219185,33.5,1,Alfa Romeo Racing,-0.0011368319336089172,7.0,18.0,11.0
2021,8,Spielberg,RIC,1.0070080598414755,0.015371802441479248,0.98485171448466,0.9972426884892877,1.0110701771768797,1.008101027704774,-3.905399626202236e-05,33.5,1,McLaren,0.004003692632733813,0.0,13.0,13.0
2021,8,Spielberg,SAI,0.9991613743534533,0.016964488328626966,0.9749612766622614,0.9968897322039867,0.9967928676030323,1.0035833753187335,-0.0006209956765620765,33.5,1,Ferrari,0.0013503124915623665,6.0,12.0,6.0
2021,8,Spielberg,STR,1.0068277688689506,0.016377627244739835,0.9917011268846544,1.0053704428536865,1.0025223993397294,1.0095553981927992,-0.00046720665201325747,32.5,1,Aston Martin,-2.8107549586930958e-05,1.0,9.0,8.0
2021,8,Spielberg,TSU,1.0053248698741026,0.011656533429333706,0.9897543021983488,0.9936493383558019,1.0102561865892088,1.0067076481444082,-0.00031004858467608646,33.5,1,AlphaTauri,0.0,1.0,11.0,10.0
2021,8,Spielberg,VER,0.9843461126011436,0.010188692230228695,0.9665487203535548,0.9914248507540231,0.9779204512027884,0.985051273230373,-6.113887321750614e-05,34.5,1,Red Bull Racing,-0.002570580675056666,0.0,1.0,1.0
2021,8,Spielberg,VET,1.0068839839681247,0.01206549827249313,0.992184280456438,0.9971066089576052,1.0104723658017762,1.0086852129166424,-0.0002507654370134729,33.5,1,Aston Martin,2.8107549587153002e-05,2.0,14.0,12.0
2021,9,Spielberg,ALO,1.004587157983271,0.015454846612070082,0.978976443312248,0.9980137078408939,1.00577049422815,1.0088211510358307,-0.0006628649104472976,32.5,1,Alpine,0.0,4.0,14.0,10.0
2021,9,Spielberg,BOT,0.9919632394587313,0.009159185409010595,0.9785327875890888,0.9996934350816221,0.9883585474163151,0.9914689248588273,-0.00023864465015854775,33.0,1,Mercedes,-0.0009217348803604031,3.0,5.0,2.0
2021,9,Spielberg,GAS,0.9966531274150614,0.014703779811092782,0.9752697713026304,0.9977144412919496,0.9947935862511017,0.9990792792155753,-0.0004724586757273383,21.333333333333332,2,AlphaTauri,-0.0027698542893080935,-3.0,6.0,9.0
2021,9,Spielberg,GIO,1.0077794047141997,0.015777445434911216,0.9880928528494148,1.0004066001776861,1.0101980009614615,1.0108556663366803,-0.0006882281480459977,32.0,1,Alfa Romeo Racing,0.0008452714886795221,1.0,15.0,14.0
2021,9,Spielberg,HAM,0.9938067092194522,0.007287648332371526,0.9749835418038184,1.0005221319462358,0.9922827698101113,0.9910874228067694,0.0003818450870069948,21.333333333333332,2,Mercedes,0.0009217348803605141,0.0,4.0,4.0
2021,9,Spielberg,LAT,1.011466133545877,0.014537975409168713,0.9856885250593926,1.0053795228930642,1.0174298163978477,1.008272140813507,-0.0007019867377131127,32.5,1,Williams,0.002929023960161148,2.0,18.0,16.0
2021,9,Spielberg,LEC,1.0002934953245513,0.012538308567198928,0.9831697054698456,0.9946037225892783,1.002382205567848,1.0024665571547202,-0.0004448555865984095,32.5,1,Ferrari,0.0006087881263197037,4.0,12.0,8.0
2021,9,Spielberg,MAZ,1.0230789230138058,0.014275343332618751,0.9983255574319492,1.0189455382645993,1.0221558101647839,1.028414965665708,-2.946584744955599e-05,20.0,2,Haas F1 Team,0.0026719126173140317,1.0,20.0,19.0
2021,9,Spielberg,MSC,1.0177350977791775,0.015906622002983376,0.9931304920285086,1.0107435020168234,1.016870086976649,1.025333372243286,-0.00024287851110810438,31.5,1,Haas F1 Team,-0.0026719126173142538,1.0,19.0,18.0
2021,9,Spielberg,NOR,0.9914807692808093,0.008781315536968936,0.979921000658328,1.0024733622876518,0.9891879292888828,0.9863734216725306,-3.934984338735535e-06,33.0,1,McLaren,-0.0047643116917811534,-1.0,2.0,3.0
2021,9,Spielberg,PER,0.9973266164810947,0.014818127519270932,0.9759280991498984,0.9869151626180256,1.0006165679525185,1.0016143946563971,-0.0007060373746724982,32.5,1,Red Bull Racing,0.006436004450868782,-3.0,3.0,6.0
2021,9,Spielberg,RAI,1.0060888617368406,0.014178989175790557,0.9806222629304177,1.0051022053133867,1.0039730390193093,1.0105816598312356,-0.0006627544646037244,32.0,1,Alfa Romeo Racing,-0.0008452714886795221,1.0,16.0,15.0
2021,9,Spielberg,RIC,1.0010093926643717,0.013345958748772032,0.9849157054125998,0.9989022717936828,1.0055682212720911,0.9966029978758023,-0.0007194771433240395,33.0,1,McLaren,0.0047643116917812645,6.0,13.0,7.0
2021,9,Spielberg,RUS,1.0056080856255547,0.012381763542249832,0.9860606234078486,0.9978568409136503,1.0109080802820287,1.0047560752840239,-0.00041488792029238577,32.0,1,Williams,-0.002929023960161148,-3.0,8.0,11.0
2021,9,Spielberg,SAI,0.9990759190719118,0.014907447585693881,0.9697741649254372,0.9961424927635917,0.9992927095338762,1.0017347852731813,-0.00024316281786792036,32.5,1,Ferrari,-0.0006087881263197037,5.0,10.0,5.0
2021,9,Spielberg,STR,1.0043995291297578,0.015468671569251288,0.9826115579471622,1.001851010276769,1.0030102899264024,1.0091071737232111,-0.0003686797547891945,21.0,2,Aston Martin,0.0008377507279908603,-4.0,9.0,13.0
2021,9,Spielberg,TSU,1.0021928359936776,0.014044132644016386,0.9796920170592782,0.9989259682321326,1.002646562457475,1.0047791897600977,-0.0006402129435110288,21.0,2,AlphaTauri,0.0027698542893080935,-5.0,7.0,12.0
2021,9,Spielberg,VER,0.9844546075793572,0.009334833146464891,0.9474196410682086,0.9918608316854383,0.979448261357263,0.9862842066185828,5.5929175704372214e-05,21.333333333333332,2,Red Bull Racing,-0.006436004450868671,0.0,1.0,1.0
2021,9,Spielberg,VET,1.0027240276737759,0.014327490360504475,0.979191115436357,0.9978884756439732,1.0028208037507331,1.0071258799001828,-0.00038608710934956756,20.666666666666668,2,Aston Martin,-0.0008377507279910823,-6.0,11.0,17.0
2021,10,Silverstone,ALO,1.001321359720423,0.009315197701962813,0.9835253233798829,1.0066554054054053,0.9964624904273593,1.0036634507637983,-0.0008127529974935992,23.0,1,Alpine,-0.00020786874726597127,0.0,7.0,7.0
2021,10,Silverstone,BOT,0.9881714172195065,0.009953396342453572,0.9709333504944548,0.9911883078730905,0.9871977207807496,0.9874211917318917,-0.0005782033915754112,23.0,1,Mercedes,0.0024664448778248804,0.0,3.0,3.0
2021,10,Silverstone,GAS,1.0000477781223003,0.013984699367438801,0.9681661196559196,0.999482493857494,1.002691092089962,0.9980947621022483,-0.0016089648229611405,14.666666666666666,2,AlphaTauri,-0.0013780299999126555,0.0,11.0,11.0
2021,10,Silverstone,GIO,1.0070243807099462,0.01021859926646644,0.9904755775789948,1.0063370870870871,1.010883200641721,1.0034225358824727,-0.0008101362093922913,22.5,1,Alfa Romeo Racing,-0.0003687257628950391,2.0,15.0,13.0
2021,10,Silverstone,HAM,0.9832385274638568,0.011758363163146646,0.9620846472316964,0.9867567567567569,0.9817946560465011,0.9825990326862538,-0.0004875227454809848,23.0,1,Mercedes,-0.0024664448778248804,1.0,2.0,1.0
2021,10,Silverstone,LAT,1.0068167788098286,0.010939185474805066,0.9918806444001116,1.0060277777777777,1.0077483704474628,1.0076638809823977,-0.0009106089430582523,22.5,1,Williams,0.000335356915574625,3.0,17.0,14.0
2021,10,Silverstone,LEC,0.9873767826814439,0.007898056665149023,0.9714160070360598,0.9938631022326676,0.9842667887076921,0.9857827256683976,-0.00019987794866990863,23.0,1,Ferrari,-0.0029221705834128198,2.0,4.0,2.0
2021,10,Silverstone,MAZ,1.0224481925328601,0.02181009251364529,0.9965141471995196,1.0215533196239717,1.0238048733547516,1.0228088377147257,-0.0017418249532606942,23.0,1,Haas F1 Team,0.0009972596093210662,2.0,19.0,17.0
2021,10,Silverstone,MSC,1.0204536733142178,0.0160697719921168,0.9960100392560652,1.0160300300300298,1.0249694436027712,1.0202094245374163,-0.0012270228877001004,22.5,1,Haas F1 Team,-0.0009972596093212882,0.0,18.0,18.0
2021,10,Silverstone,NOR,0.9919034948064289,0.0069250408104981264,0.9805435785228565,0.9973501762632198,0.9872676003416082,0.9937733203815686,-0.0005217708649878571,23.0,1,McLaren,-0.0015478818606013967,1.0,5.0,4.0
2021,10,Silverstone,OCO,1.001737097214955,0.009718822424085683,0.9890168822532552,1.0023296122209162,1.002259630062187,1.001588455976714,-0.00064752237463096,23.0,1,Alpine,0.0002078687472661933,0.0,9.0,9.0
2021,10,Silverstone,PER,1.0017797002319815,0.021478253368193225,0.9504794388313276,0.9997506435006436,1.0029007927620706,1.0037709785048656,-0.0007581516760907079,10.5,3,Red Bull Racing,0.0,-16.0,0.0,16.0
2021,10,Silverstone,RAI,1.0077618322357365,0.0173988653081243,0.98563828646202,1.0132575075075074,1.0045017074987959,1.007559905208753,-0.000655121293599352,22.5,1,Alfa Romeo Racing,0.00036872576289526116,-2.0,13.0,15.0
2021,10,Silverstone,RIC,0.9949992585276317,0.008988053236872335,0.979084883197117,1.00144535840188,0.9905278828039575,0.9954762062178643,-0.0004433739708887669,23.0,1,McLaren,0.0015478818606013967,1.0,6.0,5.0
2021,10,Silverstone,RUS,1.0061460649786793,0.011123821505645531,0.9872900444044018,1.001605855855856,1.0085774551607742,1.0091022125178166,-0.001091740412056206,22.5,1,Williams,-0.000335356915574625,0.0,12.0,12.0
2021,10,Silverstone,SAI,0.9932211238482694,0.009530177959402801,0.978430615440719,0.9952563160987072,0.9927915223491446,0.9928053285323652,-0.0007596117330180574,23.0,1,Ferrari,0.0029221705834127087,4.0,10.0,6.0
2021,10,Silverstone,STR,1.001884459018962,0.008458542164321858,0.986678679451702,0.9956933019976495,1.005838952814686,1.0044864981241979,-0.0008045746448937593,23.0,1,Aston Martin,-0.0027110092296704913,6.0,14.0,8.0
2021,10,Silverstone,TSU,1.0028038381221256,0.014727603380568298,0.9741725121736704,0.9974838425381902,1.0066860992942739,1.0045085364675246,-0.0015375809809171025,23.0,1,AlphaTauri,0.0013780299999126555,6.0,16.0,10.0
2021,10,Silverstone,VET,1.0073064774783032,0.0071235944797640805,0.9981230023382028,0.9994973382473382,1.0124374683374513,1.010041932956894,-0.00029290871865242856,16.5,1,Aston Martin,0.0027110092296707133,-11.0,8.0,19.0
2021,11,Budapest,ALO,0.9953210392769203,0.017125335009853304,0.9652153023842412,1.0038729886020783,0.984888832087426,0.9962630406720839,-0.00032372630680558716,32.0,1,Alpine,0.0008737275539005829,5.0,9.0,4.0
2021,11,Budapest,GAS,0.9992955959246855,0.01791086328890108,0.9416131163293496,1.0018589209823408,0.9974679944331561,0.9969288760737672,-0.0010148693558698957,20.666666666666668,2,AlphaTauri,-0.0027479778764695206,0.0,5.0,5.0
2021,11,Budapest,GIO,1.0079365094992572,0.012580630921141525,0.9937661401717616,1.0043558305809424,1.008406921834531,1.0104127639616238,0.00028193442717771,20.333333333333332,2,Alfa Romeo Racing,0.0022068285171668034,-13.0,0.0,13.0
2021,11,Budapest,HAM,0.9868409419608531,0.02213929061234961,0.9454687406161792,0.985617405736331,0.9886942343507772,0.9846257704807023,-0.00024389671004968055,20.333333333333332,2,Mercedes,0.0,-1.0,1.0,2.0
2021,11,Budapest,LAT,1.0067312023301906,0.008311808894124894,0.9949072127800132,1.0071216057660073,1.007899710033187,1.003314393939394,-0.00031098763802022393,32.0,1,Williams,0.00015483304306052048,11.0,18.0,7.0
2021,11,Budapest,MSC,1.0134621782570854,0.01600331705385636,0.993465857906432,1.0154228458620012,1.0105270271205038,1.013234231111326,-0.0002987989290001609,31.5,1,Haas F1 Team,0.0,8.0,20.0,12.0
2021,11,Budapest,OCO,0.993573584169119,0.01180946707528769,0.9779712930154346,1.000649513912169,0.9846824611980824,0.9944358917386151,-0.0004082473889092112,32.0,1,Alpine,-0.0008737275539006939,7.0,8.0,1.0
2021,11,Budapest,RAI,1.0035228524649238,0.015495333089313222,0.9791363882049128,0.999310848908844,1.0078535311764472,1.0019288035589897,-0.0004475096259373503,20.333333333333332,2,Alfa Romeo Racing,-0.0022068285171665813,3.0,13.0,10.0
2021,11,Budapest,RIC,1.0115705537398705,0.013121157282012935,0.9945588853522312,1.0043412671806908,1.0147124500276288,1.0152750700371893,-0.0008585056082016446,31.0,1,McLaren,0.0,0.0,11.0,11.0
2021,11,Budapest,RUS,1.0064215362440694,0.013195500046281953,0.9862710948291392,1.006045717398592,1.0081286036338037,1.0032925713136955,-0.0008643870557728649,32.0,1,Williams,-0.00015483304306074253,9.0,17.0,8.0
2021,11,Budapest,SAI,0.9953135322202871,0.015951154089015693,0.977995315596661,0.998414452732149,0.9882530966109082,0.9988804331725072,-0.0007073450506593454,32.0,1,Ferrari,0.0,12.0,15.0,3.0
2021,11,Budapest,TSU,1.0047915516776245,0.011129497534436898,0.9903309110563931,1.0078981955951452,1.0067390213546894,0.9969648600933517,-0.0003803879755175314,31.5,1,AlphaTauri,0.0027479778764694096,10.0,16.0,6.0
2021,11,Budapest,VER,1.0029813185684866,0.017860545044658182,0.9722539186835624,0.9942415624019986,1.0093516054418386,1.0045292081019237,-0.0008270982296042541,20.666666666666668,2,Red Bull Racing,0.0,-6.0,3.0,9.0
2021,11,Budapest,VET,0.9939671416131164,0.01193405415330627,0.9784277220587352,0.9951155506201811,0.9927120696590794,0.9926715655154901,-0.00038176686499316614,32.0,1,Aston Martin,0.0,-10.0,10.0,20.0
2021,13,Zandvoort,ALO,0.9998099460416207,0.013779130151896007,0.9731771668750776,1.0011907415642738,1.0005651997057234,0.9983263704106333,-0.0005413396500425218,34.0,1,Alpine,-0.00046608470745368447,3.0,9.0,6.0
2021,13,Zandvoort,BOT,0.9842443920603273,0.012899321753685154,0.9499486064827848,0.9866946947891511,0.9793140196937289,0.9849973770533247,0.004048131662793031,22.666666666666668,2,Mercedes,0.004450985982150768,0.0,3.0,3.0
2021,13,Zandvoort,GAS,0.9951997610460005,0.012450960432787195,0.9796586422945732,0.9880432968419025,1.0012968949347625,0.993915441548593,-0.0003770688882369363,34.5,1,AlphaTauri,-0.008846777053332588,0.0,4.0,4.0
2021,13,Zandvoort,GIO,1.0063371404657095,0.013012009301301631,0.983678466443634,1.0053170716701654,1.011273142804708,1.0027489647990346,-0.00043798394439666685,21.666666666666668,2,Alfa Romeo Racing,-0.004387794498634134,-7.0,7.0,14.0
2021,13,Zandvoort,HAM,0.9753424200960257,0.013795391727234015,0.930936278585598,0.9777423612321635,0.9693394401414757,0.9774148490383584,-8.001325592961177e-06,16.5,3,Mercedes,-0.004450985982150879,0.0,2.0,2.0
2021,13,Zandvoort,KUB,1.0151127294629778,0.01579096863413005,0.9878292294900584,1.0163965171106257,1.0166926200364534,1.0128023546955536,0.0005467041298087273,33.0,1,Alfa Romeo Racing,0.004387794498634134,1.0,16.0,15.0
2021,13,Zandvoort,LAT,1.015152855039599,0.013801345520430419,0.99238590311831,1.0107723148013668,1.0224966943627096,1.0125891441043415,0.00022161800470280236,33.5,1,Williams,0.0035611043953356347,-16.0,0.0,16.0
2021,13,Zandvoort,LEC,0.9943548005088132,0.010561162603223371,0.9791610744845918,0.9987017220385762,0.9875826008396312,0.9981974352005765,0.00011968925297776375,34.0,1,Ferrari,-0.002763773520380708,0.0,5.0,5.0
2021,13,Zandvoort,MAZ,1.0260998380781283,0.014361539367211346,0.9959998166855436,1.0258968049610366,1.0280516672569011,1.0250488588943516,0.0011611455506223792,18.5,1,Haas F1 Team,0.003998875085774012,-2.0,18.0,20.0
2021,13,Zandvoort,MSC,1.01810208790658,0.019233374426314613,0.9941797660121904,1.014783224637896,1.0195394582656399,1.021152772371228,0.00012122369183985536,20.333333333333332,2,Haas F1 Team,-0.003998875085774234,-1.0,17.0,18.0
2021,13,Zandvoort,NOR,1.0004361420625418,0.01831689492563951,0.972037998468015,1.0021182429896909,0.9978548725038842,1.0024598815565768,7.454478208072311e-05,34.0,1,McLaren,-0.0012718403192444327,3.0,13.0,10.0
2021,13,Zandvoort,OCO,1.0007421154565281,0.013288454247249242,0.9777862160622746,0.9989313570533234,1.0053510323254762,0.9984180155354287,-0.0005666439736073073,34.0,1,Alpine,0.0004660847074537955,-1.0,8.0,9.0
2021,13,Zandvoort,PER,0.9939212608860317,0.018507686569667028,0.9618902339223402,0.9998678537897395,0.9853209547903028,0.9980659718491457,0.0021011339392534253,22.0,2,Red Bull Racing,0.009216511236243674,-8.0,0.0,8.0
2021,13,Zandvoort,RIC,1.0029798227010307,0.013802632585849784,0.9809942190476816,1.0105116828213967,0.9968182162056078,1.0025325656210695,-0.0005531414600365939,34.0,1,McLaren,0.0012718403192444327,-1.0,10.0,11.0
2021,13,Zandvoort,RUS,1.008030646248928,0.0121271004235135,0.9902646929810204,1.0028891655399614,1.0141073791728021,1.0077797625443217,-0.000527661491461364,32.0,1,Williams,-0.0035611043953354127,-6.0,11.0,17.0
2021,13,Zandvoort,SAI,0.9998823475495747,0.00974566556917718,0.985446141558042,1.0052132749201594,0.9962798785615531,0.9989653581428274,-3.4839589117194856e-06,34.0,1,Ferrari,0.002763773520380819,-1.0,6.0,7.0
2021,13,Zandvoort,STR,1.0086332705380345,0.013296073384379317,0.9900420968555024,1.0074565757846459,1.0114863419385152,1.0076254592515022,-0.0003586277884298836,33.5,1,Aston Martin,0.0027631680070150377,0.0,12.0,12.0
2021,13,Zandvoort,TSU,1.0128933151526658,0.011079340131152762,0.9922942458901554,1.0147184333576273,1.0170902516431959,1.0069527335241315,-0.0008989422942926508,22.0,1,AlphaTauri,0.0088467770533327,-5.0,14.0,19.0
2021,13,Zandvoort,VER,0.9754882384135444,0.010552583832778012,0.9594547704313784,0.981000582371785,0.9642816810607115,0.981019346601862,-6.539553285960363e-05,22.666666666666668,2,Red Bull Racing,-0.009216511236243674,0.0,1.0,1.0
2021,13,Zandvoort,VET,1.0031069345240045,0.01956365966117539,0.9683978971213084,1.0036961085826366,1.0036637248140763,1.002748603201891,-0.0008079308081444143,21.333333333333332,2,Aston Martin,-0.0027631680070150377,2.0,15.0,13.0
2021,14,Monza,ALO,1.0012320333790188,0.00950880466706459,0.9830299893613964,0.999899624375593,1.0037083291142088,1.000555814475342,-0.00029399065807547817,22.5,1,Alpine,-0.0008710125897783971,2.0,10.0,8.0
2021,14,Monza,BOT,0.9946846985374735,0.009560484204863218,0.9756117197159206,0.9947803993408759,1.0010140573888977,0.988666818266078,-0.00045004622549091544,23.0,1,Mercedes,0.0,16.0,19.0,3.0
2021,14,Monza,GIO,1.0005957095321367,0.007199049459348899,0.9858592829006012,0.9961407425942679,1.0029035247332747,1.0031462677105056,-0.0004025970113971437,22.0,1,Alfa Romeo Racing,-0.0028244691750405337,-6.0,7.0,13.0
2021,14,Monza,KUB,1.0062446478822178,0.009080637856766422,0.987365939216194,0.9993625090905744,1.0098844913790448,1.0098104331915656,-0.00038733522752362824,23.0,1,Alfa Romeo Racing,0.0028244691750405337,3.0,17.0,14.0
2021,14,Monza,LAT,1.002907972156657,0.0087698578890971,0.9885620633140688,1.0033812612681976,1.0074993019266825,0.9983028984893209,-0.00015755403633214082,22.0,1,Williams,8.08606620195107e-06,2.0,13.0,11.0
2021,14,Monza,LEC,0.9951955015332842,0.007960350647981724,0.98127030679433,0.9992489728034566,0.989970957748587,0.9971233636457109,-0.0002576101502896043,23.0,1,Ferrari,-0.0017236788316787877,1.0,5.0,4.0
2021,14,Monza,MAZ,1.0198365839076495,0.007561671683904856,1.0029270536818196,1.0091250690555633,1.0214983303906153,1.0291793671286151,-0.0013735179296895687,9.666666666666666,2,Haas F1 Team,0.003993739781536831,0.0,16.0,16.0
2021,14,Monza,MSC,1.0118491043445759,0.009881728884210494,0.9972339630236636,1.0125220551909098,1.0035904749046478,1.020196606424663,0.00020278532269146432,20.0,1,Haas F1 Team,-0.003993739781536831,3.0,18.0,15.0
2021,14,Monza,NOR,0.9927292398446805,0.007237618855761173,0.9772678915437478,0.9946837757502046,0.9966451092301885,0.9873602987251914,-0.00015173382585697518,21.5,1,McLaren,0.000716952290776951,1.0,3.0,2.0
2021,14,Monza,OCO,1.0029740585585756,0.009517074704609729,0.9841111015267836,0.9996233356961154,1.0074850936498876,1.0021921875269706,-0.0003495538699484477,23.0,1,Alpine,0.0008710125897783971,2.0,12.0,10.0
2021,14,Monza,PER,0.9944714264104902,0.008063479439678941,0.9793956122947758,0.9944014336257659,0.9958109597444167,0.9937191313203634,-0.0003041071631513701,23.0,1,Red Bull Racing,0.0,3.0,8.0,5.0
2021,14,Monza,RIC,0.9912953352631266,0.006121356051267003,0.9754392018171886,0.99785890258294,0.9903576326119873,0.9863808192222049,-2.3058388757929638e-05,21.5,1,McLaren,-0.000716952290776951,1.0,2.0,1.0
2021,14,Monza,RUS,1.0028918000242528,0.009359991559354087,0.9872049225107106,1.0013386541960863,1.0095990584381755,0.9981050073585755,-0.00044927342747080147,23.0,1,Williams,-8.086066202173114e-06,5.0,14.0,9.0
2021,14,Monza,SAI,0.9986428591966418,0.010251529317700191,0.9840305931740418,1.0022001491314474,0.995389047299687,0.9990423720354622,-0.00019468327930308692,23.0,1,Ferrari,0.0017236788316787877,0.0,6.0,6.0
2021,14,Monza,STR,1.000713457354534,0.008818504204870977,0.987411943989189,1.008110036778256,0.9978945631424788,0.9969132925582617,-0.00021593943974101157,22.5,1,Aston Martin,-0.0011846318202799466,2.0,9.0,7.0
2021,14,Monza,VET,1.003082720995094,0.009315867255902503,0.988389545415337,1.004078671584051,1.0058078700996342,0.999875156505972,-0.0003622742712893149,14.333333333333334,2,Aston Martin,0.0011846318202801687,-1.0,11.0,12.0
2021,15,Sochi,ALO,1.0055186237902418,0.030459662828893435,0.972266283090807,1.0036827929963437,1.0108147276045656,1.000528822931761,0.0028282886522566593,16.0,2,Alpine,-0.00048010789213326355,0.0,6.0,6.0
2021,15,Sochi,BOT,1.0109828556697307,0.03282418662148743,0.9676357868395384,1.00117821155247,1.0074948934721553,1.0242064880050188,0.0007295991666038721,16.0,2,Mercedes,0.007003215075056746,11.0,16.0,5.0
2021,15,Sochi,GAS,1.0095217592447991,0.031384947530532115,0.968256470379602,1.0013191613593848,1.0124977138328355,1.0135546646452853,0.0035727974734693583,15.666666666666666,2,AlphaTauri,0.0024955794523704444,-2.0,11.0,13.0
2021,15,Sochi,GIO,1.0058814863320167,0.016277413577596517,0.9759312716130876,1.0080687501727044,1.0080114428448241,1.0022012823447706,0.001597686788531036,21.5,1,Alfa Romeo Racing,-0.0022020633088046804,1.0,17.0,16.0
2021,15,Sochi,HAM,0.9969764255196173,0.03714826142642586,0.961320578122383,0.9966987735194014,0.9984006638486198,0.9943779598816326,-0.003842281908036028,16.0,2,Mercedes,-0.007003215075056635,3.0,4.0,1.0
2021,15,Sochi,LAT,1.0061918333092998,0.025151321583874967,0.9852119683549916,1.0020608857760325,1.003207698993395,1.0112124089039092,-0.0021663794830080983,22.0,1,Williams,0.0008764530259390835,-1.0,18.0,19.0
2021,15,Sochi,LEC,1.0015521372031886,0.02560490908814445,0.9753007359533404,0.9957642131893977,1.0050121680911082,1.0016344448572194,0.001793110183237719,23.0,1,Ferrari,-0.0028890204525198193,4.0,19.0,15.0
2021,15,Sochi,MAZ,1.0228690609761433,0.025020558650434926,1.0020886493729124,1.017568479766938,1.0254851366392053,1.0239499364172977,-0.000806612092659578,21.5,1,Haas F1 Team,0.003225427692462368,-3.0,15.0,18.0
2021,15,Sochi,MSC,1.0164182055912183,0.016872856762956318,0.9879311533876513,1.0131581025015495,1.0169974426832777,1.0211410202416047,0.0008513818430650891,14.0,1,Haas F1 Team,-0.00322542769246259,-6.0,14.0,20.0
2021,15,Sochi,NOR,0.9971584844812694,0.0352996272576309,0.9598230559304834,1.002160054512862,1.0020768910701958,0.9851353564627437,0.0016983627894902307,16.0,2,McLaren,-0.003993392511732252,-6.0,1.0,7.0
2021,15,Sochi,OCO,1.0064788395745083,0.026022327996632778,0.9911035359257544,1.0038900709546488,1.0098744706911205,1.0040227475329444,-0.0011904665499390113,15.333333333333334,2,Alpine,0.00048010789213326355,-5.0,9.0,14.0
2021,15,Sochi,PER,1.0019494619799365,0.03142438822103981,0.9774780544034049,0.9989986147604305,1.0073060771906612,0.9975572615388649,0.003593453607365539,15.666666666666666,2,Red Bull Racing,-0.002243730732904625,-1.0,8.0,9.0
2021,15,Sochi,RAI,1.010285612949626,0.035508725137278874,0.9880592309435374,1.0076458496276197,1.0088000082090753,1.0133257354350875,-0.0011939421865091607,15.666666666666666,2,Alfa Romeo Racing,0.0022020633088046804,5.0,13.0,8.0
2021,15,Sochi,RIC,1.0051452695047338,0.032387489280983305,0.9765815115122016,1.0032618351761997,1.006225353910749,1.0049086149558342,-0.0013729313369582495,16.0,2,McLaren,0.003993392511732141,1.0,5.0,4.0
2021,15,Sochi,RUS,1.0044389272574215,0.021440171010046777,0.9910838316863874,1.0020127914308465,1.0027947207328183,1.0085081733909995,-0.0011019183601624328,15.0,2,Williams,-0.0008764530259393055,-7.0,3.0,10.0
2021,15,Sochi,SAI,1.007330178108228,0.0364630524052806,0.9782563718584052,1.0116466099275103,1.0078977490170513,1.0020874186880568,0.0005114253617962945,16.333333333333332,2,Ferrari,0.0028890204525195973,-1.0,2.0,3.0
2021,15,Sochi,STR,1.0097995750452375,0.03200808934299698,0.9897833518881588,1.0077753731444197,1.0105186199135672,1.0105965844423348,-0.005061167099559033,16.0,2,Aston Martin,-0.00017035956952793363,-4.0,7.0,11.0
2021,15,Sochi,TSU,1.0045306003400583,0.016510612470682674,0.9848178835676494,1.0013880615142596,1.005745833462536,1.0083476747865823,-0.00019860490084881675,21.5,1,AlphaTauri,-0.0024955794523704444,-5.0,12.0,17.0
2021,15,Sochi,VER,1.006436923445746,0.0342300753071492,0.9694091683825776,0.9990259471110005,1.0076296490680585,1.0154288601298045,-0.0006470299031006451,16.0,2,Red Bull Racing,0.0022437307329048473,18.0,20.0,2.0
2021,15,Sochi,VET,1.0101402941842936,0.03445866953103821,0.9778327307120128,1.0078882556883688,1.01626523683887,1.004120932504983,0.0011668279444351929,16.0,2,Aston Martin,0.00017035956952815567,-2.0,10.0,12.0
2021,16,Istanbul,ALO,1.0070273934671974,0.013542858989455639,0.9812333285982606,1.0067228445046352,1.0052571774613488,1.0101005601129704,-0.0010323894617114276,27.0,1,Alpine,-0.0009490153206186402,-11.0,5.0,16.0
2021,16,Istanbul,BOT,0.9874552516841452,0.009249243306670247,0.951560206449169,0.9853300946718548,0.9916290381575542,0.9843258627696453,-0.0008350272719349197,28.0,1,Mercedes,-0.003336772581291836,0.0,1.0,1.0
2021,16,Istanbul,GAS,0.9947525248083987,0.01223537513426859,0.9766245245197848,0.9887819879807014,0.9983460211461168,0.9950837199534147,-0.0004958974810928298,28.0,1,AlphaTauri,-0.005339058573671562,-2.0,4.0,6.0
2021,16,Istanbul,GIO,1.0054428004194145,0.011665255912772137,0.9775715390564578,1.0066470838414523,1.0092266791774178,0.9993911661819334,-0.0010256818729139148,27.0,1,Alfa Romeo Racing,-0.0004926034462366946,5.0,16.0,11.0
2021,16,Istanbul,HAM,0.9941287968467288,0.011298178733245094,0.9760878829490032,0.9959879242727762,0.9944090915896806,0.9916538661140301,-0.001041414722568899,27.5,1,Mercedes,0.003336772581291836,6.0,11.0,5.0
2021,16,Istanbul,LAT,1.0064030653652425,0.016024213924673784,0.985652729769402,1.007687356120051,1.0045379201652131,1.007446723505299,-0.0005723683659015327,27.0,1,Williams,-0.0006736274183702928,-2.0,15.0,17.0
2021,16,Istanbul,LEC,0.9939314030771959,0.011605270720297357,0.975814300971742,0.993476850153768,0.9903381539178924,0.9972922956914022,-0.0010818232536850098,28.0,1,Ferrari,0.0002689169399240354,-1.0,3.0,4.0
2021,16,Istanbul,MAZ,1.0279496771044667,0.014415557494183249,1.0042352594556772,1.0285073107633274,1.0325270578912755,1.021770418900839,0.0004905669094279013,26.0,1,Haas F1 Team,0.003103006447388257,-2.0,18.0,20.0
2021,16,Istanbul,MSC,1.02174366420969,0.013268922474524367,0.9913032498382184,1.022144288011737,1.023615973168431,1.0192237050613822,-0.0002796715561893258,25.0,1,Haas F1 Team,-0.003103006447388479,-5.0,14.0,19.0
2021,16,Istanbul,NOR,0.994856180537321,0.01098789892812902,0.9727522873031657,0.9946690332492888,0.9902792731846288,1.0013444485521925,-0.0006046453518201975,27.5,1,McLaren,-0.0058905526478167936,0.0,7.0,7.0
2021,16,Istanbul,OCO,1.0089254241084347,0.011101674815666271,0.9952491437410232,1.0146507873809456,1.0027363109587193,1.0094732147971166,7.205675162441272e-05,56.0,0,Alpine,0.0009490153206186402,2.0,12.0,10.0
2021,16,Istanbul,PER,0.9938972053300384,0.011815150355829493,0.9728890782917964,0.9906959445768239,0.9916584493560551,0.998614440907814,-0.00034624640330153977,28.0,1,Red Bull Racing,0.001622983742165629,3.0,6.0,3.0
2021,16,Istanbul,RAI,1.0064280073118876,0.014458740594994229,0.9742254210268796,1.005346090384039,1.0109413619527863,1.0025406967576243,-0.0004072917209108323,27.0,1,Alfa Romeo Racing,0.0004926034462364726,5.0,17.0,12.0
2021,16,Istanbul,RIC,1.0066372858329549,0.014886702517409091,0.9812648957494832,1.0090181313554054,1.002384584713481,1.0092414043766738,-0.00040331615863281486,27.0,1,McLaren,0.005890552647817016,7.0,20.0,13.0
2021,16,Istanbul,RUS,1.007750320201983,0.01354296114653004,0.98278011900816,1.0147623570866526,1.0020390972073185,1.0059469133681096,-0.0012050373126822281,27.0,1,Williams,0.0006736274183702928,-2.0,13.0,15.0
2021,16,Istanbul,SAI,0.9933935691973478,0.0149098727612487,0.9672280358392392,0.9962654505441516,0.9915903612161864,0.9922044200525214,-0.0013534968732825119,27.5,1,Ferrari,-0.0002689169399240354,11.0,19.0,8.0
2021,16,Istanbul,STR,0.998862912949754,0.010897512526795161,0.9744569134691774,0.9994664929348788,1.004227551088467,0.9916059616729761,-0.0013358027192942052,27.5,1,Aston Martin,-0.0012640631636137156,-1.0,8.0,9.0
2021,16,Istanbul,TSU,1.005430641955742,0.012909993011731012,0.976940196032009,1.006741092128259,1.0046232587914663,1.0050897322424037,-0.0008976951601743326,26.5,1,AlphaTauri,0.005339058573671673,-5.0,9.0,14.0
2021,16,Istanbul,VER,0.9906512378457073,0.0073233987506765704,0.97604579341404,0.9898218137701253,0.9889285553860994,0.9926760382828885,-0.0005778885379913708,28.0,1,Red Bull Racing,-0.001622983742165518,0.0,2.0,2.0
2021,16,Istanbul,VET,1.0013910392769814,0.01319392807245553,0.9757406442855564,1.000435991033171,0.998376986143784,1.0069283615413795,-0.0012005384852337754,26.5,1,Aston Martin,0.0012640631636136046,-8.0,10.0,18.0
2021,17,Austin,ALO,1.0048849548866665,0.017142621879288836,0.9787221556593392,1.0056819423700412,1.0001613256708712,1.0113073942668824,-0.0013730606734427236,10.0,3,Alpine,-0.004673534230182241,1.0,19.0,18.0
2021,17,Austin,BOT,0.9959189182580629,0.015757842173081106,0.9795046091400348,0.9982456012531418,0.9920683777334047,1.0000184077312473,-0.0007522752486779373,16.666666666666668,2,Mercedes,0.006767957954632142,3.0,9.0,6.0
2021,17,Austin,GIO,1.0072206763332274,0.013495674909372906,0.9858131403281414,1.010894320789771,1.0028213120342864,1.0109062838650298,-0.0011969951049177329,16.666666666666668,2,Alfa Romeo Racing,-0.0005140474851454968,1.0,12.0,11.0
2021,17,Austin,HAM,0.9823830023487987,0.009988347244477221,0.9632491380785876,0.9832151834177262,0.9844926817948727,0.9801552199045673,0.00025247372980973074,17.0,2,Mercedes,-0.006767957954632031,0.0,2.0,2.0
2021,17,Austin,LAT,1.014738684989119,0.01216561839927531,0.99584810621806,1.0150741320899055,1.0127516680465591,1.0182135593723558,-0.0018451510504792735,16.666666666666668,2,Williams,0.002190528420576765,-1.0,14.0,15.0
2021,17,Austin,LEC,0.991641076314625,0.011574354516489008,0.971249724918698,0.9922640340971184,0.9923857625649002,0.9902165993841385,-0.000335166357648868,17.0,2,Ferrari,-0.002827572088081598,0.0,4.0,4.0
2021,17,Austin,MAZ,1.0276924745197638,0.014992114909636024,1.0062938601853435,1.0325663276700145,1.028659591452995,1.0238835794904826,-0.00030527963799230356,15.333333333333334,2,Haas F1 Team,0.005284218785049699,0.0,17.0,17.0
2021,17,Austin,MSC,1.0171240369496644,0.013646479639309669,0.9917108834388828,1.0155803304860993,1.0183728631958309,1.0181882842406713,2.4427696546016004e-05,15.333333333333334,2,Haas F1 Team,-0.005284218785049699,0.0,16.0,16.0
2021,17,Austin,NOR,0.997132250459907,0.014104154182370564,0.9802968432892388,0.9943156897745073,0.9973992129360388,0.9988080382755065,-0.0009403222902160813,17.0,2,McLaren,0.0004691844216964114,-1.0,7.0,8.0
2021,17,Austin,OCO,1.014232023347031,0.009722683692407764,0.9995256375773284,1.0170689163793456,1.0134310335442802,1.0142214568828587,0.00016451435155419398,11.333333333333334,2,Alpine,0.004673534230182241,-8.0,11.0,19.0
2021,17,Austin,PER,0.988926131501088,0.007735150177888911,0.9738220407364844,0.9917820175317948,0.9900457799639604,0.9855843712423734,0.00020056845126358415,16.666666666666668,2,Red Bull Racing,0.003063677425881428,0.0,3.0,3.0
2021,17,Austin,RAI,1.0082487713035186,0.014935653330482296,0.9911729466709048,1.0133381601155997,1.0041102534132047,1.010463830292594,-0.0007767991737905492,16.0,2,Alfa Romeo Racing,0.0005140474851457189,2.0,15.0,13.0
2021,17,Austin,RIC,0.9961938816165142,0.010613128249805554,0.9814411815047558,0.9929947907180066,0.9983336245909262,0.9960247567102789,-0.0007466464915296539,17.0,2,McLaren,-0.0004691844216964114,1.0,6.0,5.0
2021,17,Austin,RUS,1.0103576281479654,0.012497967044094463,0.9890211995989926,1.0108490155743184,1.010856590237517,1.0106686678055872,-0.00067955078457198,16.333333333333332,2,Williams,-0.002190528420576765,6.0,20.0,14.0
2021,17,Austin,SAI,0.997296220490788,0.012695253985011687,0.981754162897034,0.9974762303741213,0.9964781704821409,0.9980558944180971,-0.0006044545356085296,17.0,2,Ferrari,0.002827572088081487,-2.0,5.0,7.0
2021,17,Austin,STR,1.0090737657020896,0.012523862815829068,0.9896960657260924,1.0089272239441112,1.007073233033534,1.0129505478541936,-7.386645093214591e-06,16.333333333333332,2,Aston Martin,0.0020103265894957367,1.0,13.0,12.0
2021,17,Austin,TSU,1.004801410013109,0.010146359185103386,0.989324400322762,1.0052672702901422,1.00664982303251,1.0034806850608657,-0.0004215564768888641,16.333333333333332,2,AlphaTauri,0.0,1.0,10.0,9.0
2021,17,Austin,VER,0.982798776649325,0.008021605369033586,0.9692251265373988,0.9846905395067573,0.9860134284074512,0.9779954260106132,-9.157385696150633e-05,17.0,2,Red Bull Racing,-0.003063677425881539,0.0,1.0,1.0
2021,17,Austin,VET,1.0050531125230981,0.014496282283860618,0.982771352421938,1.011312921948496,1.0021115834440726,1.0048506613725756,-0.00037814520881024777,16.333333333333332,2,Aston Martin,-0.0020103265894957367,8.0,18.0,10.0
2021,18,Mexico City,ALO,1.001669031493087,0.013628362387396769,0.9840644736521252,1.0055889298318457,0.9981708848835018,1.0013447414806111,-0.00043310873557404577,32.0,1,Alpine,-0.0041538395002915784,3.0,12.0,9.0
2021,18,Mexico City,BOT,1.0056507780882413,0.01930508637815636,0.9482552610402596,0.9977367035809477,1.0115323312406475,1.0073617245431337,0.0004768377904188819,14.5,3,Mercedes,0.009680450878577274,-14.0,1.0,15.0
2021,18,Mexico City,GAS,0.9949600181573651,0.008498822367246422,0.9816137920944183,0.9984919861814194,0.9936545587176749,0.9918821296212601,-0.0001563469160248316,32.5,1,AlphaTauri,0.0,1.0,5.0,4.0
2021,18,Mexico City,GIO,1.0090984219927335,0.010727398956437274,0.9939647394474384,1.0020111064978203,1.0152997040444638,1.0092068155111633,-0.0011577746448531772,32.0,1,Alfa Romeo Racing,0.004192200949791669,0.0,11.0,11.0
2021,18,Mexico City,HAM,0.9862898763310868,0.008257835882403393,0.973201004657514,0.9900273071333898,0.9818757578539028,0.9875881768055682,-0.00011284422366720565,32.5,1,Mercedes,-0.009680450878577274,0.0,2.0,2.0
2021,18,Mexico City,LAT,1.016867525152602,0.01762732303780511,0.9942451656953352,1.018556571652422,1.0152348643950706,1.0167778685096298,-0.0005706940731579642,19.666666666666668,2,Williams,-0.001352149878793396,-4.0,13.0,17.0
2021,18,Mexico City,LEC,0.9980912257534463,0.008604703469510453,0.9835036211563316,0.9974710294203756,0.9977405687950184,0.9992240802675586,-0.00030916770798081997,32.5,1,Ferrari,0.00043051986771669437,3.0,8.0,5.0
2021,18,Mexico City,MAZ,1.0274412089653866,0.014360159532310953,0.99248945353459,1.019804325492513,1.0366438968304195,1.0237991503208896,0.000352482819065762,17.333333333333332,2,Haas F1 Team,0.0,-3.0,15.0,18.0
2021,18,Mexico City,NOR,1.0020683340852008,0.015046459930442315,0.9829183837694164,0.999084189675455,1.0018173396972931,1.0062624853113986,-0.00038058940947395526,32.0,1,McLaren,-0.002624243983705421,8.0,18.0,10.0
2021,18,Mexico City,OCO,1.00997671049367,0.013321745650805168,0.9918310614743104,1.0079974692804252,1.0130563854422423,1.0078182530356445,-0.001294046001305383,31.5,1,Alpine,0.0041538395002915784,6.0,19.0,13.0
2021,18,Mexico City,PER,0.9868732379571464,0.010565949503867094,0.9689092638201372,0.9917897616880385,0.98274436108387,0.9861426376208986,-3.316097083471266e-05,32.5,1,Red Bull Racing,0.0014977012550715374,1.0,4.0,3.0
2021,18,Mexico City,RAI,1.0007140200931501,0.012043515402254555,0.9840888585432466,0.9953690488547505,1.0059117510833384,0.9999596063454759,-0.0005856270321965268,32.0,1,Alfa Romeo Racing,-0.004192200949791669,2.0,10.0,8.0
2021,18,Mexico City,RIC,1.0073168220526116,0.013640502139612374,0.9884293691628668,1.0027800569631584,1.0096994564117594,1.0096767575028447,-0.00042580730615674167,31.5,1,McLaren,0.002624243983705421,-5.0,7.0,12.0
2021,18,Mexico City,RUS,1.0195718249101888,0.013310431400207226,0.9999756151088786,1.0212871751257309,1.024121629697759,1.010191425647246,-0.0005807890424279255,31.0,1,Williams,0.001352149878793396,0.0,16.0,16.0
2021,18,Mexico City,SAI,0.997230186018013,0.010680979770454546,0.9763832329488648,0.9965510158576383,0.9996760202123512,0.9942573629530151,-0.00022569324786681302,31.5,1,Ferrari,-0.00043051986771658335,0.0,6.0,6.0
2021,18,Mexico City,STR,1.0072624301982491,0.015343361256923312,0.9867346192299252,1.0031422277581712,1.0113012623249387,1.0065773599686643,0.0003675907705054158,20.0,2,Aston Martin,0.003605877673193758,6.0,20.0,14.0
2021,18,Mexico City,VER,0.9838778354470032,0.009052866691020635,0.9631910068521544,0.9930726114242825,0.9783143879922125,0.9794833227876707,4.148126133123299e-05,32.5,1,Red Bull Racing,-0.0014977012550716484,2.0,3.0,1.0
2021,18,Mexico City,VET,1.0000506748518618,0.011542448216678125,0.9810041698163816,1.003275616739326,0.9973102979966086,0.9995365746180965,-0.0004517004471177718,32.0,1,Aston Martin,-0.003605877673193536,2.0,9.0,7.0
2021,19,São Paulo,ALO,1.0045067576102058,0.014445455417897785,0.9846420246420244,1.0061173861226431,1.0020073354701025,1.0074159816563129,-0.0019044300926149861,19.333333333333332,2,Alpine,-0.0011054845537605829,3.0,12.0,9.0
2021,19,São Paulo,BOT,0.9869628149628149,0.018208043319604898,0.966047286047286,0.9894733675136228,0.9816956031954872,0.9906185707076589,-0.0020036937821136355,15.0,3,Mercedes,0.0033406710248815585,-2.0,1.0,3.0
2021,19,São Paulo,GAS,0.9984146847304742,0.012162226058493427,0.9753846153846154,0.9984758806277467,0.9991269482428308,0.9958086376999912,-0.0010414824503923727,14.25,3,AlphaTauri,-0.005946670288775602,0.0,7.0,7.0
2021,19,São Paulo,GIO,1.0107249072766313,0.015580418496191432,0.9887046287046288,1.0073928917341475,1.0174980229102228,0.998212012545026,-0.001207903062236328,14.5,3,Alfa Romeo Racing,0.0037049298755289506,-1.0,13.0,14.0
2021,19,São Paulo,HAM,0.9802814729130518,0.012538609982642314,0.9588011988011989,0.9822802804233096,0.9781207526982458,0.9820158583252122,-0.0013650938295361227,14.25,3,Mercedes,-0.0033406710248815585,9.0,10.0,1.0
2021,19,São Paulo,LAT,1.011175261520089,0.014771128585519894,0.9938861138861138,1.0065287524348927,1.0167089661577384,1.0029254325905639,-0.0016681805462273897,14.5,3,Williams,-0.001548566376152527,0.0,16.0,16.0
2021,19,São Paulo,LEC,0.9916485813037537,0.014384395819223947,0.96999000999001,0.9939357224384571,0.9868404548596379,0.9990261943675885,5.787921339440657e-05,14.5,3,Ferrari,-0.0001306739237774135,1.0,6.0,5.0
2021,19,São Paulo,MAZ,1.0258070664967216,0.016842427053746053,0.9983882783882784,1.0267712155199418,1.0292862817101627,1.015923227974926,-0.002171950049125413,19.333333333333332,2,Haas F1 Team,0.0037269788086484734,2.0,19.0,17.0
2021,19,São Paulo,MSC,1.0183531088794247,0.020079949654461225,0.982923742923743,1.0179010751269946,1.019629407859095,1.0150278164258906,-0.0008303248078792219,11.4,4,Haas F1 Team,-0.0037269788086484734,0.0,18.0,18.0
2021,19,São Paulo,NOR,1.005104836683784,0.015926172090695415,0.9824975024975025,1.0033431704980318,1.009781890942303,0.9955767490229009,-0.0004932228115623958,19.0,2,McLaren,-0.0005069784017150969,-5.0,5.0,10.0
2021,19,São Paulo,OCO,1.0067177267177267,0.011632794542602135,0.9914085914085916,1.0062441265532003,1.0064812664998408,1.0068417375101901,-0.0008535747770854951,20.0,2,Alpine,0.0011054845537603608,0.0,8.0,8.0
2021,19,São Paulo,PER,0.9851460819881871,0.01642663274918847,0.9458541458541458,0.9899890362326407,0.9761406586403837,0.9943549919400808,-0.0032988120548085188,11.4,4,Red Bull Racing,0.0006936560112602574,0.0,4.0,4.0
2021,19,São Paulo,RAI,1.0033150475255737,0.019641102004327598,0.9673126873126872,1.0028384891433972,1.0042149979339132,1.00088056405133,0.0019098219132764032,14.25,3,Alfa Romeo Racing,-0.0037049298755287285,-12.0,0.0,12.0
2021,19,São Paulo,RIC,1.0061187934872144,0.011286035625671934,0.9915817515817515,1.0072459785780623,1.0064562381109499,1.0031626755254273,-0.001900228102716817,12.666666666666666,2,McLaren,0.0005069784017153189,-8.0,11.0,19.0
2021,19,São Paulo,RUS,1.0142723942723944,0.016027407836055777,0.9904095904095904,1.0086584957495148,1.0205559514183007,1.0054061271448824,-0.0031070915964935136,19.333333333333332,2,Williams,0.001548566376152749,4.0,17.0,13.0
2021,19,São Paulo,SAI,0.9919099291513086,0.015313149173650115,0.9684981684981684,0.9959547479053625,0.9868084300083533,0.997989141565237,-0.0009190321163545975,14.5,3,Ferrari,0.00013067392377752451,-3.0,3.0,6.0
2021,19,São Paulo,TSU,1.0103080253080252,0.013932663561418592,0.9883982683982684,1.011011314309581,1.01379629322513,1.0007091284167096,-8.525294586441155e-05,18.666666666666668,2,AlphaTauri,0.00594667028877538,0.0,15.0,15.0
2021,19,São Paulo,VER,0.9837587699656666,0.013146993476784764,0.9655144855144856,0.989668229255398,0.9736417682343721,0.9948759753115175,-0.0020649161693155936,14.5,3,Red Bull Racing,-0.0006936560112602574,0.0,2.0,2.0
2021,19,São Paulo,VET,1.002334040228777,0.014128929722771664,0.9808058608058609,1.0030940356006441,1.00178774206367,1.0017856449671987,-0.0009216778619521076,14.25,3,Aston Martin,0.0,-2.0,9.0,11.0
2021,20,Lusail,ALO,0.9981757228048245,0.01920012852514231,0.9727746105849082,0.9935317016050913,0.9966485395135838,0.9996638584169081,-0.0014323096518909623,26.0,1,Alpine,-0.0012011687852341302,0.0,3.0,3.0
2021,20,Lusail,BOT,1.0002613557580562,0.01587447849445892,0.9791040086187548,1.0028902280783387,0.9940280384970652,1.0033607016996609,-0.00048404145099239485,22.5,1,Mercedes,0.009831714822961302,-14.0,6.0,20.0
2021,20,Lusail,GAS,0.9987055377881278,0.015873401473465935,0.976556538133501,1.0012854551101704,0.9957565085567615,0.9985792518939329,0.0003336693357817821,16.333333333333332,2,AlphaTauri,-0.001731675297941715,-9.0,2.0,11.0
2021,20,Lusail,GIO,1.0083061659259924,0.016011098579024566,0.985579297032814,1.0106496771191538,1.011483753463842,1.0022984136002584,0.00026245357178664787,16.0,2,Alfa Romeo Racing,0.0025693592908277996,3.0,18.0,15.0
2021,20,Lusail,HAM,0.9805979261121336,0.015948626113842845,0.9548413161556762,0.974562580471227,0.9742404129793512,0.9885043949065873,-0.0010070490867838176,16.666666666666668,2,Mercedes,-0.009831714822961302,0.0,1.0,1.0
2021,20,Lusail,LAT,1.0143540852649284,0.014328679782166584,0.995780401310769,1.0113811785688158,1.0190905952768126,1.01200750629139,-0.0004783843203637697,23.5,1,Williams,0.001999336927028139,-2.0,17.0,19.0
2021,20,Lusail,LEC,0.9990993524491539,0.019364896243927957,0.9713493737935988,1.004172449681926,1.0002964312568685,0.9923917295938128,-0.0007619225283041261,25.5,1,Ferrari,-0.0007132785331217528,5.0,13.0,8.0
2021,20,Lusail,MAZ,1.0270786012479238,0.01982454482135627,0.9801589082910626,1.0269422219195805,1.03615714668812,1.0176117108385414,-0.0011321962671397082,25.0,1,Haas F1 Team,0.007021928446379722,2.0,20.0,18.0
2021,20,Lusail,MSC,1.0130347443551646,0.016622248538332763,0.9921892534901467,1.0102291375846923,1.0178989005095198,1.010397379766719,-0.0007427733952318334,25.0,1,Haas F1 Team,-0.0070219284463794995,3.0,19.0,16.0
2021,20,Lusail,NOR,0.9978146216515067,0.018244694904597257,0.9622705032095884,1.0012076329629602,0.9960445159560204,0.9957152474304786,0.0011628684600759628,16.333333333333332,2,McLaren,-0.0051551751463252415,-5.0,4.0,9.0
2021,20,Lusail,OCO,1.0005780603752927,0.015459735996373871,0.9770278762849576,0.9964744469167599,1.0019179299502048,1.0027353075517162,-0.0006545648291681281,25.5,1,Alpine,0.0012011687852341302,4.0,9.0,5.0
2021,20,Lusail,PER,0.9923218602878597,0.019317124449198097,0.9607779323966422,0.9971719987576251,0.9884058208963391,0.9909346312636884,-0.0008425753663220723,16.333333333333332,2,Red Bull Racing,0.006514882650999976,7.0,11.0,4.0
2021,20,Lusail,RAI,1.003167447344337,0.017685775121038833,0.9691385734165282,1.0067865081411,1.0047278364282157,0.9975227282183218,-0.0005274652800700592,16.333333333333332,2,Alfa Romeo Racing,-0.0025693592908275775,2.0,16.0,14.0
2021,20,Lusail,RIC,1.0081249719441574,0.015089752720751635,0.9785653364456612,1.0135868313482486,1.008044395017326,1.0023047620171026,-0.0008210263054502817,25.5,1,McLaren,0.005155175146325464,2.0,14.0,12.0
2021,20,Lusail,RUS,1.0103554114108722,0.017718339404773322,0.962517394622256,1.0119782268223758,1.0089913236345758,1.0095821775118925,-0.00139742051652369,16.0,2,Williams,-0.001999336927028139,-2.0,15.0,17.0
2021,20,Lusail,SAI,1.0005259095153975,0.017334642976465777,0.9715177088476904,1.001937351836312,1.0005593414625167,0.9985720567428871,-0.0009230755659171559,25.5,1,Ferrari,0.0007132785331218638,-2.0,5.0,7.0
2021,20,Lusail,STR,1.0000613927844333,0.0161649246881792,0.9803384656820936,1.0047525870857008,0.9982141824281335,0.9967633723052404,-0.0008614844917116013,25.5,1,Aston Martin,-0.001054679626485422,6.0,12.0,6.0
2021,20,Lusail,TSU,1.002168888384011,0.01566486792448951,0.9768258742200476,1.0045074309727977,0.9995984314884442,1.001900242066012,-7.861978606234677e-05,16.333333333333332,2,AlphaTauri,0.0017316752979414929,-5.0,8.0,13.0
2021,20,Lusail,VER,0.9792920949858598,0.015103312972428291,0.9336535440140056,0.9760668686799905,0.9766445427728613,0.9845740449851276,-0.0009396654819600298,12.5,3,Red Bull Racing,-0.006514882650999976,5.0,7.0,2.0
2021,20,Lusail,VET,1.0021707520374044,0.020647139901100616,0.969991471023926,1.0040803219929488,1.0036833719811336,0.9982522603640568,-0.001168117746007934,25.5,1,Aston Martin,0.001054679626485644,0.0,10.0,10.0
2021,21,Jeddah,ALO,1.0191509554683502,0.03312488580875801,0.9771476710458966,1.0267919983112512,1.0123015073125938,1.0099844135749796,0.0005263776797954641,10.0,2,Alpine,0.008784030562190681,0.0,13.0,13.0
2021,21,Jeddah,BOT,0.9942625911747143,0.011793218452716126,0.9747483364613548,0.9981902029342408,0.9874353288987435,0.993863911737602,-0.0014945657964511106,16.0,1,Mercedes,0.00302666060612522,-1.0,2.0,3.0
2021,21,Jeddah,GAS,1.0047113600494797,0.02075608116054784,0.9842283739976112,1.0022818776354152,1.005083400524088,1.0007572784054064,-0.0027124778937365006,16.0,1,AlphaTauri,-0.001215063022521834,0.0,6.0,6.0
2021,21,Jeddah,GIO,1.0090906505767452,0.021665358532655176,0.9902853608599216,1.0094247389268993,1.0057600801402455,1.0052251240346397,-0.0036361115033864255,16.5,1,Alfa Romeo Racing,-0.0036675081302706136,1.0,10.0,9.0
2021,21,Jeddah,HAM,0.9882092699624638,0.015599675529419176,0.9675609964169936,0.9893163892341467,0.9828222636565209,0.9901553807297176,-0.0010468042143447947,16.0,1,Mercedes,-0.00302666060612522,0.0,1.0,1.0
2021,21,Jeddah,LAT,1.0172089647541789,0.03084174911507949,0.9890696980037536,1.0157436082102989,1.0134452772025841,1.0125839438102655,-0.0071170899138981265,16.5,1,Williams,0.0,4.0,16.0,12.0
2021,21,Jeddah,LEC,0.9970517980268374,0.016335003111552206,0.9768064323494284,0.9988184327975468,0.9952166111354844,0.992697000299147,-0.0025207220095726664,17.0,1,Ferrari,-0.0030570345353633233,-3.0,4.0,7.0
2021,21,Jeddah,NOR,1.0035607379788636,0.021252716604976317,0.980144173349258,1.003884287600528,1.000462430487212,1.001110256724281,-0.00248286802110911,17.0,1,McLaren,-0.0009638699416378849,-3.0,7.0,10.0
2021,21,Jeddah,OCO,1.0015828943439686,0.019669544268615374,0.978896519365296,0.9950872954104566,1.0041301316938789,1.0004010375780745,-0.0027037924258632657,16.0,1,Alpine,-0.008784030562190903,5.0,9.0,4.0
2021,21,Jeddah,RAI,1.0164256668372862,0.02451455118803902,0.9893576181538988,1.0199346851601208,1.010917377768819,1.0095498139868253,-0.003965436137901083,10.0,2,Alfa Romeo Racing,0.0036675081302703916,-3.0,12.0,15.0
2021,21,Jeddah,RIC,1.0054884778621396,0.019224818777552714,0.9886964681794916,1.0093073286326621,0.9995097174628771,1.0004703658827947,-0.0033864104895767843,16.0,1,McLaren,0.0009638699416381069,6.0,11.0,5.0
2021,21,Jeddah,SAI,1.003165867097564,0.026912664390914047,0.979472359665586,1.0047380539278272,0.9981324922631822,0.9981860452976712,-0.0045569697494692194,17.0,1,Ferrari,0.0030570345353633233,7.0,15.0,8.0
2021,21,Jeddah,STR,1.0134485530962243,0.027603118171529866,0.9896348745947792,1.009447245228664,1.011528304614376,1.0107667342043942,-0.006718374561724726,16.5,1,Aston Martin,-0.00492562075216485,7.0,18.0,11.0
2021,21,Jeddah,TSU,1.0071414860945231,0.0258881192242269,0.9864570892339192,1.0036005115915212,1.0058993482496807,1.0040445066384518,-0.005184383513746411,10.0,2,AlphaTauri,0.001215063022521612,-6.0,8.0,14.0
2021,21,Jeddah,VER,0.9919172315201149,0.013173129057595268,0.9756014332025252,0.9878952106589843,0.9908355882957779,0.9942608445629026,-0.0014200789065081318,16.5,1,Red Bull Racing,0.0,1.0,3.0,2.0
2021,21,Jeddah,VET,1.0232997946005538,0.029460202733751675,1.0027085821532162,1.027348649621894,1.0213912104156007,1.0100370976168784,-0.005928782129165624,13.0,1,Aston Martin,0.004925620752164628,1.0,17.0,16.0
2021,22,Yas Island,ALO,1.0043949194610002,0.010853245982887305,0.978723404255319,1.002442779052939,1.0047181188802983,1.0066847820602098,-0.0009710722203104871,24.0,1,Alpine,0.0008082770435051678,3.0,11.0,8.0
2021,22,Yas Island,BOT,0.9978372951350188,0.013264075009381175,0.9704004513386546,0.9916328304695305,0.9941351766391151,1.007118250496599,-0.0004320566488628315,23.0,1,Mercedes,0.006991205112561016,0.0,6.0,6.0
2021,22,Yas Island,GAS,1.0011816451889792,0.01459191554519473,0.9757628908017404,1.0018701086806228,0.994432239446842,1.0102328004682755,-0.0013573217635068394,16.0,2,AlphaTauri,0.0016442456547764994,7.0,12.0,5.0
2021,22,Yas Island,GIO,1.0116573475661412,0.009355217206044536,0.9992235634527404,1.0133163721504752,1.0055628713107951,1.0194334271902472,-0.0009203526123139817,15.0,1,Alfa Romeo Racing,0.0,-3.0,14.0,17.0
2021,22,Yas Island,HAM,0.9838548849098967,0.014100179518657273,0.9676410293649418,0.9898440308619784,0.9866908836051664,0.9773309911327153,-0.0010319170426887532,24.5,1,Mercedes,-0.006991205112561127,0.0,2.0,2.0
2021,22,Yas Island,LAT,1.01519544043689,0.012925351139164976,0.9975589728694078,1.0148637728184755,1.0101426789571353,1.022857354311531,-0.0001564822079088323,22.5,1,Williams,0.0,0.0,16.0,16.0
2021,22,Yas Island,LEC,1.0010829310491802,0.00862527625270301,0.9868899526876432,1.0008717054044534,0.9977688048764313,1.006637776815368,0.0001426086063741535,15.333333333333334,2,Ferrari,0.0016008033377947761,-3.0,7.0,10.0
2021,22,Yas Island,MSC,1.0145759233836706,0.011509620617924675,0.999391139685962,1.0195102634965258,1.01366241563803,1.0145481437009258,-0.001758480591201545,15.666666666666666,2,Haas F1 Team,0.0,5.0,19.0,14.0
2021,22,Yas Island,NOR,0.9973611821335298,0.012050067884795557,0.9692832764505118,0.9947218374391295,1.000020742240328,0.9973033339847355,-0.00046785103656576347,14.666666666666666,2,McLaren,-0.0030761664448397674,-4.0,3.0,7.0
2021,22,Yas Island,OCO,1.0027783653739901,0.009529326038068185,0.985895667037196,1.008739898737891,0.9991723717275379,1.0052957414235448,-0.000400990703009453,23.0,1,Alpine,-0.0008082770435049458,0.0,9.0,9.0
2021,22,Yas Island,PER,0.9875681709426534,0.0190171225181776,0.9654513665841816,0.9903181222040675,0.9898564518442224,0.9827424384631689,-0.00011842339192515328,16.0,2,Red Bull Racing,0.002435863996649079,-11.0,4.0,15.0
2021,22,Yas Island,RIC,1.0035135150232093,0.010314987859740499,0.9911910760069934,1.0052230183130277,0.9996037587928418,1.0087123700252876,-0.000303381123263106,15.333333333333334,2,McLaren,0.0030761664448397674,-2.0,10.0,12.0
2021,22,Yas Island,SAI,0.9978813243735907,0.013794965905944357,0.9788462934930148,0.9997440524557136,1.002987327083795,0.9900592408691353,-0.0009736554136653905,24.0,1,Ferrari,-0.0016008033377947761,2.0,5.0,3.0
2021,22,Yas Island,STR,1.0074041980032198,0.013395961518132181,0.9894482831814904,1.0043621340791125,1.0094360960434268,1.0083115365021782,-0.0009385276225542369,15.333333333333334,2,Aston Martin,0.001086209714612707,0.0,13.0,13.0
2021,22,Yas Island,TSU,0.9978931538794262,0.012438106268349347,0.9774833401294803,0.9968197782140981,0.9991633018286619,0.9985921462956797,-0.0008421623583182655,15.333333333333334,2,AlphaTauri,-0.0016442456547764994,4.0,8.0,4.0
2021,22,Yas Island,VER,0.9826964429493552,0.013228161855477044,0.9619210939376502,0.9844318925545937,0.9868175382644747,0.9766636740378432,-0.0005016497497910489,12.25,3,Red Bull Racing,-0.002435863996649079,0.0,1.0,1.0
2021,22,Yas Island,VET,1.0052317785739942,0.01321788791849156,0.9864989414767932,1.00379702850657,1.0008763789789221,1.012671999705134,-0.0008775301212247456,23.0,1,Aston Martin,-0.001086209714612929,4.0,15.0,11.0
2022,1,Sakhir,ALB,1.0119674810933663,0.01403620878662107,0.9835062235442744,1.007848127000151,1.0184188474801419,1.0060918867145119,0.0018483712283466464,11.25,3,Williams,-0.0018189962804697757,1.0,14.0,13.0
2022,1,Sakhir,ALO,1.0032276194838292,0.01465757995416598,0.9737518937392102,1.004156999503856,1.001644765210989,1.0010921817760892,0.0005728571638245931,11.25,3,Alpine,0.0019390227032125562,-1.0,8.0,9.0
2022,1,Sakhir,BOT,1.000332628467351,0.015124214264188795,0.9724029977702952,0.995517620223927,1.00462580771569,0.9991615909167612,0.00099243504153491,11.5,3,Alfa Romeo,-0.0006633968412987912,0.0,6.0,6.0
2022,1,Sakhir,GAS,1.0030777980783268,0.012620514901194901,0.979701128945395,1.0022559961043824,1.0034145804613015,0.9999540384851084,0.0003546361161302221,13.333333333333334,2,AlphaTauri,0.0011826048344387718,-10.0,10.0,20.0
2022,1,Sakhir,HAM,0.9900314312018194,0.012660221862130375,0.9686683678862096,0.9926026408123635,0.9876114583433021,0.9884772039767592,0.0006288602035049847,11.5,3,Mercedes,-0.0019682768077488033,2.0,5.0,3.0
2022,1,Sakhir,HUL,1.0158622783926665,0.018191188004436528,0.9889521393590732,1.0137915321548874,1.0158722803386326,1.0186923778785526,0.0027518945428292867,11.25,3,Aston Martin,0.002928759614099663,0.0,17.0,17.0
2022,1,Sakhir,LAT,1.0156054736543059,0.014356857406099075,0.989032670461695,1.0075221440564195,1.0255189608811555,1.0087592433713282,0.0016208626822278253,11.25,3,Williams,0.0018189962804697757,4.0,20.0,16.0
2022,1,Sakhir,LEC,0.9825218147012884,0.013061185925401416,0.9519782968678434,0.9889351499778836,0.9760216710495322,0.9844616034100039,0.001436433443394356,12.0,3,Ferrari,-0.0022173863440986263,0.0,1.0,1.0
2022,1,Sakhir,MAG,0.9979054417072081,0.015083652945489629,0.9726445910781606,0.9969783712831429,0.9973086601297927,0.9976930144582103,0.0009905867604522547,11.75,3,Haas F1 Team,-0.005011685274375233,2.0,7.0,5.0
2022,1,Sakhir,MSC,1.0079288122559587,0.016150713874676936,0.9759966982247926,1.0040715864030823,1.0100580089584728,1.0093344062127534,0.0017629276645022816,15.333333333333334,2,Haas F1 Team,0.005011685274375344,1.0,12.0,11.0
2022,1,Sakhir,NOR,1.0145315019218413,0.018833530942430888,0.9763188226352796,1.0139843177667713,1.0146159876121301,1.015256953239549,0.002355853814309298,11.25,3,McLaren,0.0013383821860726286,-2.0,13.0,15.0
2022,1,Sakhir,OCO,0.9993495740774041,0.011738704774909181,0.977546921950262,0.9983782109558949,0.9989157805274396,1.001535764558194,0.0007653169958574116,11.0,3,Alpine,-0.0019390227032125562,4.0,11.0,7.0
2022,1,Sakhir,PER,0.9887039113865032,0.014892291089514544,0.967269139978156,0.9874238568159658,0.9857266376769162,0.9923490326726018,0.0008401353516616594,11.0,3,Red Bull Racing,0.0015820189125638207,-14.0,4.0,18.0
2022,1,Sakhir,RIC,1.0118547375496958,0.016023284441979247,0.9822781242292924,1.010639662660231,1.0132402441017956,1.011150603968351,0.0015350243555884747,11.25,3,McLaren,-0.0013383821860728506,4.0,18.0,14.0
2022,1,Sakhir,RUS,0.9939679848173171,0.013980608870168781,0.9694132805854612,0.9985735388717515,0.992199575705426,0.9883086075595066,0.0005788769257596225,11.75,3,Mercedes,0.0019682768077489143,5.0,9.0,4.0
2022,1,Sakhir,SAI,0.9869565873894858,0.01367187004635292,0.9637559706262804,0.9906593618445729,0.9821500435936039,0.9886122020494837,0.0007502262922790764,11.5,3,Ferrari,0.0022173863440987374,1.0,3.0,2.0
2022,1,Sakhir,STR,1.0100047591644672,0.014948259816618901,0.9791978095540088,1.0089950261312135,1.010670507627216,1.0103035502716835,0.00253517691286669,11.25,3,Aston Martin,-0.002928759614099663,7.0,19.0,12.0
2022,1,Sakhir,TSU,1.0007125884094492,0.012604779885215474,0.9774865236232956,0.9995990059272811,1.0018656461862634,1.0002850748775494,0.0007079575665650937,11.25,3,AlphaTauri,-0.0011826048344387718,8.0,16.0,8.0
2022,1,Sakhir,VER,0.9855398735613756,0.012273030734041913,0.9607360542779632,0.9845051663551747,0.981753598555999,0.9914662355525207,0.0008011895685133012,10.5,3,Red Bull Racing,-0.0015820189125637096,-17.0,2.0,19.0
2022,1,Sakhir,ZHO,1.0016594221499486,0.015445310692783876,0.9732687071234796,0.998696296824615,1.0042561057488657,1.0010817608722298,0.0005286512904251824,11.5,3,Alfa Romeo,0.0006633968412987912,5.0,15.0,10.0
2022,2,Jeddah,ALB,1.014978954681051,0.016026273930753683,0.9916250722429464,1.0249784973676996,1.01360129138183,1.0077322004651514,-0.0009885762330440057,18.0,1,Williams,0.0,2.0,16.0,14.0
2022,2,Jeddah,ALO,1.0094047181211578,0.016332514196455282,0.9859822413702516,1.014259691828739,1.0073231068261383,1.0040772000900293,-0.0017279199285451588,15.0,1,Alpine,0.002346175689841745,-9.0,7.0,16.0
2022,2,Jeddah,BOT,1.0109773043914652,0.016973241902759863,0.9875374349813482,1.0149704904220456,1.010253545327525,1.00464271577918,-0.0019040859051629815,14.5,1,Alfa Romeo,0.0015542114598361412,-7.0,8.0,15.0
2022,2,Jeddah,GAS,1.005928387537435,0.015876499803344307,0.9821678137970892,1.015449286868744,1.0048280489016996,0.9989399054692776,-0.0007450555563845484,20.0,1,AlphaTauri,0.0,1.0,9.0,8.0
2022,2,Jeddah,HAM,1.0023679924341933,0.016488247411944146,0.977218515210424,1.0068229506337367,0.9979997018189046,1.0047299122214721,0.00021082305586009244,20.0,1,Mercedes,0.003380056693512268,5.0,15.0,10.0
2022,2,Jeddah,HUL,1.011591971838386,0.014315973931960905,0.98409078968108,1.0207921002637026,1.00774691051254,1.0078004726536123,0.00028306026484620304,20.0,1,Aston Martin,-0.0013709403724113667,5.0,17.0,12.0
2022,2,Jeddah,LEC,0.9845316158200198,0.01263744992261194,0.9628960226974204,0.9775746448521281,0.9875798280893056,0.9907346716951301,-0.00046368120120646823,20.5,1,Ferrari,-0.0013349056376378288,0.0,2.0,2.0
2022,2,Jeddah,MAG,1.0010655177848997,0.016180120491810144,0.9749277570535384,1.002967363257436,1.0014528045588578,1.0016171505739364,-0.0007252082951177615,20.0,1,Haas F1 Team,0.0,1.0,10.0,9.0
2022,2,Jeddah,NOR,1.0051930344344162,0.018000440108291382,0.9746545473651028,1.0112313936817878,1.0024606000955147,1.00401179163716,-0.0009153914722615681,20.5,1,McLaren,-0.0024304242937349674,4.0,11.0,7.0
2022,2,Jeddah,OCO,1.0047123667414741,0.017148737206877287,0.978332370094047,1.0039821653214123,1.0069970008345916,1.0035979550496767,-0.0008229278134560647,21.0,1,Alpine,-0.0023461756898419672,-1.0,5.0,6.0
2022,2,Jeddah,PER,0.9853650847757361,0.012014117013428043,0.9671833131928756,0.9856849179119289,0.9858941756100792,0.986255167075641,-0.00041294802667562433,20.5,1,Red Bull Racing,5.1899589032178284e-05,-3.0,1.0,4.0
2022,2,Jeddah,RIC,1.0100538830218861,0.012823969017168832,0.9928755319707876,1.0168051341669737,1.009678001229537,1.0056380823767723,-0.0014894291702573855,13.5,1,McLaren,0.0024304242937349674,-3.0,14.0,17.0
2022,2,Jeddah,RUS,0.9956078790471687,0.015589443099296727,0.9753690957810118,0.9904844368431207,0.9949885066175694,1.0017772740426352,-0.0012310874416344348,21.0,1,Mercedes,-0.003380056693512268,1.0,6.0,5.0
2022,2,Jeddah,SAI,0.9872014270952955,0.015013300728235318,0.9657437082961172,0.9813298827688705,0.9899312605803013,0.9914472203466127,-0.0008780766056061143,21.0,1,Ferrari,0.0013349056376378288,0.0,3.0,3.0
2022,2,Jeddah,STR,1.0143338525832086,0.014365247408975042,0.992444701308254,1.0246927109716686,1.0122701968442949,1.0073562421300433,-0.00010210340308687126,18.5,1,Aston Martin,0.0013709403724113667,0.0,13.0,13.0
2022,2,Jeddah,VER,0.9852612855976718,0.014333072585365616,0.9643461356591184,0.9828437349363428,0.9865471033201536,0.9872844650121045,-0.0006220591342961847,20.5,1,Red Bull Racing,-5.1899589032178284e-05,3.0,4.0,1.0
2022,2,Jeddah,ZHO,1.0078688814717927,0.01486605554661541,0.9869594914096568,1.0169638233446208,1.0063324248400547,1.0018381960979423,-0.001993547733213663,12.666666666666666,2,Alfa Romeo,-0.0015542114598363632,1.0,12.0,11.0
2022,3,Melbourne,ALB,1.004339154021429,0.02074340643569072,0.9773036553184944,1.0069484208134516,0.997741800083948,1.0067954709006275,-0.0011826907173460213,45.0,0,Williams,-0.0028716884728809955,10.0,20.0,10.0
2022,3,Melbourne,ALO,1.0048885138078931,0.018026073815720252,0.9566781450057392,1.0072473198240068,1.0011148996712946,1.0061164206765822,-0.0003185973875573152,14.666666666666666,2,Alpine,0.0031876535719412846,-7.0,10.0,17.0
2022,3,Melbourne,BOT,1.0013150441357828,0.01738877779061932,0.9662039831019914,1.008287395157227,0.9940718928177573,1.0005964552498159,-0.0011302075634030732,23.0,1,Alfa Romeo,-0.0019216199624205732,4.0,12.0,8.0
2022,3,Melbourne,GAS,1.0031237385989062,0.01373210097563394,0.9789839894919946,1.0071256532606228,1.004310127720813,1.000520439549762,-0.0005335096240671913,22.5,1,AlphaTauri,-0.0024601512300757022,2.0,11.0,9.0
2022,3,Melbourne,HAM,0.9907244244402265,0.020926810292491497,0.968984817825742,0.9885917726208472,0.9986933207794145,0.985601245674821,-0.001554659952762309,23.5,1,Mercedes,0.0008987043500613412,1.0,5.0,4.0
2022,3,Melbourne,LAT,1.010082530967191,0.015547711521091632,0.9926041629687482,1.0105521472392638,1.0042741500269832,1.013861788988179,-0.0010991430519061655,15.0,2,Williams,0.0028716884728809955,2.0,18.0,16.0
2022,3,Melbourne,LEC,0.979156957663585,0.018183339060572824,0.9497438082052374,0.9786972822382265,0.9868436463009955,0.9735811581217427,-0.0010849013961669817,23.5,1,Ferrari,0.0,0.0,1.0,1.0
2022,3,Melbourne,MAG,1.0054415353294635,0.014413492528760707,0.9830073248369956,1.0079435997747548,1.0068115159905204,1.0039506249116308,8.261029330415293e-05,23.0,1,Haas F1 Team,-3.1962878300317854e-05,2.0,16.0,14.0
2022,3,Melbourne,MSC,1.0055054610860639,0.016434838470016467,0.9822381577857456,1.0049490301790915,1.0068439385762646,1.006482859364558,-0.0004783829083704486,22.0,1,Haas F1 Team,3.196287830009581e-05,2.0,15.0,13.0
2022,3,Melbourne,NOR,0.9960232091227158,0.014644388615290153,0.9732684866342434,0.9955532833446944,1.0041590214067275,0.993477805409049,-0.0006211822021131286,22.5,1,McLaren,-0.00010820931336386064,-1.0,4.0,5.0
2022,3,Melbourne,OCO,0.9985132066640107,0.014861209452158993,0.9758836546084938,0.9995129894720898,0.9958481741320381,1.0002617379766017,-0.0006592051753564461,22.5,1,Alpine,-0.0031876535719411736,1.0,8.0,7.0
2022,3,Melbourne,PER,0.9859462003805076,0.016789857559525043,0.9596128131397398,0.9876437173369692,0.9875781015770222,0.9849442971788774,-0.00043180446422327846,22.5,1,Red Bull Racing,0.0,1.0,3.0,2.0
2022,3,Melbourne,RIC,0.9962396277494436,0.01460693888299878,0.9756706545019938,0.9974142240399909,1.000768723391497,0.9942022912700363,-0.000720883941754616,22.5,1,McLaren,0.00010820931336397166,1.0,7.0,6.0
2022,3,Melbourne,RUS,0.9889270157401038,0.01644961598284458,0.964357982178991,0.9869947352390896,0.9987610660114135,0.9866856293291765,-0.0008314861412541234,23.5,1,Mercedes,-0.0008987043500613412,3.0,6.0,3.0
2022,3,Melbourne,STR,1.0081984899148477,0.015015521530334686,0.9891724945862472,1.010908062480964,1.003124318241839,1.0098077123226104,-0.0008013780437577491,15.666666666666666,2,Aston Martin,0.0,7.0,19.0,12.0
2022,3,Melbourne,TSU,1.0080440410590576,0.013905792400607832,0.9862141597737464,1.0113633265167006,1.0049709180308208,1.008150921396624,-0.0005235165647065319,22.5,1,AlphaTauri,0.0024601512300757022,-2.0,13.0,15.0
2022,3,Melbourne,ZHO,1.0051582840606237,0.016517958658508018,0.976735655034494,1.0089335757024918,1.0032655753432873,1.0042983327108705,-0.0007973514095424845,22.5,1,Alfa Romeo,0.0019216199624203512,3.0,14.0,11.0
2022,4,Imola,ALB,1.0357776115505315,0.058817668713927816,0.9951433857539316,1.0299839659787853,1.0378050928045643,1.036613478975975,0.0008852467234252411,27.5,1,Williams,-0.0007562110220464824,7.0,18.0,11.0
2022,4,Imola,BOT,1.0258325410878577,0.05937563243034481,0.9829835921904668,1.0296924361110387,1.018858737729401,1.0267715443570677,-0.0004094056851743029,28.5,1,Alfa Romeo,-0.0051630818189816186,2.0,7.0,5.0
2022,4,Imola,GAS,1.0360458374090975,0.058578842941369905,0.9946078192706556,1.0284484400594263,1.037733372182004,1.0389477604806998,0.0004466965525734115,27.5,1,AlphaTauri,0.0027445394466030226,5.0,17.0,12.0
2022,4,Imola,HAM,1.0351417923329895,0.057843243002366845,0.9910292614051316,1.029249102198704,1.03330206228808,1.0400545830298196,0.0017530062322895462,27.5,1,Mercedes,0.003663784919854862,1.0,14.0,13.0
2022,4,Imola,LAT,1.0372900335946247,0.0621807104441936,0.990043332197283,1.0362438140884676,1.0327026827995376,1.0404131961725958,0.0004517495786941131,27.5,1,Williams,0.0007562110220467044,3.0,19.0,16.0
2022,4,Imola,LEC,1.0179077172098732,0.0598502076805433,0.9564000194751447,1.0164737659589609,1.0153539039983943,1.019354997595419,-0.0006084521421407754,13.25,3,Ferrari,0.0,-4.0,2.0,6.0
2022,4,Imola,MAG,1.0332444139219952,0.060008656392369464,0.9888261356443838,1.0346760390748688,1.0293616971319224,1.033293959673485,0.0009367786886902538,28.5,1,Haas F1 Team,-0.0016800656597966146,-1.0,8.0,9.0
2022,4,Imola,MSC,1.0366045452415882,0.06859164338790665,0.961573104824967,1.0380973806568374,1.0267957355952073,1.0426879866027545,0.0007924500466128647,17.666666666666668,2,Haas F1 Team,0.0016800656597963926,-7.0,10.0,17.0
2022,4,Imola,NOR,1.0270657533848742,0.05613140584937685,0.984748527192171,1.0221278120064934,1.0257562866063479,1.0305441643338251,-0.00021561217489383816,28.5,1,McLaren,-0.006081097458901175,2.0,5.0,3.0
2022,4,Imola,OCO,1.0352097340314876,0.05778184400808666,0.9967257412727006,1.0331956185218918,1.0310364590504062,1.0388330570122382,0.0007024302656718417,27.5,1,Alpine,0.0,2.0,16.0,14.0
2022,4,Imola,PER,1.0175517529843447,0.056899543824467824,0.9609645065485174,1.0129200272890038,1.0123942200862568,1.024723871176139,0.0005905981097254221,18.333333333333332,2,Red Bull Racing,0.0012231718814317283,1.0,3.0,2.0
2022,4,Imola,RIC,1.0392279483026767,0.05831244786710583,0.9929524319587126,1.0347947212073862,1.0336988455166667,1.0465394211081869,-0.0013207531183659258,17.666666666666668,2,McLaren,0.006081097458901397,-12.0,6.0,18.0
2022,4,Imola,RUS,1.0278142224932798,0.05761432542064568,0.9854666731583815,1.0308867097460612,1.0203670165799452,1.0299850456422772,-4.548650576004573e-05,28.5,1,Mercedes,-0.003663784919854862,7.0,11.0,4.0
2022,4,Imola,STR,1.0375155192560495,0.06142718429400939,0.9950581819952286,1.0355632710590617,1.0301570809706617,1.0443531261168402,0.0005741365386713876,28.0,1,Aston Martin,0.0022907986133355873,5.0,15.0,10.0
2022,4,Imola,TSU,1.0305567585158917,0.06492601517468616,0.9803787915672622,1.0301769623479673,1.024141730016232,1.0349439640942755,0.0004262785043421288,28.5,1,AlphaTauri,-0.0027445394466028006,5.0,12.0,7.0
2022,4,Imola,VER,1.015105409221481,0.056528631639084524,0.9548420078874336,1.0122031714809134,1.011184574943248,1.019364450494576,0.0003043562221329793,18.333333333333332,2,Red Bull Racing,-0.0012231718814319503,0.0,1.0,1.0
2022,4,Imola,VET,1.0329339220293783,0.05933134348557335,0.9884974925751008,1.0310798519287818,1.026194991228997,1.0390518008519722,0.000562001433911074,28.5,1,Aston Martin,-0.0022907986133355873,5.0,13.0,8.0
2022,4,Imola,ZHO,1.0361587047258207,0.062372774719517465,0.9894103899897756,1.032027870799727,1.034187043541462,1.0395278699763673,0.0005241061491677193,27.5,1,Alfa Romeo,0.0051630818189813965,-15.0,0.0,15.0
2022,5,Miami,ALB,1.0040177409657474,0.012118316417058003,0.9853121045972164,1.0131609241028896,0.9992527421954703,1.0021193468279608,-0.000632464137360392,23.5,1,Williams,-0.005682917058614789,9.0,18.0,9.0
2022,5,Miami,ALO,1.001417168444951,0.008999556666585178,0.9840889919865036,1.0022791626971526,1.0013184140054776,1.0031983897483658,-0.0005587931163325,23.5,1,Alpine,-0.001476728958047513,0.0,11.0,11.0
2022,5,Miami,BOT,0.9979819081259663,0.012254605666213727,0.982539013074652,0.9916937916798984,1.0005592571134285,1.0008408248934746,-0.0005164740584727713,24.0,1,Alfa Romeo,0.0,-2.0,5.0,7.0
2022,5,Miami,GAS,1.006134015183467,0.00867755780561456,0.99627794179671,1.0161371959646215,1.002116708663638,1.0021642284852088,-0.0003112812865164607,18.0,1,AlphaTauri,0.00014674771395495334,-11.0,7.0,18.0
2022,5,Miami,HAM,0.9958979064404101,0.011209295550620675,0.9799768030366932,0.9884004181221555,1.0019377046447382,0.9994221430583322,-0.0002849791409595342,23.5,1,Mercedes,-0.0010613025058727743,0.0,6.0,6.0
2022,5,Miami,LAT,1.0153835750829772,0.013321268467737965,0.9929249261914804,1.0220967174994593,1.0113577750108558,1.0154638665191167,-0.0007881681915342844,23.0,1,Williams,0.005682917058615011,5.0,19.0,14.0
2022,5,Miami,LEC,0.9850893879272501,0.011938128016940094,0.9646562631800928,0.9721671589966833,0.9916545330265858,0.9923238118977817,-0.0005707059218692054,24.5,1,Ferrari,-0.0020825622530750154,-1.0,1.0,2.0
2022,5,Miami,MAG,1.0047661507710925,0.010924891990504355,0.9859869253479544,1.0080947166342202,1.0055538362254066,1.0023286918919632,-0.0008404468830449439,15.333333333333334,2,Haas F1 Team,0.001036362793578327,0.0,16.0,16.0
2022,5,Miami,MSC,1.002693425183936,0.011041870799798655,0.9756221003795869,1.003680901050304,1.0043266076869783,1.0019438017086237,-0.00027466948680872035,15.0,2,Haas F1 Team,-0.001036362793578327,0.0,15.0,15.0
2022,5,Miami,NOR,1.0051452153334273,0.009195811952683871,0.9849325179249262,1.0069176686014374,1.0050074490978314,1.0058794522626409,-0.0006492940996461198,18.0,1,McLaren,-0.0004995317483817985,-11.0,8.0,19.0
2022,5,Miami,OCO,1.0043706263610461,0.011473949615590364,0.982317587515816,1.0116198345009646,1.0020641264285883,1.0014034821530176,-0.001604976775346814,24.5,1,Alpine,0.001476728958047513,12.0,20.0,8.0
2022,5,Miami,PER,0.9922593315056938,0.01401665558503894,0.9681463517503164,0.9861278712818886,0.9939688747264066,0.996409108725613,-0.0008436510144650113,16.0,2,Red Bull Racing,0.004364695319291845,0.0,4.0,4.0
2022,5,Miami,RIC,1.006144278830191,0.012819490347677572,0.9833930830873048,1.005476606330052,1.0064312305627854,1.0092739582635561,-0.0014250965850211063,15.666666666666666,2,McLaren,0.0004995317483820205,1.0,14.0,13.0
2022,5,Miami,RUS,0.9980205114521556,0.014575749311239384,0.9721109236609023,0.9923139405015737,1.0007460358750353,1.0039224732870047,-0.0017419572309803003,24.5,1,Mercedes,0.0010613025058727743,7.0,12.0,5.0
2022,5,Miami,SAI,0.9892545124334001,0.012007812727683954,0.9678405735976382,0.9784223414179105,0.9933628144189309,0.9961495200060072,-0.0006100925711124017,24.5,1,Ferrari,0.0020825622530750154,-1.0,2.0,3.0
2022,5,Miami,STR,1.0061360056464592,0.013234466152387504,0.9838886545761282,1.017027109351203,1.0027808839145655,1.0001726290789428,-0.001725159072991441,24.5,1,Aston Martin,-0.00044938318361231744,-10.0,0.0,10.0
2022,5,Miami,TSU,1.0058405197555569,0.01403655567560583,0.98096794601434,1.0078470678522284,1.0056164671435497,1.0064096925010149,-4.707421778277674e-05,15.666666666666666,2,AlphaTauri,-0.00014674771395517539,-3.0,9.0,12.0
2022,5,Miami,VER,0.9835299408671101,0.01214007473930497,0.9633171657528468,0.9746462997512438,0.9857149613694177,0.9909892265520555,-0.0007052654626928088,24.5,1,Red Bull Racing,-0.004364695319291845,2.0,3.0,1.0
2022,5,Miami,VET,1.0070347720136839,0.012811134859433315,0.9856495149725852,1.0198859867330017,1.0031378175062995,0.9994276490198805,-0.0018657840344364833,22.5,1,Aston Martin,0.00044938318361231744,-17.0,0.0,17.0
2022,6,Barcelona,ALB,1.0179064600730745,0.011990739440133446,0.9933052792654936,1.0166754304758379,1.0227122774690165,1.015275481643956,0.0017749530429112376,11.0,4,Williams,0.002109474534094602,0.0,18.0,18.0
2022,6,Barcelona,ALO,0.9984831636794231,0.013098493978492982,0.9743800351050902,1.0015022122340052,0.9988859999815529,0.997250746137591,0.0003059132804434365,14.5,3,Alpine,0.0011785788059666125,11.0,20.0,9.0
2022,6,Barcelona,BOT,0.9971889366581105,0.008318635153071664,0.9720847022818307,0.9980521518480185,0.9960569402577485,0.9993684331093055,0.0006121974637250363,20.333333333333332,2,Alfa Romeo,0.0,1.0,7.0,6.0
2022,6,Barcelona,GAS,1.0039900613175117,0.014783529629000718,0.9787456681218776,1.004260130627151,1.0056314904336403,1.0036093807874211,0.0014872909177149098,14.5,3,AlphaTauri,0.002205998749128968,1.0,14.0,13.0
2022,6,Barcelona,HAM,0.9870510885095287,0.01744544073933875,0.9479837076376074,0.988422796782768,0.9882997602727824,0.9861912190230706,0.0017630148947987295,19.666666666666668,2,Mercedes,-0.0019303906057903664,1.0,6.0,5.0
2022,6,Barcelona,LAT,1.0136875110048853,0.012771864230189368,0.981659840676898,1.0110887197627472,1.013566549297427,1.0175581792968824,0.001488335200082091,14.25,3,Williams,-0.002109474534094602,3.0,19.0,16.0
2022,6,Barcelona,MAG,1.0115361102359839,0.015241652725319974,0.9849340654394888,1.0062505091649696,1.0118341407356772,1.0170965424924092,0.0013805562437099283,30.0,1,Haas F1 Team,0.0004790505074054874,-9.0,8.0,17.0
2022,6,Barcelona,MSC,1.010578009221173,0.012681587428064774,0.9839214186056978,1.0085797691785474,1.0085097592312082,1.013499474675506,0.0006547462464563085,20.333333333333332,2,Haas F1 Team,-0.0004790505074054874,-4.0,10.0,14.0
2022,6,Barcelona,NOR,0.9972580346184095,0.014176121278693554,0.963353436248256,0.9992488522213402,0.9946548739077148,1.0001499631179267,0.0007567638413764512,14.75,3,McLaren,-0.003823644361220069,3.0,11.0,8.0
2022,6,Barcelona,OCO,0.9961260060674898,0.013339161273791826,0.9669089517980108,0.997741723911768,0.9956064282558749,0.9970278527439652,0.0010511576634379869,14.75,3,Alpine,-0.0011785788059667235,5.0,12.0,7.0
2022,6,Barcelona,PER,0.9867988358311954,0.015503804715929851,0.9463522210720554,0.9859587835272189,0.9871845929800577,0.986197721113977,0.0007419337660621955,15.0,3,Red Bull Racing,0.0017522286494252581,3.0,5.0,2.0
2022,6,Barcelona,RIC,1.0049053233408498,0.011842460641107772,0.982098654304874,1.003283938478826,1.0027896118217232,1.0101695373215152,0.0013860947116190801,14.5,3,McLaren,0.003823644361220291,-3.0,9.0,12.0
2022,6,Barcelona,RUS,0.9909118697211096,0.013557493550021978,0.952293082496962,0.9947033035313613,0.991021487799804,0.987345326324725,0.0014148603433112182,15.0,3,Mercedes,0.0019303906057904774,1.0,4.0,3.0
2022,6,Barcelona,SAI,0.9890658933680976,0.014047753557378195,0.9674715333723388,0.984650607486481,0.9886735312237273,0.9919379606454722,0.0007609966401606391,14.75,3,Ferrari,0.0,-1.0,3.0,4.0
2022,6,Barcelona,STR,1.0056463790697927,0.014207554727819156,0.9774967370268688,1.0110688952875906,1.0056535244726437,1.002933888437935,0.0009095245004059223,14.5,3,Aston Martin,-0.00035389614252667734,2.0,17.0,15.0
2022,6,Barcelona,TSU,0.9995780638192537,0.012074355383138962,0.9769566587155136,1.0044357047545476,0.9984068877381087,0.9986028566571459,0.0005395129324430336,14.5,3,AlphaTauri,-0.002205998749128968,3.0,13.0,10.0
2022,6,Barcelona,VER,0.9832943785323449,0.011031717088150591,0.9615194203159458,0.9862588664934335,0.9830453063788396,0.9809762654313986,0.0009415400330543966,14.75,3,Red Bull Racing,-0.0017522286494252581,1.0,2.0,1.0
2022,6,Barcelona,VET,1.0063541713548463,0.012523584725565943,0.9859692155362528,1.0101928038017653,1.009786409883001,1.0011497817972075,0.0001105084380597526,20.0,2,Aston Martin,0.0003538961425268994,5.0,16.0,11.0
2022,7,Monaco,ALB,1.111808944687979,0.13329633991431372,0.968904839370646,1.12973502446881,1.0981794653619799,1.111188554848236,-0.0069102402548012224,9.0,3,Williams,0.019958334832538505,-2.0,16.0,18.0
2022,7,Monaco,ALO,1.064067343169325,0.10922080613386147,0.942317483576937,1.0615872409210603,1.0603640132769825,1.0667895245802037,-0.010760006635775983,17.666666666666668,2,Alpine,-0.0021768158857300435,0.0,7.0,7.0
2022,7,Monaco,BOT,1.070534879781327,0.11829460771799188,0.9636519428266296,1.070570631116472,1.065011759842346,1.0738830786603342,-0.01125865036941137,17.666666666666668,2,Alfa Romeo,-0.007234535891044169,3.0,12.0,9.0
2022,7,Monaco,GAS,1.0606590622734275,0.10469885107032205,0.9604728848709128,1.055893778679971,1.054109293440021,1.0706608571949403,-0.004292013957894173,17.333333333333332,2,AlphaTauri,-0.007777221244221755,6.0,17.0,11.0
2022,7,Monaco,HAM,1.0610066968160967,0.11091082149787425,0.9587219193562408,1.0583170268664983,1.0558183281821556,1.066551503274048,-0.005063877670485874,12.75,3,Mercedes,0.0036082322498911523,0.0,8.0,8.0
2022,7,Monaco,LAT,1.071892275022902,0.10368329006549218,0.975809355868218,1.072889118408074,1.064720783630324,1.077151833808123,-0.004240174972257715,26.0,1,Williams,-0.019958334832538505,4.0,19.0,15.0
2022,7,Monaco,LEC,1.043109642679827,0.10648408917527187,0.94687496119314,1.0335494167932924,1.0429581107065249,1.04682886118529,-0.014954668051490526,12.75,3,Ferrari,-0.0032874265783400247,-3.0,1.0,4.0
2022,7,Monaco,NOR,1.04587078538495,0.11859662532275646,0.9275522495560496,1.038155793817248,1.0478116900876497,1.0440718083618377,0.0026776149406922056,9.8,4,McLaren,-0.012840607434987161,-1.0,5.0,6.0
2022,7,Monaco,OCO,1.0684209749407851,0.11511856146728623,0.9632918151675836,1.0687288958705157,1.0571486195229436,1.0815561456865739,-0.01113349381743857,17.666666666666668,2,Alpine,0.0021768158857300435,-2.0,10.0,12.0
2022,7,Monaco,PER,1.0422980443253147,0.1067755137425998,0.9441305400673068,1.0341684774062585,1.042308919542487,1.0443073491723647,-0.0005095284141793103,13.0,3,Red Bull Racing,-0.0007833366588996249,2.0,3.0,1.0
2022,7,Monaco,RIC,1.0715520002549244,0.12157509222060747,0.9628075055571422,1.068308128179864,1.066572547791919,1.0772242644963717,-0.00845000827833262,17.666666666666668,2,McLaren,0.012840607434987161,1.0,14.0,13.0
2022,7,Monaco,RUS,1.0537902323163144,0.11372094182832257,0.9540899325692004,1.0487231453787436,1.0490266021280097,1.0610128062717152,-0.008408086506959575,17.666666666666668,2,Mercedes,-0.0036082322498911523,1.0,6.0,5.0
2022,7,Monaco,SAI,1.049684495836507,0.10882008706330448,0.9490108907571374,1.0429112916516183,1.046245680365077,1.0563223459665987,-0.01830129428677334,17.666666666666668,2,Ferrari,0.0032874265783400247,0.0,2.0,2.0
2022,7,Monaco,STR,1.0673270846815124,0.10625238031074398,0.9645460528766748,1.064892247757886,1.064389373419367,1.068646989073549,-0.006052111506173203,27.0,1,Aston Martin,0.002870192552096862,4.0,18.0,14.0
2022,7,Monaco,TSU,1.076213504761871,0.11531777280036598,0.9355123126404808,1.0731580125081066,1.0721003781218936,1.08015616450567,-0.013742009880789361,9.8,4,AlphaTauri,0.007777221244221755,-6.0,11.0,17.0
2022,7,Monaco,VER,1.043864717643114,0.10943041986410221,0.9444285767506552,1.038201770208176,1.0421452882365454,1.0464215982382916,-0.00525601357862788,12.75,3,Red Bull Racing,0.0007833366588996249,1.0,4.0,3.0
2022,7,Monaco,VET,1.0615866995773189,0.11066941910358408,0.96313037863077,1.0647758452944456,1.0538975854115313,1.0656185340173892,-0.01597286601904866,12.75,3,Aston Martin,-0.00287019255209664,-1.0,9.0,10.0
2022,7,Monaco,ZHO,1.0850039515634153,0.11514518353415766,0.9711028599103406,1.0772485650068548,1.0809015946025136,1.0935768748909578,-0.008978642851534569,17.666666666666668,2,Alfa Romeo,0.007234535891044169,4.0,20.0,16.0
2022,8,Baku,ALB,1.0007798399972234,0.01288019181971732,0.9836552478134112,1.0009872123258434,1.0053205401244947,0.9970513492017303,0.00018989328416041734,14.0,2,Williams,-0.006647593667568952,5.0,17.0,12.0
2022,8,Baku,ALO,0.9985460011926848,0.00902856106267425,0.9838647959183676,1.0029051594798846,1.0030656623399916,0.9885193081957325,-0.00023993932631187812,22.0,1,Alpine,-0.002942505171182219,3.0,10.0,7.0
2022,8,Baku,BOT,1.0053935860058312,0.012657706075444022,0.9855958454810496,1.0083338993027258,1.0035893718723767,1.008503236402905,-0.0005171520708529601,22.5,1,Alfa Romeo,0.0,4.0,15.0,11.0
2022,8,Baku,GAS,1.0001501299277478,0.011290037687599948,0.9886935131195336,1.0009298877116726,0.997107102511694,1.0038713693261037,-0.0024221130803878123,23.0,1,AlphaTauri,0.0006684314632974253,1.0,6.0,5.0
2022,8,Baku,HAM,0.9959282703764738,0.011062625245679388,0.9752551020408164,0.9956465265228023,0.9936089188575395,1.0047957747251035,0.00013672891634538246,15.333333333333334,2,Mercedes,0.0018036387691724443,3.0,7.0,4.0
2022,8,Baku,LAT,1.0140750273323615,0.011326762022668715,0.998387390670554,1.0147858088834556,1.0213038312372498,1.0049865176822055,0.0003194779875040648,13.333333333333334,2,Williams,0.006647593667569174,3.0,18.0,15.0
2022,8,Baku,MAG,1.007147087151187,0.006032442254583335,0.9911534256559767,1.0119384168704157,1.010642948416168,0.9982721017173674,-0.00044374266404149985,14.0,1,Haas F1 Team,0.0007365095272802158,-1.0,16.0,17.0
2022,8,Baku,MSC,1.0056740680966265,0.01239196464552537,0.9877004373177845,1.0058450488997557,1.0073675175901282,1.0069503911673496,-0.0002472591417658592,14.0,2,Haas F1 Team,-0.0007365095272802158,6.0,20.0,14.0
2022,8,Baku,NOR,0.9989454263848397,0.011132041584582135,0.9839376822157436,0.9989800974290586,0.998702303144431,1.0037510647415788,-0.00031034396675914673,22.0,1,McLaren,-0.0011800945145138408,2.0,11.0,9.0
2022,8,Baku,OCO,1.0044310115350492,0.010595002822440632,0.986670918367347,1.0107776567095426,1.0089501452784264,0.9914037045377679,3.993660368959733e-05,23.0,1,Alpine,0.002942505171182219,3.0,13.0,10.0
2022,8,Baku,PER,0.984726179432812,0.009039236649054042,0.9661625364431488,0.9809802695172573,0.9823947321761566,0.9960038022076083,0.0003686361848440919,14.666666666666666,2,Red Bull Racing,0.001297355386959853,0.0,2.0,2.0
2022,8,Baku,RIC,1.0013056154138673,0.009620886929497356,0.9864795918367348,1.0027860458523794,1.0008440866660622,1.0042973042955332,-0.00015323808885815132,23.0,1,McLaren,0.0011800945145137298,4.0,12.0,8.0
2022,8,Baku,RUS,0.992320992838129,0.0119827259688316,0.976466836734694,0.9861971384587521,0.9874590749550909,1.0096168525176974,-0.0014854433074889056,15.333333333333334,2,Mercedes,-0.0018036387691723332,2.0,5.0,3.0
2022,8,Baku,STR,1.0090470116618075,0.011175329698619223,0.984311224489796,1.0124341945857838,1.0134314151396673,1.00078172801213,0.0003291121749176211,18.5,1,Aston Martin,0.00507491091674761,3.0,19.0,16.0
2022,8,Baku,TSU,0.9988132670011528,0.010726862679827408,0.97961916909621,1.0016489452436461,0.9976189992080708,1.0009974704582274,-0.00017468897707636498,14.333333333333334,2,AlphaTauri,-0.0006684314632975363,-5.0,8.0,13.0
2022,8,Baku,VER,0.9821314686588924,0.01066632405455263,0.9661989795918368,0.9807966585167074,0.9802619645917784,0.9875061503706096,-9.532454261787698e-05,14.666666666666666,2,Red Bull Racing,-0.001297355386959742,2.0,3.0,1.0
2022,8,Baku,VET,0.9988971898283124,0.008148810986236757,0.985841836734694,1.0008631033233724,1.0046674288788755,0.9903535147788188,-0.0002509449085057622,22.5,1,Aston Martin,-0.005074910916747499,3.0,9.0,6.0
2022,9,Montréal,ALB,1.0057558729024554,0.009698013585881606,0.9890376197424348,1.0135346482723921,1.0056977676199388,1.0021328969166894,-0.0003046842546346779,19.0,2,Williams,-0.00427148711258396,-1.0,12.0,13.0
2022,9,Montréal,ALO,0.9971531703183921,0.014217124597098474,0.9770982680961748,0.9937291353421455,0.9979211335944137,0.9978746060785401,-0.00022071749188396186,19.666666666666668,2,Alpine,0.0005479469730124142,-7.0,2.0,9.0
2022,9,Montréal,BOT,0.9995976417635377,0.01284998669441181,0.9760451690668022,1.00469107175475,0.9970700766354926,0.9998428634067212,-0.000537353360801151,29.5,1,Alfa Romeo,-0.00037005997628603016,4.0,11.0,7.0
2022,9,Montréal,GAS,1.0031437364068472,0.012011768911638921,0.9872486201865128,1.010465542662337,1.0015458022556432,1.0010748008492607,-0.0067194483886098355,17.666666666666668,2,AlphaTauri,-0.0017915190433397399,1.0,15.0,14.0
2022,9,Montréal,HAM,0.9851588941903703,0.011159739883245345,0.9664023345809808,0.9812710972091363,0.98410655702886,0.9905394619465703,-0.0009991612273112982,19.0,2,Mercedes,-0.0008273872526268766,1.0,4.0,3.0
2022,9,Montréal,LAT,1.0142988471276233,0.011097990394692578,0.9965108164689463,1.0240896588193338,1.013765006874204,1.009651632934416,-0.0009625222525617995,18.333333333333332,2,Williams,0.00427148711258396,2.0,18.0,16.0
2022,9,Montréal,LEC,0.9945981094969232,0.015732419190740192,0.9630273425109434,0.9977550744336153,0.9968578289887781,0.9923600238489687,-0.0008955778489876218,28.0,1,Ferrari,0.006614153289671076,14.0,19.0,5.0
2022,9,Montréal,MAG,1.0084979744609892,0.008780085891588563,0.9902429740531624,1.0094974523154618,1.0077126015729994,1.0102535773453003,5.469856431345092e-05,28.0,1,Haas F1 Team,0.0,-12.0,5.0,17.0
2022,9,Montréal,NOR,1.0045633536038283,0.011528981493043714,0.983251919050942,1.0070818222225086,1.0059682111244055,1.0034806295399517,0.00012926593059244614,18.666666666666668,2,McLaren,0.00022601174603242846,-1.0,14.0,15.0
2022,9,Montréal,OCO,0.9960572763723673,0.009826108930768155,0.9783670621074668,0.9929488712920624,0.9981465123147604,0.998385435003769,-0.00046806881260202606,19.666666666666668,2,Alpine,-0.0005479469730124142,1.0,7.0,6.0
2022,9,Montréal,RIC,1.0041113301117632,0.007484051600962761,0.9887965488802892,1.0088776349526458,1.004199989871297,1.0024960120933544,-0.00025204181645199276,19.333333333333332,2,McLaren,-0.0002260117460326505,-2.0,9.0,11.0
2022,9,Montréal,RUS,0.9868136686956241,0.010776148188682038,0.9695870075493244,0.9771985991492688,0.9840014038987438,0.9976563844937946,-0.0007750678524810788,19.0,2,Mercedes,0.0008273872526269876,4.0,8.0,4.0
2022,9,Montréal,SAI,0.9813698029175811,0.010818564289653623,0.9610987756137792,0.9793884792841568,0.9802467325131341,0.9854532553734234,-0.00036703653960351514,19.666666666666668,2,Ferrari,-0.006614153289670965,1.0,3.0,2.0
2022,9,Montréal,STR,1.0040790614485844,0.011666103871924568,0.982313011482586,1.0085096856313125,1.0033349558948774,1.0033692616912484,-0.0007648230600893777,28.5,1,Aston Martin,0.0012895581187082339,7.0,17.0,10.0
2022,9,Montréal,TSU,1.0067267744935269,0.008837919411426764,0.9935799023028612,1.0147340080967209,1.0082059186010826,1.0017103009694555,-0.002494671551923203,20.5,1,AlphaTauri,0.001791519043339962,2.0,20.0,18.0
2022,9,Montréal,VER,0.9820560269328411,0.014714501050999413,0.9622406902239422,0.9756356772238404,0.9812659825469409,0.9862594578949528,-0.00251961684837663,19.666666666666668,2,Red Bull Racing,0.0,0.0,1.0,1.0
2022,9,Montréal,VET,1.001499945211168,0.008556359022557114,0.9891010594429996,1.001374888807815,0.9994471768853541,1.0050546242339284,-0.005860966416220434,18.333333333333332,2,Aston Martin,-0.0012895581187082339,4.0,16.0,12.0
2022,9,Montréal,ZHO,1.0003377617161098,0.012446712077795869,0.971617077967392,1.0066790228459743,1.0016164862434418,0.9966476316448631,-0.00037261485538341043,19.333333333333332,2,Alfa Romeo,0.00037005997628603016,2.0,10.0,8.0
2022,10,Silverstone,ALO,0.9955850151616751,0.012126986189710157,0.9739835842476822,0.9982463695340908,0.9925669919630866,0.9974507130333087,-0.0005570667683187648,14.333333333333334,2,Alpine,-0.006498154365237263,2.0,7.0,5.0
2022,10,Silverstone,HAM,0.98541863234372,0.010186955077203108,0.9622990558816026,0.9911292416325554,0.9830312290626432,0.9828011113988772,-0.0016988032047292555,14.333333333333334,2,Mercedes,0.0,2.0,5.0,3.0
2022,10,Silverstone,LAT,1.0094140977816661,0.008725103679990832,0.9918133877689888,1.0073223955000812,1.0128945751159282,1.0071324172057554,0.00021472851243538064,14.0,2,Williams,0.0,-2.0,10.0,12.0
2022,10,Silverstone,LEC,0.9858453944310268,0.008896947421873249,0.9705069320404864,0.9893965987653074,0.9821132443846199,0.9877363504858984,-0.000288365998379936,21.5,1,Ferrari,0.00037323138516176524,-1.0,3.0,4.0
2022,10,Silverstone,MAG,1.006588273652576,0.01178629989761257,0.9851684103087522,1.0044168345859636,1.0115245420290395,1.0022311900973964,-0.0006060227101298687,21.0,1,Haas F1 Team,0.0016182102253168296,7.0,17.0,10.0
2022,10,Silverstone,MSC,1.0033518532019425,0.012691939159237008,0.9792995662158712,0.9987433906646421,1.0098335723286838,0.9995223497803918,-0.00047491965823473443,14.0,2,Haas F1 Team,-0.0016182102253166075,11.0,19.0,8.0
2022,10,Silverstone,NOR,0.9961087011992857,0.011145046920751677,0.9743663349493918,1.001890438516441,0.9942362203769559,0.9926472247063356,-0.0008564638929463618,14.333333333333334,2,McLaren,-0.005371002381559853,0.0,6.0,6.0
2022,10,Silverstone,OCO,1.0085813238921495,0.007483851106074863,0.9944820107170196,1.0070766344675446,1.0089574371007692,1.0102380097784331,-0.0006745482248844865,16.0,1,Alpine,0.006498154365237152,0.0,15.0,15.0
2022,10,Silverstone,PER,0.9880931894111573,0.010980169334655081,0.966838904482436,0.9929046370155946,0.9850278760538788,0.9875297003211652,-0.0006529961539519917,14.333333333333334,2,Red Bull Racing,-0.005487991073106491,2.0,4.0,2.0
2022,10,Silverstone,RIC,1.0068507059624054,0.010637608160982723,0.984987666921834,1.0040920181830335,1.0107912918785036,1.004657366807652,-9.600748717683273e-05,10.0,3,McLaren,0.005371002381559853,1.0,14.0,13.0
2022,10,Silverstone,SAI,0.9850989316607033,0.010709937958284524,0.9655205409543252,0.9932373293202974,0.9792786483676063,0.9847719583848078,-7.247297484903566e-05,14.333333333333334,2,Ferrari,-0.00037323138516176524,0.0,1.0,1.0
2022,10,Silverstone,STR,1.006588779936573,0.012587274642235868,0.9821701964786936,0.9996729154928232,1.0126388190525852,1.006081956277913,-0.0013471066513934574,14.0,2,Aston Martin,0.001861176504164952,9.0,20.0,11.0
2022,10,Silverstone,TSU,1.0171149305175842,0.019548934289670458,0.9976184400782512,1.0127921079522122,1.0191686686407064,1.0195503990273305,-0.0002741344014351507,14.0,2,AlphaTauri,0.0,-1.0,13.0,14.0
2022,10,Silverstone,VER,0.9990691715573702,0.00924380851810844,0.9795759972782172,0.9960508723845176,1.0015943162560295,0.999280198672927,0.00010143669838425721,10.0,3,Red Bull Racing,0.00548799107310638,-5.0,2.0,7.0
2022,10,Silverstone,VET,1.0028664269282428,0.009396116951383293,0.9831483371608404,1.0027229465966665,1.0035731068081843,1.0024482178904899,-0.0008726562443488535,14.333333333333334,2,Aston Martin,-0.001861176504165174,9.0,18.0,9.0
2022,11,Spielberg,ALB,1.004679379990522,0.01088547791018227,0.9797493988102772,0.9978862905071557,1.0075073723296561,1.0084984754979207,-0.0003026542880226735,21.0,2,Williams,-0.0061501267783174995,3.0,15.0,12.0
2022,11,Spielberg,ALO,1.0008352054592247,0.017099076797934418,0.9641254974757064,0.9957493992083687,1.0025217812578775,1.004923795988168,0.00010350667198507481,21.333333333333332,2,Alpine,0.000835360667515439,9.0,19.0,10.0
2022,11,Spielberg,BOT,1.0023668113361404,0.012755417680333687,0.9740820430606536,0.9974043108903161,1.0029374282273198,1.0079951990656373,-0.002138528778105248,21.0,2,Alfa Romeo,-0.0003619527097566966,-11.0,0.0,11.0
2022,11,Spielberg,GAS,1.0043418699706932,0.009835004119270734,0.9858667679196726,1.0030713859382223,1.0050390923531838,1.0067714890232915,1.078965684574514e-05,21.0,2,AlphaTauri,-0.0013892153494736714,-1.0,14.0,15.0
2022,11,Spielberg,HAM,0.9927832678961228,0.011869241718394007,0.9703413070075518,0.9957896342968439,0.9915633340135482,0.9945013748396999,-0.00011699938247586274,21.0,2,Mercedes,-0.0005749054603629844,5.0,8.0,3.0
2022,11,Spielberg,LAT,1.0169796335471568,0.010398270879955544,0.9969202210690632,1.0033886667474452,1.0211761916765698,1.0243773604838498,0.0007762872505732175,14.0,2,Williams,0.0061501267783172775,-2.0,17.0,19.0
2022,11,Spielberg,LEC,0.9844206672962527,0.014484579217579225,0.9504141529201648,0.9945858071812271,0.9826132904151558,0.9788521979037786,0.00023672902074370594,16.25,3,Ferrari,-0.0030937336721413855,1.0,2.0,1.0
2022,11,Spielberg,MAG,1.0016875500991436,0.009974814394589582,0.9835323236158574,1.0026931881401226,1.0013396814038396,1.0037832704154963,0.0003713544664843312,20.666666666666668,2,Haas F1 Team,0.0008551161120660122,-1.0,7.0,8.0
2022,11,Spielberg,MSC,0.9999773178750115,0.011200282399916165,0.9791306304405912,0.997348764672084,1.0021132000292738,1.001396269061719,0.0004246585459740491,20.666666666666668,2,Haas F1 Team,-0.0008551161120660122,3.0,9.0,6.0
2022,11,Spielberg,NOR,0.9996994618439026,0.01151954801518542,0.9746164339253822,1.0012649684897899,1.0024176268733178,0.996835471347038,5.288519610310526e-05,20.666666666666668,2,McLaren,-0.0017441420009898234,3.0,10.0,7.0
2022,11,Spielberg,OCO,0.9991644841241938,0.009377490546852068,0.9782024778860624,1.0041915173382518,0.9977337838757047,0.9995554146968456,0.0002993263874626942,21.0,2,Alpine,-0.000835360667515439,1.0,6.0,5.0
2022,11,Spielberg,RIC,1.0031877458458822,0.010320206831031475,0.9833354427709574,1.005116419053873,1.0033136277515307,1.003837689871719,1.986024014350907e-05,20.666666666666668,2,McLaren,0.0017441420009898234,2.0,11.0,9.0
2022,11,Spielberg,RUS,0.9939330788168489,0.01093858152613617,0.9713960258195168,0.9997226597735506,0.995631619591791,0.9890981227642349,0.00015748320009494195,21.0,2,Mercedes,0.0005749054603630954,0.0,4.0,4.0
2022,11,Spielberg,SAI,0.9906081346405355,0.012464309199717551,0.9654052229675568,0.9989999279327226,0.9893193364487793,0.9846658702731914,-0.00026669818566766045,17.333333333333332,2,Ferrari,0.0030937336721414965,-15.0,3.0,18.0
2022,11,Spielberg,STR,1.0052289498773068,0.012806783232658114,0.9844604761703863,1.005033410970646,1.0060063980217748,1.0066643777126307,0.0005018687999192576,21.0,2,Aston Martin,0.0010354588075798254,-1.0,12.0,13.0
2022,11,Spielberg,TSU,1.0071203006696405,0.012684121599687423,0.9847276716027508,1.0008284305146053,1.0093019394128544,1.0114836530532592,0.00042267422159123847,21.0,2,AlphaTauri,0.0013892153494736714,0.0,16.0,16.0
2022,11,Spielberg,VER,0.9847389219367452,0.013747475653834508,0.9460827743323632,0.9944895038167939,0.9835479242209768,0.9788834847903067,0.0005898930275591537,16.25,3,Red Bull Racing,0.0,-1.0,1.0,2.0
2022,11,Spielberg,VET,1.0031580322621474,0.012298665891474034,0.984404224500415,1.0025089605734767,1.0011516381111916,1.0090425753970385,-4.3224900467418916e-05,20.666666666666668,2,Aston Martin,-0.0010354588075796034,1.0,18.0,17.0
2022,11,Spielberg,ZHO,1.0030907167556538,0.014788001519408633,0.9756852156548398,0.9988242210464433,1.007660420692939,1.0022860194795857,0.0004413110010827853,21.0,2,Alfa Romeo,0.0003619527097566966,-1.0,13.0,14.0
2022,12,Le Castellet,ALB,1.0052840152886278,0.0069239454969692495,0.9942668711348988,1.0025802798061807,1.0046425300964201,1.0080522009743302,-4.1223162796948124e-05,23.5,1,Williams,-0.0019104763676027758,0.0,13.0,13.0
2022,12,Le Castellet,ALO,0.997463553239045,0.0061928717034870325,0.98385302342364,0.9960333764360211,1.0029683130736693,0.9952706615791365,-0.00014809807331224656,23.5,1,Alpine,-0.001903934478039937,1.0,7.0,6.0
2022,12,Le Castellet,BOT,1.0044305808126694,0.01621771704769215,0.981878501769051,1.01464899584327,0.9992755894442623,1.0028805105660619,0.00041165509437739986,15.333333333333334,2,Alfa Romeo,-0.00226586888433844,-3.0,11.0,14.0
2022,12,Le Castellet,GAS,1.0050528476167873,0.008385633594543501,0.990127391727055,1.006404908161028,1.0028763539835308,1.0065470715947111,-0.00044457257345125215,23.5,1,AlphaTauri,0.0,2.0,14.0,12.0
2022,12,Le Castellet,HAM,0.9904370805061959,0.011297189668764968,0.9789217307634484,0.9828425081283155,0.9943033284842666,0.9896824355698816,-0.0005096564832620137,24.5,1,Mercedes,0.00010760855994629281,2.0,4.0,2.0
2022,12,Le Castellet,LAT,1.0091049680238333,0.006793422928600939,0.9987872227400748,1.0112824658355226,1.0017272782849096,1.0137027500861924,-0.0002715802521106688,11.333333333333334,2,Williams,0.0019104763676027758,1.0,18.0,17.0
2022,12,Le Castellet,MAG,1.0044809064370315,0.004630432645372165,0.9949283860039492,1.0054827117512706,1.0018630377253166,1.0064791135715432,0.0006235841702147986,10.333333333333334,2,Haas F1 Team,0.00032048831707309766,2.0,20.0,18.0
2022,12,Le Castellet,MSC,1.003839929802885,0.006411654798778019,0.99295386434936,1.0006120917742765,1.003486005737775,1.006710302700508,0.00010117032972606922,14.666666666666666,2,Haas F1 Team,-0.0003204883170733197,2.0,17.0,15.0
2022,12,Le Castellet,NOR,1.0002418303873315,0.00517147470685572,0.9921219592867668,1.002751682307145,1.0029830546072032,0.9976880344385181,4.457053373053647e-05,23.5,1,McLaren,-0.001450982323990102,-2.0,5.0,7.0
2022,12,Le Castellet,OCO,1.0012714221951249,0.005577236758643073,0.9891050505657956,1.0028642702244448,1.001852870369623,1.0007291676465686,-9.234964146593474e-05,23.5,1,Alpine,0.001903934478039937,2.0,10.0,8.0
2022,12,Le Castellet,PER,0.9918857934670395,0.0129372220404917,0.9800443014503212,0.9918936699544019,0.9892979098962371,0.9909769222339367,-0.0006305446875529427,24.0,1,Red Bull Racing,0.0027569050679245866,-1.0,3.0,4.0
2022,12,Le Castellet,RIC,1.003143795035312,0.006400798486783499,0.9936053562658488,1.0056831691986345,1.0047534425868159,1.0013529279952373,5.732936690460755e-05,23.5,1,McLaren,0.0014509823239903241,0.0,9.0,9.0
2022,12,Le Castellet,RUS,0.9902218633863034,0.0067206538835233535,0.9777189764560844,0.9881026499330775,0.9924604075753231,0.9906636149203669,-8.825126225229404e-05,23.5,1,Mercedes,-0.00010760855994629281,3.0,6.0,3.0
2022,12,Le Castellet,SAI,0.9888019119338842,0.015008674698758618,0.9600084192801516,0.9907005927856539,0.9893231128487403,0.9881158511162251,4.5052300363461284e-05,15.0,2,Ferrari,0.0,14.0,19.0,5.0
2022,12,Le Castellet,STR,1.003155097513732,0.005986256937994112,0.9941265497990398,1.0064301144111696,1.0037222372172476,1.0016582955905258,0.00010039099708986538,23.5,1,Aston Martin,-0.00016058049529177332,5.0,15.0,10.0
2022,12,Le Castellet,VER,0.9863719833311902,0.010435533024271674,0.9771476681600866,0.9858772485573352,0.9819159992320361,0.9874980190905398,-0.00030933952473479766,23.5,1,Red Bull Racing,-0.0027569050679246976,1.0,2.0,1.0
2022,12,Le Castellet,VET,1.0034762585043153,0.007380579814429293,0.9927133134878872,1.0086734706737883,0.9992548505787632,1.0041668445565575,8.645086069314978e-05,23.5,1,Aston Martin,0.00016058049529155127,1.0,12.0,11.0
2022,12,Le Castellet,ZHO,1.008962318581346,0.011666692052997977,0.9959607501177696,1.0112880051275974,1.0056608298743606,1.0106736593829748,-0.00047351239337700175,13.0,2,Alfa Romeo,0.002265868884338218,0.0,16.0,16.0
2022,13,Budapest,ALB,1.0061801783212085,0.013423363218899653,0.9796975273688184,1.002610068369634,1.0111619331531183,1.0071933639571722,0.0013884878548904693,19.666666666666668,2,Williams,-0.0007399058487052024,0.0,17.0,17.0
2022,13,Budapest,ALO,1.0048384713687193,0.00955752795503975,0.9906922423556058,1.0084564516917793,1.0032065250315783,1.0052710540146228,5.451316165029009e-05,30.5,1,Alpine,-0.000288153896614185,-2.0,6.0,8.0
2022,13,Budapest,BOT,1.0070374433748583,0.008843081694317632,0.990963571158928,1.0095740802121314,1.0059436404187083,1.0081522537843004,6.268477197609119e-05,30.0,1,Alfa Romeo,0.0016224675978355751,-12.0,8.0,20.0
2022,13,Budapest,GAS,1.0038876698754247,0.011963677273756676,0.981490656851642,0.9995685559606673,1.00918163022775,1.0054404344509529,-5.979702591794871e-05,20.0,2,AlphaTauri,-0.002518453417082789,-12.0,0.0,12.0
2022,13,Budapest,HAM,0.9873018893612808,0.01285223924111291,0.9601028690071725,0.99142726734298,0.9861296108642351,0.9864480736646575,0.000991727396792206,20.333333333333332,2,Mercedes,-0.001426035829351191,5.0,7.0,2.0
2022,13,Budapest,LAT,1.0076599900186192,0.014258894300539641,0.9729850887127216,1.0010662741639185,1.0133632507981778,1.0115773483228592,0.0015356643285232368,14.75,3,Williams,0.0007399058487054244,1.0,19.0,18.0
2022,13,Budapest,LEC,0.9850595203818518,0.01047213112280982,0.9628869384673462,0.9891395088846816,0.9821739625897407,0.9864662274853756,0.0003819302950398691,14.75,3,Ferrari,-0.0019664036878034308,-3.0,3.0,6.0
2022,13,Budapest,MAG,1.0070915391801192,0.013018054085559312,0.9851712910532276,1.0050746335735914,1.0107916438225006,1.0077926033785858,0.00022636770144776028,14.75,3,Haas F1 Team,0.0006141405161952385,-3.0,13.0,16.0
2022,13,Budapest,MSC,1.005863258147729,0.014764346180636533,0.9809244054360136,1.0053535520936914,1.0059539507599806,1.009306264127704,0.0005021089558637904,20.0,2,Haas F1 Team,-0.0006141405161950164,1.0,15.0,14.0
2022,13,Budapest,NOR,0.9963847486419561,0.010397034799054865,0.9796503397508496,1.0034712898097222,0.9923985836295143,0.995434891604919,0.0017404016225454186,19.666666666666668,2,McLaren,-0.003923270533811918,-3.0,4.0,7.0
2022,13,Budapest,OCO,1.0054147791619477,0.007097420439057136,0.9926977161192904,1.0074148133255814,1.0039527126294385,1.0076795970113142,0.00011194954660257307,30.5,1,Alpine,0.000288153896614185,-4.0,5.0,9.0
2022,13,Budapest,PER,0.9876252405794949,0.013036228631937472,0.9666383540958852,0.9893510544075376,0.9865747614054481,0.9896551047654253,0.00039491294825755595,20.333333333333332,2,Red Bull Racing,0.0005956469809206277,6.0,11.0,5.0
2022,13,Budapest,RIC,1.0042312897095802,0.009993906073989103,0.9861032465081164,1.0048847491334412,1.005748314176425,1.0043565844634015,0.0004512845610661669,19.666666666666668,2,McLaren,0.00392327053381214,-6.0,9.0,15.0
2022,13,Budapest,RUS,0.9901539610199832,0.010992538331233315,0.9763825972064932,0.9953846237441385,0.9842341053135717,0.9909783612055308,-4.723982876029409e-05,20.666666666666668,2,Mercedes,0.001426035829351191,-2.0,1.0,3.0
2022,13,Budapest,SAI,0.9889923277574586,0.008763898223092969,0.9673461683654208,0.9919646592804706,0.9852659974641365,0.9928979301605131,0.000985267580158775,20.333333333333332,2,Ferrari,0.0019664036878033198,-2.0,2.0,4.0
2022,13,Budapest,STR,1.0015497200201335,0.013530725639499782,0.9725014156285392,0.9987719588995692,1.0052816079791187,1.0031576074405324,0.0006987966259133128,20.0,2,Aston Martin,0.000333065936831467,3.0,14.0,11.0
2022,13,Budapest,TSU,1.00892457670959,0.011418292588806382,0.9854898074745186,1.0086927165813473,1.0124911894817639,1.0075417736814725,0.0003516306943809927,13.5,3,AlphaTauri,0.0025184534170825668,-3.0,16.0,19.0
2022,13,Budapest,VER,0.9864339466176535,0.012186328144423832,0.968832578331446,0.9861375701625216,0.9850444897008231,0.9914592748695487,0.0003067525685296053,20.333333333333332,2,Red Bull Racing,-0.0005956469809207388,9.0,10.0,1.0
2022,13,Budapest,VET,1.0008835881464704,0.012111636544195264,0.9770668176670442,0.9988857584797259,1.004841519201654,1.001209996290931,2.288222613848243e-05,20.0,2,Aston Martin,-0.00033306593683168906,8.0,18.0,10.0
2022,13,Budapest,ZHO,1.0037925081791872,0.018720473844635026,0.9676882785956964,1.0060589990056348,1.0051014483316238,1.0021414624929144,0.0009861189702970359,20.0,2,Alfa Romeo,-0.0016224675978355751,-1.0,12.0,13.0
2022,14,Spa-Francorchamps,ALB,1.0040832023851518,0.007032947159799524,0.9887875315951968,0.9991001128730319,1.0098101711820124,0.9998764470129038,0.001292515776029167,12.0,2,Williams,-0.0020099556712813715,-4.0,6.0,10.0
2022,14,Spa-Francorchamps,ALO,0.9996693038053227,0.011117210354747439,0.9871520155330294,1.0057107559740117,0.9951610308718319,0.9988829776499007,-0.0011753165374651495,12.333333333333334,2,Alpine,0.0005108935780984147,-2.0,3.0,5.0
2022,14,Spa-Francorchamps,GAS,1.0016372166879,0.00890624524312861,0.9883239896096626,0.9996421098997909,1.0031065361390274,1.0013816290235886,0.0022750863782201084,12.0,2,AlphaTauri,-0.0008019665064191717,-9.0,0.0,9.0
2022,14,Spa-Francorchamps,LAT,1.0081031137277148,0.014276881275687152,0.9817994175113918,1.0027431686252302,1.010244344395969,1.01025755193477,0.0013687840239149584,11.666666666666666,2,Williams,0.0020099556712815936,-7.0,11.0,18.0
2022,14,Spa-Francorchamps,LEC,0.9962955512602609,0.012919051368602816,0.9619283346598212,0.9998829974672394,0.9911855899220519,1.0011336212027748,0.0001051411402817258,12.0,2,Ferrari,0.0037538916423266455,9.0,15.0,6.0
2022,14,Spa-Francorchamps,MAG,1.0064980839848119,0.009403430222778744,0.9912101944252516,1.005611992071358,1.0030698465355508,1.013228698511644,0.0019967858333829066,11.666666666666666,2,Haas F1 Team,-5.335105871240309e-05,-4.0,12.0,16.0
2022,14,Spa-Francorchamps,MSC,1.0066047861022367,0.014075192471484328,0.9814145902026464,1.0095400325640664,1.0005268806712853,1.0137379584150794,0.0014115694525360784,11.666666666666666,2,Haas F1 Team,5.335105871240309e-05,2.0,19.0,17.0
2022,14,Spa-Francorchamps,NOR,1.0045882882278798,0.009557638964445015,0.9767441860465116,0.9954102315273649,1.01384471113713,0.9989069618951767,0.0013307356315306414,12.0,2,McLaren,-0.0008600307278774366,5.0,17.0,12.0
2022,14,Spa-Francorchamps,OCO,0.9986475166491259,0.010989593394623262,0.977085282979263,0.9983344345336417,0.9981239362105787,0.9999440855094893,0.0009827949274795525,12.0,2,Alpine,-0.0005108935780984147,9.0,16.0,7.0
2022,14,Spa-Francorchamps,PER,0.9877138917694468,0.010608309706202823,0.96875027331485,0.9972865736152409,0.9768747379441107,0.993056560992667,0.0011236659919203354,12.333333333333334,2,Red Bull Racing,0.0023942085381076783,0.0,2.0,2.0
2022,14,Spa-Francorchamps,RIC,1.006308349683635,0.00801455367177428,0.9890061834751654,1.00113389219249,1.0093629730813847,1.0067485182660016,0.0010254358996079022,12.0,2,McLaren,0.0008600307278776587,-8.0,7.0,15.0
2022,14,Spa-Francorchamps,RUS,0.9901358454582695,0.011008148086118283,0.969003909495614,1.0062097373637267,0.9752076010052398,0.9957723380339532,0.00020495921370186293,12.333333333333334,2,Mercedes,0.0,1.0,5.0,4.0
2022,14,Spa-Francorchamps,SAI,0.9887877679756076,0.0074984677139249434,0.9793592625309392,1.0032863946701907,0.9757814209955882,0.9937690685718347,0.0008956156797628611,12.333333333333334,2,Ferrari,-0.0037538916423266455,-2.0,1.0,3.0
2022,14,Spa-Francorchamps,STR,1.0041320346383449,0.00916297411335121,0.9872569684354146,0.9965974631097898,1.0091499441679948,1.0037796391892038,0.001624228272541903,12.0,2,Aston Martin,0.00245667534471683,-2.0,9.0,11.0
2022,14,Spa-Francorchamps,TSU,1.0032411497007385,0.010826125792548115,0.9833737110471676,0.9942161174430129,1.012089526349454,0.9980781648503475,0.0005109427230000571,12.0,2,AlphaTauri,0.0008019665064193937,-13.0,0.0,13.0
2022,14,Spa-Francorchamps,VER,0.9829254746932315,0.009350275709230657,0.956418307284606,0.9932800971809274,0.972484578441257,0.9895376773481382,0.0012445331047358386,12.0,2,Red Bull Racing,-0.0023942085381075673,13.0,14.0,1.0
2022,14,Spa-Francorchamps,VET,0.9992186839489112,0.00879669095608998,0.9840646509878692,1.0020372205704218,0.9966760984811527,1.0005916113834687,0.0006780041421058795,12.0,2,Aston Martin,-0.00245667534471683,2.0,10.0,8.0
2022,14,Spa-Francorchamps,ZHO,1.0050248631482177,0.011525350493707306,0.9823329280985156,0.99095639246779,1.0165338623822375,1.0007223791435347,0.001626012896642711,12.0,2,Alfa Romeo,0.0,4.0,18.0,14.0
2022,15,Zandvoort,ALB,1.0058204361193823,0.012770425431070449,0.9818217268384624,1.0020287144185624,1.0146959288971782,1.0004269265389196,7.770912436858262e-06,14.25,3,Williams,-0.00581872580258036,3.0,15.0,12.0
2022,15,Zandvoort,ALO,0.9969295594622991,0.013758000858418476,0.9637539401423326,0.9967946046300153,0.9976204042371998,0.9969390307526282,0.0014474542989250164,15.0,3,Alpine,-0.0015559094010983987,7.0,13.0,6.0
2022,15,Zandvoort,BOT,1.0129318269623082,0.011422061950633895,0.9988496409189872,1.0218778548184073,1.009584142563355,1.0073854905912536,0.0003033097754987856,15.0,2,Alfa Romeo,0.0029995003974587764,-3.0,16.0,19.0
2022,15,Zandvoort,GAS,1.0015869262911845,0.012652831511673212,0.977025314398986,1.0027201569904245,1.0009012531982764,1.0017699389836823,0.0006117522349654827,14.5,3,AlphaTauri,-0.004530753058975323,0.0,11.0,11.0
2022,15,Zandvoort,HAM,0.9883984949548598,0.013371523546076411,0.9599844019107658,0.9917855765283021,0.9820855380530531,0.992586203442338,-0.0005276687782599179,15.25,3,Mercedes,0.0008503440084274283,0.0,4.0,4.0
2022,15,Zandvoort,LAT,1.017457887724543,0.016003892296593776,0.9887368797322328,1.0169130437961686,1.0226534962767626,1.0126900622409993,-0.00043102246740984714,14.25,3,Williams,0.00581872580258036,2.0,20.0,18.0
2022,15,Zandvoort,LEC,0.9903475990857786,0.012844967562960925,0.9672505118123028,0.9919682093415884,0.9878704333388474,0.988914617325243,-0.0010327896543266717,15.0,3,Ferrari,-0.0021272977393602677,-1.0,2.0,3.0
2022,15,Zandvoort,MAG,1.004586499557313,0.012954433625321522,0.9796769895687778,1.0090560960807657,1.0049132609677742,0.9998145596619492,0.0004324027156015997,11.4,4,Haas F1 Team,0.0006765167939644101,3.0,18.0,15.0
2022,15,Zandvoort,MSC,1.0032334659693845,0.012597303159750325,0.97790920612225,1.0035981327337316,1.0045373218329539,1.0019665988707582,-0.0005492701054833408,11.6,4,Haas F1 Team,-0.0006765167939641881,-5.0,8.0,13.0
2022,15,Zandvoort,NOR,0.9970441620901441,0.012311853223821128,0.9710590452669547,0.9974450296164387,0.9976847341947421,0.9965059354073311,0.00030251887951261686,15.0,3,McLaren,-0.004871399805247756,0.0,7.0,7.0
2022,15,Zandvoort,OCO,1.000041378264496,0.011553505289674052,0.9759724433756864,1.0053884236982027,0.997077581928796,0.9981118186431108,-7.1285979087176e-05,20.0,2,Alpine,0.0015559094010983987,3.0,12.0,9.0
2022,15,Zandvoort,PER,0.9915910216252746,0.012556496912324534,0.9671335261430474,0.994084204401912,0.9882850941725159,0.993284805432334,0.00044869580291475827,14.75,3,Red Bull Racing,0.0034411951840438437,0.0,5.0,5.0
2022,15,Zandvoort,RIC,1.0067869617006397,0.015221095137990857,0.9823806583693496,1.0049262016966358,1.010486733768411,1.0052462351830451,3.86562755560801e-05,11.6,4,McLaren,0.004871399805247867,0.0,17.0,17.0
2022,15,Zandvoort,RUS,0.986697806938005,0.016108337490559437,0.9576056933025704,0.988981682582014,0.9814427341832794,0.9908989114519898,-0.0013886736654652402,15.5,3,Mercedes,-0.0008503440084273173,4.0,6.0,2.0
2022,15,Zandvoort,SAI,0.994602194564499,0.013391121533575473,0.970240145582166,0.9955278332017926,0.9940148632835236,0.9914131343667588,-0.00016804892054805934,15.0,3,Ferrari,0.0021272977393601566,-5.0,3.0,8.0
2022,15,Zandvoort,STR,0.9968115802365933,0.011535870125177573,0.9754395086601892,0.993789497476473,0.9993072645951364,0.9979831271731471,-6.37742551640274e-05,14.5,3,Aston Martin,-0.0038523411553590403,0.0,10.0,10.0
2022,15,Zandvoort,TSU,1.010648432409135,0.006581794343497804,1.0026711727813342,1.0136359919994735,1.0113046599073454,1.0071734942940418,0.0004434976917347756,19.0,1,AlphaTauri,0.004530753058975101,-11.0,9.0,20.0
2022,15,Zandvoort,VER,0.984708631257187,0.014419874878361738,0.9573587235563644,0.9860910710924965,0.9802302478867462,0.9863819109726938,0.00032888099197759586,15.5,3,Red Bull Racing,-0.0034411951840437327,0.0,1.0,1.0
2022,15,Zandvoort,VET,1.0045162625473116,0.014584996524081838,0.9730867968673836,1.0031407849369949,1.0074284172025079,1.0033435682858654,-0.0004553439252439794,11.4,4,Aston Martin,0.0038523411553592624,5.0,19.0,14.0
2022,15,Zandvoort,ZHO,1.0069328261673909,0.010544563301246925,0.9870990803626556,1.0107052574413338,1.0083590250093593,1.0016689630424551,0.0005045669232785609,14.25,3,Alfa Romeo,-0.0029995003974585543,-2.0,14.0,16.0
2022,16,Monza,ALO,1.005954258513545,0.003632143352660726,1.0002351389326989,1.0043048639009489,1.0119672775336692,1.0043692187550197,6.741403015326372e-05,28.0,0,Alpine,0.00186342824917074,-13.0,6.0,19.0
2022,16,Monza,BOT,1.0037301903142621,0.010814663317545912,0.9830642617497778,0.9996514320262178,1.006893186711312,1.007465970658461,-0.00024403351719751528,20.5,1,Alfa Romeo,0.0010477074387025276,2.0,15.0,13.0
2022,16,Monza,DEV,1.0016727363098479,0.004872035206262754,0.9935938978579416,0.9945540115404296,1.0067326355398376,1.0063997851636028,0.00010344583619125534,21.0,1,Williams,-0.001995540280173236,-1.0,8.0,9.0
2022,16,Monza,GAS,1.0031128233410402,0.009328034245150565,0.9946720958908036,1.0014184900173764,1.0032608927425655,1.0054298566078541,-0.00038165584156498334,21.5,1,AlphaTauri,-0.00010799509525427631,-3.0,5.0,8.0
2022,16,Monza,HAM,0.9943001339554546,0.014927410191140886,0.9684741777306224,0.9987875287708613,0.9964006874734557,0.9907524793092286,-0.000773768734436295,21.0,1,Mercedes,0.0027535891268678503,14.0,19.0,5.0
2022,16,Monza,LAT,1.0056638168701943,0.008675267716555829,0.9955897112379204,1.0004652309521278,1.0110098953309756,1.008232649366076,-0.0006768482370116014,21.0,1,Williams,0.001995540280173236,-5.0,10.0,15.0
2022,16,Monza,LEC,0.9801711059198861,0.007848085829393687,0.9673500989304046,0.99165201737988,0.9737853067918143,0.9770595900311422,-0.0003418024291962311,14.333333333333334,2,Ferrari,-0.004133333803319039,-1.0,1.0,2.0
2022,16,Monza,MAG,1.0085384387809984,0.008655294508143457,0.9955897112379204,1.0179949297631208,1.0065979909611549,1.004379164140388,-5.70882920939486e-05,20.5,1,Haas F1 Team,0.002589655585508943,0.0,16.0,16.0
2022,16,Monza,MSC,1.0033591276099807,0.01175604817859958,0.9783844234794826,1.0131961788580817,0.9993331666249896,1.0009769784018576,-0.0004727209480318665,21.0,1,Haas F1 Team,-0.002589655585508721,5.0,17.0,12.0
2022,16,Monza,NOR,0.9954244858554785,0.01254177668635975,0.9717317122128868,0.9987630429312757,0.9962085759535123,0.9943671346442636,-0.00038253012147210805,21.0,1,McLaren,-0.00364219555857781,-4.0,3.0,7.0
2022,16,Monza,OCO,1.0022274020152036,0.006728269313143881,0.993238321910934,1.0048178000233035,0.999976184522321,1.0050702378275165,-0.00012094159530513756,21.0,1,Alpine,-0.00186342824917074,3.0,14.0,11.0
2022,16,Monza,PER,0.9906875277104391,0.011794658455664119,0.9638402202276832,1.0044200512656842,0.9858755287112374,0.9852821479787073,-0.0032619293047144358,13.0,2,Red Bull Racing,0.004549765893785529,7.0,13.0,6.0
2022,16,Monza,RIC,1.0027088769726342,0.008631061916198135,0.9933530238293234,1.006884001248963,1.0022966058975062,1.0000683720129462,-0.00028356030214912487,21.0,1,McLaren,0.003642195558577921,-13.0,4.0,17.0
2022,16,Monza,RUS,0.9887929557017188,0.008167228534889645,0.978269721561093,0.9982437742642004,0.9857169718786286,0.9840242249570642,-0.0002163014844577845,21.5,1,Mercedes,-0.0027535891268679613,-1.0,2.0,3.0
2022,16,Monza,SAI,0.9884377735265242,0.013097435553960339,0.9683135950448772,0.9925436396765167,0.9887209897712523,0.9871304101414641,-0.000533390028509565,21.0,1,Ferrari,0.004133333803319039,14.0,18.0,4.0
2022,16,Monza,STR,1.0086613442727477,0.004743399979509786,1.0032632695781836,1.0043232655309011,1.00888653535933,1.0157135457847053,-9.438358031977586e-05,17.0,1,Aston Martin,0.0,-6.0,12.0,18.0
2022,16,Monza,TSU,1.003328813531549,0.006482655912641997,0.996266452556419,1.0026875319793507,1.0045098576231362,1.0057663143448603,-0.0003810073664340989,21.0,1,AlphaTauri,0.00010799509525449835,6.0,20.0,14.0
2022,16,Monza,VER,0.981587995922868,0.012186522021879299,0.9720414073925386,0.9967853057629456,0.9739775853054176,0.9752798104035842,-0.0002980159183655433,22.0,1,Red Bull Racing,-0.004549765893785529,6.0,7.0,1.0
2022,16,Monza,ZHO,1.001634775436857,0.005129599139383915,0.9905772374042956,0.9991117550605475,1.0039533692947047,1.0047226114484407,6.714765844751259e-05,21.0,1,Alfa Romeo,-0.0010477074387025276,-1.0,9.0,10.0
2022,17,Marina Bay,BOT,0.9985978205583602,0.04141039201178344,0.9400928629955668,0.9955890200848686,1.000553595344838,1.0031474942746639,-0.0015883787393138013,21.5,1,Alfa Romeo,0.0,4.0,15.0,11.0
2022,17,Marina Bay,GAS,0.9941757215408916,0.04490360588793139,0.9292098241485808,0.987987165642777,0.9949930882849153,0.9984242468196488,-0.00270704548919123,22.0,1,AlphaTauri,0.0,-3.0,7.0,10.0
2022,17,Marina Bay,HAM,0.9882000575568815,0.04508963813786153,0.929655230371662,0.9784310969444431,0.994133205620803,0.9897721193905832,-0.0015576458167248907,21.5,1,Mercedes,-0.008478659748942019,-6.0,3.0,9.0
2022,17,Marina Bay,LEC,0.9697781421635426,0.04142367506263127,0.9139483580897956,0.9714213168048822,0.9694585979280298,0.9702293760697672,-0.001675605341969544,21.5,1,Ferrari,-0.003327623247703193,-1.0,1.0,2.0
2022,17,Marina Bay,MAG,0.996214047103809,0.039474266600567444,0.9417988528688782,0.9969182963120817,0.998166205626504,0.9979290310363306,-0.004335238696869031,14.0,2,Haas F1 Team,-0.001765124569748977,-3.0,9.0,12.0
2022,17,Marina Bay,MSC,0.999744296243307,0.04261145316325595,0.9268651385591528,0.9981250778959689,1.0039622564871498,1.0007284850017881,-0.003310743055012451,13.666666666666666,2,Haas F1 Team,0.001765124569748977,-1.0,12.0,13.0
2022,17,Marina Bay,NOR,0.9830798616281078,0.04656626465772566,0.9178057440594996,0.9811978290538609,0.9844965569200205,0.9837146372239415,-0.0020628812702312375,23.0,1,McLaren,-0.004926324366442358,2.0,6.0,4.0
2022,17,Marina Bay,PER,0.9681372202602531,0.041739016886518134,0.9090068701808938,0.9692781449083665,0.9674214305716489,0.9699024549443376,-0.0018705507670255623,22.0,1,Red Bull Racing,-0.006108041659652064,1.0,2.0,1.0
2022,17,Marina Bay,RIC,0.9929325103609926,0.0429881238919473,0.932882324516251,0.9874548237037731,0.9961866073156753,0.9978957469809171,-0.0021048226580077213,23.0,1,McLaren,0.004926324366442469,11.0,16.0,5.0
2022,17,Marina Bay,RUS,1.0051573770547655,0.05113889717906015,0.8946614282412756,0.9969075941082158,1.0110307972138977,1.0093775103747185,-0.0025885473490736416,7.4,4,Mercedes,0.008478659748942019,-14.0,0.0,14.0
2022,17,Marina Bay,SAI,0.976433388658949,0.04518872925525918,0.9110994390402756,0.9783702551149579,0.9765442018280178,0.9760236077275639,-0.0022061840741859867,22.0,1,Ferrari,0.003327623247703193,1.0,4.0,3.0
2022,17,Marina Bay,STR,0.9948186276912877,0.0498607118581745,0.926806311322142,0.9894907913681519,0.9943209043401702,0.9990993568177452,-0.0028951627214312196,22.5,1,Aston Martin,0.0010335873388166439,5.0,11.0,6.0
2022,17,Marina Bay,VER,0.9803533035795573,0.04507299066615026,0.917217471689392,0.9764617688888486,0.9853628170979297,0.9821032134554274,-0.0008542287047343976,21.0,1,Red Bull Racing,0.006108041659652175,1.0,8.0,7.0
2022,17,Marina Bay,VET,0.9927514530136544,0.04659982870427357,0.930050213248734,0.9857676514853471,0.9950044676297222,0.9957584328618162,-0.002553341751014249,22.0,1,Aston Martin,-0.0010335873388166439,5.0,13.0,8.0
2022,18,Suzuka,ALO,0.9884807697009708,0.019255871317547888,0.9573461453825278,0.9857874599037972,0.9879890695387713,0.9969860785533178,0.0047128836651502155,6.0,2,Alpine,-0.004862151711707896,0.0,7.0,7.0
2022,18,Suzuka,BOT,1.011053798032086,0.009704605113191595,0.9885938531504438,1.0157123700123978,1.0079528415605798,1.0117754799379446,0.0004589108170491616,21.0,0,Alfa Romeo,0.005292836651029864,-3.0,12.0,15.0
2022,18,Suzuka,GAS,0.9993036708313979,0.015496649711238163,0.9662858505097924,0.9991313075087079,1.0000880382337471,1.0001009956040334,0.004764109670861671,9.0,1,AlphaTauri,0.001359038933307355,-1.0,17.0,18.0
2022,18,Suzuka,HAM,0.997888963404624,0.01667730018481007,0.9675970072617912,0.9969601787024553,0.9961759719323005,1.0059184942694488,0.0012119530837656687,10.5,1,Mercedes,0.0018753296448044132,1.0,6.0,5.0
2022,18,Suzuka,LAT,1.0065549502210545,0.008364808708989471,0.9936459326633904,1.0112328149546983,1.00347153361148,1.0071890507234718,0.000984984163588513,22.0,0,Williams,0.0,11.0,20.0,9.0
2022,18,Suzuka,LEC,0.993962915614423,0.014714591052577315,0.9580521528643732,0.9948818228807094,0.997112868609061,0.9871857081348543,0.001978833977042658,10.5,1,Ferrari,0.0,-1.0,2.0,3.0
2022,18,Suzuka,MAG,1.0101399178464023,0.00885850246413931,0.9909044230910292,1.0124307365331577,1.0107223708582014,1.006774147251591,0.0008370748995278481,20.0,0,Haas F1 Team,-0.0020740115895254707,4.0,18.0,14.0
2022,18,Suzuka,MSC,1.014287941025453,0.021848484649843587,0.9769034695224824,1.011920906813754,1.0114447417164025,1.0277017652968474,0.0010500850013591626,10.0,1,Haas F1 Team,0.0020740115895252487,-2.0,15.0,17.0
2022,18,Suzuka,NOR,1.0059126489295933,0.006255800817122096,0.9918488227096016,1.005324205435533,1.0057184017875518,1.009786701840474,0.0006570430229932928,21.0,0,McLaren,-0.000182658150915449,0.0,10.0,10.0
2022,18,Suzuka,OCO,0.9982050731243866,0.01458534458317123,0.9770318345191814,0.9933191402715478,1.0007908740775586,1.0037246875021357,0.0010446442703987288,10.5,1,Alpine,0.004862151711707896,1.0,5.0,4.0
2022,18,Suzuka,PER,0.9932892176895698,0.015160396963407144,0.9730066749798284,0.9947444706698811,0.9944805417536434,0.9900492752236519,0.0015214216499217688,10.5,1,Red Bull Racing,0.004961481768677611,2.0,4.0,2.0
2022,18,Suzuka,RIC,1.006277965231424,0.013265424338964878,0.988804738502164,1.0094476633858762,1.0069427865816012,1.0010500885040425,0.000566591513625996,10.0,1,McLaren,0.00018265815091522697,0.0,11.0,11.0
2022,18,Suzuka,RUS,0.9941383041150151,0.005656458018149611,0.9811120076285484,0.9961174505983854,0.9939781848116895,0.9930512366645935,-0.00020146824186557081,20.0,0,Mercedes,-0.0018753296448044132,0.0,8.0,8.0
2022,18,Suzuka,STR,0.9956391558065805,0.011872218032111822,0.9646171055527032,0.9938924451866282,0.9966282499828496,0.9989289150414348,0.0032744287241646478,9.0,1,Aston Martin,-0.0009895033367490758,7.0,19.0,12.0
2022,18,Suzuka,TSU,0.9965855929647832,0.012003742095900036,0.9709253282476344,0.9962694015017978,0.9976023873224942,0.9971083363897795,0.0014949312497082611,9.0,1,AlphaTauri,-0.001359038933307355,0.0,13.0,13.0
2022,18,Suzuka,VER,0.9833662541522147,0.012746887502564959,0.96192144062202,0.9847936644485487,0.981469830162977,0.9873337843964071,0.001606685789512288,10.5,1,Red Bull Racing,-0.0049614817686775,0.0,1.0,1.0
2022,18,Suzuka,VET,0.9976181624800785,0.009118721072116271,0.9807452504951222,0.9939114853721537,0.9966715934816365,1.0091178734674886,0.0005501098138368952,22.0,0,Aston Martin,0.0009895033367489647,3.0,9.0,6.0
2022,18,Suzuka,ZHO,1.000468124730026,0.023872662908286123,0.957336976454192,0.9995403520313064,1.0034963755688184,0.9974804254572711,0.007210532566286996,6.0,2,Alfa Romeo,-0.005292836651030086,-2.0,14.0,16.0
2022,19,Austin,ALB,1.0075986886036905,0.00831422012571693,0.9932825404210772,1.0106009517660282,1.0029033517822756,1.0129744692128742,0.0008021826878367084,15.0,2,Williams,-0.002645087218194009,-5.0,8.0,13.0
2022,19,Austin,ALO,1.0034501974546621,0.010085083824370473,0.9868171067426622,1.0051088862872122,1.002294499441718,1.0056200436947433,-0.0004765567078140957,23.5,1,Alpine,-0.000331281836086994,7.0,14.0,7.0
2022,19,Austin,GAS,1.00115575741673,0.009201997661223236,0.9855569772401226,1.0029530662671406,1.0006014774812355,1.0024763103523604,9.832993848433908e-05,14.333333333333334,2,AlphaTauri,-0.0007627277588269088,-3.0,11.0,14.0
2022,19,Austin,HAM,0.9843935604738792,0.009737323659329793,0.9676825249117909,0.9822499028157571,0.9906435583565627,0.9799691606723613,0.00011213605121777371,14.666666666666666,2,Mercedes,-0.0024657866237778325,1.0,3.0,2.0
2022,19,Austin,LAT,1.0128888630400785,0.006575009720986291,1.0031115505408863,1.0086169101880413,1.0121951547960515,1.0193861224810308,-0.0010178271086403877,15.0,2,Williams,0.002645087218194009,0.0,17.0,17.0
2022,19,Austin,LEC,0.9875611216660422,0.01299370795177553,0.9667228878290876,0.9881268383671712,0.9899971720599522,0.9862311087553289,-0.0002885287826264553,15.0,2,Ferrari,0.0,9.0,12.0,3.0
2022,19,Austin,MAG,1.0079247915114709,0.00987374448738287,0.994009538211004,1.0068413589301715,1.0110305133871589,1.0071782431004095,-0.00031221727097335237,23.5,1,Haas F1 Team,0.0007456190162182796,4.0,13.0,9.0
2022,19,Austin,MSC,1.0064335534790345,0.009987844131777618,0.991818851537358,1.007088026400746,1.0054404179964718,1.0092366284833671,-0.0003565506615383222,15.0,2,Haas F1 Team,-0.0007456190162180576,1.0,16.0,15.0
2022,19,Austin,NOR,1.0000872397347913,0.012835717849329376,0.9821449342793998,0.9985893686277584,1.0009993279051577,1.000451078707211,-0.0005423189935228997,14.666666666666666,2,McLaren,-0.0036934869113345314,0.0,6.0,6.0
2022,19,Austin,OCO,1.0041127611268361,0.012480641207812013,0.9813791632740102,1.000121959968434,1.008570004982561,1.0041029869352258,5.074915340205563e-05,15.0,2,Alpine,0.000331281836086994,-11.0,0.0,11.0
2022,19,Austin,PER,0.9869116164553527,0.01495295013417879,0.9650944127796518,0.9862140188896135,0.9912429347406925,0.9816965110333583,-0.00015550226152674575,14.666666666666666,2,Red Bull Racing,0.003041714692581299,5.0,9.0,4.0
2022,19,Austin,RIC,1.0074742135574604,0.00973761462738267,0.9927881819239268,1.0070957010362425,1.01116651117694,1.0054354190449906,0.00013338246169421932,14.333333333333334,2,McLaren,0.0036934869113345314,-1.0,15.0,16.0
2022,19,Austin,RUS,0.9893251337214349,0.011461236516883836,0.9575821022837424,0.9912169575099868,0.9923310882952139,0.9846222124999474,-0.000246665274476042,10.5,3,Mercedes,0.0024657866237779436,-1.0,4.0,5.0
2022,19,Austin,TSU,1.002681212934384,0.009105585143990695,0.9907138148966694,1.0033034300615475,0.9995118280236643,1.008146622774248,0.00018551266426229524,14.333333333333334,2,AlphaTauri,0.0007627277588271308,9.0,19.0,10.0
2022,19,Austin,VER,0.98082818707019,0.010023941994710477,0.9648811600946066,0.9832884812063194,0.9831177488128161,0.9780490645136247,0.0002484235467281008,14.666666666666666,2,Red Bull Racing,-0.00304171469258141,1.0,2.0,1.0
2022,19,Austin,VET,0.9982423511403539,0.009816503909876878,0.9842386879143888,1.0023395588715913,0.9961011313516674,0.9980129491189501,-0.0002482450733892736,15.333333333333334,2,Aston Martin,0.0,2.0,10.0,8.0
2022,19,Austin,ZHO,1.007112946376643,0.008568411240764903,0.992536156023419,1.0040996086121272,1.0050213442141693,1.014262951074989,-0.00020187570939052211,15.0,2,Alfa Romeo,0.0,6.0,18.0,12.0
2022,20,Mexico City,ALB,1.0033979322163658,0.011725088666427892,0.9853002341029816,0.9963759616947637,1.0101258044694543,1.0063971983964652,-3.862587117152208e-05,33.0,1,Williams,-0.0059731103166462685,5.0,17.0,12.0
2022,20,Mexico City,ALO,1.0032612010948572,0.009808073826151995,0.984729830899217,1.0142210452456937,0.9979956294150533,1.0000137469642119,0.000770965315168804,30.0,1,Alpine,0.0001544481907160833,-10.0,9.0,19.0
2022,20,Mexico City,BOT,1.0036496442362088,0.008427533512913558,0.9906358807381968,1.0052156315651937,1.0033061211289598,1.005685549996598,-4.604957718343994e-05,33.0,1,Alfa Romeo,-0.0010068480793725687,-4.0,6.0,10.0
2022,20,Mexico City,GAS,1.002353993524627,0.012705562413073761,0.9777305082530214,0.996525655824902,1.0110599823513375,1.0007658031073692,6.115005220136989e-05,33.0,1,AlphaTauri,-0.0012131166621569545,3.0,14.0,11.0
2022,20,Mexico City,HAM,0.9860474693944806,0.007332021523532106,0.9751755772361588,0.9921053064768689,0.9824044892172771,0.984628705439489,-5.2938051275692744e-05,33.5,1,Mercedes,2.2685987183357348e-05,1.0,3.0,2.0
2022,20,Mexico City,LAT,1.0153441528496585,0.009829392101023434,0.9947475371653338,1.0037970635457805,1.0235131240501847,1.0223284696672494,0.00029288537888098247,20.666666666666668,2,Williams,0.0059731103166464905,0.0,18.0,18.0
2022,20,Mexico City,LEC,0.9941072524745409,0.008380539907562622,0.9816044966785896,0.9986774216106269,0.9920050608369951,0.9946968178855528,0.0003530561333126888,33.5,1,Ferrari,0.0009621119959022373,1.0,7.0,6.0
2022,20,Mexico City,MAG,1.009473812185604,0.01237843097325148,0.9898872265332556,1.0063964147484212,1.0131858749574862,1.0117032488658757,-0.00032629060026856263,32.5,1,Haas F1 Team,6.609968167148317e-05,2.0,19.0,17.0
2022,20,Mexico City,MSC,1.009341612822261,0.011696747895778436,0.9939394659600006,1.0051389840552603,1.0140038900978068,1.0116613136821173,-3.65095354665305e-05,33.0,1,Haas F1 Team,-6.609968167148317e-05,-1.0,15.0,16.0
2022,20,Mexico City,NOR,1.0034380837045096,0.008356417947878565,0.9910993333412556,1.0039476039679749,1.0056290916483017,1.0030902897832283,-7.257066223556586e-05,33.0,1,McLaren,0.001464005804417745,-1.0,8.0,9.0
2022,20,Mexico City,OCO,1.0029523047134248,0.00896290122074985,0.9896376751316086,1.0018956112355992,1.0048261237161984,1.0051932975912263,-1.1720071594395115e-05,33.0,1,Alpine,-0.00015444819071630533,2.0,10.0,8.0
2022,20,Mexico City,PER,0.9863734647578263,0.009831311567681415,0.9717650414136494,0.9873480167328202,0.9839805394433533,0.9895899232700537,-0.00024064758924478987,33.5,1,Red Bull Racing,0.0013014096727685942,1.0,4.0,3.0
2022,20,Mexico City,RIC,1.000510072095674,0.01223299295994189,0.9747002412330216,0.9974176159957379,1.0051044366519286,1.0014014853771076,-0.0001644545824236228,32.5,1,McLaren,-0.001464005804417745,4.0,11.0,7.0
2022,20,Mexico City,RUS,0.9860020974201139,0.006929761514325005,0.9524901664864353,0.9955163135737082,0.9814853636225034,0.9835179626999038,-3.5941295668850873e-05,21.333333333333332,2,Mercedes,-2.2685987183357348e-05,-2.0,2.0,4.0
2022,20,Mexico City,SAI,0.9921830284827364,0.007358108312643453,0.9768036030469038,0.996278538049212,0.9899343046924244,0.993626469677001,0.00022515084277986114,33.5,1,Ferrari,-0.0009621119959022373,0.0,5.0,5.0
2022,20,Mexico City,STR,1.003960328754263,0.013376157795517332,0.9799408206676092,1.0073286947443472,1.0058607447781673,1.0001926006965127,0.00037532729461298907,21.333333333333332,2,Aston Martin,-0.00119054282561315,5.0,20.0,15.0
2022,20,Mexico City,TSU,1.0047802268489407,0.006256395371092169,0.9911112167413342,0.9971355481354862,1.0131979291647055,1.0060855220559082,-0.00020180508228622536,23.0,1,AlphaTauri,0.0012131166621567324,-7.0,13.0,20.0
2022,20,Mexico City,VER,0.9837706454122891,0.006452678883340949,0.974985442834904,0.9939448467152682,0.9781983511319754,0.9801852215347221,1.1524066001217302e-05,33.5,1,Red Bull Racing,-0.0013014096727685942,0.0,1.0,1.0
2022,20,Mexico City,VET,1.0063414144054896,0.011072394637381577,0.9873441789164716,1.0061544349586722,1.0109347784908085,1.0033339859669879,2.431304666714867e-05,33.0,1,Aston Martin,0.001190542825613372,2.0,16.0,14.0
2022,20,Mexico City,ZHO,1.0056633403949538,0.009060450188603943,0.977528490451688,1.0056307627095973,1.0092050247866684,1.0040254999243223,0.0001080564381644742,33.0,1,Alfa Romeo,0.0010068480793723467,-1.0,12.0,13.0
2022,21,São Paulo,ALB,1.01088705390012,0.011032879685107442,0.9860078762746785,1.0085232534768884,1.0171431657995083,1.0025028963647888,0.00032047589755880167,17.333333333333332,2,Williams,-0.0004678168114127246,4.0,19.0,15.0
2022,21,São Paulo,ALO,0.9941000664046592,0.013501337655837128,0.9671126411600552,0.9980610608204236,0.9918091979125911,0.9978457603777297,0.00033026135204430635,13.0,3,Alpine,-0.003048520540305133,12.0,17.0,5.0
2022,21,São Paulo,BOT,1.0007249844019268,0.008846679251215397,0.9846777769084316,1.0023350029754048,1.0009503705131126,1.001447089426629,0.00010279542820020378,17.333333333333332,2,Alfa Romeo,-0.0024177013555777283,5.0,14.0,9.0
2022,21,São Paulo,GAS,1.0042385537888148,0.010750206773327749,0.9822783819732416,1.0078365830294047,1.0056165961727508,1.0001769370586626,-0.00020762814044833602,13.25,3,AlphaTauri,-0.0017190135009046426,-4.0,10.0,14.0
2022,21,São Paulo,HAM,0.9873854616153399,0.013152774115569804,0.9642177190099886,0.9890256904979863,0.9861303877236984,0.9913590374624008,0.00028091539910613694,17.666666666666668,2,Mercedes,0.0002742836721165709,0.0,2.0,2.0
2022,21,São Paulo,LAT,1.0118226875229455,0.013199647622494771,0.9887202357666326,1.0057153385064652,1.019835638942904,1.0036483266662297,0.0007424629777178617,13.0,3,Williams,0.0004678168114127246,2.0,18.0,16.0
2022,21,São Paulo,LEC,0.9899217230642093,0.011281734115838656,0.9682732180580548,0.9909319124955173,0.9882146537604896,0.995617070357555,0.0007548643830652844,17.0,2,Ferrari,0.0010378314942688371,1.0,5.0,4.0
2022,21,São Paulo,MSC,1.0065555248824043,0.013041349732792485,0.981287327543489,1.0130757935905703,1.0045657522271352,1.006823336389519,0.000529173380363636,17.666666666666668,2,Haas F1 Team,0.0,-1.0,12.0,13.0
2022,21,São Paulo,NOR,1.0078228099001119,0.008685918975092214,0.9891636022220484,1.0100210051744454,1.008420633113186,1.0070772946859905,-0.000420057172103997,13.333333333333334,2,McLaren,0.0,-12.0,6.0,18.0
2022,21,São Paulo,OCO,1.0001971074852696,0.010883325021423364,0.979226977544793,1.0015379492171337,1.0003007316831047,1.0014897151725797,0.00011919208713578621,17.333333333333332,2,Alpine,0.003048520540305244,8.0,16.0,8.0
2022,21,São Paulo,PER,0.992519036262353,0.008515173644769218,0.9686644237540096,0.9962372844692637,0.992252671710654,0.9919821498110785,0.0003986178565694042,18.0,2,Red Bull Racing,0.0007857424643753497,-3.0,4.0,7.0
2022,21,São Paulo,RUS,0.9868368942711067,0.011685209674304947,0.9621704092011578,0.9914394901074547,0.9819182146796712,0.9957511077431511,0.00016731497110988048,18.0,2,Mercedes,-0.0002742836721166819,0.0,1.0,1.0
2022,21,São Paulo,SAI,0.9878460600756717,0.01215966842852428,0.9643611610985056,0.9914081815818584,0.9839317796502945,0.9956616463010325,0.00016327558612291233,13.5,3,Ferrari,-0.0010378314942688371,4.0,7.0,3.0
2022,21,São Paulo,STR,1.0052251037698186,0.014329370119617796,0.97581044780012,1.0065862847639577,1.0046798326802882,1.007967735589219,0.00046230014294249764,17.333333333333332,2,Aston Martin,0.0011013661084595672,5.0,15.0,10.0
2022,21,São Paulo,TSU,1.007676580790624,0.011757079003577734,0.9846386563388362,1.006941451717733,1.0117654997422438,1.0023435802283402,0.0004983138264799382,12.75,3,AlphaTauri,0.0017190135009046426,-17.0,0.0,17.0
2022,21,São Paulo,VER,0.9909475513336022,0.012056859136801674,0.9675168870458752,0.9892131246678701,0.9938699131566896,0.9892928583766556,0.00050127224025327,17.0,2,Red Bull Racing,-0.0007857424643754607,-3.0,3.0,6.0
2022,21,São Paulo,VET,1.0030223715528994,0.009083741569932281,0.985173304123308,1.0038975086683803,1.0043294197632189,1.0021371851994831,0.00015590159123498405,17.666666666666668,2,Aston Martin,-0.0011013661084595672,-2.0,9.0,11.0
2022,21,São Paulo,ZHO,1.0055603871130825,0.009978546333453952,0.9884724721591946,1.0062641134673513,1.0086224347782078,1.0009312086038429,0.00033021440274348803,17.333333333333332,2,Alfa Romeo,0.0024177013555779503,1.0,13.0,12.0
2022,22,Yas Island,ALB,1.0056951333416508,0.011691342247522109,0.9856112742734404,1.0071033040952755,0.9955589804105748,1.0183204672769504,0.0007740216601392259,17.333333333333332,2,Williams,-0.00284762813769035,6.0,19.0,13.0
2022,22,Yas Island,BOT,1.0112571860423962,0.01162115855019791,0.9901372024722748,1.008510843489687,1.0093027277296533,1.016717650154595,-3.450491587549108e-05,27.0,1,Alfa Romeo,0.0030734330078452388,3.0,18.0,15.0
2022,22,Yas Island,GAS,1.0099419434338122,0.009178628337319658,0.9974356726427914,1.0099473999332953,1.0039273644235036,1.018583755454685,6.724906818472392e-05,27.0,1,AlphaTauri,0.004118366987229338,3.0,17.0,14.0
2022,22,Yas Island,HAM,0.9955267576853953,0.010993128235986445,0.9839565160215666,0.993069073132128,0.9982920673385258,0.9935037801156804,3.258053758477113e-06,26.0,1,Mercedes,0.002448207668367286,-13.0,5.0,18.0
2022,22,Yas Island,LAT,1.0113903896170313,0.011072530406620115,0.9896659799237276,1.0116281960869407,0.9998460788589313,1.0262889776988355,0.0007977951124402671,16.0,2,Williams,0.002847628137690128,1.0,20.0,19.0
2022,22,Yas Island,LEC,0.9921398983035987,0.008658431530296863,0.9832003682111076,0.9951680195685836,0.9953892372474501,0.986962382643999,-5.16951569213997e-05,28.0,1,Ferrari,0.0005008007942188808,1.0,3.0,2.0
2022,22,Yas Island,MAG,1.016121209316975,0.010711291344136028,0.9989698855915488,1.016417931439088,1.0135863910908165,1.0205989737517267,0.00035199417221842,27.0,1,Haas F1 Team,0.003804775293909435,-1.0,16.0,17.0
2022,22,Yas Island,MSC,1.008511658729156,0.01207628242192024,0.984449655897953,1.0091082760542647,1.0097111161747478,1.0085036975121606,0.0004892227335053806,17.0,2,Haas F1 Team,-0.003804775293909435,-4.0,12.0,16.0
2022,22,Yas Island,NOR,0.9970196492902846,0.01330273812603092,0.968647262525753,0.990560920039058,1.0030665461901191,0.9930794026708768,0.0007256885452979757,18.0,2,McLaren,-0.003752541708969992,1.0,7.0,6.0
2022,22,Yas Island,OCO,0.9958803694351697,0.011124177236668715,0.9789703239381056,0.9934288773206196,0.9997570175697592,0.9944250812694796,0.00045834763609523574,17.666666666666668,2,Alpine,0.0,1.0,8.0,7.0
2022,22,Yas Island,PER,0.9878371006784631,0.010029220809089618,0.9750142462630956,0.9916847662543168,0.9904559391232384,0.9829737078700961,6.457215644937e-05,18.0,2,Red Bull Racing,-0.0012451564444945218,-1.0,2.0,3.0
2022,22,Yas Island,RIC,1.0045247327082245,0.007929640062927039,0.9948823039495024,1.0036582599347057,1.0023969719513703,1.0091479627536464,0.0003874937998185177,27.5,1,McLaren,0.003752541708969881,4.0,13.0,9.0
2022,22,Yas Island,RUS,0.9906303423486607,0.010384593666687864,0.9735238679700172,0.989721617765368,0.9964573936116916,0.9860735949596166,0.0006273401365210321,17.666666666666668,2,Mercedes,-0.002448207668367397,1.0,6.0,5.0
2022,22,Yas Island,SAI,0.9911382967151608,0.0115651472379464,0.973995090518564,0.9915005291698482,0.992495394242399,0.9890977567265309,-0.0002499039187602667,18.0,2,Ferrari,-0.0005008007942189918,0.0,4.0,4.0
2022,22,Yas Island,STR,0.9995165781840706,0.009339122464746698,0.982115460483058,0.9980225219600367,1.0029375704564343,0.9980707575097466,0.0002586285756872155,17.666666666666668,2,Aston Martin,-0.0026844967198821346,6.0,14.0,8.0
2022,22,Yas Island,TSU,1.0017052094593533,0.009243568516178696,0.980679875509578,1.0011739996438083,0.9978847943821689,1.0080939933197046,0.0007524122256142535,17.666666666666668,2,AlphaTauri,-0.00411836698722956,0.0,11.0,11.0
2022,22,Yas Island,VER,0.9903274135674521,0.006455317377321491,0.9796168851093676,0.9974513497785712,0.9913382710258112,0.985827412670219,0.00013188874136695145,28.0,1,Red Bull Racing,0.0012451564444945218,0.0,1.0,1.0
2022,22,Yas Island,VET,1.004885571623835,0.00978310327700396,0.9896988559154868,1.002661090672374,0.9991165859358052,1.01445233866193,0.00040045529608739313,27.5,1,Aston Martin,0.0026844967198822456,-1.0,9.0,10.0
2022,22,Yas Island,ZHO,1.0051103200267055,0.00931414174506883,0.981896287204664,1.0017515710935478,1.0059683909123378,1.0076490413080113,0.00026511273388054056,17.333333333333332,2,Alfa Romeo,-0.003073433007845461,3.0,15.0,12.0
2023,1,Sakhir,ALB,1.003823412758947,0.011712561713545852,0.9879285271175926,0.9998977407087847,1.0069504438386803,1.0021054375284715,0.0008382661911230183,12.5,3,Williams,-0.0009507620969488872,5.0,15.0,10.0
2023,1,Sakhir,ALO,0.9981106231633413,0.012518578665575595,0.9778808310705678,1.0005419993069928,0.9960579651352165,0.9973682436904028,0.0005360017123236146,17.0,2,Aston Martin,-0.0013561558090809944,2.0,5.0,3.0
2023,1,Sakhir,BOT,1.003904567227019,0.010971280190137333,0.9903184143352556,1.0074547023295946,1.0006332564478926,1.0038712883588026,0.0005728683134979105,16.666666666666668,2,Alfa Romeo,-0.0027040475753083992,4.0,12.0,8.0
2023,1,Sakhir,DEV,1.0112369321527312,0.01093767678279106,0.9936744261728244,1.0088368201273414,1.0120610766148914,1.011626069237485,0.000936572758143858,16.333333333333332,2,AlphaTauri,0.003989885059189069,5.0,19.0,14.0
2023,1,Sakhir,GAS,0.999773011562986,0.015469278290531897,0.9668161617394312,0.9983849423193685,0.9986584655529929,1.0023108460678347,0.0008802153169100893,12.5,3,Alpine,-0.00513019164861539,11.0,20.0,9.0
2023,1,Sakhir,HAM,1.0009420692903013,0.010708188874596363,0.981847026878604,0.9959008561082694,1.0034195202993694,0.9992067815399908,0.00012871738292649843,17.333333333333332,2,Mercedes,-0.00029279205382781726,2.0,7.0,5.0
2023,1,Sakhir,HUL,1.0055597306805688,0.015187669522369497,0.982558908177482,1.003826897454409,1.002967958693927,1.011162919634247,0.0011976518759095082,12.25,3,Haas F1 Team,-0.0010806897735449184,-5.0,10.0,15.0
2023,1,Sakhir,LEC,1.000841182187858,0.007108709398448616,0.9881929401714616,1.0018985640464602,1.0000712272047982,0.9969851327287036,-0.0003934429841991091,11.666666666666666,2,Ferrari,0.00012156183404288257,-16.0,3.0,19.0
2023,1,Sakhir,MAG,1.0077211102276586,0.016614737972733225,0.98108429691552,1.007152280910447,1.0065968373789718,1.0092046757826003,0.0009079844934636404,12.25,3,Haas F1 Team,0.0010806897735449184,4.0,17.0,13.0
2023,1,Sakhir,NOR,1.0013550548905128,0.015744430756017516,0.9687382412464024,1.0037318405970947,0.9969081028616953,1.0049352189384733,-0.0004867354412117163,6.833333333333333,5,McLaren,0.0,-6.0,11.0,17.0
2023,1,Sakhir,OCO,1.010033394860217,0.012675126243222002,0.9843996298217246,1.0092402853673346,1.0093689569208546,1.0109873897378558,0.0011997999130744714,8.0,3,Alpine,0.005130191648615501,-9.0,9.0,18.0
2023,1,Sakhir,PER,0.9942241899658238,0.010225472211802178,0.979792740844698,0.9956578148467709,0.9925088089335127,0.9920519497814448,4.1531849021097255e-05,17.0,2,Red Bull Racing,0.0013585566636576951,0.0,2.0,2.0
2023,1,Sakhir,RUS,1.0015276533979571,0.01212756623902845,0.9868200262379108,0.9969788770651585,1.003777117193421,0.9989979675143341,0.0003707403412155198,17.0,2,Mercedes,0.0002927920538280393,-1.0,6.0,7.0
2023,1,Sakhir,SAI,1.000598058519772,0.009766640580230612,0.9877861508578168,1.0010301119776834,1.0006012835746534,0.9966113006552813,0.0003415758953268249,17.333333333333332,2,Ferrari,-0.00012156183404310461,0.0,4.0,4.0
2023,1,Sakhir,SAR,1.005724936952845,0.013982846795059383,0.9766706328624748,1.0001773885663938,1.0081226591426393,1.0074027871802218,0.0008291072486688576,12.25,3,Williams,0.0009507620969491093,4.0,16.0,12.0
2023,1,Sakhir,STR,1.0008229347815034,0.011773564111499962,0.981847026878604,0.9993135845077176,1.0008545933226158,1.00147927278751,0.0007125187939107219,16.666666666666668,2,Aston Martin,0.0013561558090811054,2.0,8.0,6.0
2023,1,Sakhir,TSU,1.0032571620343531,0.012417490359332704,0.9827724725671456,0.9980621864314704,1.0020978076000093,1.010803826562306,0.0006869219652147639,12.5,3,AlphaTauri,-0.003989885059189069,3.0,14.0,11.0
2023,1,Sakhir,VER,0.9915070766385083,0.006464449103418937,0.9786944096978571,0.995471830760873,0.9885644898904553,0.9890588446419277,0.00011257528550681682,17.0,2,Red Bull Racing,-0.0013585566636578061,0.0,1.0,1.0
2023,1,Sakhir,ZHO,1.0093126623776358,0.014214843292338198,0.9559142081337524,1.0066978475915014,1.009703626702596,1.010752403937232,0.0007779773185763063,11.75,3,Alfa Romeo,0.0027040475753083992,-3.0,13.0,16.0
2023,2,Jeddah,ALO,0.9893461544570473,0.010927998000376669,0.9698346108149596,0.9882886443147246,0.9873975362818411,0.9952130674462338,-0.000835812361964567,23.5,1,Aston Martin,0.0,-1.0,2.0,3.0
2023,2,Jeddah,BOT,1.0140551893091083,0.011426339625001728,0.9923771672502076,1.0160666457715979,1.0162863018508301,1.013348114560064,-0.00010590364854945724,10.0,3,Alfa Romeo,0.004872417497964854,-4.0,14.0,18.0
2023,2,Jeddah,DEV,1.0077627891273286,0.014534086678663273,0.9842286218969812,1.014094040473115,1.0075092095656875,1.0044543726869601,-0.00146691981971552,22.5,1,AlphaTauri,0.0017625391217794828,4.0,18.0,14.0
2023,2,Jeddah,GAS,0.9999540307118855,0.012256176019508049,0.981947029198078,1.0031448624636214,1.0014973523187187,0.9984988745435949,-0.0006027145080292951,21.5,1,Alpine,-0.000370188612369704,0.0,9.0,9.0
2023,2,Jeddah,HAM,0.9949901874599714,0.01369361319612745,0.9772051015151036,0.9983356210543006,0.9927830637522689,0.9970746797441142,-0.0008585020710321273,23.0,1,Mercedes,0.001370043032275614,2.0,7.0,5.0
2023,2,Jeddah,HUL,1.0043844431126392,0.011757399105624757,0.9860265590007254,1.0110991247925956,1.0014545819330893,1.0032829365611666,-0.0011833420418357167,21.5,1,Haas F1 Team,0.0011466647692108811,-2.0,10.0,12.0
2023,2,Jeddah,LEC,0.9955928556613032,0.011816384804871034,0.9784142405030016,0.9954112874816089,0.9980248388484334,0.9971811604525903,-0.0009578671019567287,22.0,1,Ferrari,0.0002786276798201204,5.0,12.0,7.0
2023,2,Jeddah,MAG,1.0020911135742172,0.01223398118025134,0.9817577726608416,1.0061896671455304,1.0004607536997356,1.0027463772554681,-0.0008684773990615644,21.5,1,Haas F1 Team,-0.0011466647692111032,3.0,13.0,10.0
2023,2,Jeddah,NOR,1.006399022712496,0.00892672447909258,0.9896224332082136,1.0082365445475798,1.0074408806344637,1.0070520330712824,-0.00021961013126340465,21.5,1,McLaren,0.00032350497505273523,2.0,19.0,17.0
2023,2,Jeddah,OCO,1.0006944079366247,0.014057678508870936,0.9801596063464024,0.9972827776281165,1.003734355813405,1.0024005601306973,-0.0008509514972907244,22.5,1,Alpine,0.000370188612369482,-2.0,6.0,8.0
2023,2,Jeddah,PER,0.9835085074840222,0.011556468833433782,0.9692878697073884,0.9790871745572395,0.9858522430763286,0.9881858958579698,-0.0007945907963135695,23.5,1,Red Bull Racing,-0.0016051960791778619,0.0,1.0,1.0
2023,2,Jeddah,PIA,1.0057520127623905,0.009900810601902383,0.9913572847995458,1.010167566363429,1.0051267553399268,1.0050481475980757,-0.00034136405546718014,44.0,0,McLaren,-0.00032350497505273523,-7.0,8.0,15.0
2023,2,Jeddah,RUS,0.99225010139542,0.012934397282058667,0.9718638614642148,0.9904826265349205,0.9917274876855,0.9962672141230117,-0.0010251611445691651,23.5,1,Mercedes,-0.001370043032275725,-1.0,3.0,4.0
2023,2,Jeddah,SAI,0.995035600301663,0.014069695807857852,0.9759539055189308,0.9950262668242853,0.9966280146096568,0.9945047783876841,-0.0011684955282717856,22.0,1,Ferrari,-0.00027862767982000936,-2.0,4.0,6.0
2023,2,Jeddah,SAR,1.0100366713747149,0.011391779908303035,0.9932708786760452,1.020378390699795,1.0052376095812918,1.0065763492963173,-0.0009688293076370715,22.5,1,Williams,0.0,4.0,20.0,16.0
2023,2,Jeddah,TSU,1.0042377108837697,0.011848491261051499,0.987614211063096,1.0046640326216347,1.0080642914068203,1.0037571729699892,-0.0011411240322241208,22.5,1,AlphaTauri,-0.0017625391217794828,5.0,16.0,11.0
2023,2,Jeddah,VER,0.986718899642378,0.015704234620394088,0.9663228506240208,0.9860426308956305,0.9879969730738785,0.9900027397697144,-0.0012270693462022339,23.0,1,Red Bull Racing,0.001605196079177973,13.0,15.0,2.0
2023,2,Jeddah,ZHO,1.0043103543131786,0.010352619278975989,0.9872251837365548,1.007685232796688,1.0047883390820622,1.0037186971533667,0.0004951770244699963,14.333333333333334,2,Alfa Romeo,-0.004872417497964854,-2.0,11.0,13.0
2023,3,Melbourne,ALO,0.9963631614942623,0.01699366022408849,0.9750884505403964,0.9959267637221351,1.0038060561927302,0.9946701295768283,-0.0056594176360391345,22.5,1,Aston Martin,-0.00019301665420734526,1.0,4.0,3.0
2023,3,Melbourne,BOT,1.0122489486812163,0.012130024394435902,0.9963771627974604,1.0128252961100026,1.0114043666569292,1.0140468451387188,-0.006498285609032124,21.5,1,Alfa Romeo,0.0018705922663966312,8.0,19.0,11.0
2023,3,Melbourne,DEV,1.016626219187118,0.01411383487478,0.983654824795231,1.0191786170515265,1.011506440569594,1.0190388909506913,-0.002716739905436069,13.666666666666666,2,AlphaTauri,0.0032324868837207976,0.0,15.0,15.0
2023,3,Melbourne,GAS,0.9988704717900666,0.017330065702415735,0.9813769204672128,1.0009945285462944,0.9936610231203349,1.0016448823269248,-0.003953777030602865,22.5,1,Alpine,-0.000845922267310395,-4.0,9.0,13.0
2023,3,Melbourne,HAM,0.9945720778276634,0.012030412684771669,0.9767484127368778,0.9913464732587752,1.0051338066630258,0.9935262913412702,-0.0016728104371198085,22.0,1,Mercedes,0.0,1.0,3.0,2.0
2023,3,Melbourne,HUL,1.000503661389742,0.01123313856798892,0.9829399505646296,1.0026322033630193,0.9938930539695151,1.0040016373542613,-0.0041620571962649455,22.0,1,Haas F1 Team,-0.0035621938018992605,3.0,10.0,7.0
2023,3,Melbourne,MAG,1.0076280489935403,0.011985936603157648,0.989737314011535,1.0098478073494361,1.0009817992455514,1.0110833258380936,-0.004755955777679813,21.5,1,Haas F1 Team,0.0035621938018990384,-3.0,14.0,17.0
2023,3,Melbourne,NOR,0.9995249776395272,0.012495320476668804,0.9835336596714004,1.0009135200974422,1.0018693212849412,0.9989926934990876,-0.005150228389665126,22.0,1,McLaren,-0.002389982067561691,7.0,13.0,6.0
2023,3,Melbourne,OCO,1.0005623163246873,0.014610659193655633,0.9838971550428924,1.0034065203979943,0.9942852887145626,1.0033074299440783,-0.005420117086016712,22.0,1,Alpine,0.000845922267310284,-3.0,11.0,14.0
2023,3,Melbourne,PER,0.9960736992373206,0.015498373858564493,0.9721683710560752,1.002520682727747,0.9846966386971849,0.9985243280559882,-0.005113304899243116,22.0,1,Red Bull Racing,0.001291883356415835,15.0,20.0,5.0
2023,3,Melbourne,PIA,1.0043049417746506,0.013181280499871937,0.9854965346774583,1.0059493490674976,1.0085435181967133,1.002594616235471,-0.004594155342166036,22.0,1,McLaren,0.002389982067561691,8.0,16.0,8.0
2023,3,Melbourne,SAI,0.9941733344201478,0.010526865285474552,0.9749794019289488,0.9951136561367986,0.9965195372623008,0.9939940151878723,-0.003640908548215828,22.0,1,Ferrari,0.0,-7.0,5.0,12.0
2023,3,Melbourne,SAR,1.0143001443342596,0.014363061046867562,0.9869626326758106,1.0221850636811571,0.9972705838472912,1.0185390090357442,-0.003047994183471086,13.666666666666666,2,Williams,0.0,2.0,18.0,16.0
2023,3,Melbourne,STR,0.996749194802677,0.011564087500558855,0.9806378132118452,0.9978368160463166,0.9955823941214438,0.9982708974395167,-0.004353538878479458,22.0,1,Aston Martin,0.00019301665420734526,2.0,6.0,4.0
2023,3,Melbourne,TSU,1.0101612454196767,0.010939084997518705,0.9909974312993748,1.0108287033477528,1.0107629583529143,1.011133877673749,-0.003939504413352982,21.5,1,AlphaTauri,-0.0032324868837205756,2.0,12.0,10.0
2023,3,Melbourne,VER,0.9934899325244889,0.015082504257987555,0.9734648378810644,0.9930205131179553,1.0008410704533046,0.9918659251522084,-0.0020629623965103187,22.5,1,Red Bull Racing,-0.001291883356415835,0.0,1.0,1.0
2023,3,Melbourne,ZHO,1.0085077641484232,0.012261861480062414,0.9913609266708672,1.0095726385050239,1.0021287135000572,1.0127633537269503,-0.001411207390608158,21.5,1,Alfa Romeo,-0.0018705922663964092,8.0,17.0,9.0
2023,4,Baku,ALB,1.005504267992601,0.010162847771849934,0.9886596975919356,1.0102791548025079,1.0062055888306691,0.9979241964544774,-0.001466832010959966,22.0,1,Williams,-0.000918025890133789,0.0,12.0,12.0
2023,4,Baku,ALO,0.9917985614368158,0.011382798533929853,0.9729419451185364,0.9894776120653587,0.9895937111896604,0.9998558030470828,-0.00046375913716236225,23.5,1,Aston Martin,-0.0029589441534042527,2.0,6.0,4.0
2023,4,Baku,BOT,1.0082695538547695,0.009638735871693841,0.9921971252566736,1.0114298091312452,1.0055971089526252,1.0089178060601285,-0.0012287202902408563,10.0,3,Alfa Romeo,-0.0021361029397564124,-5.0,13.0,18.0
2023,4,Baku,GAS,1.001225810466057,0.013120455346911579,0.9850662684338248,1.0048095375617758,1.0018370401399814,0.9955850262402924,-0.0020085752769680733,14.0,2,Alpine,-0.0020611660755396333,3.0,17.0,14.0
2023,4,Baku,HAM,0.995786406156016,0.008669114735385513,0.9832555534814262,0.9962934763900921,0.9947376727043181,0.9976139502913607,-0.00030388562486262724,22.5,1,Mercedes,-0.0010717026528115348,-1.0,5.0,6.0
2023,4,Baku,HUL,1.0080535791031948,0.009841218666365448,0.9961825648683964,1.012005541488814,1.0106630879748708,0.9984284754745958,-0.00041612974625310087,43.0,0,Haas F1 Team,0.000896082877680282,3.0,20.0,17.0
2023,4,Baku,LEC,0.9920606216165764,0.010865834048218854,0.9759286914317716,0.9910590146370511,0.9858425730779804,1.0025135610806835,-0.0012573521167294132,24.0,1,Ferrari,-0.002596485906290802,-2.0,1.0,3.0
2023,4,Baku,MAG,1.0062614133478343,0.010726451497713776,0.9879596789247712,1.0117196908385053,1.0080353905792452,0.9958113263790499,-0.0006938899764199837,23.0,1,Haas F1 Team,-0.000896082877680282,3.0,16.0,13.0
2023,4,Baku,NOR,1.003456329205816,0.009239085597334128,0.986914317715139,1.007193094535897,1.0022256839447345,1.0007556553756167,-0.0004487451430334584,22.5,1,McLaren,-0.0008586164991333245,-2.0,7.0,9.0
2023,4,Baku,OCO,1.0053481426171365,0.01017327943245694,0.9885010266940452,1.0073852150107763,1.003751259965179,1.005829802019565,-0.0006304408140481622,44.0,0,Alpine,0.0020611660755398553,4.0,19.0,15.0
2023,4,Baku,PER,0.9873580517702694,0.010884821316592908,0.9761900317341796,0.9848859027261458,0.979309844527933,1.0015744644522375,-0.0017019022510116346,24.0,1,Red Bull Racing,-4.025521058936832e-06,2.0,3.0,1.0
2023,4,Baku,PIA,1.005173562204083,0.010144205192671117,0.9859156244166511,1.0071948713420005,1.0063857326124808,1.0008471570983883,-0.0006722727326855626,22.0,1,McLaren,0.0008586164991335465,-1.0,10.0,11.0
2023,4,Baku,RUS,0.9979298114616391,0.0107232233739372,0.9648123949972,0.9971242791007028,0.9978257328161113,1.0001041981340653,-0.0007698231429962251,15.0,2,Mercedes,0.0010717026528115348,3.0,11.0,8.0
2023,4,Baku,SAI,0.997253593429158,0.011211958672944807,0.9816595109202912,0.9956881503175932,0.9936968332875166,1.0021720713976123,-0.0017139104530908675,24.0,1,Ferrari,0.002596485906290802,-1.0,4.0,5.0
2023,4,Baku,SAR,1.0073403197728685,0.008474635507261229,0.9940358409557588,1.0087725993038337,1.0114718098107869,0.9988783988226853,-0.0004718873110205855,21.5,1,Williams,0.000918025890133789,-2.0,14.0,16.0
2023,4,Baku,STR,0.9977164497436243,0.008060850759107082,0.9858782900877356,0.9962903233915191,0.997924103791886,1.0002858788427018,-0.00030991487951393645,23.5,1,Aston Martin,0.0029589441534042527,2.0,9.0,7.0
2023,4,Baku,TSU,1.0043167817808474,0.009654074135087782,0.9868116483106216,1.0075224533926521,1.0051950134535124,0.9987865773062196,-0.0010083452901998213,22.0,1,AlphaTauri,0.0,-2.0,8.0,10.0
2023,4,Baku,VER,0.9873661028123871,0.010330350905669201,0.9728579428784768,0.9855367349012097,0.9792639463766618,1.0014260407960005,-0.0015764707367430754,23.5,1,Red Bull Racing,4.0255210588258095e-06,0.0,2.0,2.0
2023,4,Baku,ZHO,1.0125417597342825,0.006507623644920093,1.0038547694605189,1.016290339956961,1.0130001548295768,1.0069253564241953,-0.0005815791451408508,14.5,1,Alfa Romeo,0.0021361029397566345,-4.0,15.0,19.0
2023,5,Miami,ALB,1.0022450620910275,0.008864554786024203,0.9900885509019473,1.0084607489516437,0.9994603652475216,1.0014136710134547,-0.00013845771425452776,27.0,1,Williams,-0.0021499138609661905,-3.0,11.0,14.0
2023,5,Miami,ALO,0.9956453123093739,0.010956282802272375,0.9757199139822036,0.9941661534852352,0.9967967900769171,0.9959357380684231,-0.000692570207086464,27.5,1,Aston Martin,-0.002508703592010275,-1.0,2.0,3.0
2023,5,Miami,BOT,1.00215523565367,0.007909673343972615,0.9899376424871862,1.0017888038473945,1.0034197906048852,1.0038422120163464,-0.0007368614574123349,27.0,1,Alfa Romeo,-0.0004800724041007509,-3.0,10.0,13.0
2023,5,Miami,DEV,1.0040743275842416,0.00927334226570334,0.986962590881898,1.0034790768599162,1.0053369140676363,1.006048482197608,-0.0007442211100478123,27.0,1,AlphaTauri,0.0016747640209586745,-3.0,15.0,18.0
2023,5,Miami,GAS,0.9998065737382228,0.007645684728367937,0.9913712724274156,1.0021700243394622,0.998746637801993,1.0013186162890921,-0.00012586460660491948,27.0,1,Alpine,-0.0002246659005470386,-3.0,5.0,8.0
2023,5,Miami,HAM,0.9985144703404081,0.011397397981071757,0.9773367898546428,1.0005448520571245,0.9986835226262646,0.998758571005879,-0.0004038390829289213,27.0,1,Mercedes,0.0015684694034187041,7.0,13.0,6.0
2023,5,Miami,HUL,1.0024568528688869,0.00942324870058445,0.9798375578706822,1.0058350195008945,1.0038542333978162,0.9994010837667971,-7.647536320797807e-06,27.0,1,Haas F1 Team,0.0007719085183610641,-3.0,12.0,15.0
2023,5,Miami,LEC,0.9990602158509327,0.009204724263048927,0.9855828568040832,1.0046139409401482,0.998170711823471,0.9964508138256739,-0.0005822094303002561,27.0,1,Ferrari,0.0011102547657415585,0.0,7.0,7.0
2023,5,Miami,MAG,1.000913035832165,0.007428687382959061,0.9883531041321958,1.0016152019002378,1.0033598311879433,0.9996876773342367,-0.0004189614752297667,27.0,1,Haas F1 Team,-0.0007719085183608421,-6.0,4.0,10.0
2023,5,Miami,NOR,1.0038405792328062,0.005302556384654286,0.9960063165950748,1.0004897217090407,1.0067065133809432,1.0069933118638301,-0.00010172159576778216,27.0,1,McLaren,-0.003176174316739999,-1.0,16.0,17.0
2023,5,Miami,OCO,1.000255905539317,0.00950739567736553,0.982446117611551,1.0036127972786721,1.001244946841243,0.9977744329949957,-0.0002920325801009921,27.0,1,Alpine,0.00022466590054714963,-1.0,8.0,9.0
2023,5,Miami,PER,0.9914753404381146,0.010882205473055883,0.9761618600540036,0.987084836221812,0.9925607863691873,0.9957140000210513,-0.0006782452393159176,27.5,1,Red Bull Racing,0.0012393398929134714,-1.0,1.0,2.0
2023,5,Miami,PIA,1.0101929278662862,0.009456584823851333,0.9917485434643182,1.007112146879995,1.0101967925224948,1.0169244066954881,-0.004480596742235179,26.5,1,McLaren,0.003176174316739999,0.0,19.0,19.0
2023,5,Miami,RUS,0.9953775315335707,0.00867000729074147,0.981066383533736,0.9961684408081873,0.9947730115300905,0.9981739487161895,-0.0006707301892174605,27.0,1,Mercedes,-0.0015684694034187041,2.0,6.0,4.0
2023,5,Miami,SAI,0.9968397063194495,0.007833530041094779,0.9848067563853122,0.9984997507404474,0.9965623267619916,0.998136784463055,-0.0005264062579125228,27.0,1,Ferrari,-0.0011102547657416695,-2.0,3.0,5.0
2023,5,Miami,SAR,1.0065448898129599,0.005408858019213691,0.9958230706628652,1.0114581932804494,1.003585061066612,1.0075512476306778,-0.00015414772905255608,53.0,0,Williams,0.0021499138609661905,0.0,20.0,20.0
2023,5,Miami,STR,1.0006627194933946,0.011638177423655565,0.979417170143848,1.0058707955778425,1.0021059430301384,0.9953094424361452,-0.00040473921991492957,27.0,1,Aston Martin,0.002508703592010386,6.0,18.0,12.0
2023,5,Miami,TSU,1.0007247995423243,0.010086963510675262,0.9813143045008434,1.0065071405530628,0.999745961417693,0.9979631130493696,-0.0005237391052423913,27.0,1,AlphaTauri,-0.0016747640209586745,6.0,17.0,11.0
2023,5,Miami,VER,0.9889966606522876,0.009946953117775742,0.9669780050985486,0.9902202281458024,0.9877614414664598,0.9921040256033115,-0.0008106583936620933,27.0,1,Red Bull Racing,-0.0012393398929134714,8.0,9.0,1.0
2023,5,Miami,ZHO,1.0031153804618715,0.010406116417293469,0.9888381668939276,1.0055095158499752,1.0044401526124949,1.0013593540281047,-0.00011703916424022953,27.0,1,Alfa Romeo,0.0004800724041007509,-2.0,14.0,16.0
2023,6,Monaco,ALB,1.0703276067231888,0.10875285705457943,0.968300876461822,1.0728976821900447,1.075983391543324,1.0498255660874145,-0.00407904479155292,24.0,2,Williams,-0.0025906179492500847,-1.0,13.0,14.0
2023,6,Monaco,ALO,1.0464371532250594,0.10472320228862501,0.9683261347275895,1.0408542795824087,1.0550205000401958,1.0318963665086889,-0.005707065452695859,37.5,1,Aston Martin,0.017461301612913482,0.0,2.0,2.0
2023,6,Monaco,BOT,1.0708162629553855,0.1053631549642065,0.9828496375438862,1.07151301464895,1.080692445802181,1.044224960505529,-0.004807551234365196,37.5,1,Alfa Romeo,0.0014051559136616376,4.0,15.0,11.0
2023,6,Monaco,DEV,1.0673108889749037,0.10677698082673404,0.9795281755954636,1.066870043432111,1.0732631095602394,1.0495920327910846,-0.006502486102230848,37.0,1,AlphaTauri,-0.0005582605091520865,0.0,12.0,12.0
2023,6,Monaco,GAS,1.0575830433752689,0.112089084196564,0.9576797757066,1.0578761197135431,1.0617507128480677,1.0436409632381194,0.015200911335618605,24.666666666666668,2,Alpine,0.001603131888423981,0.0,7.0,7.0
2023,6,Monaco,HAM,1.0551582498615915,0.11182646381170694,0.9553939026546436,1.0578715104840217,1.0621964918532165,1.0343672345331112,-0.003629517318469539,24.666666666666668,2,Mercedes,-1.2456223347445672e-05,1.0,5.0,4.0
2023,6,Monaco,HUL,1.0669546108964159,0.10817755648327775,0.972329569851734,1.0626472931029747,1.0778121040199988,1.0500270819228164,-0.004709220882315021,23.333333333333332,2,Haas F1 Team,0.0018647400438716044,1.0,18.0,17.0
2023,6,Monaco,LEC,1.0558315191754608,0.1096593901969097,0.9569472859993432,1.0515568660399868,1.0646690987152438,1.0383783783783782,0.005704255052252762,24.666666666666668,2,Ferrari,0.0006246300858712139,0.0,6.0,6.0
2023,6,Monaco,MAG,1.0632251308086724,0.1111944842898015,0.9895051905736152,1.0524110447510093,1.0709455991391839,1.050269777615749,-0.00025801818751474727,32.5,1,Haas F1 Team,-0.0018647400438718265,-2.0,17.0,19.0
2023,6,Monaco,NOR,1.0582483288889166,0.09946054041452913,0.9831022202015608,1.0585871573842636,1.0680185056500378,1.0333097448548985,-0.006429392156666071,24.333333333333332,2,McLaren,-0.0019775169140994198,1.0,10.0,9.0
2023,6,Monaco,OCO,1.0543767795984207,0.11139603635693676,0.9664822813265642,1.0581105319577635,1.0595399241994627,1.0365069809145637,-0.003376624080065328,24.666666666666668,2,Alpine,-0.001603131888424203,0.0,3.0,3.0
2023,6,Monaco,PER,1.0586588779359865,0.10940772870388386,0.9632113359096764,1.056968211241428,1.0659058630358573,1.0455522045095504,0.0033761133617996376,13.2,4,Red Bull Racing,0.0062771171351472255,4.0,20.0,16.0
2023,6,Monaco,PIA,1.0622033627171157,0.10408132482287112,0.9789219772170444,1.0552453530246262,1.0705590838849142,1.046705213270142,-0.006485311317483817,37.5,1,McLaren,0.001977516914099642,1.0,11.0,10.0
2023,6,Monaco,RUS,1.0551831623082861,0.10786939328791006,0.9698921472051728,1.0563731333717872,1.059389117137244,1.0401166126216013,-0.005865448556239739,38.0,1,Mercedes,1.2456223347223627e-05,3.0,8.0,5.0
2023,6,Monaco,SAI,1.0545822590037184,0.10923446359172698,0.9654845798287488,1.0540228038338255,1.0603413124516108,1.0395375944665042,-0.002175338058509155,24.666666666666668,2,Ferrari,-0.0006246300858712139,-4.0,4.0,8.0
2023,6,Monaco,SAR,1.075508842621689,0.11061358463685576,0.976257230178576,1.076093288604086,1.083057083272251,1.0529376916643434,-0.0028156395846690133,17.0,3,Williams,0.0025906179492500847,-2.0,16.0,18.0
2023,6,Monaco,STR,1.0115145499992324,0.04761848547968575,0.9821550352352808,1.000773889636608,1.0120457111751098,1.0092417061611374,-0.0008636580342525734,25.5,1,Aston Martin,-0.017461301612913482,-6.0,14.0,20.0
2023,6,Monaco,TSU,1.0684274099932078,0.11689327393037104,0.9810310424086284,1.0685104627315258,1.072144576951046,1.0549139777965333,-0.004969615490272842,36.5,1,AlphaTauri,0.0005582605091520865,-6.0,9.0,15.0
2023,6,Monaco,VER,1.0461046436656922,0.10737996864335096,0.967442095425728,1.047733128244568,1.053818070781907,1.0264492392117734,-0.005842711308231196,38.0,1,Red Bull Racing,-0.006277117135147003,0.0,1.0,1.0
2023,6,Monaco,ZHO,1.0680059511280622,0.11098636178077108,0.9715086762142912,1.063439322566173,1.073532170324517,1.0607609268035807,-0.005474314591153482,36.0,1,Alfa Romeo,-0.0014051559136616376,6.0,19.0,13.0
2023,7,Barcelona,ALB,1.0058283241463597,0.01473639953895232,0.9868680318260044,1.0071493643919325,1.007749046908669,1.0045097795801263,7.137000929063472e-06,20.0,2,Williams,-0.0022000931168366655,2.0,18.0,16.0
2023,7,Barcelona,ALO,0.9991895891233209,0.013638897764352335,0.9737734766667496,1.0011021786466847,0.9993896275403313,0.9995631309670951,-8.432176889554566e-05,20.333333333333332,2,Aston Martin,0.000266286621310341,1.0,8.0,7.0
2023,7,Barcelona,BOT,1.0097785149527347,0.01556093114776218,0.9757563664480084,1.0148929907917421,1.0099960633184153,1.007004331153963,-0.0016197347769376376,20.0,2,Alfa Romeo,0.0051441975276336205,-3.0,16.0,19.0
2023,7,Barcelona,DEV,1.0024682197224786,0.01429017412492433,0.9801461601775868,1.0034184081066306,1.003868825625725,1.0021986813429336,-0.00027301724954681487,20.0,2,AlphaTauri,0.0014167794168178371,0.0,14.0,14.0
2023,7,Barcelona,GAS,0.9994731511530772,0.014607209080852963,0.977415010101514,0.9951887386154734,1.0037320352813623,1.0005420160827498,-9.40522528063728e-06,20.333333333333332,2,Alpine,-0.00018921172209052095,0.0,10.0,10.0
2023,7,Barcelona,HAM,0.9916043559380178,0.013249195290478154,0.9562267727533484,0.9949826401693453,0.9918114305744633,0.9905069173191435,0.0001446484702100182,20.333333333333332,2,Mercedes,-0.0008504816465652043,2.0,4.0,2.0
2023,7,Barcelona,HUL,0.9998157301515356,0.015129380634778363,0.9824158830718578,0.9988538611323359,1.0022232248495344,1.0000806205355486,0.0012327326956613495,14.5,3,Haas F1 Team,-0.001788729135793865,-8.0,7.0,15.0
2023,7,Barcelona,LEC,0.9991810025297739,0.014407813149775885,0.9771905320130696,0.997055342602479,0.9987237203577045,1.004403965468352,-5.204838152473323e-05,20.333333333333332,2,Ferrari,0.0011379116003732426,8.0,19.0,11.0
2023,7,Barcelona,MAG,1.003393188423123,0.015878202790422794,0.9735988825979596,0.9980259733481028,1.0075120243831341,1.005724058023955,0.0011616116119056745,14.5,3,Haas F1 Team,0.001788729135793643,-1.0,17.0,18.0
2023,7,Barcelona,NOR,1.0004665001329536,0.014441964216028775,0.9625371012396178,1.0032482965684788,1.0004725071429172,1.000246178620474,0.0009096260689858221,19.666666666666668,2,McLaren,-0.0010903392550174473,-14.0,3.0,17.0
2023,7,Barcelona,OCO,0.9998515745972583,0.011444480854097978,0.9845359539071658,1.0012469300636975,1.0017001777111134,0.9985408302953749,0.0002225965326804038,20.333333333333332,2,Alpine,0.00018921172209052095,-2.0,6.0,8.0
2023,7,Barcelona,PER,0.9938732610614746,0.0176059665477669,0.9561020627042126,0.9941168888371152,0.9971901468154656,0.9917259447292837,0.00038943906383360013,20.333333333333332,2,Red Bull Racing,0.002562864053924918,7.0,11.0,4.0
2023,7,Barcelona,PIA,1.0026471786429885,0.013068316583588454,0.981206195595241,1.0052950987399965,1.002638094646113,1.0025842092195647,-0.00021251980844940233,20.0,2,McLaren,0.0010903392550174473,-4.0,9.0,13.0
2023,7,Barcelona,RUS,0.9933053192311481,0.01421759457269102,0.971179507644726,0.9955133953650596,0.9940791833440665,0.9926091799479827,0.00012013993319848025,20.333333333333332,2,Mercedes,0.0008504816465650933,9.0,12.0,3.0
2023,7,Barcelona,SAI,0.9969051793290274,0.014493548698713287,0.977764198239094,0.9997125650433598,0.9952619463916202,0.9957992167080918,-0.0004647567156798392,20.666666666666668,2,Ferrari,-0.0011379116003732426,-3.0,2.0,5.0
2023,7,Barcelona,SAR,1.010228510380033,0.013893891666970158,0.988289726386152,1.0071423565852358,1.013547364495276,1.0113968661204447,0.0006298514010293839,20.0,2,Williams,0.0022000931168366655,0.0,20.0,20.0
2023,7,Barcelona,STR,0.9986570158807001,0.010609694644287435,0.9817424488065248,1.0022202110199943,0.9992067195995793,0.9969392032974115,0.00019752471684064015,20.333333333333332,2,Aston Martin,-0.000266286621310452,-1.0,5.0,6.0
2023,7,Barcelona,TSU,0.999634660888843,0.010791576254506136,0.9840121717007956,0.9992996788586418,1.000721951398456,1.0010399382413715,-0.00041042157110005267,20.333333333333332,2,AlphaTauri,-0.0014167794168177261,3.0,15.0,12.0
2023,7,Barcelona,VER,0.9887475329536248,0.01479146377175059,0.9519118050532512,0.9925439234389075,0.9874570908390945,0.986342448601474,-3.3634334016377996e-05,20.666666666666668,2,Red Bull Racing,-0.002562864053924807,0.0,1.0,1.0
2023,7,Barcelona,ZHO,0.9994901198974677,0.01251059842306396,0.9821290499588456,0.9992528069712281,1.00195441465383,0.9989654887031366,-0.0002063267353321492,20.333333333333332,2,Alfa Romeo,-0.0051441975276333984,4.0,13.0,9.0
2023,8,Montréal,ALB,1.007081521237585,0.009172892180230291,0.9934323963035434,1.0167532426951011,1.0047283341138982,1.000903017857607,-0.0003817683439835086,31.0,1,Williams,0.0,2.0,9.0,7.0
2023,8,Montréal,ALO,0.9933138640453748,0.016079711922925014,0.9787343962906278,0.9843619911692133,0.9909608634111359,0.9967435210938109,-0.0014970286984391313,20.666666666666668,2,Aston Martin,-0.004725753071315952,0.0,2.0,2.0
2023,8,Montréal,BOT,1.00474628298601,0.010759338501189585,0.9896610289891572,1.0062710457124409,1.0034758260471566,1.0033994090787,-0.00021241997723637227,30.0,1,Alfa Romeo,-0.0024530944216945016,4.0,14.0,10.0
2023,8,Montréal,DEV,1.009587144722142,0.012010993473992997,0.9900614138752736,1.0117334019582376,1.0105961752310022,1.0059804628412288,-0.0005948343462023693,19.0,2,AlphaTauri,0.0031056184186863955,-1.0,17.0,18.0
2023,8,Montréal,GAS,1.0023568818880173,0.0116006246284362,0.9870779006916326,1.0013329282588743,1.0040009274687414,1.0004679207535636,-0.0006345098958795498,19.333333333333332,2,Alpine,-0.00025535405998833305,3.0,15.0,12.0
2023,8,Montréal,HAM,0.9939573546349758,0.01515770967744689,0.973787705600868,0.9850259259735382,0.9908064874385509,0.9983499259182242,-0.0011915200913854083,20.666666666666668,2,Mercedes,-0.006924934934738891,0.0,3.0,3.0
2023,8,Montréal,HUL,1.0104801674304955,0.009239848745012075,0.9975008233721449,1.0147592648044153,1.0076133089333257,1.0084753957306165,-4.9524396562244104e-05,19.666666666666668,2,Haas F1 Team,0.001332932222590344,-10.0,5.0,15.0
2023,8,Montréal,LEC,0.9952990240962465,0.013038938001593873,0.9803875984010436,0.9932933510483439,0.9968708032002354,0.9941628247975589,-0.00027642141741074334,30.5,1,Ferrari,3.890572333364872e-05,6.0,10.0,4.0
2023,8,Montréal,MAG,1.0078143029853146,0.01330917555996686,0.9832161238868332,1.0092586972759636,1.0082913804714522,1.0051248992747785,-0.0002722912341730655,19.0,2,Haas F1 Team,-0.001332932222590566,-4.0,13.0,17.0
2023,8,Montréal,NOR,1.0042440586196504,0.011128506173097685,0.9864192029757638,1.010494404572227,1.0046241140480183,0.9982784903766133,-0.00021183330982506852,20.333333333333332,2,McLaren,3.6417874358596336e-05,-6.0,7.0,13.0
2023,8,Montréal,OCO,1.002867590007994,0.00853457165579954,0.9916887847027142,0.9997512134958739,1.0048604672179149,1.0021616623294274,-0.00046740483017206866,20.333333333333332,2,Alpine,0.00025535405998833305,-2.0,6.0,8.0
2023,8,Montréal,PER,0.9975141843805804,0.012515897179585947,0.9619698936396924,0.9959447486921239,0.9975991649996135,0.9972569396204396,-0.00021746400572562291,19.333333333333332,2,Red Bull Racing,0.0034021401562744913,6.0,12.0,6.0
2023,8,Montréal,PIA,1.0041712228709332,0.011603475274090624,0.9893123066689916,1.0067497517806385,1.0064136451915207,0.9992850820993119,-0.0005760048467686533,20.333333333333332,2,McLaren,-3.6417874358596336e-05,-3.0,8.0,11.0
2023,8,Montréal,RUS,1.0078072245044536,0.007816198165567508,0.9957572117713156,1.0087281420408853,1.007700418514366,1.0059496198717723,-0.0006816215633205609,23.0,1,Mercedes,0.006924934934738891,-15.0,4.0,19.0
2023,8,Montréal,SAI,0.9952212126495792,0.012086011458511237,0.980439260966994,0.9974668265756416,0.9955071380974498,0.9921407467096428,-0.0003185439146525196,30.0,1,Ferrari,-3.890572333364872e-05,6.0,11.0,5.0
2023,8,Montréal,STR,1.0027653701880068,0.010482140858984797,0.9888731748584122,1.0040256094119047,1.0033721705066334,1.000107622338464,-0.0005180970869795878,19.666666666666668,2,Aston Martin,0.004725753071316063,7.0,16.0,9.0
2023,8,Montréal,TSU,1.0033759078847693,0.010093579474361389,0.99019057029015,1.0067705918638752,1.0037650713227926,0.999399609391005,2.8995915428312665e-05,29.5,1,AlphaTauri,-0.0031056184186863955,5.0,19.0,14.0
2023,8,Montréal,VER,0.9907099040680313,0.013409487094166542,0.9763450026154172,0.9824473181344188,0.9883397287542511,0.9942803670297106,-0.0011520603228115623,20.666666666666668,2,Red Bull Racing,-0.0034021401562746023,0.0,1.0,1.0
2023,8,Montréal,ZHO,1.009652471829399,0.010430258668218177,0.9956668022809024,1.0135818385518751,1.0070061608080068,1.0077171226047885,-0.0007238249031485889,19.666666666666668,2,Alfa Romeo,0.0024530944216945016,4.0,20.0,16.0
2023,9,Spielberg,ALB,1.003431181269954,0.010877569383386194,0.9870166725789288,0.9957285450412049,1.0067348454833596,1.0051340855803048,-0.00019744450347133295,21.333333333333332,2,Williams,-0.0019114976604335254,-1.0,10.0,11.0
2023,9,Spielberg,ALO,0.9955670422360737,0.009563925188721081,0.9806030507272084,0.999052761201099,0.9924337785827486,0.9975600588027318,-0.00021050372380631535,21.0,2,Aston Martin,-0.00026019860585080323,2.0,7.0,5.0
2023,9,Spielberg,BOT,1.0076324697422456,0.012714640388596292,0.992408655551614,0.9991744573044155,1.008115716242714,1.0141323742722594,0.0006204038861853837,19.666666666666668,2,Alfa Romeo,0.0003877431957814981,-1.0,14.0,15.0
2023,9,Spielberg,DEV,1.0086385708221146,0.010437868304303906,0.9911599858105712,1.0037492022230607,1.0084019640955026,1.0132592777660332,-0.0004293258550030012,20.333333333333332,2,AlphaTauri,-0.0004791064536699974,3.0,20.0,17.0
2023,9,Spielberg,GAS,1.000599059950337,0.012400013635950608,0.9797233061369282,1.0067934782608696,0.9976976030110934,1.0000153868698711,-0.00011990844323170534,21.333333333333332,2,Alpine,-0.002280243331812981,-1.0,9.0,10.0
2023,9,Spielberg,HAM,0.9970233731425646,0.008602828035927846,0.9813409010287336,0.99571306783583,0.9977933740849747,0.9971990546902622,0.00037605807574615677,21.0,2,Mercedes,-0.0014132646525559789,-3.0,5.0,8.0
2023,9,Spielberg,LEC,0.9912604379578487,0.009244627738387906,0.9765164952110678,0.9975263535365837,0.9877116192488617,0.9915733452427473,0.00047636470851648735,21.0,2,Ferrari,-0.0003531591186787253,0.0,2.0,2.0
2023,9,Spielberg,MAG,1.0161163998394966,0.012199472862875016,0.9957573607662292,1.0054486417993191,1.0197287677638929,1.0198120423577346,0.0005035793278442606,30.5,1,Haas F1 Team,0.0,1.0,19.0,18.0
2023,9,Spielberg,NOR,0.9955387548776162,0.009347097026141263,0.9753671514721534,0.9956459576584258,0.9978060618066561,0.9923292790152404,0.0002003759915418468,21.333333333333332,2,McLaren,-0.005635612510346277,0.0,4.0,4.0
2023,9,Spielberg,OCO,1.005159546613963,0.00969354647070747,0.9903795672224194,1.0015778291993125,1.0057042235806104,1.0075446137814252,-0.0003389405739551682,21.0,2,Alpine,0.002280243331812981,-2.0,12.0,14.0
2023,9,Spielberg,PER,0.9909457486959101,0.01291971763637706,0.966456190138347,0.9903260520173858,0.9921862253513807,0.9898541310322295,-0.00020147096900082506,20.333333333333332,2,Red Bull Racing,0.003748798614884641,12.0,15.0,3.0
2023,9,Spielberg,PIA,1.006809979898309,0.010316951737817957,0.991301880099326,1.004188689968741,1.0073048071843633,1.0084767487299726,0.0004934251045482627,15.0,3,McLaren,0.005635612510346499,-3.0,13.0,16.0
2023,9,Spielberg,RUS,0.9998499024476766,0.010994739524827464,0.9830862007804186,1.0010780761579994,1.0005923137876387,0.997972596717468,-0.00023933459056699324,21.333333333333332,2,Mercedes,0.0014132646525559789,4.0,11.0,7.0
2023,9,Spielberg,SAI,0.991966756195206,0.007690599873423356,0.9773678609435972,0.9932087488779732,0.9907770482730863,0.9929347401328645,0.00047194936087793663,21.0,2,Ferrari,0.00035315911867861427,-3.0,3.0,6.0
2023,9,Spielberg,SAR,1.007254176590821,0.010776093755219707,0.9877403334515787,0.9988939859357592,1.0093004301562147,1.011360836636335,-0.00015183116254418553,21.0,2,Williams,0.0019114976604335254,5.0,18.0,13.0
2023,9,Spielberg,STR,0.9960874394477753,0.014378626294077983,0.9714508691025188,0.9961781243740071,0.9938931178717102,0.9994926296773202,-0.00019806494642305315,15.25,3,Aston Martin,0.00026019860585080323,-3.0,6.0,9.0
2023,9,Spielberg,TSU,1.0095967837294548,0.01289638265872138,0.987868038311458,1.0050904613052951,1.0076011621764396,1.0165041031652988,0.0008217747720886828,20.0,2,AlphaTauri,0.0004791064536702194,-3.0,16.0,19.0
2023,9,Spielberg,VER,0.9834481514661408,0.009966915830733752,0.950862007804186,0.9924487407343189,0.9813822557683525,0.9793089196653884,0.0003482588248185385,14.75,3,Red Bull Racing,-0.003748798614884641,0.0,1.0,1.0
2023,9,Spielberg,ZHO,1.0068569833506826,0.01021497489189331,0.9902234835047892,1.0066691822844607,1.008259073549661,1.0051736398055082,-0.0017542367653844376,20.333333333333332,2,Alfa Romeo,-0.0003877431957814981,5.0,17.0,12.0
2023,10,Silverstone,ALB,0.9996448024466885,0.00994300245729416,0.9803970010096886,0.9954238236292103,1.0056948874741485,0.9980291766770576,-0.00039286436471423357,22.0,1,Williams,-0.0014360013406718997,0.0,8.0,8.0
2023,10,Silverstone,ALO,0.9985948335966595,0.009276220975333978,0.981095190014823,0.9967306475427123,0.9987133168383252,1.0029305824366734,-0.00030306280679928406,22.0,1,Aston Martin,-0.0016686819413329612,2.0,9.0,7.0
2023,10,Silverstone,BOT,1.0049442034688765,0.011593738274576488,0.9866162538400396,1.0027894194644926,1.0068141628219276,1.007067719187752,-0.0006400432442914588,22.0,1,Alfa Romeo,0.0003692229451646156,8.0,20.0,12.0
2023,10,Silverstone,DEV,1.0050443516253738,0.009614801254829374,0.991997679864229,1.0006837261956802,1.0099421880411363,1.0052895637685269,0.00013742736099821136,14.0,2,AlphaTauri,0.0009668511113225531,1.0,18.0,17.0
2023,10,Silverstone,GAS,1.0032588121000332,0.009289125205536913,0.9832542052460848,0.9993088013868806,1.0041505453546242,1.0088880672210765,0.0018912270739229364,18.0,1,Alpine,0.0,-8.0,10.0,18.0
2023,10,Silverstone,HAM,0.9944017936133771,0.010854871517887063,0.9725772841521836,0.9933619458990183,0.9963907600556495,0.9950357897269508,-2.7503283404681732e-05,22.0,1,Mercedes,4.019876090177732e-05,4.0,7.0,3.0
2023,10,Silverstone,HUL,1.002333434609101,0.010223924976985571,0.9857999097724978,1.0019294849316036,1.0034335149810278,1.0035510876595997,0.0003365468246327847,14.0,2,Haas F1 Team,-0.005491857530569577,-2.0,11.0,13.0
2023,10,Silverstone,LEC,0.9960684030857395,0.00788988971041322,0.980203656362113,0.9933861099502175,0.9982835590791874,0.9982763509794219,-0.00018194793606977804,14.0,2,Ferrari,-0.0004033128428927446,-5.0,4.0,9.0
2023,10,Silverstone,MAG,1.01331714967024,0.006490079164197273,1.0027712732819178,1.0098546241187216,1.0190486320706633,1.011322150001946,-0.0006286628338179202,30.0,0,Haas F1 Team,0.005491857530569355,0.0,19.0,19.0
2023,10,Silverstone,NOR,0.9929583318933671,0.011633727055869257,0.9725558014135642,0.9974466749610501,0.9900818162005673,0.9917326492243699,-2.895243355304739e-05,23.0,1,McLaren,-0.000553218532387656,0.0,2.0,2.0
2023,10,Silverstone,PER,0.9961937190610203,0.011631755137789898,0.9765408494274852,0.997351561761932,0.9972293819736349,0.99568346390438,-0.0004867226731649347,21.0,1,Red Bull Racing,0.0030562197932347823,9.0,15.0,6.0
2023,10,Silverstone,PIA,0.9940647689581423,0.01272715453980272,0.9758534017916604,0.9960529623598323,0.9903573605172177,0.9963097359791241,-0.00032625043202816025,21.5,1,McLaren,0.0005532185323875449,-1.0,3.0,4.0
2023,10,Silverstone,RUS,0.9943213960915737,0.009458308123798803,0.9787965369825344,0.9913693578578074,0.9976029342212479,0.9952766456678029,-0.00021317302838602686,21.0,1,Mercedes,-4.01987609016663e-05,1.0,6.0,5.0
2023,10,Silverstone,SAI,0.996875028771525,0.009201058912063617,0.9813959483554964,0.9958848329674519,0.9993776239671123,0.9967056063074434,-0.00029338115749961665,21.0,1,Ferrari,0.0004033128428927446,-5.0,5.0,10.0
2023,10,Silverstone,SAR,1.0025168051280322,0.01124200560929302,0.9849728243356464,0.997630176183591,1.008737323757733,1.0014289606396407,-0.0004437713910858772,21.0,1,Williams,0.0014360013406717886,3.0,14.0,11.0
2023,10,Silverstone,STR,1.0019321974793254,0.010425028567650062,0.9829212227974822,0.9962988073761102,1.0051467607564826,1.006106993217771,-0.00033213339606824794,21.5,1,Aston Martin,0.0016686819413329612,-2.0,12.0,14.0
2023,10,Silverstone,TSU,1.0031106494027284,0.008606148760985187,0.9891082515199038,1.000162525079301,1.003750717821798,1.0079482460481177,-0.00019322803604198967,14.0,2,AlphaTauri,-0.0009668511113227751,0.0,16.0,16.0
2023,10,Silverstone,VER,0.9900812794745507,0.012107621971054123,0.9696771144385486,0.9947902305614402,0.9879429061313302,0.9871653419388468,0.00013387841196674808,23.0,1,Red Bull Racing,-0.0030562197932347823,0.0,1.0,1.0
2023,10,Silverstone,ZHO,1.0042057575785475,0.010581470771974985,0.9857247201873296,1.0008942882442329,1.0068784264713053,1.0064914846178226,-0.00021552375798999688,14.0,2,Alfa Romeo,-0.0003692229451643936,2.0,17.0,15.0
2023,11,Budapest,ALB,1.0048392567871163,0.009676894356011791,0.9938395686515632,1.0029257486459346,1.0076350834320695,1.0025970672734137,-0.0011307856714573565,21.333333333333332,2,Williams,-0.0018019176283396998,5.0,16.0,11.0
2023,11,Budapest,ALO,0.9983204115564707,0.013053650131395774,0.9783971054249634,0.9996583335338418,0.9971700692672256,0.9969725028148883,-0.00030018056233028703,21.666666666666668,2,Aston Martin,-0.0018976945906811205,-1.0,8.0,9.0
2023,11,Budapest,BOT,1.0046811075178548,0.009838710682438426,0.9891098708792508,1.0018695569859903,1.0069074183780937,1.0043087855974497,-0.0005841522997889983,21.333333333333332,2,Alfa Romeo,-0.001939453217376652,-5.0,7.0,12.0
2023,11,Budapest,HAM,0.9925087044630155,0.0137527879916416,0.96487016979615,0.9997064555713291,0.9874220237371897,0.9887191531783237,-2.1338291358583657e-05,21.666666666666668,2,Mercedes,-0.0021975813053238813,-3.0,1.0,4.0
2023,11,Budapest,HUL,1.009179678262309,0.009613478404835995,0.9881875798136498,1.0029113436939237,1.0155859169299633,1.0078790158537099,0.00020295401384326744,21.333333333333332,2,Haas F1 Team,-0.002546923775008203,-4.0,10.0,14.0
2023,11,Budapest,LEC,0.9968170953106865,0.011306486820409875,0.9751336139620678,0.9980824634430812,0.9916772997934135,1.000647182369281,0.00026544592527732373,21.666666666666668,2,Ferrari,-0.000592849424614128,-1.0,6.0,7.0
2023,11,Budapest,MAG,1.0142735258123257,0.013894197420131907,0.9916284349430072,1.0082900498822909,1.0179910684899947,1.016030648408338,0.0003035348120009744,21.333333333333332,2,Haas F1 Team,0.002546923775008425,2.0,19.0,17.0
2023,11,Budapest,NOR,0.992680428874441,0.010120013997519951,0.9716927588327106,0.998849376756296,0.9850179244136591,0.9934836542897609,0.00023162980187764375,21.666666666666668,2,McLaren,-0.0027956303656299086,1.0,3.0,2.0
2023,11,Budapest,PER,0.9924155657991915,0.013849827865581466,0.973076195431112,0.9931112036967857,0.9916924899744803,0.9913478879464704,-0.00011342978260693198,21.666666666666668,2,Red Bull Racing,0.002586514881955493,6.0,9.0,3.0
2023,11,Budapest,PIA,0.9982716896057007,0.009851755836327714,0.9782906872250864,1.0013841417624572,0.9922901008505273,0.9983382455177111,-1.2086084715308301e-05,22.0,2,McLaren,0.0027956303656297976,-1.0,4.0,5.0
2023,11,Budapest,RIC,1.0054607686350092,0.012235125377144256,0.9924561320531616,1.0018690425234182,1.0099049869997367,1.0032550171958228,0.0002821333055311014,21.333333333333332,2,AlphaTauri,-0.001255864086222358,0.0,13.0,13.0
2023,11,Budapest,RUS,0.9969038670736633,0.016222731961201834,0.971456273944095,1.0002955706197232,0.9947122979705918,0.9942682741911026,7.064317956289032e-05,21.666666666666668,2,Mercedes,0.0021975813053238813,12.0,18.0,6.0
2023,11,Budapest,SAI,0.9980027941599148,0.012004085676563024,0.9764934020716076,0.9969103119194489,0.9970201928140316,0.9995373581667252,0.00010966570430696213,21.666666666666668,2,Ferrari,0.000592849424614128,3.0,11.0,8.0
2023,11,Budapest,SAR,1.0084430920437955,0.011348429175586002,0.9872771129924796,1.005526373814105,1.0093491829176704,1.0098829570214443,-0.00020414472031460664,20.333333333333332,2,Williams,0.0018019176283394778,2.0,20.0,18.0
2023,11,Budapest,STR,1.0021158007378328,0.010777192378408783,0.9864375916378942,1.0005556195775647,1.0014877279160084,1.0037897653399321,-0.00027744185312431985,21.333333333333332,2,Aston Martin,0.0018976945906810094,4.0,14.0,10.0
2023,11,Budapest,TSU,1.007972496807454,0.009763459688681177,0.9845930095066926,1.0035662545478492,1.0129848357688256,1.0060775175103804,-0.0002309749145551092,21.333333333333332,2,AlphaTauri,0.001255864086222358,2.0,17.0,15.0
2023,11,Budapest,VER,0.9872425360352806,0.013907204269858238,0.9518989736555834,0.9904239678139555,0.9825880247977404,0.9855036545889208,-0.0004724381679039706,22.0,2,Red Bull Racing,-0.002586514881955493,1.0,2.0,1.0
2023,11,Budapest,ZHO,1.0085600139526083,0.01041967978332679,0.9901977013668826,1.0035960933770147,1.0135679963138493,1.007380310783039,-0.0006181080811626425,21.333333333333332,2,Alfa Romeo,0.0019394532173768742,-11.0,5.0,16.0
2023,12,Spa-Francorchamps,ALB,1.0041952865018196,0.014789297457315557,0.9736814112224093,0.9847305830034566,1.020937180911655,0.9942750370043251,0.0019831025134189775,9.25,3,Williams,-0.001144953126160475,1.0,15.0,14.0
2023,12,Spa-Francorchamps,ALO,1.0007288804184027,0.014531008309926933,0.9834057264426912,1.0071999314292246,0.9924549560778135,1.0011224238443224,-0.0011355793956940002,13.333333333333334,2,Aston Martin,-0.00257185889937972,4.0,9.0,5.0
2023,12,Spa-Francorchamps,BOT,1.0057005311858602,0.014012153670772402,0.9796560588600302,0.998923819773145,1.009425136954028,1.0037513079470548,0.0009625400383553334,13.0,2,Alfa Romeo,-0.000925427142074664,1.0,13.0,12.0
2023,12,Spa-Francorchamps,GAS,1.0075218206308472,0.01453019412744446,0.9831663859586915,0.9965537494300287,1.011996067054627,1.0087800071694781,0.00045304219199310616,20.5,1,Alpine,0.002112347608444365,1.0,12.0,11.0
2023,12,Spa-Francorchamps,HAM,0.9964710108752959,0.01484427393319383,0.9512011346511836,0.9985352134355476,0.9911048323064094,0.9977830692175056,0.0005577751149952218,9.5,3,Mercedes,-0.0035336034244362047,-1.0,3.0,4.0
2023,12,Spa-Francorchamps,HUL,1.0105971238229015,0.014294486051313985,0.9742664657388528,1.0002849179214164,1.0163434661545159,1.0090550990460672,0.0009839623920589221,13.0,2,Haas F1 Team,0.0008794001259206929,2.0,20.0,18.0
2023,12,Spa-Francorchamps,LEC,0.9971385515468487,0.012338666081110545,0.978955766332772,1.0047134471735188,0.9869514712187535,1.0010452418096725,0.0004235193934688686,13.333333333333334,2,Ferrari,0.0,-2.0,1.0,3.0
2023,12,Spa-Francorchamps,MAG,1.00883832357106,0.011665955612419067,0.9838932718730607,1.0018785535375854,1.0140588323874957,1.004610289674745,-0.000418619432712811,13.0,2,Haas F1 Team,-0.0008794001259206929,1.0,16.0,15.0
2023,12,Spa-Francorchamps,NOR,1.0037826877049907,0.013542702287998407,0.9900008864462372,1.0144054183610949,0.9915291501729966,1.006438131209459,-0.0012045922736464271,13.333333333333334,2,McLaren,0.0,0.0,7.0,7.0
2023,12,Spa-Francorchamps,OCO,1.0032971254139587,0.015392330205870584,0.9789823597198828,0.9935905372329787,1.0064133883220343,1.0054659028466402,0.0014831533133923805,13.0,2,Alpine,-0.002112347608444143,6.0,14.0,8.0
2023,12,Spa-Francorchamps,PER,0.9945117897349526,0.011230980451954736,0.9778211151493662,1.0119006803109811,0.9803302390044969,0.9948493308153379,7.975507044738501e-05,13.333333333333334,2,Red Bull Racing,0.001972786100523094,0.0,2.0,2.0
2023,12,Spa-Francorchamps,RIC,1.0062896769926288,0.012819589090773853,0.9839021363354312,0.9941500557137553,1.0142638767340886,1.0030304370069543,-0.0006296876600927682,13.0,2,AlphaTauri,0.0006727899645193602,3.0,19.0,16.0
2023,12,Spa-Francorchamps,RUS,1.0035382177241683,0.015526584555880645,0.9804361315486216,1.0050353759697062,0.9990965315322656,1.0062654829684845,0.00040263987688395,20.5,1,Mercedes,0.0035336034244362047,2.0,8.0,6.0
2023,12,Spa-Francorchamps,SAR,1.0064851927541405,0.016266202630683155,0.9771828738587004,0.9860364264227083,1.0195811270284556,1.0036070063001667,0.0017011942346575968,9.25,3,Williams,0.001144953126160475,1.0,18.0,17.0
2023,12,Spa-Francorchamps,STR,1.0058725982171621,0.013680173582313297,0.9865880684336494,1.0096117551493704,1.0028251933215806,1.0039175790394903,0.00033057378946422,20.5,1,Aston Martin,0.00257185889937972,1.0,10.0,9.0
2023,12,Spa-Francorchamps,TSU,1.00494409706359,0.012928057015968358,0.9874479212835742,0.9972555816928727,1.0112173574897052,0.9997671485806802,0.0006981552809423594,13.0,2,AlphaTauri,-0.0006727899645195823,1.0,11.0,10.0
2023,12,Spa-Francorchamps,VER,0.9905662175339065,0.014410589592210902,0.965534970304051,1.0080975419281721,0.974813791865671,0.9922087199277445,-0.0003687421522719835,13.333333333333334,2,Red Bull Racing,-0.001972786100522983,5.0,6.0,1.0
2023,12,Spa-Francorchamps,ZHO,1.0075513854700098,0.015527775429142592,0.9767573796649234,0.9930532407627864,1.0173543705764945,1.0037790985323625,0.0011132561768332986,13.0,2,Alfa Romeo,0.0009254271420748861,4.0,17.0,13.0
2023,13,Zandvoort,ALB,1.0177260463527462,0.058453390786549146,0.9700901464228022,1.0074092271198485,1.0140520144180936,1.0281954826937076,-0.005979968278960461,18.0,2,Williams,0.0,-4.0,4.0,8.0
2023,13,Zandvoort,ALO,1.0127116395223843,0.053221100431501446,0.9618701474649576,1.004220645279581,1.0059453959111677,1.0250614932189097,-0.004268089349073405,10.8,4,Aston Martin,-0.0032325187267221445,3.0,5.0,2.0
2023,13,Zandvoort,BOT,1.0287106377498099,0.052609551343878236,0.9730863425564064,1.0300974336643194,1.0179699946365959,1.04007616439878,-0.009696091842605826,10.6,4,Alfa Romeo,0.005017309955793747,4.0,18.0,14.0
2023,13,Zandvoort,GAS,1.0183947625912608,0.053518562406206734,0.9697384190505964,1.0221872153051927,1.0073344627551792,1.0273921423371593,-0.005207612963773938,10.8,4,Alpine,0.00038281314605570493,9.0,12.0,3.0
2023,13,Zandvoort,HAM,1.0143063355018176,0.046323704042060806,0.962742952425616,1.014136192155855,1.0108633975802173,1.0188136501994847,-0.00518075424265086,10.4,4,Mercedes,-0.0007325148406904791,7.0,13.0,6.0
2023,13,Zandvoort,HUL,1.0231252759007514,0.05197946185170563,0.9701422541816476,1.0168396083172424,1.0178470473129622,1.0367801181838825,-0.009193509016472898,10.6,4,Haas F1 Team,-0.003547526536449741,2.0,14.0,12.0
2023,13,Zandvoort,LAW,1.035215195394446,0.05493021926050387,0.974675629201188,1.040575688047598,1.0220474533435566,1.0449205158054409,-0.004087549229106772,9.0,5,AlphaTauri,0.0012292451212387867,6.0,19.0,13.0
2023,13,Zandvoort,MAG,1.0302203289736507,0.051626094277713426,0.9833906518680632,1.033932106263567,1.0214990126032903,1.036546374064774,-0.005821308592177675,10.8,4,Haas F1 Team,0.003547526536449519,-16.0,0.0,16.0
2023,13,Zandvoort,NOR,1.018550607940239,0.05074683110875093,0.969074045125319,1.0195964925599756,1.0115187137223376,1.020847185985228,-0.0021589469459817666,8.833333333333334,5,McLaren,-0.0008864463786582011,-5.0,2.0,7.0
2023,13,Zandvoort,OCO,1.0176291362991494,0.0479132980888622,0.971418894273357,1.018653060522893,1.0093139504805482,1.0265374605658908,-0.004273125719529361,13.25,3,Alpine,-0.00038281314605570493,6.0,16.0,10.0
2023,13,Zandvoort,PER,1.0164723240253433,0.05377306377944743,0.9670027617112186,1.0150649244750367,1.0073242938910212,1.0291383252678603,-0.0032847735609185767,10.8,4,Red Bull Racing,0.0038952962133098623,3.0,7.0,4.0
2023,13,Zandvoort,PIA,1.0203235006975557,0.06187709507180833,0.9678885936115889,1.0059501214697844,1.0141917819384167,1.0374164552350362,-0.009410416461760423,10.6,4,McLaren,0.0008864463786584231,-1.0,8.0,9.0
2023,13,Zandvoort,RUS,1.0157713651831988,0.04462219220438969,0.97863581887343,1.0168926361920412,1.0037023269959406,1.0232187935019348,-0.0027863826518417434,8.666666666666666,5,Mercedes,0.0007325148406907012,-14.0,3.0,17.0
2023,13,Zandvoort,SAI,1.0200390518703788,0.05635741228655079,0.9761607003282788,1.0196965833758285,1.0126270175873895,1.0236809023067572,-0.0034931879539957804,9.0,5,Ferrari,0.0,1.0,6.0,5.0
2023,13,Zandvoort,STR,1.0191766769758288,0.04558017176826188,0.9792480850398624,1.0185479597244302,1.0124003914893067,1.028150302462313,-0.0044585631884025605,8.5,5,Aston Martin,0.0032325187267223665,0.0,11.0,11.0
2023,13,Zandvoort,TSU,1.0327567051519684,0.052962498682943046,0.9933432338075138,1.0373560257689471,1.0232061469912221,1.0390517731900102,-0.0086720592197167,14.0,3,AlphaTauri,-0.0012292451212387867,2.0,17.0,15.0
2023,13,Zandvoort,VER,1.0086817315987238,0.05111209798617079,0.9625475483299462,1.0057991795059846,0.9991946259586699,1.018874489694474,-0.003420234931625667,10.8,4,Red Bull Racing,-0.0038952962133096403,0.0,1.0,1.0
2023,13,Zandvoort,ZHO,1.0186760178382226,0.045237695456011764,0.9824527122088478,1.022974870938354,1.008705056162637,1.0258076096054494,-0.0023997737355715303,12.0,3,Alfa Romeo,-0.005017309955793525,-3.0,15.0,18.0
2023,14,Monza,ALB,1.0002793221144541,0.004661045273876938,0.9933595119959984,1.000344419663929,1.0028703055361052,0.9999294844953125,0.0005779905544892836,24.0,1,Williams,-0.0027904840915957685,-1.0,6.0,7.0
2023,14,Monza,ALO,1.0000134151272808,0.005088194030648167,0.9900938867264982,0.997390670725951,1.0041442988452092,1.0007007932630796,4.651405582296048e-05,24.0,1,Aston Martin,-0.0030075437732408616,1.0,10.0,9.0
2023,14,Monza,BOT,1.004036648496713,0.007641413782711367,0.9887485411049084,1.0003351771844513,1.0070432477260909,1.0069736570531715,0.0003943452034333607,23.5,1,Alfa Romeo,0.001279661787651598,4.0,14.0,10.0
2023,14,Monza,GAS,1.0010838145211727,0.006766990211374987,0.986103844583834,1.001419962868561,0.9990886154735309,1.0052682593962516,-0.0005607622091240543,15.0,2,Alpine,-0.004059782552650493,2.0,17.0,15.0
2023,14,Monza,HAM,0.9983741344847346,0.007297115470622716,0.984080076811186,0.9998023458887945,1.0000597401442655,0.9976235547956357,0.00011258688834686556,24.0,1,Mercedes,0.001461283316888995,2.0,8.0,6.0
2023,14,Monza,HUL,1.0040563512003666,0.008437132982289375,0.9876676651354258,1.007538783473363,1.0030068279743183,1.0041570707423175,0.00048616589078570534,15.0,2,Haas F1 Team,-0.0007341268700524761,-4.0,13.0,17.0
2023,14,Monza,LAW,0.9998961285859115,0.006821585713726975,0.9870697337480524,0.996863494760691,0.9999481325879246,1.0052558525445678,0.0001919819729456738,15.0,2,AlphaTauri,0.0,1.0,12.0,11.0
2023,14,Monza,LEC,0.9939372620257132,0.007694015281349584,0.9840570794501332,0.996218758850184,0.9958831186770998,0.9905792591305486,0.0005046495393118996,24.5,1,Ferrari,0.00021835759652699682,-1.0,3.0,4.0
2023,14,Monza,MAG,1.0055246049404718,0.0099423955508713,0.9920831584575672,1.00875106202209,0.9999310904382425,1.0106365490342042,-0.000257643045461471,15.0,2,Haas F1 Team,0.0007341268700526982,1.0,19.0,18.0
2023,14,Monza,NOR,1.0006606950185801,0.0054284717940022865,0.9905423352670282,1.0036529134806003,1.004251970035455,0.9963797194500662,0.0004251621638703427,24.0,1,McLaren,0.000859536784820647,1.0,9.0,8.0
2023,14,Monza,OCO,1.0092033796264737,0.007458494922703175,0.9999597546181576,1.0096421491281302,1.0068410999490323,1.013690517731274,0.0004930360814523136,17.5,1,Alpine,0.004059782552650493,-1.0,18.0,19.0
2023,14,Monza,PER,0.9928864234257692,0.008204081922897627,0.9833901559796014,0.9995833038327196,0.9957463429505043,0.9841003188909033,-1.565335026496553e-05,24.5,1,Red Bull Racing,0.0007522249066818087,3.0,5.0,2.0
2023,14,Monza,PIA,0.9989416214489388,0.009382133432978229,0.9782157497427172,1.0029162339910003,0.9977514993628526,0.9967700042783411,0.00033683921460445754,15.333333333333334,2,McLaren,-0.000859536784820647,-5.0,7.0,12.0
2023,14,Monza,RUS,0.9954515678509565,0.0066071666649247275,0.9871272271506843,0.999761782545077,0.9956578810377806,0.9919486812102187,0.00015182471635492265,24.5,1,Mercedes,-0.001461283316889106,-1.0,4.0,5.0
2023,14,Monza,SAI,0.9935005468326592,0.006921936181479093,0.9831486836885468,0.9996614804587934,0.9941152413751335,0.9883958747851154,0.000736325841819712,24.5,1,Ferrari,-0.00021835759652699682,-2.0,1.0,3.0
2023,14,Monza,SAR,1.0058602902976457,0.006234606092526549,0.9985454169134091,1.002253595810963,1.008856557676523,1.008719113002496,0.00042759601866371486,23.5,1,Williams,0.0027904840915957685,2.0,15.0,13.0
2023,14,Monza,STR,1.0060285026737625,0.0073408033194478535,0.99598121115602,0.9972001950973911,1.0088611768715798,1.0142058451779994,0.00027042425718096854,22.5,1,Aston Martin,0.0030075437732408616,4.0,20.0,16.0
2023,14,Monza,VER,0.9913819736124055,0.008113031971699172,0.9801475280711538,0.998224800575852,0.9886401294538022,0.9887939543184151,0.0003387917931965974,24.5,1,Red Bull Racing,-0.0007522249066818087,1.0,2.0,1.0
2023,14,Monza,ZHO,1.00147732492141,0.006880009945212333,0.9886910477022762,0.998855376191825,1.002597075418922,1.0053186622312171,-4.012704132598312e-05,15.0,2,Alfa Romeo,-0.001279661787651376,2.0,16.0,14.0
2023,15,Marina Bay,ALB,1.0010087378372663,0.013608490788437623,0.9694983790567154,1.0003470978074263,1.0032821204684756,1.0013518968863742,-0.00020574636098904237,18.333333333333332,2,Williams,0.0013774283025163037,3.0,14.0,11.0
2023,15,Marina Bay,ALO,0.9990202593472363,0.015296943840214738,0.9606740733732052,0.9986557143564376,1.0015291922806375,0.9986895133436752,0.0002839609044083203,18.0,2,Aston Martin,0.0,-8.0,7.0,15.0
2023,15,Marina Bay,BOT,1.0061081496774118,0.014453131193476956,0.9767988486571816,1.009903430131692,1.0042650618824427,1.008134434277459,-0.0003612046351234528,21.0,1,Alfa Romeo,-0.00030164373250385346,-1.0,16.0,17.0
2023,15,Marina Bay,GAS,1.0008408714024497,0.011968958919116998,0.9788107106753182,0.9969309574478029,1.004950142261874,1.0017465500146943,-0.0006133064285474973,27.5,1,Alpine,-0.0017358421548472336,6.0,12.0,6.0
2023,15,Marina Bay,HAM,0.9906716616998524,0.01803070457822087,0.9548078024391335,0.9927259017844069,0.9900210511624661,0.9897541399592982,-1.5693008585520966e-05,18.666666666666668,2,Mercedes,-0.0001051994681514623,2.0,5.0,3.0
2023,15,Marina Bay,HUL,1.0088560862221403,0.010155075022810003,0.9952043982092434,1.001947985181354,1.0146503825898114,1.0103210512887588,-0.00020325585524329896,27.5,1,Haas F1 Team,0.0037415925309396414,-4.0,9.0,13.0
2023,15,Marina Bay,LAW,1.005552902147178,0.008885130204334086,0.9862904551090836,1.0065094859898989,1.0051400362236476,1.0083355132912843,-0.0003188916323218629,27.5,1,AlphaTauri,0.0,1.0,10.0,9.0
2023,15,Marina Bay,LEC,0.996858244116833,0.011620750632294364,0.9787907912493962,0.9977030475436753,0.9969573842726049,0.9970253954720543,-0.0005954683981932625,28.0,1,Ferrari,0.0020754690759587913,-1.0,3.0,4.0
2023,15,Marina Bay,MAG,1.0013729011602612,0.013227355456843348,0.977117559471936,1.0017080701798116,1.0014673432079604,1.004011768543368,-0.00018259925378522797,18.333333333333332,2,Haas F1 Team,-0.0037415925309394193,-4.0,6.0,10.0
2023,15,Marina Bay,NOR,0.9926758760812512,0.009647230578875418,0.9765100169813106,0.991194140198493,0.9959721167633381,0.9922808727029125,-0.0005680174913951488,28.0,1,McLaren,-0.00437114825078011,2.0,4.0,2.0
2023,15,Marina Bay,OCO,1.0043125557121442,0.008410704465271509,0.9952741161999712,0.9997591830623618,1.0100646470854333,1.0033870512367458,-0.0007826971038813206,19.0,1,Alpine,0.0017358421548472336,-10.0,8.0,18.0
2023,15,Marina Bay,PER,0.9992063584283056,0.01560937382738213,0.9671678062238246,0.999605853926038,1.0001490424025636,1.0004763013750901,0.000188835090819468,27.0,1,Red Bull Racing,0.0033260917311349614,5.0,13.0,8.0
2023,15,Marina Bay,PIA,1.0014181725828113,0.01183833916580251,0.9809520489619488,0.9979093121294169,1.0043517013801146,1.003705605560023,-0.0007065909733063968,27.5,1,McLaren,0.004371148250779999,10.0,17.0,7.0
2023,15,Marina Bay,RUS,0.9908820606361554,0.016352264325128207,0.958851445901329,0.9906962831869436,0.9888945564385487,0.9942905863187222,9.892753681666219e-05,18.666666666666668,2,Mercedes,0.0001051994681514623,-14.0,2.0,16.0
2023,15,Marina Bay,SAI,0.9927073059649155,0.010310949005267953,0.972725326056103,0.995109283731315,0.9921424908848692,0.9927821436428826,-0.0008689044825762257,28.5,1,Ferrari,-0.0020754690759586802,0.0,1.0,1.0
2023,15,Marina Bay,SAR,0.9982538812322337,0.011662402556481504,0.9813404777674308,1.000068547143298,0.9973349291756847,1.0008971738056252,0.0004405647508082977,18.333333333333332,2,Williams,-0.0013774283025163037,4.0,18.0,14.0
2023,15,Marina Bay,VER,0.9925541749660357,0.0167201311876818,0.9618592792155728,0.995420921493474,0.9923293715834104,0.993029009375312,-0.00023601753883754776,26.5,1,Red Bull Racing,-0.0033260917311349614,6.0,11.0,5.0
2023,15,Marina Bay,ZHO,1.0067114371424193,0.009897232015826785,0.9891588524418724,1.0077432405079991,1.0080757201075359,1.0067055567509016,0.00021808644825614847,26.5,1,Alfa Romeo,0.0003016437325036314,7.0,19.0,12.0
2023,16,Suzuka,ALO,1.0025915071367955,0.01030098551768984,0.9866822311323148,1.002942204918375,1.0014053934226526,1.0054094673020957,0.0013899403139620153,14.333333333333334,2,Aston Martin,0.0,2.0,10.0,8.0
2023,16,Suzuka,GAS,1.0014261787545045,0.012297860203678403,0.9782368167284168,1.003169883303411,1.0012906259400067,0.999205597405787,0.0005330857934648885,14.0,2,Alpine,-0.0028215105426698806,2.0,12.0,10.0
2023,16,Suzuka,HAM,0.9967833693992145,0.010423865881022659,0.9705222554940872,0.996653516198792,0.9978548224255278,0.9952887734305481,0.0003488583767183861,14.666666666666666,2,Mercedes,-0.003462921418639908,2.0,7.0,5.0
2023,16,Suzuka,HUL,1.00313150281683,0.010962023197021447,0.9871593158402274,1.0054876851436263,1.00325135116645,0.9991737711819809,3.712758083921903e-05,10.0,3,Haas F1 Team,-0.00289815118140746,4.0,18.0,14.0
2023,16,Suzuka,LAW,1.0076671911214876,0.009183243326469644,0.9974826168603764,1.0118813851842352,1.0063233612525533,1.0036048836964528,0.0010200468526901931,14.0,2,AlphaTauri,-0.0002862749931722419,0.0,11.0,11.0
2023,16,Suzuka,LEC,0.9966691735914694,0.009243155082826858,0.9781454600822208,0.9973503549861267,0.9964715223660288,0.9965816995340208,0.0006591445910166887,14.666666666666666,2,Ferrari,-0.0005883967831388226,0.0,4.0,4.0
2023,16,Suzuka,MAG,1.0089278051796449,0.011015271861819897,0.9931685530122316,1.0126049402236001,1.005647741007254,1.0103422127814297,0.0009118476230342848,14.666666666666666,2,Haas F1 Team,0.00289815118140746,0.0,15.0,15.0
2023,16,Suzuka,NOR,0.9900693479996125,0.011186711810234267,0.966827386692382,0.9872337604047657,0.9892777401158054,0.9979451923720948,0.0008694855107062126,14.666666666666666,2,McLaren,-0.0029196138413009054,1.0,3.0,2.0
2023,16,Suzuka,OCO,1.007069199839844,0.012992483018288987,0.9886616251332284,1.0083345800917611,1.006235256259201,1.0073617981732919,0.0003152216838247708,22.5,1,Alpine,0.0028215105426696585,5.0,14.0,9.0
2023,16,Suzuka,PIA,0.9959085756822144,0.009557362025796365,0.9778003349743694,0.9936240773987628,0.995519676480202,1.00182553883217,0.0005815377097751623,15.0,2,McLaren,0.0029196138413009054,-1.0,2.0,3.0
2023,16,Suzuka,RUS,1.0037092122364946,0.008106206441762536,0.9912500634421154,1.0068178713605493,1.0029586356168567,1.000348933521872,0.0002721337450983817,23.0,1,Mercedes,0.0034629214186401303,1.0,8.0,7.0
2023,16,Suzuka,SAI,0.9978459671577472,0.010524709678011696,0.976369080850632,1.000555303370328,0.9979880214196423,0.9931705753461361,0.0007146276389036252,14.666666666666666,2,Ferrari,0.0005883967831389336,0.0,6.0,6.0
2023,16,Suzuka,TSU,1.008239741107832,0.011290978812283609,0.9924173983657312,1.012569328674019,1.0076188738704988,1.002292991715158,0.00025491454275158474,14.0,2,AlphaTauri,0.0002862749931722419,-3.0,9.0,12.0
2023,16,Suzuka,VER,0.9868215730876241,0.010463933707170033,0.9560270009643204,0.984716725150971,0.9872963402928512,0.9904017280477654,0.0009630166204639287,14.666666666666666,2,Red Bull Racing,0.0,0.0,1.0,1.0
2023,16,Suzuka,ZHO,1.0077839246138491,0.010977105588499498,0.9926508653504542,1.0032887706249465,1.0101518019353415,1.011495030598283,0.0005196062357891348,14.0,2,Alfa Romeo,0.0,6.0,19.0,13.0
2023,17,Lusail,ALB,1.0042225725693623,0.018517433357648556,0.982229072693066,1.0039554906101174,1.0055360337314159,1.0046049972991336,-0.0013943991724665893,11.75,3,Williams,-0.006375859698836361,0.0,13.0,13.0
2023,17,Lusail,ALO,0.9964713395506614,0.01581987306446589,0.9751909694675522,0.9934147499993328,0.9985387984568305,0.9994824215969217,-0.0010665698854492214,11.5,3,Aston Martin,-0.005283972123861669,-2.0,4.0,6.0
2023,17,Lusail,BOT,1.00609624218933,0.019493001697183515,0.9820704036992544,1.006886265062706,1.001497279462188,1.011908316318013,-0.0003715694708495932,16.0,2,Alfa Romeo,0.0008465285209526829,1.0,9.0,8.0
2023,17,Lusail,GAS,1.0011813364752045,0.017279839371295482,0.972334927578938,1.006102999460674,0.9975925608335836,1.0006450930712742,-0.0014034423120923107,11.75,3,Alpine,0.000340246125028143,-5.0,7.0,12.0
2023,17,Lusail,HUL,1.0057569250146106,0.01656645559320676,0.9797130357911916,1.0066639714574677,1.0048821580913028,1.0071673721254715,-0.00040290841376340266,11.5,3,Haas F1 Team,-0.002867260061164778,-2.0,14.0,16.0
2023,17,Lusail,LAW,1.0168292822904668,0.017551142652458163,0.9872951469954894,1.0258040589157857,1.014140386352726,1.0102009952630333,-0.0009727079171764378,15.666666666666666,2,AlphaTauri,0.0038627627901479666,0.0,17.0,17.0
2023,17,Lusail,LEC,0.9960535307709336,0.01879830800484002,0.9632567944329852,0.9959648511108412,0.996048355442786,0.9977056982128378,-0.0010893483364162902,11.75,3,Ferrari,0.0,0.0,5.0,5.0
2023,17,Lusail,MAG,1.0114914451369401,0.020351794444281934,0.9867738060158217,1.0115230271190732,1.0106400917912426,1.013983027576704,-0.0003773539472229678,15.666666666666666,2,Haas F1 Team,0.002867260061164778,4.0,18.0,14.0
2023,17,Lusail,NOR,0.9895280875467026,0.022693287875429305,0.961556769499286,0.9869530185917202,0.997494254077757,0.9851858105754279,-0.0015232437347920084,11.75,3,McLaren,0.0005142274001578295,7.0,10.0,3.0
2023,17,Lusail,OCO,1.0005008442251482,0.015515669351986706,0.9797810367885396,1.0038804028880695,0.9996433689222927,0.9987794871878943,-0.0011895689122121801,11.75,3,Alpine,-0.000340246125028143,1.0,8.0,7.0
2023,17,Lusail,PER,1.002215337456155,0.019902589093904542,0.9771743318902012,1.0027194814115445,1.0063870688585006,0.9983614472052389,-0.0013671407473683304,11.75,3,Red Bull Racing,0.006751510369669811,10.0,20.0,10.0
2023,17,Lusail,PIA,0.988499632746387,0.018964620332782338,0.9624521159643676,0.9834937598838296,0.9949906608581965,0.9888924317549728,-0.0007329121646298284,11.75,3,McLaren,-0.0005142274001578295,4.0,6.0,2.0
2023,17,Lusail,RUS,0.995880152341525,0.02175968238623787,0.972074257089104,0.9953125673340988,0.9956881365272745,0.9983466928529098,-0.0025518969516314764,11.75,3,Mercedes,0.0,-2.0,2.0,4.0
2023,17,Lusail,SAR,1.016974291967035,0.014509693409015898,0.9971552916109436,1.0135759865210274,1.0227495999155771,1.0162104323900445,-0.0006910285907044523,10.333333333333334,2,Williams,0.006375859698836361,-3.0,15.0,18.0
2023,17,Lusail,STR,1.0070392837983846,0.01949605924383466,0.9786703538318564,1.0096814327216188,1.0065814250222027,1.0057972480127388,-0.0003070402175422331,16.0,2,Aston Martin,0.005283972123861558,5.0,16.0,11.0
2023,17,Lusail,TSU,1.0091037567101708,0.01571777845017675,0.987986490468527,1.01452677730367,1.0062399831078357,1.0071221468281153,-0.0019354424016400826,11.5,3,AlphaTauri,-0.0038627627901479666,-4.0,11.0,15.0
2023,17,Lusail,VER,0.9887123167168155,0.017413172122955907,0.9556293492304556,0.9872481459862021,0.9898507244203312,0.9907736116769222,-0.0006241680747115117,11.75,3,Red Bull Racing,-0.006751510369669811,0.0,1.0,1.0
2023,17,Lusail,ZHO,1.0044031851474247,0.020853556016054802,0.9783416823446744,1.0042845707136991,1.0059120391332648,1.0043763048380339,-0.00037000995977977424,11.75,3,Alfa Romeo,-0.0008465285209526829,10.0,19.0,9.0
2023,18,Austin,ALB,1.0041162175637801,0.009502232872272193,0.9901491312080996,1.00529993612478,1.000144642153879,1.009143799882457,-0.0006584018260108805,17.0,2,Williams,-0.00023291571382966225,6.0,15.0,9.0
2023,18,Austin,ALO,1.000888616494621,0.013139643327729938,0.9768191857396948,1.0009138241380857,0.9977561371474944,1.0058373014103923,-0.0011854130740883673,14.0,2,Aston Martin,0.001559352705372774,3.0,19.0,16.0
2023,18,Austin,BOT,1.0067935506395749,0.007770049336749719,0.9965404686980828,1.0085342415279979,1.0059374888117145,1.0075645195738971,-0.000661271878192767,17.0,2,Alfa Romeo,-0.00049304740366507,1.0,13.0,12.0
2023,18,Austin,GAS,0.9985900503312556,0.010728722827386595,0.9812950765201416,1.0029433815171576,0.9958874846347547,0.9994653174601092,-8.077309264996244e-05,17.0,2,Alpine,0.0,1.0,7.0,6.0
2023,18,Austin,HAM,0.9911589129163354,0.01121611117424999,0.9731837460664934,0.9909692673412687,0.9934748817828549,0.9884912020795394,1.77980066689706e-05,17.333333333333332,2,Mercedes,-0.0016588970854662932,-16.0,3.0,19.0
2023,18,Austin,HUL,1.0047238487678558,0.01147599440428999,0.9863084651017338,1.0064017481040155,1.0008525771842514,1.0092248035588003,-6.556505623499857e-06,17.0,2,Haas F1 Team,-0.0015206246679817514,7.0,18.0,11.0
2023,18,Austin,LEC,0.9989061829258846,0.008134145185304526,0.987285733831089,0.9951772692365082,0.9989220261040104,1.0024255453349118,0.00012609733851341566,27.0,1,Ferrari,0.002425209986093857,-19.0,1.0,20.0
2023,18,Austin,MAG,1.0077650981038193,0.009993628024728567,0.9919863964192874,1.006309162277695,1.0077190803284186,1.010167233939182,-0.0006701217444873526,16.333333333333332,2,Haas F1 Team,0.0015206246679817514,3.0,17.0,14.0
2023,18,Austin,NOR,0.9932658667095663,0.008307118706381575,0.9771221390457948,0.9913860922733745,0.9945343883140597,0.9940186943664273,0.000521396633131787,17.333333333333332,2,McLaren,0.0,0.0,2.0,2.0
2023,18,Austin,PER,0.9933407759053822,0.0107544580105013,0.974698512596994,0.9944361695922656,0.9943742317377345,0.9923183456135488,-2.7006107438255756e-05,17.0,2,Red Bull Racing,0.0010685670755246068,5.0,9.0,4.0
2023,18,Austin,RIC,1.0089822723452495,0.011100932062025391,0.9710728456110862,1.0100834361169557,1.010512964090079,1.0073659964632278,0.0013729414650131492,16.666666666666668,2,AlphaTauri,0.0046283526799302255,-1.0,14.0,15.0
2023,18,Austin,RUS,0.9944767070872679,0.013255952692742446,0.971336708168012,0.994623242897972,0.9984094136741734,0.9906936100045949,0.000192687927448758,17.0,2,Mercedes,0.0016588970854661822,0.0,5.0,5.0
2023,18,Austin,SAI,0.9940557629536969,0.01077619734608177,0.977601000723179,0.9951801949830211,0.9919542113394821,0.9959236816265035,9.079940204581919e-05,17.333333333333332,2,Ferrari,-0.002425209986093857,1.0,4.0,3.0
2023,18,Austin,SAR,1.0045820489914397,0.010813573835572104,0.9893673162246156,1.0045317263522981,1.0014979771579968,1.009537745819205,-0.00020200322863131825,17.0,2,Williams,0.0002329157138298843,6.0,16.0,10.0
2023,18,Austin,STR,0.9977699110838754,0.015069834278223544,0.9763696421241914,0.9984664256764157,0.997970713544091,0.9980958308456752,-0.00040439949361756057,17.0,2,Aston Martin,-0.001559352705372774,13.0,20.0,7.0
2023,18,Austin,TSU,0.9997255669853892,0.011591960760516717,0.959081758301898,1.0007499626129202,1.0040284695740744,0.994777332269451,-0.00028670416639218734,12.25,3,AlphaTauri,-0.0046283526799301145,3.0,11.0,8.0
2023,18,Austin,VER,0.991203641754333,0.010940312183415107,0.9775423645994176,0.9903020629277611,0.9923268879629196,0.9903704694396148,-6.499260874308164e-05,17.333333333333332,2,Red Bull Racing,-0.0010685670755246068,5.0,6.0,1.0
2023,18,Austin,ZHO,1.007779645446905,0.008801016113999912,0.9956316087797824,1.006821446709715,1.0080457699330492,1.0093929532046422,-0.0009378083077941977,16.666666666666668,2,Alfa Romeo,0.00049304740366507,-1.0,12.0,13.0
2023,19,Mexico City,ALB,1.0052345385678718,0.01766330918983264,0.9863792363792364,1.0016397858657726,1.0077813030273617,1.0039518004119776,-0.00037921480901171055,32.5,1,Williams,-0.0015592335264467128,5.0,14.0,9.0
2023,19,Mexico City,ALO,1.0172363483174296,0.02119414303166051,0.9954120787454122,1.0168791285641527,1.0160143876792553,1.013802079288805,-0.001008835317365004,12.333333333333334,2,Aston Martin,0.004898003771877768,-5.0,13.0,18.0
2023,19,Mexico City,BOT,1.010809373243236,0.017220486706118938,0.9910624910624912,0.998952280486486,1.0157697327984814,1.016846448957701,7.644692036488064e-05,31.5,1,Alfa Romeo,0.0007042296362147482,-6.0,9.0,15.0
2023,19,Mexico City,GAS,1.005995020317937,0.013742844803120154,0.9918251584918252,1.0021702279689555,1.007022781519376,1.0075343351338928,-0.000640847187886123,21.333333333333332,2,Alpine,-0.0020583269281186922,0.0,11.0,11.0
2023,19,Mexico City,HAM,0.9920517615830117,0.013174996804853387,0.9692311358978026,0.9976261604502692,0.9880818903264058,0.9891937708309391,-0.00011898789634348428,21.333333333333332,2,Mercedes,-0.00336776508651504,4.0,6.0,2.0
2023,19,Mexico City,HUL,1.0082962426712427,0.014496938967354845,0.9917298250631584,1.0025541036692436,1.0164590206303115,1.0019056717618664,-2.2396561077760543e-05,21.333333333333332,2,Haas F1 Team,0.0,-1.0,12.0,13.0
2023,19,Mexico City,LEC,0.9931078772224606,0.008579878369652792,0.9811239811239812,0.9954255264852514,0.989745180686258,0.9947434202965177,-0.00014232179905302256,32.0,1,Ferrari,-0.0010007217038466854,-2.0,1.0,3.0
2023,19,Mexico City,NOR,0.9966574662341858,0.020882976891849887,0.9765003098336432,0.9960480174432332,0.9941541297182327,0.99793893422212,-0.002854071794898694,21.0,2,McLaren,-0.0009218195188764877,12.0,17.0,5.0
2023,19,Mexico City,OCO,1.0101116741741742,0.021380607024368774,0.9887983221316556,1.0027354537171873,1.0149050009881873,1.0094938800137916,-0.00048672609286166133,32.0,1,Alpine,0.00205832692811847,5.0,15.0,10.0
2023,19,Mexico City,PIA,0.9985011052719387,0.013062653173514701,0.986224319557653,1.002087154443999,0.9940993812426836,0.9985691299850593,-0.0002557111270251262,21.333333333333332,2,McLaren,0.0009218195188763767,-1.0,7.0,8.0
2023,19,Mexico City,RIC,0.9983400439129606,0.01117170494705386,0.985259068592402,1.0029922757910716,0.9939696816516411,0.9974320480404553,0.00013575667330837865,21.333333333333332,2,AlphaTauri,-0.00237386063578926,-3.0,4.0,7.0
2023,19,Mexico City,RUS,0.9987872917560419,0.014033587354751553,0.9864626531293198,1.0027696604627576,0.9941008065129149,0.9990410584990232,-0.0007115058686588266,21.333333333333332,2,Mercedes,0.003367765086515151,2.0,8.0,6.0
2023,19,Mexico City,SAI,0.995109320630154,0.0102952975997469,0.9835907335907336,0.9968937017236941,0.9930423058211836,0.9947778990920586,-0.00014005087059336288,21.333333333333332,2,Ferrari,0.0010007217038466854,-2.0,2.0,4.0
2023,19,Mexico City,SAR,1.0083530056207652,0.020268653459080858,0.9891200724534058,0.9983073362066999,1.0148238073151783,1.008489320051775,0.0007657230063835,20.333333333333332,2,Williams,0.0015592335264467128,3.0,19.0,16.0
2023,19,Mexico City,STR,1.0074403407736743,0.009317959713834825,0.9921469088135756,1.0034107235037657,1.010564344817959,1.010031448840781,3.8523609235683885e-05,27.5,1,Aston Martin,-0.004898003771877546,-17.0,0.0,17.0
2023,19,Mexico City,TSU,1.0030877651845393,0.019662744391541226,0.9831378998045666,0.999037724993467,1.0035976885733664,1.0046297978356216,-0.0030659533003492313,20.666666666666668,2,AlphaTauri,0.002373860635789482,6.0,18.0,12.0
2023,19,Mexico City,VER,0.9861883833238,0.008737867494581287,0.9729253062586396,0.9966949768208576,0.9770550496374112,0.9857343983450179,6.170669279832199e-05,21.333333333333332,2,Red Bull Racing,0.0,2.0,3.0,1.0
2023,19,Mexico City,ZHO,1.0094009139708064,0.014714891493007535,0.9958410791744124,1.007102666219549,1.0095704597204533,1.0101604932321462,0.0004519222442386397,20.666666666666668,2,Alfa Romeo,-0.0007042296362147482,-4.0,10.0,14.0
2023,20,São Paulo,ALO,0.9950737047079072,0.009704324904725498,0.9777631838182176,0.999525315811543,0.9940249740648941,0.9963804115750611,0.00010343019621521586,21.0,2,Aston Martin,-0.0005396637760202161,1.0,4.0,3.0
2023,20,São Paulo,GAS,0.9997340250870164,0.015413238967867792,0.9788008143429434,1.0001907540394972,1.0036217628844875,0.9944835076887899,0.000378418372993437,21.333333333333332,2,Alpine,-0.0010495000791304054,8.0,15.0,7.0
2023,20,São Paulo,HAM,1.000403210254133,0.009654291226655185,0.9816641492086424,1.0018417420828294,0.9995824387041953,1.0045796096216266,0.00028320193290312635,21.0,2,Mercedes,-0.0028339840675657424,-3.0,5.0,8.0
2023,20,São Paulo,HUL,1.0089094038263278,0.01580646734136322,0.9855651145990674,1.0086273647699653,1.010459341796667,1.009740857794365,-0.00015961960886820832,21.0,2,Haas F1 Team,0.0,-1.0,11.0,12.0
2023,20,São Paulo,NOR,0.9901365681887124,0.013163352766081195,0.9520719774085504,0.9943265876069156,0.9874431032115663,0.9953895390355691,0.00045260714067128283,21.0,2,McLaren,-0.005837259327028166,4.0,6.0,2.0
2023,20,São Paulo,OCO,1.0018330252452772,0.0154318390657714,0.9746634268076444,1.0039606624649449,1.0054632223573028,0.9953039763914934,6.916272894032423e-05,15.25,3,Alpine,0.0010495000791304054,4.0,14.0,10.0
2023,20,São Paulo,PER,0.9947966279614011,0.011338887072999782,0.973586392592106,0.9978903829634784,0.9944803108475764,0.9959793441185999,0.00027282147422287703,21.0,2,Red Bull Racing,0.0028560378859192603,5.0,9.0,4.0
2023,20,São Paulo,PIA,1.0018110868427688,0.013762078551599445,0.9760294214224732,1.0064855339251586,1.0003689890690082,1.0037747818021219,-4.413032533259045e-05,20.666666666666668,2,McLaren,0.005837259327028166,-4.0,10.0,14.0
2023,20,São Paulo,RIC,0.999997915148634,0.013495198227106866,0.970197675182242,0.9995529989374563,1.0044225752808587,0.9945538306025359,0.00011030349765034353,21.0,2,AlphaTauri,-0.0009210775606407484,4.0,17.0,13.0
2023,20,São Paulo,RUS,1.0060711783892646,0.008507957481451564,0.9842253891114466,1.0081986834230998,1.0070654630909122,1.005447417062063,-0.00039943967904885065,16.0,2,Mercedes,0.0028339840675659644,-7.0,8.0,15.0
2023,20,São Paulo,SAI,0.9981747126292999,0.012351360192642673,0.9772903395284692,0.9957099296930022,0.9995243538157709,1.0018438214287981,0.00029879042577189756,21.0,2,Ferrari,0.0,1.0,7.0,6.0
2023,20,São Paulo,SAR,1.0084463583379981,0.011957416740358419,0.9947855782491626,1.0072456511030503,1.0125049047204735,1.0046957558533618,-0.0002852403829615374,21.0,2,Williams,0.0,8.0,19.0,11.0
2023,20,São Paulo,STR,0.9961530322599476,0.013478557971904639,0.9720496486504236,0.9970094081917625,0.9976794477792481,0.9957180150971955,0.0002531021465714083,21.0,2,Aston Martin,0.0005396637760201051,-2.0,3.0,5.0
2023,20,São Paulo,TSU,1.0018400702699153,0.017495254641742952,0.9749917908977472,1.00422223647089,1.0022750972414145,1.0021651517749959,-0.00011403356709606036,21.333333333333332,2,AlphaTauri,0.0009210775606405264,7.0,16.0,9.0
2023,20,São Paulo,VER,0.9890845521895627,0.010790801540528801,0.9643659289420108,0.9962204391032293,0.9834722090211112,0.997570910450348,-0.00010876876433196259,21.0,2,Red Bull Racing,-0.0028560378859191493,0.0,1.0,1.0
2023,21,Las Vegas,ALB,1.004099394534574,0.011062104035496024,0.9864430822230104,1.0068694657512178,1.0041158560145902,1.0016553987392383,-0.0011754100865557088,19.5,1,Williams,-0.0010918122524585794,-7.0,5.0,12.0
2023,21,Las Vegas,ALO,1.000639343431785,0.01595319504579977,0.9783575662394244,0.9990514548453898,1.0034825195901145,0.9990164709059,-0.0009184717721948372,20.0,1,Aston Martin,0.0007563459240652604,0.0,9.0,9.0
2023,21,Las Vegas,BOT,1.0199076324411955,0.0113678295493429,0.9885201884593952,1.0265887662960422,1.0177125588517992,1.0164314983270024,-0.000692374415245672,18.5,1,Alfa Romeo,0.0049697497630833976,-10.0,7.0,17.0
2023,21,Las Vegas,GAS,1.0013571986214977,0.011820991470827815,0.981944374081767,1.0059802960719042,0.9974706727871282,1.0009852080325958,-0.0005879443494328431,19.5,1,Alpine,0.0019265517568369805,-7.0,4.0,11.0
2023,21,Las Vegas,HAM,0.996953317719314,0.01795109110866571,0.9698161001063884,1.0012527572809766,1.0028345775181218,0.9880805752008667,-0.0021635705324584207,13.0,2,Mercedes,0.0006962657552859186,3.0,10.0,7.0
2023,21,Las Vegas,HUL,1.007845322636882,0.01438168452475145,0.9885505851360252,1.0112842652065566,1.0082562138779565,1.0045322786870925,-0.0012755417705605744,11.333333333333334,2,Haas F1 Team,0.0010174404943790183,-6.0,13.0,19.0
2023,21,Las Vegas,LEC,0.990920486710547,0.014894645583325308,0.9693398855058514,0.9844197312871634,0.985692647717964,1.0003108632513253,-0.001267088877496192,19.5,1,Ferrari,-0.0038740694265291253,-1.0,1.0,2.0
2023,21,Las Vegas,MAG,1.0058104416481237,0.013047618493282568,0.9874360403262578,1.0028763019181046,1.0077162640453778,1.0060614872279514,-0.0020548365403727817,13.0,2,Haas F1 Team,-0.0010174404943792403,-5.0,8.0,13.0
2023,21,Las Vegas,OCO,0.9975040951078237,0.016091193686599434,0.9791478798318052,0.9968582071351368,0.997741147741148,0.9974923236162607,-0.0008416295895117585,19.5,1,Alpine,-0.0019265517568370916,12.0,16.0,4.0
2023,21,Las Vegas,PER,0.9906667004407519,0.014702234196967142,0.9720755864025532,0.9860666526271455,0.982106690777577,1.0015802619144054,-0.0012953982095524753,20.0,1,Red Bull Racing,0.0004957191347079171,8.0,11.0,3.0
2023,21,Las Vegas,PIA,0.9940419775365822,0.01662563286272405,0.9675262171335934,0.9913334414755918,0.9930713715523841,0.9966999806610988,-0.001397171668517381,12.333333333333334,2,McLaren,0.0,8.0,18.0,10.0
2023,21,Las Vegas,RIC,1.0073168000298636,0.01412501037365867,0.9839201580627186,1.0124434493625873,1.0075378319215762,1.0028756581611993,-0.0005782143552959018,19.0,1,AlphaTauri,-0.00251956619409599,0.0,14.0,14.0
2023,21,Las Vegas,RUS,0.9955607862087421,0.01536750433664129,0.9734130401742744,0.9954425554088604,0.9969320412358389,0.9941275231676207,-0.0017189440143556558,13.0,2,Mercedes,-0.0006962657552859186,-5.0,3.0,8.0
2023,21,Las Vegas,SAI,0.9986686255636051,0.016395962015101833,0.9725315365520036,0.9965067916184058,1.0004166666666667,0.9984690157958689,-0.0010939600724740725,20.0,1,Ferrari,0.0038740694265290143,6.0,12.0,6.0
2023,21,Las Vegas,SAR,1.0062830190394911,0.012121231719202239,0.9903237246061096,1.0155550695721276,1.0076892165499762,0.99759132906156,-0.0009370980988328911,19.5,1,Williams,0.0010918122524585794,-10.0,6.0,16.0
2023,21,Las Vegas,STR,0.9991266515836545,0.017268277147506183,0.978610871878008,0.9983777504406612,0.9946764874520356,1.0033929671009956,-0.0013430776602617676,20.5,1,Aston Martin,-0.0007563459240652604,14.0,19.0,5.0
2023,21,Las Vegas,TSU,1.0123559324180555,0.013955432466353952,0.9887734940979788,1.0255628970552104,1.0068056811332127,1.0068676589712435,-0.0003191663169664627,10.666666666666666,2,AlphaTauri,0.00251956619409599,2.0,20.0,18.0
2023,21,Las Vegas,VER,0.9896752621713361,0.015758651808778546,0.9687826131009676,0.9842361375477099,0.9804686171774778,1.0018139459208721,-0.0009052387054664661,13.0,2,Red Bull Racing,-0.0004957191347079171,1.0,2.0,1.0
2023,21,Las Vegas,ZHO,1.009968132915029,0.013357896740184842,0.9866254622827904,1.0138648833050403,1.0114218086122995,1.0053680269487992,-7.359963238410328e-05,20.5,1,Alfa Romeo,-0.0049697497630831755,2.0,17.0,15.0
2023,22,Yas Island,ALB,1.0008870636103846,0.013353729530614717,0.973362585735022,1.0012499157913284,0.9950104979632263,1.0112584962721203,-9.977889012559338e-05,17.666666666666668,2,Williams,-0.0011989888771044566,0.0,14.0,14.0
2023,22,Yas Island,ALO,0.9952301776406033,0.010338697211642045,0.9779166528160976,0.9899094692003546,0.9972024207644399,0.999625432405238,-9.80869505487593e-06,17.666666666666668,2,Aston Martin,-0.0018175082481445282,0.0,7.0,7.0
2023,22,Yas Island,BOT,1.0111028212890838,0.009863515524980035,0.9957229442985518,1.0158076230583786,1.0084909093618744,1.0153806230100508,0.0003355896468285514,27.0,1,Alfa Romeo,0.003695329868441677,-1.0,18.0,19.0
2023,22,Yas Island,GAS,1.0006633638547608,0.009511945656000755,0.9863377987567732,0.9997491877101979,1.0008069704614524,1.0047863298081796,0.00030354399632729565,17.666666666666668,2,Alpine,-0.001967311060706134,-3.0,10.0,13.0
2023,22,Yas Island,HAM,0.9962437256922515,0.010995373707375694,0.9792019856175692,0.9974556025972545,0.9958652254019117,0.9997932251286835,1.513534714206376e-05,17.666666666666668,2,Mercedes,0.0014842680107668427,2.0,11.0,9.0
2023,22,Yas Island,HUL,1.0034949428175342,0.009612723720590242,0.9885649702489778,1.0045467500634804,1.008717485151866,1.0006988538683568,9.894028377502599e-05,17.666666666666668,2,Haas F1 Team,-0.001701639896110052,-7.0,8.0,15.0
2023,22,Yas Island,LEC,0.9926331388508254,0.011530787335044916,0.9772850668705472,0.996030532768833,0.9968963135069494,0.9881664908912866,-0.00017410135306673898,18.0,2,Ferrari,-0.005085108155502449,0.0,2.0,2.0
2023,22,Yas Island,MAG,1.006898222609754,0.007730924360979223,0.996509656616694,1.00791202754949,1.0088863771837775,1.0078663214798196,-0.002215855150578859,17.333333333333332,2,Haas F1 Team,0.00170163989610983,-3.0,17.0,20.0
2023,22,Yas Island,NOR,0.9935827748989114,0.011906228842060329,0.9768972509390688,0.9852663325957518,0.9975352229476657,0.9953522106110664,-0.0005386308004775414,18.0,2,McLaren,-0.0010014474357569192,0.0,5.0,5.0
2023,22,Yas Island,OCO,1.0045979859761731,0.005734627690044451,0.9976066216800188,1.005513969688647,1.0010811244543933,1.0119602468376312,0.00022107104553365122,27.5,1,Alpine,0.001967311060706134,0.0,12.0,12.0
2023,22,Yas Island,PER,0.9909706834152974,0.013560674617971823,0.9694622655098672,0.988764231265514,0.9937026915097648,0.9927758735532114,8.919411882806813e-05,17.666666666666668,2,Red Bull Racing,0.0009362074810663756,5.0,9.0,4.0
2023,22,Yas Island,PIA,0.9955856697704254,0.012936030803650068,0.9766091591042562,0.9863607862239798,0.9988688081911172,0.9988804716325155,-0.0002444297494658165,18.0,2,McLaren,0.0010014474357570302,-3.0,3.0,6.0
2023,22,Yas Island,RIC,0.9978750613867671,0.011677157361808469,0.981406996199404,0.9992330533287042,1.0010518780370068,0.997250346178422,-0.0013565099785301455,17.666666666666668,2,AlphaTauri,-0.0014262104309200607,4.0,15.0,11.0
2023,22,Yas Island,RUS,0.9932751896707179,0.01284335376592348,0.977152101408326,0.9916433905261359,0.9939421385534496,0.9951487104075661,-0.0005736158246787226,18.0,2,Mercedes,-0.0014842680107667316,1.0,4.0,3.0
2023,22,Yas Island,SAI,1.0028033551618303,0.00900798314397458,0.9911688772174762,1.008709568377242,1.003327399097184,1.002777771379742,0.00011082973470368074,26.0,1,Ferrari,0.005085108155502449,-2.0,16.0,18.0
2023,22,Yas Island,SAR,1.0032850413645935,0.013073536746164396,0.9815067202960698,1.0011887673405087,0.998000329645597,1.0143233970286563,0.00013981814446946663,17.666666666666668,2,Williams,0.0011989888771044566,4.0,20.0,16.0
2023,22,Yas Island,STR,0.9988651941368923,0.011216576573535352,0.9756340790479672,0.9964886279427694,0.9965539055043713,1.0066100163781517,0.0005093422490044167,17.666666666666668,2,Aston Martin,0.0018175082481445282,3.0,13.0,10.0
2023,22,Yas Island,TSU,1.0007274822486072,0.007935526137104439,0.9889971080011968,0.9994746697960103,1.0048746181195136,1.0004175660851413,6.987425212379236e-05,27.5,1,AlphaTauri,0.0014262104309200607,-2.0,6.0,8.0
2023,22,Yas Island,VER,0.9890982684531645,0.012079567820392548,0.9639220379173176,0.9900618221201929,0.9975294540136639,0.9812680003415698,-0.00015381985298549075,18.0,2,Red Bull Racing,-0.0009362074810664867,0.0,1.0,1.0
2023,22,Yas Island,ZHO,1.0037121615522007,0.010076518644266922,0.9833460758567962,1.0051945090763994,1.004114202361742,1.0062422282873673,0.000337814624192868,17.666666666666668,2,Alfa Romeo,-0.003695329868441455,2.0,19.0,17.0
2024,1,Sakhir,ALB,1.0065746652643355,0.011287924861869048,0.9878789442452076,1.0055338479742197,1.0078859630789208,1.0061389175853288,0.0004106299689396859,17.0,2,Williams,-0.00015520114493350334,-2.0,13.0,15.0
2024,1,Sakhir,ALO,1.0013604144040555,0.015859979342986597,0.9721509842875202,1.0004720313642765,1.0004733068182863,1.0019806719592539,-7.084795426128819e-05,17.666666666666668,2,Aston Martin,-0.0004904390200901609,-3.0,6.0,9.0
2024,1,Sakhir,BOT,1.0084826851094417,0.010048432613223886,0.9928223122371576,1.006013232535754,1.0092280563669862,1.0108942494796678,0.0006153762239559402,17.0,2,Kick Sauber,0.0016107580832585011,-3.0,16.0,19.0
2024,1,Sakhir,GAS,1.0042010519215814,0.01399102677008125,0.9784050156092778,1.005101710822095,1.0012569428327462,1.0087467218482646,0.000569778245919493,12.25,3,Alpine,-0.002611801448048956,2.0,20.0,18.0
2024,1,Sakhir,HAM,0.9958461260610438,0.01170219337946336,0.9775484403622384,0.9950166174941416,0.9979666157520781,0.9937058106526216,0.00011706320126190553,17.333333333333332,2,Mercedes,-0.00016044964845662868,2.0,9.0,7.0
2024,1,Sakhir,HUL,0.999558089733997,0.011012368290832394,0.9787043009365566,0.9961367311299398,1.0010713818877521,1.0018445565486782,0.00044308728939650957,16.666666666666668,2,Haas F1 Team,-0.00314971197075542,-6.0,10.0,16.0
2024,1,Sakhir,LEC,0.9949091312693289,0.011786377993063655,0.9710260842642998,0.9969003895658057,0.9933317773175497,0.9938447113688991,0.00037275857336724035,17.666666666666668,2,Ferrari,0.0011140930384031522,-2.0,2.0,4.0
2024,1,Sakhir,MAG,1.005857513675508,0.010985667746538669,0.9862999561392192,1.001535806095286,1.0066202945475364,1.010634852814967,0.0005989266475804137,17.0,2,Haas F1 Team,0.003149711970755531,3.0,15.0,12.0
2024,1,Sakhir,NOR,0.9955212387395878,0.010383489119674393,0.975009675172218,0.9957324384431299,0.993827634464332,0.998752111347092,0.0004379141239095252,17.333333333333332,2,McLaren,-0.0003826406571576513,1.0,7.0,6.0
2024,1,Sakhir,OCO,1.0094246548176793,0.00964531812783511,0.9930699966459402,1.0120454882683945,1.0075947101952256,1.009783604899478,0.0006825593217942273,17.0,2,Alpine,0.002611801448048956,2.0,19.0,17.0
2024,1,Sakhir,PER,0.9919302978687357,0.01205662355908176,0.9738538145978998,0.9928523630176175,0.9900376874197471,0.9923099374439421,0.00011225402653261747,17.666666666666668,2,Red Bull Racing,0.002220981420261614,3.0,5.0,2.0
2024,1,Sakhir,PIA,0.996286520053903,0.010729238179589791,0.9780850899146004,0.99818836974422,0.9933481963712615,0.9995217768646274,0.00030559185402973796,17.333333333333332,2,McLaren,0.00038264065715754025,0.0,8.0,8.0
2024,1,Sakhir,RIC,1.0054815352183857,0.01300178337458758,0.9820996413736164,0.999181368427327,1.0072228385133242,1.0110961848578839,0.000599767739433776,17.0,2,RB,-0.00029341698752816114,1.0,14.0,13.0
2024,1,Sakhir,RUS,0.9961670253579571,0.009861179529640555,0.981088263371088,0.997136716204047,0.997685034154995,0.9907040726012047,0.00017160742072522923,17.666666666666668,2,Mercedes,0.00016044964845662868,-2.0,3.0,5.0
2024,1,Sakhir,SAI,0.9926809451925225,0.01261624551986177,0.9753296008668954,0.993123516739389,0.993405318121149,0.9887569713531248,-5.5500372031270605e-05,17.666666666666668,2,Ferrari,-0.0011140930384032632,1.0,4.0,3.0
2024,1,Sakhir,SAR,1.0068850675542025,0.017370856737401765,0.9776826027503288,1.0067191912985363,1.0063158770334986,1.0086293513072238,0.0006934686538437047,12.0,3,Williams,0.00015520114493350334,-2.0,18.0,20.0
2024,1,Sakhir,STR,1.002341292444236,0.009553544124438826,0.986939807528574,1.0006281313279566,1.005168242093842,1.0001038565395002,0.0008789747457215018,17.333333333333332,2,Aston Martin,0.000490439020090383,2.0,12.0,10.0
2024,1,Sakhir,TSU,1.006068369193442,0.0094455254235174,0.9890141644521272,1.0042364659465755,1.0067521738532736,1.0077617884907506,0.00037166502331848665,17.0,2,RB,0.00029341698752816114,-3.0,11.0,14.0
2024,1,Sakhir,VER,0.9874883350282123,0.01114367707882474,0.955731572021982,0.9904729269178529,0.9837781991426668,0.989275145153831,0.0003906460226426483,17.666666666666668,2,Red Bull Racing,-0.002220981420261725,0.0,1.0,1.0
2024,1,Sakhir,ZHO,1.0052611689429247,0.009033812823034958,0.985144095564901,1.0045262526458094,1.006137513767524,1.0051949107359435,0.0008610466718868018,17.0,2,Kick Sauber,-0.0016107580832585011,6.0,17.0,11.0
2024,2,Jeddah,ALB,1.0085608148478775,0.014674404731137222,0.9809666517885608,1.01752124474069,1.0044909177730403,1.0026745613887535,-0.002398344375073087,22.5,1,Williams,-0.0019179177264365688,1.0,12.0,11.0
2024,2,Jeddah,ALO,0.9975767680865083,0.013127702576870773,0.9818168292631086,0.99476227237183,0.9959507436476572,1.0004935394292906,-0.003976112679026972,23.5,1,Aston Martin,0.0,-1.0,4.0,5.0
2024,2,Jeddah,BEA,0.9992953692126708,0.015041853861122582,0.9796807583583074,0.9990219077670267,1.0011468750413801,0.9983295875821951,-0.0018439816210588762,23.0,1,Ferrari,0.00310480920662759,4.0,11.0,7.0
2024,2,Jeddah,BOT,1.0112542243193268,0.01633799822816187,0.985206911942868,1.0134787926547968,1.0132934023665303,1.007183428132477,-0.0020242291542286873,14.0,2,Kick Sauber,0.000896887806725033,-1.0,16.0,17.0
2024,2,Jeddah,HAM,0.9959061056268222,0.011812181412008174,0.9750047822482945,1.000193279110707,0.9923252866385078,0.9949987689983316,2.034680633039457e-05,22.0,1,Mercedes,-0.0009322443836832228,-1.0,8.0,9.0
2024,2,Jeddah,HUL,1.0034910412548617,0.015852203945202904,0.98159365767604,1.003645531334723,1.003804670507997,1.0035553774893378,-0.0006913701472215662,22.0,1,Haas F1 Team,-0.0028657680660404417,5.0,15.0,10.0
2024,2,Jeddah,LEC,0.9930857507994157,0.010823555853180485,0.9737932793470636,0.9884827453537496,0.9959039439209677,0.9942396540141862,-0.0019920026663579676,23.5,1,Ferrari,-0.003104809206627479,-1.0,2.0,3.0
2024,2,Jeddah,MAG,1.0092225773869428,0.01629449458316527,0.981296095559948,1.0184869425311478,1.006479586507041,1.0016616361704258,-0.00221360979357052,23.0,1,Haas F1 Team,0.0028657680660406637,1.0,13.0,12.0
2024,2,Jeddah,NOR,0.994782518805346,0.010517521352787898,0.9771089714978002,0.9863561925059944,0.9971843746250705,1.0028137180990888,1.8906341778851624e-05,22.0,1,McLaren,-0.0009335970281282302,-2.0,6.0,8.0
2024,2,Jeddah,OCO,1.0131444522377382,0.014154768901661887,0.99344300622755,1.0237762327057278,1.0095751600810654,1.0048059868309158,-0.002682265569044456,22.5,1,Alpine,0.0,4.0,17.0,13.0
2024,2,Jeddah,PER,0.9906005644635764,0.010117457474107517,0.980605326361878,0.9863029612585537,0.9932608393566983,0.9912039749429423,-0.0029936050435371586,23.5,1,Red Bull Racing,0.0012164773439008458,1.0,3.0,2.0
2024,2,Jeddah,PIA,0.9966497128616024,0.012494715890597094,0.9809985334438563,0.9959864491129713,0.9945438718637882,0.9973018174347902,-0.003822646572855353,23.5,1,McLaren,0.0009335970281282302,1.0,5.0,4.0
2024,2,Jeddah,RIC,1.013219765439989,0.01146624337773651,0.991763905715318,1.0199878662994486,1.0148698387415371,1.004216629692756,-0.0032603274528632065,21.5,1,RB,0.0002934183247185196,-2.0,14.0,16.0
2024,2,Jeddah,RUS,0.9977705943941887,0.01188325491188309,0.980403409211673,1.0025264259785296,0.9924757935065834,0.9980194935081367,-0.0005065295185248223,23.0,1,Mercedes,0.0009322443836832228,1.0,7.0,6.0
2024,2,Jeddah,SAR,1.0123966503007504,0.012141084181918328,0.9886076218410592,1.0201708953001833,1.0123007681635139,1.0039506742983673,-0.0030732334529691248,22.0,1,Williams,0.0019179177264363467,5.0,19.0,14.0
2024,2,Jeddah,TSU,1.0126329287905518,0.01307698756206769,0.9938893494016876,1.0266978234914796,1.0082185600036098,1.001114307127865,-0.001114612277798923,22.5,1,RB,-0.00029341832471874163,-6.0,9.0,15.0
2024,2,Jeddah,VER,0.9881676097757748,0.007581828344080088,0.9752917171459542,0.9816623320816752,0.9897746197162209,0.9934472709130625,-0.0017036810462929693,23.5,1,Red Bull Racing,-0.0012164773439007348,0.0,1.0,1.0
2024,2,Jeddah,ZHO,1.0094604487058767,0.015059976394292395,0.979914557163808,1.0126521890772642,1.007837455624608,1.0078969388262053,-0.0008821686904679248,21.5,1,Kick Sauber,-0.000896887806725033,2.0,20.0,18.0
2024,3,Melbourne,ALB,1.0043710316859848,0.009305137015322205,0.988021668734679,1.0081792541523034,1.002306843267108,1.005817845169797,-0.000894357456360218,16.666666666666668,2,Williams,0.0,1.0,12.0,11.0
2024,3,Melbourne,ALO,0.9978728845894803,0.01223745783444431,0.9744030505704688,0.9993957679175294,1.0031868155650783,0.9973879495830539,-0.00031172457682578054,17.0,2,Aston Martin,-0.0010783263400689913,2.0,10.0,8.0
2024,3,Melbourne,BOT,1.0024672396574161,0.011779464156741836,0.9856490028145144,1.0051635386561741,1.0120493009565859,0.9988830988483821,-0.00041523288057497505,16.0,2,Kick Sauber,-0.000967284743997654,-1.0,13.0,14.0
2024,3,Melbourne,GAS,1.0065238628453832,0.01438921181610799,0.9816299972762764,1.0088227305964692,1.0021721854304635,1.0103569875580367,1.1008799820236368e-06,16.666666666666668,2,Alpine,0.0015087865306822046,4.0,17.0,13.0
2024,3,Melbourne,HUL,1.0031076559183427,0.012160191476938155,0.9822957963865264,1.0083179202946195,0.9956932000173139,1.0061402575085105,0.00033576926502637544,17.0,2,Haas F1 Team,-0.0001405702492238703,7.0,16.0,9.0
2024,3,Melbourne,LEC,0.9864850043882215,0.0110403032016169,0.9661713524801016,0.9888387478672657,0.9931456953642386,0.9846067526055182,-0.00020048729812376987,16.666666666666668,2,Ferrari,-0.0006070039272835226,2.0,4.0,2.0
2024,3,Melbourne,MAG,1.0033887964167902,0.011918061543226211,0.9815331537693308,1.003949301855914,0.9982947019867551,1.0089890729545103,0.00015040936350946832,16.666666666666668,2,Haas F1 Team,0.00014057024922364825,4.0,14.0,10.0
2024,3,Melbourne,NOR,0.9872224676936113,0.011705120382044274,0.9674061071936568,0.9894439221421358,0.9934768211920532,0.9856599009692668,-9.897292838197652e-05,16.666666666666668,2,McLaren,-0.0014927957201099629,0.0,3.0,3.0
2024,3,Melbourne,OCO,1.0035062897840188,0.00997465740529489,0.9848258330054775,1.0050590781944588,0.9993952354672554,1.0078077877993015,-0.0004130786889550458,12.0,3,Alpine,-0.0015087865306822046,-1.0,15.0,16.0
2024,3,Melbourne,PER,0.9929200133159823,0.012204995385652501,0.9731319795418092,0.997676799331453,0.9877792494481238,0.9951270146301777,-1.4044842743048507e-05,16.666666666666668,2,Red Bull Racing,0.0,1.0,6.0,5.0
2024,3,Melbourne,PIA,0.9902080591338313,0.012659714181972535,0.9708440516902218,0.992969171372717,0.9913073838807047,0.990841503593063,-9.212327507881031e-05,16.333333333333332,2,McLaren,0.0014927957201099629,1.0,5.0,4.0
2024,3,Melbourne,RIC,1.0034176073601067,0.012247937113221457,0.9834337075931362,1.0065677774295763,1.00428587196468,1.0039006326184232,-0.0014885613094753562,16.666666666666668,2,RB,0.0014216626819598677,6.0,18.0,12.0
2024,3,Melbourne,RUS,0.9982897436673425,0.014083856672068209,0.9718730139515178,0.997992269925833,1.0000596026490067,1.0010744694281186,-0.0004551946536086901,16.666666666666668,2,Mercedes,0.0,-10.0,7.0,17.0
2024,3,Melbourne,SAI,0.9876990122427887,0.014871693044960846,0.9688103380443664,0.9867512728131749,1.0015983188996436,0.9816057264753453,-0.0005981215528985295,17.333333333333332,2,Ferrari,0.0006070039272836336,1.0,2.0,1.0
2024,3,Melbourne,STR,1.0000295372696184,0.01256663128743429,0.9796931271373666,1.0001629583202758,1.0040408388520972,1.0013336886844062,-0.0006731220685486888,16.666666666666668,2,Aston Martin,0.0010783263400691023,3.0,9.0,6.0
2024,3,Melbourne,TSU,1.0005742819961867,0.01036138632175424,0.9821626365644766,1.0025272467704307,1.0019403973509933,1.001758987810523,-0.0003915457624845309,16.666666666666668,2,RB,-0.0014216626819600897,1.0,8.0,7.0
2024,3,Melbourne,ZHO,1.0044018091454117,0.010157895200635545,0.9844989861695366,1.0066769421651456,1.009903365319638,1.0032379505785285,-0.0005639990765500246,16.333333333333332,2,Kick Sauber,0.000967284743997876,4.0,19.0,15.0
2024,4,Suzuka,ALO,0.9947953731195069,0.011321359090416145,0.972371493828111,0.9947701216438737,0.9941264143523102,1.0004344921727515,0.0007601683267422793,15.333333333333334,2,Aston Martin,-0.00413055946356633,-1.0,5.0,6.0
2024,4,Suzuka,BOT,1.007680915190346,0.009995208651615038,0.991690404701414,1.0062469945148416,1.010906390633302,1.00699413642099,0.00087257265023067,15.0,2,Kick Sauber,0.0,-1.0,13.0,14.0
2024,4,Suzuka,GAS,1.0159142066078706,0.016236442886964565,0.9920394179690508,1.0201378936298695,1.015134975962308,1.0138938617976698,0.0008581599595858577,15.0,2,Alpine,0.0011519718964478898,1.0,17.0,16.0
2024,4,Suzuka,HAM,0.9957852854310392,0.01901847485872718,0.9644263094413222,0.9941525554961228,0.998202454341188,0.9972989457175221,0.001025542537185994,15.333333333333334,2,Mercedes,0.0003551500098745164,-2.0,7.0,9.0
2024,4,Suzuka,HUL,1.0051176066358145,0.016569348955512788,0.9785202863961816,1.0125491717079984,1.0028246048664324,1.0005231203147031,0.0003798660324556149,15.0,2,Haas F1 Team,-0.0034903413757205737,1.0,12.0,11.0
2024,4,Suzuka,LEC,0.9948751507685992,0.012482729641976782,0.975635794390125,0.9961356358700022,0.995192621612798,0.9958060565575596,-0.0003457106558794619,24.0,1,Ferrari,0.0024470538616286897,4.0,8.0,4.0
2024,4,Suzuka,MAG,1.0120982893872559,0.011310403563477504,0.9921625991223344,1.0204614352078705,1.011327332525108,1.0022484685683424,-5.204429348918451e-05,23.5,1,Haas F1 Team,0.0034903413757207957,5.0,18.0,13.0
2024,4,Suzuka,NOR,0.9913938326856282,0.00962041906515684,0.9770934380373136,0.9884093754068008,0.9937752216246547,0.9955179925067528,0.0010414865822775154,15.333333333333334,2,McLaren,-0.0016956376688859187,-2.0,3.0,5.0
2024,4,Suzuka,OCO,1.0136102628149748,0.015715637417956563,0.9878307285651964,1.0169335143325182,1.0130516666346592,1.012764491946857,0.00019224044396808285,15.0,2,Alpine,-0.0011519718964478898,0.0,15.0,15.0
2024,4,Suzuka,PER,0.9886258272049592,0.01322265065990123,0.9643544537685734,0.9836058089468738,0.9921580317175629,0.993903168656153,0.0007064197288123331,15.333333333333334,2,Red Bull Racing,0.0014433617743440097,0.0,2.0,2.0
2024,4,Suzuka,PIA,0.9947851080233999,0.01205640997593441,0.9731516411322404,0.9920888604269659,0.9966884680031363,0.9994888327379396,0.0010769272539806133,15.333333333333334,2,McLaren,0.0016956376688858077,-2.0,6.0,8.0
2024,4,Suzuka,RUS,0.9950749854112901,0.01680617282662935,0.9690661328816692,0.9942864334722086,0.9956409016785609,0.999289012808225,0.0007104010260360494,15.333333333333334,2,Mercedes,-0.0003551500098745164,2.0,9.0,7.0
2024,4,Suzuka,SAI,0.9899810430453418,0.014066268638910372,0.9632868837734494,0.9892774229291637,0.9922442016878293,0.9900787081409197,0.0005289677825262252,15.333333333333334,2,Ferrari,-0.0024470538616286897,1.0,4.0,3.0
2024,4,Suzuka,SAR,1.0053551574051032,0.019200660783856058,0.9741576205507224,1.0054380054508754,1.0069256958187232,1.005640428143108,0.0006502476362946546,10.75,3,Williams,0.0,2.0,19.0,17.0
2024,4,Suzuka,STR,1.0030564920466396,0.013125712823933424,0.9833756768547748,1.0031544325568855,1.00168097852083,1.0101356200773641,0.0012569389628484858,10.75,3,Aston Martin,0.00413055946356633,4.0,16.0,12.0
2024,4,Suzuka,TSU,1.0051148692768526,0.010633120521551373,0.988959889136962,1.0075915598881842,1.00437223534533,1.0062554739107847,7.300652525655647e-05,15.0,2,RB,0.0,0.0,10.0,10.0
2024,4,Suzuka,VER,0.985739103656271,0.012133639482942441,0.9619010957990096,0.9831819648474684,0.987179210993685,0.9912183787865586,0.0006950590351143364,15.333333333333334,2,Red Bull Racing,-0.0014433617743441207,0.0,1.0,1.0
2024,5,Shanghai,ALB,1.0070556821478567,0.008285162925359479,0.9936118614325992,1.0060885738967928,1.0103597263592028,1.0064744433869195,0.0006903119751362107,14.0,2,Williams,-0.0024017720418476607,2.0,14.0,12.0
2024,5,Shanghai,ALO,0.9940042674150594,0.013119550773222566,0.9642343106133796,0.9920890410958906,0.9952051387883197,0.9942457989880619,0.0009708428922628745,10.25,3,Aston Martin,-0.002637177990256201,-4.0,3.0,7.0
2024,5,Shanghai,GAS,1.0008717147420099,0.012400530324926412,0.9779175456929357,0.9993243243243242,1.000747929691336,1.0030305968787077,0.0002281203644532744,10.0,3,Alpine,-0.002040320899747483,2.0,15.0,13.0
2024,5,Shanghai,HAM,1.004438554538123,0.009281912521758093,0.9940554821664463,1.0043237954196857,1.0070335161657868,1.0038233875278686,0.0008374606240297553,14.0,2,Mercedes,0.0029216194489793956,9.0,18.0,9.0
2024,5,Shanghai,HUL,1.0041036091480697,0.007741837976609226,0.9938583173958476,1.000905308439555,1.01049221364432,1.0027439514639478,0.0009667935461030662,14.0,2,Haas F1 Team,-0.0035710295474882248,-1.0,9.0,10.0
2024,5,Shanghai,LEC,0.9954766368708874,0.01085307110161577,0.9797511780595044,0.9973132846420518,0.9983648801854426,0.993444414944369,0.00015823430726077893,22.0,1,Ferrari,-0.0011033385372885007,2.0,6.0,4.0
2024,5,Shanghai,MAG,1.011245668243046,0.011463558292706622,0.9964411758906918,1.0084492515999364,1.016593642792458,1.0103717127993845,0.00022256679714929985,14.0,2,Haas F1 Team,0.0035710295474880027,1.0,17.0,16.0
2024,5,Shanghai,NOR,0.9930427124614709,0.012754702389180332,0.9735109130700528,0.9941780821917807,0.9933379158347245,0.9919397036901829,0.000212594880984487,22.5,1,McLaren,-0.004871062646278235,2.0,4.0,2.0
2024,5,Shanghai,OCO,1.0049523565415046,0.007413599309040251,0.9950610224965004,1.004377567391266,1.00395669380318,1.0071241693720474,0.000977551391301669,14.0,2,Alpine,0.002040320899747261,2.0,13.0,11.0
2024,5,Shanghai,PER,0.9909560978249058,0.009860343541317587,0.979790611013624,0.9900839195359743,0.9920346686782985,0.9905645960636823,4.995307012303351e-05,14.333333333333334,2,Red Bull Racing,0.003460757562071426,-1.0,2.0,3.0
2024,5,Shanghai,PIA,1.0027848377540274,0.009645946278786373,0.9832508527376328,1.005229103859241,1.0021869645343318,1.0013249467792702,0.0013718464740763872,14.333333333333334,2,McLaren,0.004871062646278235,-3.0,5.0,8.0
2024,5,Shanghai,RUS,0.9985953156401642,0.011301061682527385,0.9869279757093002,0.9988161351175051,0.9971873184983097,0.9987848906189309,0.0003579514045019887,14.333333333333334,2,Mercedes,-0.0029216194489792846,2.0,8.0,6.0
2024,5,Shanghai,SAI,0.9976833139454643,0.011079049395194706,0.9834973087008811,0.9998854039949928,0.9984124905895063,0.9969333585400939,0.0003031621484828457,21.0,1,Ferrari,0.0011033385372883897,2.0,7.0,5.0
2024,5,Shanghai,SAR,1.011859226231552,0.008110543531023315,0.9956820915238864,1.0113150332328413,1.014620361581181,1.0114011699413727,0.000951057109893062,14.0,2,Williams,0.0024017720418476607,3.0,20.0,17.0
2024,5,Shanghai,STR,0.9992786233955717,0.010705460916272065,0.9803426723713008,0.9992012217697148,0.9980336159209191,1.0013113762891301,0.0027227242193462297,10.0,3,Aston Martin,0.00263717799025609,-4.0,11.0,15.0
2024,5,Shanghai,VER,0.984034582700763,0.00889871032575624,0.9701098207772236,0.9866078885511829,0.9797201996066193,0.9855530296116221,0.0008272294816784948,14.666666666666666,2,Red Bull Racing,-0.003460757562071315,0.0,1.0,1.0
2024,5,Shanghai,ZHO,1.0033379995662375,0.0146343085225896,0.9723476409235198,1.0063272861902999,1.0032813983175672,1.0026569772748013,0.00045960409655474707,10.0,3,Kick Sauber,0.0,2.0,16.0,14.0
2024,6,Miami,ALB,1.00474949610083,0.009260625910879344,0.9769024807251848,1.016135437129037,0.9992933592685516,0.9994404599710376,0.00047536855201328073,15.0,2,Williams,0.0,-4.0,14.0,18.0
2024,6,Miami,ALO,1.0040236101537618,0.011342468872637302,0.9863436454939408,1.0020490928771228,1.0066477694734193,1.003921256942663,-0.0003006348667769825,24.5,1,Aston Martin,0.0006252355261358034,6.0,15.0,9.0
2024,6,Miami,BOT,1.005778188185282,0.009678295228823786,0.990333021495317,1.0070225534925965,1.0074998355556808,1.0029947816251512,-0.00019998838009347146,16.0,2,Kick Sauber,-0.0003839981049786889,0.0,16.0,16.0
2024,6,Miami,GAS,1.0035603985395092,0.008070791760351687,0.989870640988419,1.0049001829563424,1.003640167439305,1.0029042627028675,5.011331467496031e-05,23.5,1,Alpine,-6.076421974121615e-05,0.0,12.0,12.0
2024,6,Miami,HAM,0.9972837385435372,0.012581912102674113,0.9810316461821348,0.9924309031958259,0.9998414286922449,1.0007679751163208,-0.0005846055412754147,24.0,1,Mercedes,-0.0019603006907032983,2.0,8.0,6.0
2024,6,Miami,HUL,1.0026093269080516,0.009728490224883916,0.9886447949933868,1.0056551980768687,1.0051756475257478,0.9964746845101065,0.0006854218297432029,15.666666666666666,2,Haas F1 Team,-0.0008258639077303176,-2.0,9.0,11.0
2024,6,Miami,LEC,0.9926690634962331,0.010112440655738549,0.979429443960558,0.9840188887480726,0.9945540644019568,0.9991493319777205,-0.0005660242225578491,24.5,1,Ferrari,-0.0005732179642398139,-1.0,2.0,3.0
2024,6,Miami,MAG,1.004261054723512,0.012454589938978161,0.9868490381410152,1.008945140694894,1.0024053936969595,1.0021829353319178,0.0005519517132795164,16.333333333333332,2,Haas F1 Team,0.0008258639077300955,-1.0,18.0,19.0
2024,6,Miami,NOR,0.9906753981311225,0.011102222435155028,0.9783111283159672,0.9830194537735251,0.9933989231246301,0.9973370864502197,-0.00034805239301800476,25.0,1,McLaren,-0.0023276602112612954,4.0,5.0,1.0
2024,6,Miami,OCO,1.0036819269789918,0.009905393200482622,0.9896770863576244,1.0035899538194342,1.0048291974867922,1.0033082408563023,-0.000358550525375839,24.5,1,Alpine,6.07642197414382e-05,3.0,13.0,10.0
2024,6,Miami,PER,0.9938060230265948,0.009741249758615551,0.9769669989354496,0.9918155012693689,0.9943781035741298,0.9965189868225233,-0.0004929394611664382,15.666666666666666,2,Red Bull Racing,0.00096894912418799,0.0,4.0,4.0
2024,6,Miami,PIA,0.9953307185536451,0.010799112425969091,0.9745905781906944,0.9909917258432238,0.9954049558819383,0.9985146590061952,-4.370515306594476e-05,16.0,2,McLaren,0.0023276602112612954,-7.0,6.0,13.0
2024,6,Miami,RIC,1.0073103082324577,0.00990666949374935,0.9905910943363764,1.0136129859078795,1.0049126182201238,1.004007031979137,-0.0005194763831566407,24.5,1,RB,0.0033195058080652817,5.0,20.0,15.0
2024,6,Miami,RUS,1.0012043399249437,0.00954966170621018,0.988429734292504,0.997759897102225,1.003928669752422,1.0027508454357952,-0.0002327657749569312,23.5,1,Mercedes,0.0019603006907031872,-1.0,7.0,8.0
2024,6,Miami,SAI,0.9938154994247127,0.011768132318251778,0.9777519704936718,0.9878004937479714,0.9943500690666142,0.9979262743888333,-0.0006259006751078212,25.0,1,Ferrari,0.0005732179642398139,-2.0,3.0,5.0
2024,6,Miami,STR,1.0027731391014902,0.009007211214071574,0.984848973622805,1.0096062191674071,1.0038560943264612,0.9940585676570148,-0.00025838540083069825,15.666666666666666,2,Aston Martin,-0.0006252355261358034,-6.0,11.0,17.0
2024,6,Miami,TSU,1.0006712966163271,0.011495522755343114,0.9858597589169544,0.9978170597812662,1.0014285081438772,1.0041895990292469,-0.0004718984534624992,24.5,1,RB,-0.0033195058080652817,3.0,10.0,7.0
2024,6,Miami,VER,0.9918681247782187,0.00874518348874489,0.9813327311633708,0.9860895755552078,0.9908025822456515,0.9998758386673863,-0.0003019007135849098,25.0,1,Red Bull Racing,-0.000968949124188101,-1.0,1.0,2.0
2024,6,Miami,ZHO,1.0065461843952395,0.008987567852656234,0.989182446745594,1.009668045660695,1.0077276364835113,1.0022175601172836,-0.0004198897357825973,24.5,1,Kick Sauber,0.0003839981049786889,5.0,19.0,14.0
2024,7,Imola,ALB,1.0013190075346963,0.009269560633623325,0.9915090886909844,0.9993333112636373,1.0041826077534113,1.0011971462528109,-0.005421491098873092,10.5,3,Williams,-0.0045687422011024825,-6.0,14.0,20.0
2024,7,Imola,ALO,1.0038941076003416,0.013285411862147378,0.9638160302549714,1.0037315843433565,1.004628677816145,1.0042699423838912,-0.0004745069244284964,13.75,3,Aston Martin,0.0013974624862755913,1.0,20.0,19.0
2024,7,Imola,BOT,1.0124044968911736,0.012117356913598904,0.9937172136147372,1.0163364379286057,1.0125731679458385,1.0095197925107018,-0.0007925276572342763,29.5,1,Kick Sauber,0.0013869274207389815,-2.0,16.0,18.0
2024,7,Imola,GAS,1.0056563269831282,0.00824466683751786,0.9926924484567524,1.0066904090134188,1.0031550081224414,1.0082696007281537,-0.00012002270312333745,19.0,2,Alpine,-0.002297109706774325,-1.0,15.0,16.0
2024,7,Imola,HAM,0.9919457924871232,0.007271169396773897,0.9800048798340856,0.9911876451596856,0.9949143642065227,0.9905492719251836,0.00010101711200203998,29.5,1,Mercedes,0.0011531976995190485,2.0,8.0,6.0
2024,7,Imola,HUL,1.007281704964404,0.006770922934881403,0.9967061119921924,1.0088522860277502,1.0065013780643017,1.0076026377681333,0.00041379204138125103,29.5,1,Haas F1 Team,0.0005501185841036982,-1.0,10.0,11.0
2024,7,Imola,LEC,0.9883941945973838,0.008325981023193816,0.975173844089301,0.9891678253257119,0.9891825660773673,0.9858467440354135,9.488804659178779e-05,30.5,1,Ferrari,-0.0014959491377292133,0.0,3.0,3.0
2024,7,Imola,MAG,1.0061814677961967,0.010607403634289282,0.9882761986092472,1.0048081077330344,1.010403866293645,1.0040754183639868,-2.3892213849113664e-05,29.5,1,Haas F1 Team,-0.0005501185841036982,6.0,18.0,12.0
2024,7,Imola,NOR,0.987001841937374,0.007329976582684332,0.975893619616933,0.9823819455172769,0.9903871813781051,0.9869584873610768,2.247845139504119e-05,30.5,1,McLaren,-0.0014722499435020353,0.0,2.0,2.0
2024,7,Imola,OCO,1.0102505463966769,0.009043972824159158,0.9918750762474076,1.0105496887985819,1.0111289446905214,1.010048258774575,0.00039196701440576186,29.5,1,Alpine,0.002297109706774325,-2.0,12.0,14.0
2024,7,Imola,PER,0.9952138339160874,0.012884634062673879,0.9721361473709896,0.9988138473502712,0.9910884186230038,0.9970875774045833,7.770444575790276e-05,29.5,1,Red Bull Racing,0.0040798968767263855,3.0,11.0,8.0
2024,7,Imola,PIA,0.989946341824378,0.009633329087291791,0.974832255703306,0.9834453370410424,0.9934489358466311,0.9908722532961638,-1.8866748600431066e-05,30.5,1,McLaren,0.0014722499435020353,1.0,5.0,4.0
2024,7,Imola,RIC,1.007333398122091,0.009132007411371199,0.9951079663291448,1.007198742102135,1.0088184248235514,1.0069064435885389,0.00010797050307252118,29.5,1,RB,0.0007450017885834992,-4.0,9.0,13.0
2024,7,Imola,RUS,0.9896393970880851,0.008920806351518146,0.9587532023911188,0.9924587277657324,0.9860342715041919,0.9917023588184078,0.00102178620651694,19.333333333333332,2,Mercedes,-0.0011531976995190485,-1.0,6.0,7.0
2024,7,Imola,SAI,0.9913860928728422,0.008647613051887292,0.9786507258753202,0.9920541737473607,0.993416797467955,0.987409983979922,2.776931570105605e-05,30.5,1,Ferrari,0.0014959491377292133,-1.0,4.0,5.0
2024,7,Imola,SAR,1.0104564919369012,0.010925006618280352,0.99096010735635,1.0101543045820056,1.0133498681271083,1.0087267847915178,0.000335502745139308,29.5,1,Williams,0.0045687422011024825,2.0,19.0,17.0
2024,7,Imola,STR,1.0010991826277906,0.011140262613800248,0.982920580700256,1.0018596477676502,0.9988068148666784,1.0037485750321375,0.00021345851616610647,30.0,1,Aston Martin,-0.0013974624862753693,4.0,13.0,9.0
2024,7,Imola,TSU,1.0058433945449243,0.008707312103119437,0.987385628888618,1.0062744333044433,1.0048488876098818,1.0074589590756218,0.0003042580513301512,29.5,1,RB,-0.0007450017885832771,-3.0,7.0,10.0
2024,7,Imola,VER,0.9870540401626345,0.005304191803799727,0.9804318653165792,0.9883129924300943,0.9858028712197948,0.9867407908407619,0.0001921045560525196,30.5,1,Red Bull Racing,-0.0040798968767264965,0.0,1.0,1.0
2024,7,Imola,ZHO,1.0096306420496957,0.009751145564780782,0.988361595705746,1.0103369406688016,1.0114309617969128,1.0080860888193313,0.0003220167641001862,29.5,1,Kick Sauber,-0.0013869274207389815,2.0,17.0,15.0
2024,8,Monaco,ALB,1.007747375812022,0.018839979670299732,0.969942603967375,1.0139860410711656,1.0080249636515073,1.000977370504763,-0.0006089798208154595,74.0,0,Williams,-0.0012715856079963395,0.0,9.0,9.0
2024,8,Monaco,ALO,1.0125456402602617,0.01825126433153738,0.9810064444668212,1.0102389636836453,1.0141682197076114,1.0118311328989367,-0.0006656416904681301,73.0,0,Aston Martin,0.003923639771161058,3.0,14.0,11.0
2024,8,Monaco,BOT,1.0094798475679372,0.02136885958597594,0.9636617661866884,1.00809115705026,1.0120057832229068,1.0062795772992053,-0.001737730253879704,35.5,1,Kick Sauber,-0.003683780763323208,4.0,17.0,13.0
2024,8,Monaco,GAS,1.0086850960818838,0.018999653445716445,0.951880475279428,1.0066767111049137,1.0067444229368419,1.013919586174465,-0.0006714335206892757,74.0,0,Alpine,0.0,0.0,10.0,10.0
2024,8,Monaco,HAM,0.9848566409596078,0.02930882247064119,0.933503675359984,0.9911326006980842,0.9816359956402082,0.9841813514392741,-0.0007419015097051343,36.5,1,Mercedes,-0.002169685365793983,0.0,7.0,7.0
2024,8,Monaco,LEC,0.9873003659460807,0.02137906019150126,0.9460527640720976,0.9815742961588549,0.9893968956806276,0.9891253233011991,-0.0008506450833375023,76.0,0,Ferrari,-0.0005288960935719844,0.0,1.0,1.0
2024,8,Monaco,NOR,0.9884810455299465,0.021291810736346242,0.9533531366428356,0.9827936673153218,0.9922716971748601,0.9872999863873178,-0.0008495192356996705,76.0,0,McLaren,5.473623263696492e-05,0.0,4.0,4.0
2024,8,Monaco,PIA,0.9883715730646726,0.020003322835523064,0.9601374483939182,0.9807031371779982,0.9923486976326245,0.9888140878884256,-0.0008045667188357015,76.0,0,McLaren,-5.473623263696492e-05,0.0,2.0,2.0
2024,8,Monaco,RIC,1.012542536653595,0.01952103434906953,0.9713523310844828,1.0121281365701207,1.0118813148213794,1.0139659676167347,-0.0006727572291263131,73.0,0,RB,0.003597413321857923,0.0,12.0,12.0
2024,8,Monaco,RUS,0.9891960116911956,0.026530813521738385,0.9468834961232504,0.9975034318384095,0.9863748043199376,0.9858205353496601,-0.001106194429877847,76.0,0,Mercedes,0.002169685365793872,0.0,5.0,5.0
2024,8,Monaco,SAI,0.9883581581332246,0.022145678436270837,0.940564897794784,0.9832311324312502,0.9918058090840759,0.9872263541524868,-0.0008394494121537038,76.0,0,Ferrari,0.0005288960935718734,0.0,3.0,3.0
2024,8,Monaco,SAR,1.0102905470280146,0.027878426222455472,0.9506217903534387,1.0070772393989427,1.0099391581962516,1.013926871835291,0.00013076259132113768,35.5,1,Williams,0.0012715856079963395,0.0,15.0,15.0
2024,8,Monaco,STR,1.0046983607179394,0.021156494939436086,0.9655372067264124,0.9999383846817397,1.005235007321852,1.0083024088708057,-0.001050469656813965,23.0,2,Aston Martin,-0.00392363977116128,-1.0,13.0,14.0
2024,8,Monaco,TSU,1.005347710009879,0.023951748175670317,0.9404893766992248,1.003805396109781,1.0049828632455067,1.0073633238222939,-0.0007689242369908828,74.0,0,RB,-0.003597413321857923,0.0,8.0,8.0
2024,8,Monaco,VER,0.9866033400735346,0.029959183099336057,0.9385887624609808,0.9859448872776474,0.9887359575832677,0.983376440159887,-0.000548811030806442,37.0,1,Red Bull Racing,0.0,0.0,6.0,6.0
2024,8,Monaco,ZHO,1.0168474090945838,0.021101406721340678,0.940464203000705,1.016787166103528,1.0139786426062007,1.0217887621993422,-0.004805278394095327,35.5,1,Kick Sauber,0.00368378076332343,2.0,18.0,16.0
2024,9,Montréal,ALB,1.0220078954953202,0.059162590858630335,0.9132588769398076,1.026690638517543,1.0207091439402125,1.0190819818479393,-0.006342592143391141,14.666666666666666,2,Williams,0.0,-7.0,10.0,17.0
2024,9,Montréal,ALO,0.9880605087661758,0.07015861784091945,0.8780906020380567,0.9808973677585388,0.9838950703971767,0.9965194380087995,-0.005537767642852583,18.666666666666668,2,Aston Martin,-0.0032214021442587004,0.0,6.0,6.0
2024,9,Montréal,BOT,1.0012569812676835,0.07228499897891233,0.8889886243979906,0.9987105042989122,0.9997728172946925,1.0039864197697852,-0.002818375270772284,27.5,1,Kick Sauber,-0.006645701673694715,6.0,19.0,13.0
2024,9,Montréal,GAS,0.9953388719420724,0.07562498003769444,0.8862612418221678,0.9972069148787378,0.9905695561145491,0.997431292112143,-0.005731582137361406,18.666666666666668,2,Alpine,-0.0009775586884559484,6.0,15.0,9.0
2024,9,Montréal,HAM,0.9794079486172348,0.07504657293768383,0.8614386079991714,0.9733698844722929,0.9754394809175543,0.9868529380287497,-0.007204270100083936,14.25,3,Mercedes,-0.0007981033711906838,3.0,7.0,4.0
2024,9,Montréal,HUL,0.9942437484454777,0.073044232026989,0.8824636205140599,0.9949577161941989,0.9904325334626932,0.9964218038083954,-0.004124672273010962,13.25,3,Haas F1 Team,0.001316839241787604,6.0,17.0,11.0
2024,9,Montréal,MAG,0.9916100699619024,0.06565013690566253,0.8803461589362056,0.9865239431716816,0.9890226548611195,0.9971851631426097,-0.006059314277001244,10.8,4,Haas F1 Team,-0.001316839241787715,2.0,14.0,12.0
2024,9,Montréal,NOR,0.9795265751150248,0.07589352930967962,0.8695171842364192,0.9644904310904537,0.9771083454707776,0.986580917248562,-0.004881509307033964,19.333333333333332,2,McLaren,-0.0013179571337047502,1.0,3.0,2.0
2024,9,Montréal,OCO,0.9972939893189844,0.07348032016439468,0.8862497338788098,0.9905815547288036,0.9977796725258106,1.0015627989032243,-0.0027454607721814905,28.0,1,Alpine,0.0009775586884560594,8.0,18.0,10.0
2024,9,Montréal,PER,1.0261512660276546,0.06097661297547038,0.9070445875265402,1.0345790775087544,1.0281429599054728,1.0176586402217276,-0.008945887936110928,14.333333333333334,2,Red Bull Racing,0.023642206763772045,-2.0,16.0,18.0
2024,9,Montréal,PIA,0.9821624893824342,0.07727862557364754,0.8774461572100142,0.972120824874012,0.9806738361401561,0.9841679963470132,-0.005402666311633726,19.333333333333332,2,McLaren,0.0013179571337046392,-1.0,4.0,5.0
2024,9,Montréal,RIC,0.9948744442279853,0.07297212654614,0.8869862422537155,0.9914207390416515,0.9901978940004218,1.0009341722107679,-0.005699004676570464,18.666666666666668,2,RB,-0.00343789532867933,-3.0,5.0,8.0
2024,9,Montréal,RUS,0.9810041553596162,0.07316485418491103,0.8618874177901296,0.9738865471884136,0.9734149615264746,0.9873669250778567,-0.005491767907458458,14.5,3,Mercedes,0.0007981033711906838,-2.0,1.0,3.0
2024,9,Montréal,SAI,1.0221977765607255,0.06013303412662274,0.9086326837099308,1.0333107855528063,1.019011820702433,1.0159452732953698,-0.006757052389300053,14.666666666666666,2,Ferrari,0.0,-4.0,12.0,16.0
2024,9,Montréal,STR,0.9945033130546932,0.07282560325313586,0.8833727480393341,0.9898137010825476,0.9914395541083454,1.000169511339724,-0.005183694640406578,18.666666666666668,2,Aston Martin,0.0032214021442587004,2.0,9.0,7.0
2024,9,Montréal,TSU,1.001750234885344,0.07232808693871023,0.8896675930561069,0.9918801924529358,1.0078672767583863,1.0037627266350668,-0.0022056110530148587,28.0,1,RB,0.00343789532867933,-6.0,8.0,14.0
2024,9,Montréal,VER,0.9788668525001105,0.07517044439351483,0.8696437716133562,0.961112885994112,0.9778806718494484,0.9871370742243816,-0.004465131369742522,19.333333333333332,2,Red Bull Racing,-0.023642206763772045,1.0,2.0,1.0
2024,9,Montréal,ZHO,1.014548384615073,0.07317708031951299,0.8898517201498334,1.0165176337488848,1.0117108574492175,1.014959193682598,-0.012311043801880354,13.5,3,Kick Sauber,0.006645701673694715,5.0,20.0,15.0
2024,10,Barcelona,ALB,1.0093311357288288,0.0145060392094085,0.9808313243305218,1.0129200919624162,1.008185584386412,1.010530740686262,0.0003714161137577337,19.666666666666668,2,Williams,-0.0038571173321015895,2.0,20.0,18.0
2024,10,Barcelona,ALO,1.002779964096176,0.015976970596486405,0.9709402133158151,1.002686385055537,1.0050285456576775,1.0030189610496443,0.00018377548208476293,20.0,2,Aston Martin,-0.0009842564417201771,-2.0,10.0,12.0
2024,10,Barcelona,BOT,1.0109647138539595,0.012331911847182703,0.9867312852866624,1.011939722876697,1.0119133277984482,1.0119236622383088,0.0008497011831233465,20.0,2,Kick Sauber,0.004222830948352518,-4.0,12.0,16.0
2024,10,Barcelona,GAS,0.9965396960634179,0.01109234633806934,0.9797529701221516,0.9996385828031629,0.9950604426597492,0.9986244962386042,0.0007164416005627198,20.333333333333332,2,Alpine,-0.0012226224367370975,-2.0,7.0,9.0
2024,10,Barcelona,HAM,0.9904657414624792,0.014816830982161373,0.9644329034377188,0.9869807041841628,0.9919863195096765,0.9919145870455605,0.0002196619068497304,20.666666666666668,2,Mercedes,0.00011555223070780496,0.0,3.0,3.0
2024,10,Barcelona,HUL,0.9986214256403452,0.012543824750423304,0.974348804204342,1.0007352494882222,1.0008120856082399,0.99676689189417,0.00015298666445690882,20.333333333333332,2,Haas F1 Team,-0.00525359696083072,2.0,13.0,11.0
2024,10,Barcelona,LEC,0.9911622535243931,0.016942825846297256,0.9655236525220474,0.9867289536558315,0.9932212535622142,0.9926589120648319,0.0002974932522953101,20.666666666666668,2,Ferrari,-0.00014827968478481335,0.0,5.0,5.0
2024,10,Barcelona,MAG,1.0091286195620064,0.010449269437753421,0.9891730758504436,1.0070269550095368,1.0109764972376822,1.0118866450047301,0.00011673490705552505,20.0,2,Haas F1 Team,0.005253596960830498,-1.0,16.0,17.0
2024,10,Barcelona,NOR,0.9874869728854091,0.017035641185021676,0.9558308595226732,0.9861599284890554,0.988763092036808,0.9872900864133487,0.00012045820947635207,20.666666666666668,2,McLaren,-0.0019348165402849338,-1.0,1.0,2.0
2024,10,Barcelona,OCO,0.9989849409368922,0.012387862663545008,0.97897209293678,1.0001048385761817,0.9985320960327778,1.0016391419823303,0.0005049587691424361,20.333333333333332,2,Alpine,0.0012226224367372085,-2.0,8.0,10.0
2024,10,Barcelona,PER,0.9924888102106048,0.014987122416633998,0.9641354264147202,0.99585256348088,0.9923246465517197,0.9925428748099469,0.0005657096783997003,14.75,3,Red Bull Racing,0.0027270251901593268,3.0,11.0,8.0
2024,10,Barcelona,PIA,0.9913566059659789,0.016051465052938075,0.9652385703750068,0.9958747399727419,0.9907474665802323,0.9908738022497581,0.000271845274434798,20.333333333333332,2,McLaren,0.0019348165402848228,2.0,9.0,7.0
2024,10,Barcelona,RIC,1.0081159581962151,0.01281818951979875,0.9847728948852544,1.0080114720071804,1.0090961737543944,1.0100789700983013,-0.0006497788225154259,20.0,2,RB,0.0001265595193753466,3.0,18.0,15.0
2024,10,Barcelona,RUS,0.9902346370010637,0.012450469522215183,0.9703948387736512,0.9903900270924952,0.991575666740399,0.9891469186138306,0.0003596708096375376,20.666666666666668,2,Mercedes,-0.00011555223070769394,0.0,4.0,4.0
2024,10,Barcelona,SAI,0.9914588128939628,0.010899859779639276,0.9734811628872624,0.9897844463695503,0.9953346664778019,0.9910309063558387,0.0004874719542054268,20.333333333333332,2,Ferrari,0.00014827968478481335,0.0,6.0,6.0
2024,10,Barcelona,SAR,1.0170453703930322,0.01315480654576098,0.9937219953271316,1.017665826149958,1.0151203472697434,1.022213825762461,0.0006470430924476106,19.666666666666668,2,Williams,0.0038571173321018115,-1.0,19.0,20.0
2024,10,Barcelona,STR,1.0047484769796167,0.012559725309218225,0.9831367712587616,1.0084167788623357,1.0055507723214743,1.003250661511674,3.162168793648763e-05,20.0,2,Aston Martin,0.0009842564417203992,0.0,14.0,14.0
2024,10,Barcelona,TSU,1.0078628391574647,0.0163356511612665,0.9847357102573796,1.0047085910932114,1.0101897023567796,1.0110051809944163,0.0011028294286600545,14.5,3,RB,-0.00012655951937512455,-2.0,17.0,19.0
2024,10,Barcelona,VER,0.9870347598302862,0.014273393866759274,0.9640238725310956,0.9928875302790362,0.9858007381830698,0.9834988052322999,0.00032869759011901184,20.666666666666668,2,Red Bull Racing,-0.0027270251901592157,1.0,2.0,1.0
2024,10,Barcelona,ZHO,1.0025190519572544,0.014091928199526026,0.9763567741095832,1.0026569336923594,1.0039671801810113,1.0036016397263468,0.00019071388641168997,20.0,2,Kick Sauber,-0.004222830948352518,2.0,15.0,13.0
2024,11,Spielberg,ALB,1.0055414985094355,0.008506302744909676,0.9894535534493912,1.0028803594660332,1.006423722702118,1.0069100947471088,0.0003745158493302231,21.333333333333332,2,Williams,-0.0037232535594824423,1.0,16.0,15.0
2024,11,Spielberg,ALO,1.0052591613465705,0.010561366640303596,0.9519082037292236,0.9971625129008299,1.00703699582139,1.0097640382795374,0.00036487774904705983,15.25,3,Aston Martin,-0.00026805551649466963,-3.0,15.0,18.0
2024,11,Spielberg,BOT,1.0072394764040835,0.008311907684014675,0.9906488173917932,1.0089848831947508,1.0053150524401522,1.0091481468580188,0.0003251599657113112,21.333333333333332,2,Kick Sauber,-0.0014839350964763742,2.0,18.0,16.0
2024,11,Spielberg,GAS,1.0022023143771324,0.009596440152508228,0.9788367972551114,0.9975642548525632,1.0034757504241882,1.004613026655663,0.0008641781226241771,21.666666666666668,2,Alpine,-0.0006611269878700199,3.0,13.0,10.0
2024,11,Spielberg,HAM,0.9941449644233202,0.008935601812344578,0.9781758866046066,0.9976048560438939,0.9946408555034726,0.9910543228368399,0.000632148253487519,21.333333333333332,2,Mercedes,0.001475889970947164,1.0,5.0,4.0
2024,11,Spielberg,HUL,1.0001487488398908,0.007733033506459389,0.9873583260680034,0.999096739068952,1.000509018295264,1.0009666295109378,0.0010558578791782084,21.333333333333332,2,Haas F1 Team,-0.0010544739513587142,3.0,9.0,6.0
2024,11,Spielberg,LEC,0.9923076713718181,0.007921920820474148,0.9784852490367578,0.9921694957932595,0.9937812184402021,0.9907223043743381,0.0007181364675438663,15.5,3,Ferrari,0.0005595461269992663,-5.0,6.0,11.0
2024,11,Spielberg,MAG,1.0022576967426082,0.0072587824891494936,0.9860927524819304,0.9976286511158393,1.003065731985418,1.00535042496865,0.000658646357057258,21.666666666666668,2,Haas F1 Team,0.0010544739513587142,4.0,12.0,8.0
2024,11,Spielberg,NOR,0.9884260793006977,0.012300405680883805,0.9564361447816184,0.9923579700053249,0.9888774424840298,0.9825210634410456,0.001218323956413798,19.666666666666668,2,McLaren,-0.0012042859438757825,-18.0,2.0,20.0
2024,11,Spielberg,OCO,1.0035245683528722,0.00994323931052833,0.9793992744044772,1.0040604454655024,1.00612639903718,0.9997199029663849,0.0009118377969100071,21.666666666666668,2,Alpine,0.0006611269878697978,-2.0,10.0,12.0
2024,11,Spielberg,PER,0.9999584632258929,0.010319235055822853,0.9800320611975138,1.000604802742933,1.0001507420730773,0.9996305863102575,0.0009173591515361339,21.666666666666668,2,Red Bull Racing,0.007030190284937898,1.0,8.0,7.0
2024,11,Spielberg,PIA,0.9908346511884492,0.011674423691114618,0.9660123182495712,0.9978827552898486,0.9907618021998696,0.9856385962279789,0.0005766618188023519,21.666666666666668,2,McLaren,0.0012042859438756714,5.0,7.0,2.0
2024,11,Spielberg,RIC,1.0021272453114285,0.006552775573976619,0.990325393030908,0.9964895334316684,1.0000359369102216,1.0103428687795415,0.0002295601268589186,21.666666666666668,2,RB,-0.0017877629715883359,2.0,11.0,9.0
2024,11,Spielberg,RUS,0.9911931844814259,0.011533217940089028,0.9725792389684168,0.9952024783859165,0.9927082130822705,0.9839667399929349,0.0004950557464510974,22.0,2,Mercedes,-0.001475889970947164,2.0,3.0,1.0
2024,11,Spielberg,SAI,0.9911885791178194,0.00965428943921179,0.974238546559046,0.9972013732068035,0.988274196213118,0.9910519001225426,0.0006878526255913791,21.666666666666668,2,Ferrari,-0.0005595461269993773,1.0,4.0,3.0
2024,11,Spielberg,SAR,1.0129880056284004,0.01384161484320179,0.9900441544562252,1.0110190877093106,1.0115323326575292,1.0172549407381104,0.000944867773222076,20.666666666666668,2,Williams,0.0037232535594824423,0.0,19.0,19.0
2024,11,Spielberg,STR,1.0057952723795596,0.010555262002096246,0.986345867199145,1.0012612067990272,1.0082873469515732,1.0063171996191538,0.0008521143185595536,21.333333333333332,2,Aston Martin,0.0002680555164944476,4.0,17.0,13.0
2024,11,Spielberg,TSU,1.0057027712546052,0.01000328121688638,0.9888067047276204,1.006131922054415,1.002494630567357,1.010593011239608,0.0006581796213502248,21.333333333333332,2,RB,0.0017877629715883359,0.0,14.0,14.0
2024,11,Spielberg,VER,0.9858980826560171,0.012699570914845852,0.952259751947577,0.994173878613044,0.9844707777446815,0.9798938158933631,-0.0011697916048004232,16.0,3,Red Bull Racing,-0.007030190284937898,-4.0,1.0,5.0
2024,11,Spielberg,ZHO,1.0102073465970363,0.012703270463532092,0.9909441178952104,1.013957469221147,1.0112312828015988,1.0061040467004874,0.0005196674496115516,20.333333333333332,2,Kick Sauber,0.0014839350964763742,3.0,20.0,17.0
2024,12,Silverstone,ALB,1.023073970853554,0.055602253424481565,0.9654051843801448,1.0200632094605384,1.020239279398762,1.029697460037266,2.1874394164103444e-05,16.0,2,Williams,-0.002131127622408968,0.0,9.0,9.0
2024,12,Silverstone,ALO,1.022192063099222,0.05542759112892388,0.965319100857607,1.019611867075721,1.0194661803713527,1.0285386224706612,0.0002684052787891081,16.0,2,Aston Martin,-0.000859041818657813,2.0,10.0,8.0
2024,12,Silverstone,BOT,1.0365200186544823,0.05142678719734071,0.9821807108346872,1.0307836908316832,1.0361555392516508,1.0417481987818693,0.0002082042720997665,15.666666666666666,2,Kick Sauber,-0.002217246550787255,1.0,16.0,15.0
2024,12,Silverstone,HAM,1.0102262292906359,0.050783234090179936,0.9623922610913238,1.014614810846999,1.004234637488948,1.0152520349122292,0.0007075360014574287,16.0,2,Mercedes,-0.003033614718847444,1.0,2.0,1.0
2024,12,Silverstone,HUL,1.023429289559862,0.0540031731427513,0.9666749163375764,1.0199799730270904,1.022268457117595,1.0286464973358178,-0.0003939286836643011,16.0,2,Haas F1 Team,-0.0010448835899699027,0.0,6.0,6.0
2024,12,Silverstone,LEC,1.0247802930793601,0.05898558178128875,0.9657279975896612,1.0236019538078458,1.0226457343778912,1.0287403271824134,0.0009483710135077454,10.75,3,Ferrari,0.0030590903650353773,-3.0,11.0,14.0
2024,12,Silverstone,MAG,1.0255190567398016,0.055165310768420524,0.9694403494991016,1.0208202304716385,1.0236124005305038,1.0318034716092968,0.0014364728851509788,16.0,2,Haas F1 Team,0.0010448835899696807,5.0,17.0,12.0
2024,12,Silverstone,NOR,1.0126692975943241,0.049273153490919014,0.9604984235954934,1.014769085271062,1.008665450928382,1.0170058187048479,0.000419184002841047,16.0,2,McLaren,0.002217521175363668,0.0,3.0,3.0
2024,12,Silverstone,OCO,1.0399261013951169,0.05331096400723262,0.9778550138271658,1.0336481969612035,1.03571807502842,1.0514334281324573,0.01658015987894325,10.5,3,Alpine,0.0,2.0,18.0,16.0
2024,12,Silverstone,PER,1.033427721708526,0.061040403522549344,0.9652868195366552,1.028042426184173,1.0352642317894303,1.0405835803894057,0.002013945802623685,7.8,4,Red Bull Racing,0.010794946152273388,3.0,20.0,17.0
2024,12,Silverstone,PIA,1.0082342552435968,0.05151072521581374,0.9549675572724436,1.009286134802184,1.0032851741068909,1.014829142488717,0.00014084776967714257,15.666666666666666,2,McLaren,-0.002217521175363668,1.0,5.0,4.0
2024,12,Silverstone,RIC,1.0315333558768374,0.05291991625005606,0.9763485521827552,1.0249345842904056,1.0313465771206052,1.0380750283249764,0.0016118196250119229,15.666666666666666,2,RB,0.002686353941560693,2.0,15.0,13.0
2024,12,Silverstone,RUS,1.016293458728331,0.04557455626064966,0.9824066800813488,1.0198135001601942,1.008133510167993,1.0248112189859762,0.005649726882550533,15.0,1,Mercedes,0.003033614718847666,-18.0,1.0,19.0
2024,12,Silverstone,SAI,1.0186621123492896,0.05286982530057426,0.9500715569281096,1.0186031435546636,1.0158026755852843,1.0233009708737864,-0.0011131726509471848,11.5,3,Ferrari,-0.0030590903650351553,2.0,7.0,5.0
2024,12,Silverstone,SAR,1.0273362260983718,0.05591735536457247,0.968138336220718,1.0265506283812558,1.024867374005305,1.031178287731686,0.0012632715765079948,16.0,2,Williams,0.002131127622408968,1.0,12.0,11.0
2024,12,Silverstone,STR,1.0239101467365377,0.05645697174024084,0.9673313031969268,1.0205913302796563,1.0212218169761271,1.0318189990520088,-0.0003655404348376691,16.0,2,Aston Martin,0.000859041818657813,1.0,8.0,7.0
2024,12,Silverstone,TSU,1.0261606479937158,0.05328908351571861,0.970903769382243,1.0210850084366583,1.0244733642793984,1.0338220391618451,0.00015819844319946166,16.0,2,RB,-0.002686353941560915,3.0,13.0,10.0
2024,12,Silverstone,VER,1.0118378294039791,0.051512730983596884,0.957162687097156,1.0164359666064042,1.0040406719717063,1.0191919191919192,4.9371609097435255e-05,16.0,2,Red Bull Racing,-0.010794946152273388,2.0,4.0,2.0
2024,12,Silverstone,ZHO,1.040954511756057,0.058991014239018265,0.9793507150312588,1.0346809471784955,1.0396143644154254,1.0481544345622014,0.005660890191412174,7.8,4,Kick Sauber,0.0022172465507874772,-4.0,14.0,18.0
2024,13,Budapest,ALB,1.0083770258094344,0.01160623659721312,0.99503254336151,1.008550564545545,1.0111073846280856,1.005204519301182,-0.00019733440143378882,21.333333333333332,2,Williams,0.000611018630734872,-1.0,13.0,14.0
2024,13,Budapest,ALO,1.0022401432874588,0.011232354282463934,0.9847538204365196,1.0014518889605935,1.0051695254304023,1.0000260728914354,-0.0005149781875306458,21.666666666666668,2,Aston Martin,0.0009063989632818181,-4.0,7.0,11.0
2024,13,Budapest,BOT,1.0095831382114784,0.012325362146990598,0.9815409785533912,1.0063050245382499,1.012679559151325,1.010303117480908,-0.00020697333719265626,21.333333333333332,2,Kick Sauber,-0.0012891935589041115,-4.0,12.0,16.0
2024,13,Budapest,HAM,0.9904481107340655,0.009222565254323536,0.9739653107920664,0.9969921513311106,0.9855247699547214,0.9889261026660338,0.0004130013539587563,21.666666666666668,2,Mercedes,-0.0022642190824386788,2.0,5.0,3.0
2024,13,Budapest,HUL,1.0074417376021054,0.013707674809440903,0.98947231146783,1.0037662275756873,1.011047531577644,1.0080166596924363,0.00082573761040919,32.0,1,Haas F1 Team,-0.0007049982550768608,-2.0,11.0,13.0
2024,13,Budapest,LEC,0.9910146214856407,0.009937044157530184,0.9743091204400764,0.9943551822385923,0.9838883843804177,0.9963269411830977,0.000614389607196993,21.666666666666668,2,Ferrari,-0.00020126999818514957,2.0,6.0,4.0
2024,13,Budapest,MAG,1.008851734112259,0.010784154946188026,0.9905630179373792,1.0060545578667408,1.0084000005241647,1.0134605964295262,-0.0005147708700263077,21.0,2,Haas F1 Team,0.0007049982550766387,0.0,15.0,15.0
2024,13,Budapest,NOR,0.9898554598373208,0.014927981315847034,0.9687370330412928,0.9976487153129391,0.9806664014870075,0.9890441183463466,0.00016227401621249707,22.0,2,McLaren,0.00046532857532399774,-1.0,1.0,2.0
2024,13,Budapest,OCO,1.0072932735168036,0.011816110497086599,0.9675277715207056,1.0011752701843957,1.0106594594887217,1.0112540066095124,0.0018690754716466816,15.25,3,Alpine,0.0,1.0,19.0,18.0
2024,13,Budapest,PER,0.9936992550182984,0.018747026929595387,0.961434041897355,0.992543637017557,0.9964566994138528,0.9921623600795062,0.000167876121689255,21.666666666666668,2,Red Bull Racing,0.0002867360304912303,9.0,16.0,7.0
2024,13,Budapest,PIA,0.9889248026866729,0.011797955946555982,0.9687844550617076,0.9941465305924634,0.982282496391305,0.988949015206992,0.00024133717111959551,22.0,2,McLaren,-0.0004653285753238867,1.0,2.0,1.0
2024,13,Budapest,RIC,1.0055211457752908,0.013817819955068571,0.9797389417776144,1.0021678217329308,1.0092493601915298,1.0055333978449628,-0.0005682046646043144,21.333333333333332,2,RB,0.0007276191841008028,-3.0,9.0,12.0
2024,13,Budapest,RUS,0.9949765488989427,0.01878444311646764,0.9520563373602532,0.9969778671108379,0.9923685296788576,0.9962554821473119,0.0007633807928882219,21.666666666666668,2,Mercedes,0.0022642190824385677,9.0,17.0,8.0
2024,13,Budapest,SAI,0.991417161482011,0.012061626316590808,0.9655241911581642,0.9969574610818766,0.9866282252379833,0.9909919769528516,0.0004192493034796976,21.666666666666668,2,Ferrari,0.00020126999818514957,-2.0,4.0,6.0
2024,13,Budapest,SAR,1.0071549885479647,0.014826773910346727,0.9550913466668248,1.0044434128063136,1.0090731631970984,1.0086518700498435,0.00018012160095948957,15.5,3,Williams,-0.000611018630734872,-3.0,14.0,17.0
2024,13,Budapest,STR,1.0004273453608952,0.012982918324130628,0.9761585792362684,0.9967498297371957,1.003992912890791,1.001052250396324,-0.00043125529819325786,21.666666666666668,2,Aston Martin,-0.0009063989632818181,-2.0,8.0,10.0
2024,13,Budapest,TSU,1.0040659074070895,0.010060957932933417,0.9903259078353032,1.00510957828162,1.006097556467641,1.000678582191043,-1.7705513165867155e-05,33.5,1,RB,-0.0007276191841005808,1.0,10.0,9.0
2024,13,Budapest,VER,0.993125782957316,0.015713896475491245,0.9592052069378416,0.995696878642795,0.9910824583655428,0.9901657013698021,0.0005192813834353923,22.0,2,Red Bull Racing,-0.0002867360304911193,-2.0,3.0,5.0
2024,13,Budapest,ZHO,1.0121615253292866,0.012978488579090251,0.9897805546005286,1.0114396118645752,1.0136506232972842,1.0116938225755832,-0.0005491705515684262,21.333333333333332,2,Kick Sauber,0.0012891935589041115,-1.0,18.0,19.0
2024,14,Spa-Francorchamps,ALB,1.0034471070296225,0.008611721514960839,0.9903937419470212,0.997116125971176,1.0109391803492043,0.9990525104085617,9.634559424322386e-05,13.0,2,Williams,-0.0017018613954697948,-2.0,10.0,12.0
2024,14,Spa-Francorchamps,ALO,1.004696156725102,0.009166404160811692,0.990898127811378,1.0050703311582072,1.0048717335703041,1.0053462586416988,-0.00023568483107696734,20.5,1,Aston Martin,-0.0009904304245551554,0.0,8.0,8.0
2024,14,Spa-Francorchamps,BOT,1.005301930198875,0.010967694594703278,0.9814340148656272,1.0009349320259113,1.0097747090534217,1.0038465707591284,0.00010371248602660031,13.0,2,Kick Sauber,0.0,-1.0,14.0,15.0
2024,14,Spa-Francorchamps,GAS,1.0030718157291498,0.010504962594501316,0.9850931050452344,1.0022809046517607,1.0056015811517942,1.0010396493015832,0.00012695038138201933,13.0,2,Alpine,0.0009758514391986495,-1.0,12.0,13.0
2024,14,Spa-Francorchamps,HAM,0.9915994534291361,0.01139999401568359,0.978077556204634,1.0035576840704057,0.9796030865339169,0.9979589915621203,-0.000419643191658895,13.333333333333334,2,Mercedes,-0.0020282480102414846,2.0,3.0,1.0
2024,14,Spa-Francorchamps,HUL,1.008001864228966,0.006902505320992257,0.99917922663891,0.9998220746100467,1.0149784730883307,1.0064419637391036,2.284326063369128e-05,13.0,2,Haas F1 Team,0.00028776863877455483,-2.0,16.0,18.0
2024,14,Spa-Francorchamps,LEC,0.993755015200356,0.011427728331929081,0.9813789909531518,1.0036557077806114,0.9841902472104064,0.9983800297807519,-0.00017557260295661653,13.333333333333334,2,Ferrari,-0.0005766370819078048,-2.0,1.0,3.0
2024,14,Spa-Francorchamps,MAG,1.007426326951417,0.011200645895918472,0.9890364854392972,1.002129680124866,1.0127747680287973,1.0055057238405065,-0.000385922594444883,20.5,1,Haas F1 Team,-0.00028776863877455483,3.0,17.0,14.0
2024,14,Spa-Francorchamps,NOR,0.993118366194249,0.01306427204869025,0.9680815454382884,0.9924875946464226,0.9940517120099143,0.9935615471069971,7.338598267906395e-05,13.0,2,McLaren,0.0004639321193037338,-1.0,4.0,5.0
2024,14,Spa-Francorchamps,OCO,1.0011201128507525,0.012544166190242243,0.9808654344367156,0.9912948355508109,1.011768536828644,0.9951879465631669,-0.00037502360531027726,13.0,2,Alpine,-0.0009758514391986495,0.0,9.0,9.0
2024,14,Spa-Francorchamps,PER,0.9964118617075322,0.012553118262015092,0.9601764433460042,1.0045739648669487,0.9882251402502931,1.0003044735085524,-0.00016208822836694787,9.5,3,Red Bull Racing,0.002153132352862075,-5.0,2.0,7.0
2024,14,Spa-Francorchamps,PIA,0.9921905019556416,0.015153063948184688,0.9706218160642314,0.9939826621592235,0.9887137044571851,0.9946719838430862,-0.000805077880443653,13.333333333333334,2,McLaren,-0.00046393211930362277,3.0,5.0,2.0
2024,14,Spa-Francorchamps,RIC,1.0005990316967128,0.010676394111156156,0.985249006130581,0.9997537051315001,1.0016766279018914,1.0010405270131078,-0.0002373671309542678,13.0,2,RB,-0.004185659960313393,3.0,13.0,10.0
2024,14,Spa-Francorchamps,RUS,0.9956559494496191,0.012926668553164971,0.9822960561610734,0.9970726692617734,0.9934882569430377,0.9965557345878089,-0.001569038802132371,21.0,1,Mercedes,0.0020282480102414846,-14.0,6.0,20.0
2024,14,Spa-Francorchamps,SAI,0.9949082893641716,0.0122568818812687,0.9754272377537404,1.000375620267679,0.9903512224577511,0.9980018897129136,-0.00018594696995330505,13.0,2,Ferrari,0.0005766370819078048,1.0,7.0,6.0
2024,14,Spa-Francorchamps,SAR,1.0068508298205623,0.012915905299012513,0.9857533919949378,1.001673816631411,1.0129235237428322,1.003595545262925,0.00010020108701150735,13.0,2,Williams,0.0017018613954700168,1.0,18.0,17.0
2024,14,Spa-Francorchamps,STR,1.0066770175742126,0.008606807940372226,0.9913933430236558,1.0030166550701745,1.0118350046085998,1.003329149111232,-0.0002682568689427966,20.5,1,Aston Martin,0.0009904304245553774,4.0,15.0,11.0
2024,14,Spa-Francorchamps,TSU,1.0089703516173394,0.011303492863247173,0.9901461343408824,1.0046127398436668,1.0146322417542653,1.0055291009377139,-0.00023634352713399964,20.5,1,RB,0.0041856599603131706,4.0,20.0,16.0
2024,14,Spa-Francorchamps,VER,0.992105597001808,0.011640889143264702,0.9732629638630456,0.9922693065522674,0.9914877675188382,0.9942847814037503,0.0003069225018290544,13.0,2,Red Bull Racing,-0.002153132352862075,7.0,11.0,4.0
2024,15,Zandvoort,ALB,1.0022043260544111,0.014532770639082435,0.9754160660463896,1.0037462537462538,1.003935657971902,1.0024036812944992,-0.0007269713200136122,22.0,2,Williams,-0.003938807626552077,5.0,19.0,14.0
2024,15,Zandvoort,ALO,1.001438212554056,0.012354630292056383,0.9796619053859258,0.9990525733587043,1.0027304801023185,1.0066280033140018,-5.089301687783204e-05,34.0,1,Aston Martin,-0.0007982147124345751,-3.0,7.0,10.0
2024,15,Zandvoort,BOT,1.009220688890457,0.009409519368150883,0.993605032105884,1.0153608038765134,1.0054999366366746,1.0108433633119973,0.00025686712516747966,21.666666666666668,2,Kick Sauber,-0.002281056583470109,-3.0,16.0,19.0
2024,15,Zandvoort,GAS,1.00046655669213,0.012812531400499066,0.9809330362993056,1.0005786984349536,1.0004121278469567,1.0044501200097713,-1.3103818602207924e-05,34.0,1,Alpine,-0.0034659323039925027,0.0,9.0,9.0
2024,15,Zandvoort,HAM,0.9898802410435047,0.015584926690167084,0.9681299960686672,0.9908596238741287,0.9905052286227138,0.9920114441743952,6.0794944136916916e-05,22.333333333333332,2,Mercedes,-7.6279590124350705e-06,6.0,14.0,8.0
2024,15,Zandvoort,HUL,1.0024430149467727,0.00811859069425155,0.991442799108898,1.002404699691361,1.007352808060241,1.0005803380436795,0.0004139324662260865,34.0,1,Haas F1 Team,-0.003188235190570765,1.0,12.0,11.0
2024,15,Zandvoort,LEC,0.9903255029541972,0.009322480014005766,0.977394836849692,0.9923078044633465,0.993711157166497,0.9879688267751161,-0.00010460471941260686,34.5,1,Ferrari,-0.00029826850432723706,3.0,6.0,3.0
2024,15,Zandvoort,MAG,1.0088194853279144,0.011333527675610272,0.982230376097497,1.0090670313499828,1.0146621924142887,1.0055256446120784,0.0003295757212045463,33.5,1,Haas F1 Team,0.003188235190570987,2.0,20.0,18.0
2024,15,Zandvoort,NOR,0.9867884755789353,0.01295549002442467,0.9673306250819026,0.983457041019809,0.9897160029897145,0.9877078382934109,-0.0003933573643112141,35.0,1,McLaren,-0.00193023010369886,0.0,1.0,1.0
2024,15,Zandvoort,OCO,1.007398421300115,0.013766436062222255,0.9879439129865024,1.010368204703333,1.0037395011229686,1.0125393085317447,7.57413677939284e-05,34.0,1,Alpine,0.0034659323039925027,0.0,15.0,15.0
2024,15,Zandvoort,PER,0.9922171007275814,0.010505777746858451,0.977421045734504,0.9920593796895083,0.9939945211057597,0.9942504742443219,-1.2885490033997724e-05,34.5,1,Red Bull Racing,0.0005780076526686884,-1.0,5.0,6.0
2024,15,Zandvoort,PIA,0.9906489357863331,0.010871812200538518,0.9728344908924124,0.9849341309843453,0.9986422144577007,0.991443062498985,4.286019981676218e-06,34.5,1,McLaren,0.00193023010369886,-1.0,3.0,4.0
2024,15,Zandvoort,RIC,1.0023146684961495,0.012044084203155538,0.9857423666622984,1.007630056356237,0.9990058879970695,1.0043460727658604,-0.00021119935448045077,34.0,1,RB,-0.0022709665822702174,1.0,13.0,12.0
2024,15,Zandvoort,RUS,0.9898954969615296,0.012281464269622809,0.96877211374656,0.9906546050123936,0.9909440432934987,0.9917628573967847,4.5431605847279645e-05,22.333333333333332,2,Mercedes,7.6279590124350705e-06,-3.0,4.0,7.0
2024,15,Zandvoort,SAI,0.9909220399628516,0.011976219609103923,0.9712619578036956,0.994322120011036,0.993647662654181,0.9877586530283012,-0.00014722038580362135,34.5,1,Ferrari,0.00029826850432712604,5.0,10.0,5.0
2024,15,Zandvoort,SAR,1.0100819413075153,0.01152989785990165,0.9898964749049928,1.0092711244844634,1.0141731512019332,1.0101210179310236,2.519564295812615e-05,34.0,1,Williams,0.003938807626552077,2.0,18.0,16.0
2024,15,Zandvoort,STR,1.003034641978925,0.011829514733571004,0.9861748132616956,1.004432135801233,1.0054061163180266,1.0026244463200236,7.969590163540516e-05,34.0,1,Aston Martin,0.000798214712434353,-5.0,8.0,13.0
2024,15,Zandvoort,TSU,1.0068566016606901,0.009532877889402694,0.9900668326562704,1.0135586244741177,1.0040656762238311,1.0067030081971526,0.0005117863927396316,22.0,2,RB,0.0022709665822704395,-6.0,11.0,17.0
2024,15,Zandvoort,VER,0.991061085422244,0.010768262441859825,0.97958327873149,0.9906333205475887,0.9889432290467829,0.9953147904588217,-8.370359166834889e-05,35.0,1,Red Bull Racing,-0.0005780076526686884,0.0,2.0,2.0
2024,15,Zandvoort,ZHO,1.0137828020573973,0.013012495181588375,0.9923207967500984,1.0220058330753754,1.009695154515995,1.0135036035244227,0.00016266262621156082,21.333333333333332,2,Kick Sauber,0.002281056583470331,-3.0,17.0,20.0
2024,16,Monza,ALB,1.003711760546783,0.00905098518023564,0.9888993636577894,1.0020527689185272,1.0054692132662206,1.0058053762678203,-0.0003787594462720247,25.0,1,Williams,-0.0011617958991281263,0.0,9.0,9.0
2024,16,Monza,ALO,0.9985873792128211,0.01220741587423807,0.9774216356351638,1.0001472347057119,0.9986820255579305,0.9992301463460765,-0.0005788652922513628,16.0,2,Aston Martin,-0.003123887055804242,0.0,11.0,11.0
2024,16,Monza,BOT,1.0137169503672314,0.013023026538130462,0.9852580721187838,1.013974029739469,1.0167840010581906,1.0126112577096944,-0.0007201361945983701,24.5,1,Kick Sauber,-0.0009255340128038192,3.0,19.0,16.0
2024,16,Monza,COL,1.006035352345039,0.010847211047419553,0.9866603818053264,1.0059473760510296,1.0084161897538442,1.0059557415419536,-0.0002593135282270351,25.0,1,Williams,0.0011617958991279043,6.0,18.0,12.0
2024,16,Monza,GAS,1.0054670771884604,0.01057604874356125,0.9869785529106764,1.0045094785414213,1.0072222768290051,1.0068806751044665,0.0001672968995782201,15.666666666666666,2,Alpine,-0.002599013941278594,-1.0,14.0,15.0
2024,16,Monza,HAM,0.9900443467511917,0.016881974253607407,0.9605467829366016,0.9933759483425147,0.9904432158300815,0.9865491980180966,-0.0008623841756896836,16.333333333333332,2,Mercedes,0.0001855797704422013,1.0,6.0,5.0
2024,16,Monza,HUL,1.0023302460623504,0.013087459397932301,0.9813221777044544,1.001029438073324,1.0069684775416972,1.0011069141768012,-0.0018516347053690546,15.666666666666666,2,Haas F1 Team,0.0005603622487100335,-7.0,10.0,17.0
2024,16,Monza,LEC,0.9902462186854475,0.010130495819429982,0.9807447560688192,0.9950935053638738,0.9864814987568495,0.9899992907298389,-0.0005116343370991886,25.5,1,Ferrari,-0.0017909544208916106,3.0,4.0,1.0
2024,16,Monza,MAG,1.0012095215649304,0.010631902901328087,0.9832312043365544,1.0021933893882282,1.0023560642625662,1.0013398113341372,-0.0006462584375741568,25.0,1,Haas F1 Team,-0.0005603622487100335,3.0,13.0,10.0
2024,16,Monza,NOR,0.9865314780166132,0.015160615927928585,0.9596040537355645,0.9929448149221997,0.9867268840929464,0.9809199089239214,-0.0011003477898214034,16.333333333333332,2,McLaren,0.000540746583809093,-2.0,1.0,3.0
2024,16,Monza,OCO,1.0106651050710176,0.009738537296928277,0.9939076125382984,1.0083401873361697,1.0138423155237408,1.0119656771141678,4.072256514734027e-05,24.5,1,Alpine,0.002599013941278594,1.0,15.0,14.0
2024,16,Monza,PER,0.9957483895042816,0.011944346423878297,0.977739806740514,0.9999909394027254,0.996459784182583,0.9931252511998486,-0.0001778289823131795,16.0,2,Red Bull Racing,0.0022085395553461673,0.0,8.0,8.0
2024,16,Monza,PIA,0.985449984848995,0.01304905893988075,0.9656257365071884,0.9951488052092393,0.9814295986615013,0.9809640573727185,-0.0004735305876504374,16.333333333333332,2,McLaren,-0.000540746583809093,0.0,2.0,2.0
2024,16,Monza,RIC,1.0044602875324062,0.007218410077118498,0.9924463822766908,1.001912873296608,1.003022822864235,1.0107113979714872,-0.0008960190768535184,25.0,1,RB,0.0,-1.0,12.0,13.0
2024,16,Monza,RUS,0.9896731872103072,0.013849617197194285,0.9667216592033938,0.9938478544505654,0.9911282723114758,0.9863376835236543,-0.0009159998353964923,16.0,2,Mercedes,-0.00018557977044231233,-4.0,3.0,7.0
2024,16,Monza,SAI,0.9938281275272306,0.012430238401224742,0.9806622672637284,0.9983169034502754,0.992990632093698,0.9908580639149766,-0.0003144120442455675,25.5,1,Ferrari,0.0017909544208914996,1.0,5.0,4.0
2024,16,Monza,STR,1.0048351533244297,0.014584428893185317,0.9690313457459344,0.9993508585419286,1.008419713928919,1.0087949499964537,0.0003542537742118989,11.25,3,Aston Martin,0.003123887055804353,-2.0,17.0,19.0
2024,16,Monza,VER,0.9913313103935893,0.01321309188759032,0.9632924817346218,1.0001245832125252,0.9887832115194556,0.9875981157056056,0.0002418809559171471,16.0,2,Red Bull Racing,-0.0022085395553460563,1.0,7.0,6.0
2024,16,Monza,ZHO,1.015568018392839,0.01002945284685362,1.0027339146830072,1.01054801450879,1.0201485406960136,1.01807336169449,-0.0004050883157647317,24.5,1,Kick Sauber,0.0009255340128038192,2.0,20.0,18.0
2024,17,Baku,ALB,0.9998498091257734,0.009224379558700846,0.9825443053092872,1.0037638712957841,0.9971716108662764,0.9990276726242634,-0.0005365427150837588,23.0,1,Williams,-0.0009700493033498736,2.0,9.0,7.0
2024,17,Baku,ALO,0.9997271798747424,0.008297739653825478,0.9835548981598022,0.9976003996360457,1.0026320413979566,0.9984466581031538,-0.0009582156382977116,23.0,1,Aston Martin,-0.002981228936828395,1.0,7.0,6.0
2024,17,Baku,BEA,1.0015140917786072,0.01101248084687899,0.9834722132902146,1.0043883026172593,1.0015064780026726,0.9976512721921178,-0.0003586340210765595,23.0,1,Haas F1 Team,0.0005451409457470913,0.0,10.0,10.0
2024,17,Baku,BOT,1.0114601229248392,0.013905795183891009,0.9960586878829916,1.014314047325947,1.0088092066144319,1.0122141785690992,-0.000995665707141437,22.5,1,Kick Sauber,0.0007317211514685784,0.0,16.0,16.0
2024,17,Baku,COL,1.0017899077324732,0.007654062993009406,0.9855485222376362,1.0064851652958913,1.0016748461860927,0.9953348702287478,-0.0009747614825698706,23.0,1,Williams,0.0009700493033499846,0.0,8.0,8.0
2024,17,Baku,GAS,1.006822075941459,0.009348771685516703,0.99238380479021,1.0101885215770754,1.0056948615470305,1.0041511771995044,-0.0005323888147106203,48.0,0,Alpine,-0.0034076676635452774,6.0,18.0,12.0
2024,17,Baku,HAM,1.000068304892268,0.010901043368101222,0.985199408343822,1.006816336907459,1.0031008216171002,0.9850254778695569,-0.001061726589302002,23.0,1,Mercedes,0.0029502920134005794,10.0,19.0,9.0
2024,17,Baku,HUL,1.000423809887113,0.008322421801908408,0.9893795878618612,1.0037376674814005,0.9978573553334427,1.0003241091252455,-0.0004268259921837926,23.0,1,Haas F1 Team,-0.0005451409457470913,1.0,12.0,11.0
2024,17,Baku,LEC,0.9932356739667176,0.0077498860924614665,0.9836467702371215,0.9934312055092684,0.9894195933776254,0.9978369557525072,-0.00033651905759231825,23.5,1,Ferrari,-0.00012304994185674545,-1.0,1.0,2.0
2024,17,Baku,NOR,0.9947025761329925,0.01457167408005928,0.966999549826821,0.9953424113753543,0.9938798410761428,0.9956581286738747,-0.00012729979385819586,23.0,1,McLaren,0.0008679789261433202,11.0,15.0,4.0
2024,17,Baku,OCO,1.0136374112685496,0.010490217090199828,0.9998530046762888,1.0167063254892865,1.0148669596829374,1.0073396680646176,-0.0005887573274842131,46.0,0,Alpine,0.0034076676635452774,5.0,20.0,15.0
2024,17,Baku,PER,0.9935742323452651,0.009712046175512155,0.9831506610195964,0.9917747899234625,0.9895670839480776,0.9995387503798647,-0.001072990243325945,23.5,1,Red Bull Racing,-0.0009128153316297904,-13.0,4.0,17.0
2024,17,Baku,PIA,0.9929666182807058,0.008461864735074027,0.983582459782998,0.9913211875431074,0.9892095874635899,0.9994505315332942,-0.0004628920384387201,24.0,1,McLaren,-0.0008679789261434312,1.0,2.0,1.0
2024,17,Baku,RIC,1.0097624833139782,0.012001140246928067,0.9957095739891774,1.0102863435161824,1.0112232156883847,1.0069453868793632,-0.0005532711146616488,47.0,0,RB,0.0,1.0,14.0,13.0
2024,17,Baku,RUS,0.9941677208654668,0.009216231906132367,0.979613586042794,0.996188181299174,0.9942303217844871,0.9914821399709066,-0.00016188000836176873,23.0,1,Mercedes,-0.0029502920134006905,2.0,5.0,3.0
2024,17,Baku,SAI,0.993481773850431,0.011564069277198455,0.981800141482999,0.9884167989866366,0.990421760576203,1.0018658129940845,-0.0007266570310232453,23.5,1,Ferrari,0.00012304994185663443,-15.0,3.0,18.0
2024,17,Baku,STR,1.005689637748399,0.007762567350684114,0.993578141795364,1.0049022876487483,1.0093385192042812,1.0010790451966347,0.00020415853212057435,20.0,1,Aston Martin,0.002981228936828284,-6.0,13.0,19.0
2024,17,Baku,VER,0.9953998630085247,0.008006851380845503,0.9811754113572262,0.9951254958282039,0.9943755754761243,0.9980999586947541,-0.00033051675816291227,22.5,1,Red Bull Racing,0.0009128153316297904,1.0,6.0,5.0
2024,17,Baku,ZHO,1.009996680621902,0.013703329117509816,0.9889477890984592,1.0127138677276053,1.0108560663105575,1.004875247760585,-0.0004001926693296187,23.0,1,Kick Sauber,-0.0007317211514685784,3.0,17.0,14.0
2024,18,Marina Bay,ALO,1.000958316219502,0.006149446292441217,0.9920879410884028,0.999272345070138,1.0038424315163292,0.9988019311594769,4.808788152670391e-05,29.0,1,Aston Martin,-0.0033808822214316248,-1.0,7.0,8.0
2024,18,Marina Bay,BOT,1.0095614618277415,0.011871041147071134,0.9898853538096132,1.0087009457136131,1.0106602590494775,1.0092539412215054,-1.2718798116498193e-06,29.0,1,Kick Sauber,0.00011331441784667717,3.0,19.0,16.0
2024,18,Marina Bay,COL,1.001232370857877,0.008372947516692977,0.987226008800199,1.0027055209034335,0.9984962610122353,1.004294798681312,0.00015023609526866022,29.0,1,Williams,0.0,1.0,12.0,11.0
2024,18,Marina Bay,GAS,1.0090217526931644,0.015224437743781962,0.9838257012499936,1.0092686830159157,1.0104887439625252,1.0069902973298126,0.0006108506659938747,29.0,1,Alpine,0.00085418945715654,1.0,18.0,17.0
2024,18,Marina Bay,HAM,1.0001723837509282,0.008878003168190726,0.988555681304906,1.004296606078599,0.9982525615181842,0.9972052560036249,-0.0006097208205767845,30.0,1,Mercedes,0.0019117848569585316,-3.0,3.0,6.0
2024,18,Marina Bay,HUL,1.0009814166104762,0.007418634692506747,0.9893372445328638,1.0029082417621615,1.001771499950849,0.9982088339609081,0.00031096648329658963,29.0,1,Haas F1 Team,-0.002854221101809884,-3.0,6.0,9.0
2024,18,Marina Bay,LEC,0.9950022446502788,0.013639555540552196,0.9680320339421744,0.9928935351039496,0.9955981977133594,0.9967643783646795,0.00038673037007214606,29.5,1,Ferrari,-0.0027019241198963373,4.0,9.0,5.0
2024,18,Marina Bay,MAG,1.0066898588140958,0.011988018632177974,0.9617693779467218,1.0002907169350053,1.01038920762909,1.0082521744538326,0.0023853974758662306,17.0,2,Haas F1 Team,0.002854221101809662,-5.0,14.0,19.0
2024,18,Marina Bay,NOR,0.9857660757574987,0.010328274184608443,0.9635050573230952,0.9912630221878328,0.9779671664460005,0.9908074309016767,6.229777818021802e-05,30.0,1,McLaren,-0.003028550340135383,0.0,1.0,1.0
2024,18,Marina Bay,OCO,1.0073133737788513,0.00870195138561183,0.9943514293979424,1.0069846550416262,1.0091729723482308,1.005289752042873,0.00031834172659170453,29.0,1,Alpine,-0.00085418945715654,2.0,15.0,13.0
2024,18,Marina Bay,PER,1.0017853802175603,0.007643913500093848,0.9894082957354052,1.0006676115083624,1.0009307881097682,1.0047129040826213,0.0001750731006006363,29.0,1,Red Bull Racing,0.00635483588893071,3.0,13.0,10.0
2024,18,Marina Bay,PIA,0.9918231764377696,0.009914608317760192,0.9718281981922544,0.992501978238789,0.9915940597402185,0.9919071060493192,2.4624750178446706e-05,29.5,1,McLaren,0.003028550340135494,2.0,5.0,3.0
2024,18,Marina Bay,RIC,1.005435041062144,0.014738482707876747,0.9590491319065576,1.007159148666631,1.004238824986228,1.005895719008542,-0.000112203467671146,13.5,3,RB,0.0019117193928877008,-2.0,16.0,18.0
2024,18,Marina Bay,RUS,0.996348814037011,0.009806473860830174,0.9850437218649926,0.9984495516966101,0.9945314519046883,0.994772390877511,-0.00023925829493318189,30.0,1,Mercedes,-0.0019117848569586426,0.0,4.0,4.0
2024,18,Marina Bay,SAI,1.0004060928900713,0.0069035932151991705,0.9801107383742472,0.9989416276376031,1.000068130591586,1.002912458817476,-0.0002889108640150456,29.5,1,Ferrari,0.0027019241198962263,3.0,10.0,7.0
2024,18,Marina Bay,STR,1.0077200806623652,0.009732533561329235,0.9932044599854852,1.0045306031213068,1.0102000063341305,1.0077615111791636,0.00010889951151530421,29.0,1,Aston Martin,0.0033808822214316248,3.0,17.0,14.0
2024,18,Marina Bay,TSU,1.0016116022763686,0.012478929070998663,0.9784055095132486,1.0029510449933299,1.000185499530493,1.0028242426136276,-3.46348976100358e-05,29.0,1,RB,-0.0019117193928877008,-4.0,8.0,12.0
2024,18,Marina Bay,VER,0.9890757084396987,0.009790194390718931,0.9740815363300024,0.9937643108190084,0.9838368898378201,0.9907337260232595,-0.00013933675567602135,30.0,1,Red Bull Racing,-0.006354835888930821,0.0,2.0,2.0
2024,18,Marina Bay,ZHO,1.0093348329920482,0.01175414330427141,0.9892458929867388,1.00730270682878,1.008340897957572,1.0134387450588254,0.0001997095200675242,29.0,1,Kick Sauber,-0.00011331441784667717,5.0,20.0,15.0
2024,19,Austin,ALB,1.0102690770809342,0.0145010631950573,0.9892176829998802,1.0094946380320922,1.0076616633914712,1.0150014897255064,-0.00016853667566498742,16.333333333333332,2,Williams,0.004370192068680723,-2.0,14.0,16.0
2024,19,Austin,ALO,1.0073514130703198,0.011000367583583706,0.9909847849526776,1.0073348353870923,1.0071106149466158,1.008611505108575,-0.00033354192135195276,24.5,1,Aston Martin,-0.0006075813726711399,-6.0,7.0,13.0
2024,19,Austin,BOT,1.0133079708461796,0.009783336153068027,1.0041032706361568,1.0163774922476887,1.0104112982772728,1.0152751441528505,-0.0002800641325378109,24.5,1,Kick Sauber,0.0021091563341002484,-1.0,16.0,17.0
2024,19,Austin,COL,1.0015286929435725,0.0157530967080101,0.9745118006469392,1.002115120211066,0.9994474834519795,1.0045144863122055,-0.0006450402762110247,25.0,1,Williams,-0.004370192068680945,5.0,15.0,10.0
2024,19,Austin,GAS,1.0041214760733574,0.011367340120748649,0.981500339443313,1.0077626249489056,0.9999152702169917,1.0056569778107862,-0.0008537993167719031,25.5,1,Alpine,-0.002165947220775566,-6.0,6.0,12.0
2024,19,Austin,HUL,0.9992987500499182,0.012468800839352175,0.9824288167405456,1.0022147077403292,0.9976565505182965,0.9998638000391727,-0.0006979948226213755,25.0,1,Haas F1 Team,-0.0006135611067237257,3.0,11.0,8.0
2024,19,Austin,LAW,1.0011461203626053,0.013808518780129796,0.9793039415358812,1.0032744974174128,0.9998081678531285,1.001984541907101,-0.0005476244402385287,25.0,1,RB,-0.002299066266017613,10.0,19.0,9.0
2024,19,Austin,LEC,0.9879961568909342,0.006410261524254005,0.9767381494349268,0.9874437962171604,0.9900082525829115,0.986300536214968,-0.00011121238796225471,25.5,1,Ferrari,-0.0010407441599697975,3.0,4.0,1.0
2024,19,Austin,MAG,1.0005258722633656,0.013581349631550008,0.9804919931312648,0.9979182923959223,1.0009542670571414,1.0011902430205055,-0.0008531483921955702,16.333333333333332,2,Haas F1 Team,0.0006135611067237257,-3.0,8.0,11.0
2024,19,Austin,NOR,0.9911333648111214,0.010985061459231943,0.9751906872728724,0.9919378692727879,0.9906963759651481,0.9905870654350061,-0.0003051806730210758,25.5,1,McLaren,-0.0008469443446081915,-3.0,1.0,4.0
2024,19,Austin,OCO,1.0084533705149086,0.011613565837121973,0.9717064015015374,1.007613749657065,1.007685296642034,1.011018002385615,0.004276653396644864,15.666666666666666,2,Alpine,0.002165947220775566,-6.0,12.0,18.0
2024,19,Austin,PER,0.9991260333053792,0.011170848079018742,0.9835270156942614,0.9942454758277285,1.0004416135881105,1.002444970093261,-0.0005288140417045955,25.0,1,Red Bull Racing,0.003636532165679718,2.0,9.0,7.0
2024,19,Austin,PIA,0.9928272535003378,0.012832711207353471,0.9772273471506728,0.9953089814573967,0.9928616382234172,0.9901338927386903,-0.000412827042014633,25.5,1,McLaren,0.0008469443446083025,0.0,5.0,5.0
2024,19,Austin,RUS,0.9973385647538038,0.015551580892243117,0.9749610638552774,0.9967247593920702,0.9940392156862745,1.0027631717716543,-0.00021239588470544388,25.0,1,Mercedes,0.0,14.0,20.0,6.0
2024,19,Austin,SAI,0.9900776452108738,0.009502405762383554,0.9760293119284374,0.9902835271821931,0.9904343503356133,0.9892476358358571,-0.00032692507466048026,25.5,1,Ferrari,0.0010407441599697975,1.0,3.0,2.0
2024,19,Austin,STR,1.0085665758156621,0.011060968855769434,0.9905155544906352,1.011589127122738,1.007547562549436,1.0083021961741474,-8.861768792488461e-05,24.0,1,Aston Martin,0.0006075813726711399,-2.0,13.0,15.0
2024,19,Austin,TSU,1.0057442528946408,0.011718232257649341,0.990305898326744,1.0057039872171232,1.005613455573312,1.0047028589508213,-0.0008366942979423748,24.5,1,RB,0.002299066266017835,-4.0,10.0,14.0
2024,19,Austin,VER,0.9918529689740198,0.00788356990648401,0.9795635158340322,0.9887139088105235,0.9954725889356618,0.990108486707476,-5.862278078897764e-05,25.5,1,Red Bull Racing,-0.003636532165679718,-1.0,2.0,3.0
2024,19,Austin,ZHO,1.0090896581779794,0.01030105496919569,0.9910946048480492,1.014930859047456,1.0087043402240432,1.0057756591699483,-0.00045296038811409634,15.333333333333334,2,Kick Sauber,-0.0021091563341000263,-1.0,18.0,19.0
2024,20,Mexico City,BOT,1.0111607972863728,0.01265349210905045,0.989076670671684,1.0123867261714732,1.0075477734648604,1.0136073099060634,0.0003018391870934405,31.0,1,Kick Sauber,-0.0012775396850106535,1.0,15.0,14.0
2024,20,Mexico City,COL,1.007974949196219,0.013685183803375306,0.9769396380846664,1.0037741198743522,1.011725617719429,1.0067121362225797,0.00022458890342649714,31.0,1,Williams,0.0,4.0,16.0,12.0
2024,20,Mexico City,GAS,1.0069017199408752,0.009869379853015767,0.9913820969620823,1.006449268729391,1.006589982862714,1.0066579876403956,0.000279869663219453,31.0,1,Alpine,-0.0011421455033751027,-2.0,8.0,10.0
2024,20,Mexico City,HAM,0.9965869738864535,0.011743352529812835,0.9803672824635126,0.9926803304891751,0.9980656593196485,0.9983709302809948,5.122681167625373e-05,31.5,1,Mercedes,-0.000374266315557259,2.0,6.0,4.0
2024,20,Mexico City,HUL,1.0034481410563347,0.010515204869705776,0.9849659370216088,1.0009275132773383,1.005135709310544,1.0030134292359612,0.0001605054449066006,30.5,1,Haas F1 Team,0.0017551948479943569,1.0,10.0,9.0
2024,20,Mexico City,LAW,1.008253409579934,0.012567011513836525,0.9697672007367604,1.0061027037235584,1.0089099449664272,1.0088650755773438,0.006884892378206351,19.666666666666668,2,RB,0.0,-4.0,12.0,16.0
2024,20,Mexico City,LEC,0.9909521666537853,0.010024790839460403,0.9555443062679538,0.9878016403653781,0.9916565881000082,0.9928805554166731,0.00022949512187806878,20.333333333333332,2,Ferrari,0.0009580780288848123,1.0,4.0,3.0
2024,20,Mexico City,MAG,0.9999377513603459,0.012323487021478697,0.983611956501851,0.9936772688174168,1.0013811043471266,1.0049870323648606,0.00019768818719003388,31.5,1,Haas F1 Team,-0.001755194847994468,0.0,7.0,7.0
2024,20,Mexico City,NOR,0.9896073814688605,0.012525309360027749,0.9720726270271588,0.990570556319051,0.9875616183106329,0.9900728446724616,-0.00010025238656412961,31.5,1,McLaren,-0.005126170635041727,1.0,3.0,2.0
2024,20,Mexico City,OCO,1.0091860109476254,0.013498440984750537,0.9838803130012624,1.0067768034318558,1.0107812453518061,1.0087309994081666,-3.3196580322878265e-05,30.5,1,Alpine,0.0011421455033751027,-13.0,0.0,13.0
2024,20,Mexico City,PER,1.005622417177604,0.01287652468518884,0.966193180085508,1.0052598795764411,1.0047193318851853,1.006151229908234,0.0009063549859968024,14.0,3,Red Bull Racing,0.00464376788014742,1.0,18.0,17.0
2024,20,Mexico City,PIA,0.9998597227389439,0.016797059737298288,0.9766224894944529,0.9954140836900885,1.0024091108190976,1.000757680664057,-0.00032285299910655714,31.5,1,McLaren,0.005126170635041616,9.0,17.0,8.0
2024,20,Mexico City,RUS,0.9973355065175681,0.008785263890165308,0.9847585706356998,0.997685345391069,0.995783683600466,0.9978823219478586,-2.4240730496616567e-05,31.5,1,Mercedes,0.00037426631555737,0.0,5.0,5.0
2024,20,Mexico City,SAI,0.9890360105960156,0.007549342735823568,0.9775129451515908,0.9896016311339172,0.9899821514238634,0.9855237584863801,-0.00012278703297652092,31.5,1,Ferrari,-0.0009580780288848123,0.0,1.0,1.0
2024,20,Mexico City,STR,1.0080591549013131,0.011557472910184479,0.9918334238020016,1.0052247169689161,1.0114657324928191,1.0054491777423396,0.00013614106833889528,31.0,1,Aston Martin,0.0,3.0,14.0,11.0
2024,20,Mexico City,VER,0.9963348814173094,0.008699637108053052,0.9864784918364732,1.0003158344566052,0.991600144218879,0.9967317281311184,-0.00010759858586464707,31.5,1,Red Bull Racing,-0.004643767880147198,-4.0,2.0,6.0
2024,20,Mexico City,ZHO,1.013715876656394,0.012150138868962117,0.9947853452955276,1.0144953023012542,1.014490055301326,1.0101386875091325,0.0001003350581494679,30.5,1,Kick Sauber,0.0012775396850106535,4.0,19.0,15.0
2024,21,São Paulo,ALO,1.0040746524545314,0.02146587900828508,0.974239069954658,1.0158010167213904,0.9994963395111076,1.0038836307756784,-0.0012944505008927543,27.5,1,Aston Martin,0.0,-5.0,9.0,14.0
2024,21,São Paulo,BEA,1.0084485770773048,0.029917937752393594,0.9766186411582948,1.0123588063031654,1.00655453159313,1.010912643966538,-0.0023434374451464265,28.0,1,Haas F1 Team,0.0,3.0,15.0,12.0
2024,21,São Paulo,BOT,1.0118800980241272,0.030120920312533175,0.98115284897418,1.0174188696535647,1.0067754933080164,1.0203042799909052,-0.002007038381934341,28.0,1,Kick Sauber,-0.0038515820681468416,-2.0,11.0,13.0
2024,21,São Paulo,GAS,0.9976731835389419,0.0248136542752118,0.9665676165220376,0.998047692093153,0.9975633855397706,0.9999094932875793,-0.0017560244105583086,28.5,1,Alpine,0.00040950099019698705,10.0,13.0,3.0
2024,21,São Paulo,HAM,1.006260327119163,0.028485460260320346,0.9712557269530834,1.0073419062228155,1.005924011545949,1.0082381396661622,-0.0018536954157966005,28.0,1,Mercedes,0.004516290372527099,4.0,14.0,10.0
2024,21,São Paulo,LAW,1.0071501368819415,0.031168940809119947,0.9722264972948657,1.01417498389678,1.004927794638192,0.9989765038797531,-0.001820941304983754,28.5,1,RB,0.0024319105545416164,-4.0,5.0,9.0
2024,21,São Paulo,LEC,0.9985380327801809,0.02701207624648234,0.9664018752441724,1.0007480403752425,0.9962530588831185,0.9961602746082194,-0.0021399931983841223,18.333333333333332,2,Ferrari,0.0,1.0,6.0,5.0
2024,21,São Paulo,NOR,0.996946033251946,0.02429851528008859,0.9650522676958412,0.9994903122632499,0.9955186533738568,0.9939478699265153,-0.0015688746369194734,29.0,1,McLaren,-0.0012480348840484545,-5.0,1.0,6.0
2024,21,São Paulo,OCO,0.9968541815585479,0.024960525213445838,0.968059288022825,0.9954299358772051,0.9926144197821207,1.004251441591646,-0.0016125094992078949,29.0,1,Alpine,-0.00040950099019698705,2.0,4.0,2.0
2024,21,São Paulo,PER,1.0059301129915794,0.02501010394339011,0.9724632705489588,1.0047869726610488,1.0078219647931672,1.005068719766047,-0.001512882469478519,28.0,1,Red Bull Racing,0.00781651970257613,1.0,12.0,11.0
2024,21,São Paulo,PIA,0.999442103020043,0.023092326102006136,0.9652298476364112,1.0073145141475917,0.9968953480566556,0.9988073024061718,-0.001410377299566198,28.0,1,McLaren,0.0012480348840485656,0.0,8.0,8.0
2024,21,São Paulo,RUS,0.9972277463741087,0.02794383438748582,0.9665676165220376,0.9994750567820259,0.9953716082068623,0.9968084878781142,-0.0016373469600043712,29.5,1,Mercedes,-0.00451629037252721,-2.0,2.0,4.0
2024,21,São Paulo,TSU,1.002286315772858,0.027659181796437643,0.9687340917969908,1.0007935401185992,1.0025343616812052,0.999197956473974,-0.002013567299381372,28.5,1,RB,-0.0024319105545418385,-4.0,3.0,7.0
2024,21,São Paulo,VER,0.9902970735864273,0.023618718708412954,0.9526808651694704,0.9917291951582111,0.9880257691508986,0.9965684476269429,-0.0014077003595746687,28.5,1,Red Bull Racing,-0.00781651970257602,16.0,17.0,1.0
2024,21,São Paulo,ZHO,1.0195832621604208,0.030281435543234984,0.9832956469237236,1.0249408995225477,1.0175027250612938,1.0208227163320187,-0.0019038857480358005,28.0,1,Kick Sauber,0.0038515820681468416,4.0,19.0,15.0
2024,22,Las Vegas,ALO,1.0038301086238735,0.011907837813522356,0.981763458791111,1.0076348117233735,1.0041297046553308,1.000480236201494,0.00024195025450757728,15.0,2,Aston Martin,0.0002691165081285529,5.0,16.0,11.0
2024,22,Las Vegas,BOT,1.0109355927534514,0.017411832902388118,0.9822515290325532,1.012841061817153,1.0113716802648536,1.0082848550581742,0.0007760717341877073,14.666666666666666,2,Kick Sauber,0.0033752517061531595,1.0,19.0,18.0
2024,22,Las Vegas,COL,1.005206647471497,0.01635246995439464,0.984956251620546,1.009465311672286,1.0085308405834936,0.998785852012533,-0.00018301016384765877,15.0,2,Williams,0.0,6.0,20.0,14.0
2024,22,Las Vegas,HAM,0.9918030184658893,0.014431835098349291,0.9708530552688708,0.9885603577688179,0.9932081938106307,0.9925530248252591,-0.00015063683694052068,15.0,2,Mercedes,-0.0005420767658941283,8.0,10.0,2.0
2024,22,Las Vegas,HUL,1.0024748098700909,0.013074129317333073,0.9820888389520726,1.0039227244504176,1.003306374283979,1.0004531212340322,0.0005059968745090439,15.0,2,Haas F1 Team,-0.002637247550180799,1.0,9.0,8.0
2024,22,Las Vegas,LAW,1.0079283169428725,0.012194251244411196,0.9861052503139413,1.0113028852577555,1.001081374158471,1.0107224632441552,0.00038838843636167475,15.0,2,RB,0.00237358048668046,-2.0,14.0,16.0
2024,22,Las Vegas,LEC,0.9948023171842063,0.01661119906787773,0.9728256724947,0.9949171991543072,0.9946016419023648,0.9912837168725832,-0.0007339908559689069,15.333333333333334,2,Ferrari,5.6808900385396655e-05,0.0,4.0,4.0
2024,22,Las Vegas,MAG,1.0077493049704522,0.01669772654114657,0.9818041313112312,1.0099324392457394,1.0071641919222833,1.006438362486731,0.00035444282352391205,23.5,1,Haas F1 Team,0.002637247550180577,0.0,12.0,12.0
2024,22,Las Vegas,NOR,0.9959934020659513,0.015122621633605449,0.9647115047307226,0.9941691849361152,0.998039628436561,0.9950701205670183,-0.00018046803073047614,10.75,3,McLaren,-0.0018660857012298138,0.0,6.0,6.0
2024,22,Las Vegas,OCO,1.0081440809837172,0.009426897033774457,0.9813363973298492,1.0133938485682463,1.0078019075532625,1.0042633556979266,0.0024841265558992556,14.333333333333334,2,Alpine,0.0,-6.0,11.0,17.0
2024,22,Las Vegas,PER,1.0016283695347008,0.014779350869312001,0.9794552932742904,1.0008826326503344,0.9999762372128596,1.0035243432152325,9.400680136891516e-05,15.0,2,Red Bull Racing,0.003772150282702169,5.0,15.0,10.0
2024,22,Las Vegas,PIA,0.9997255734684111,0.011171158113457978,0.9822210246424632,0.999689545951129,1.0032119925097018,0.9961436490720654,0.0008037558998436269,15.0,2,McLaren,0.0018660857012299248,1.0,8.0,7.0
2024,22,Las Vegas,RUS,0.9928871719976774,0.01242280644234392,0.973262902085992,0.9877956190610929,0.9870390948779115,0.9987037866641516,-0.0009495283271759358,15.333333333333334,2,Mercedes,0.0005420767658940173,0.0,1.0,1.0
2024,22,Las Vegas,SAI,0.9946886993834355,0.017582110210015243,0.9748694666307394,0.98895490949675,0.9963454346745629,0.9938484391210034,-0.0011839319294263257,15.333333333333334,2,Ferrari,-5.6808900385396655e-05,-1.0,2.0,3.0
2024,22,Las Vegas,STR,1.0032918756076166,0.011143247233674974,0.9881287081899204,1.0104171087689513,1.0013825925870148,0.9993847915160277,-0.001611111289556132,15.0,2,Aston Martin,-0.0002691165081283309,3.0,18.0,15.0
2024,22,Las Vegas,TSU,1.0031811559695116,0.011139095878066775,0.98587138332325,1.0071836709029889,0.9998068855185892,1.0029868643046518,0.000602195346144128,15.0,2,RB,-0.00237358048668046,-2.0,7.0,9.0
2024,22,Las Vegas,VER,0.9940840689692964,0.009951407100943263,0.9786621791319468,0.9907571148994366,0.9912429109079561,0.9987213786454565,-0.00013192428454878772,15.0,2,Red Bull Racing,-0.00377215028270228,0.0,5.0,5.0
2024,22,Las Vegas,ZHO,1.0041850893411448,0.013448339790895941,0.9794349570142304,1.0009101412369434,1.0070147078264915,1.003985297662087,0.0005453496068311992,15.0,2,Kick Sauber,-0.0033752517061533815,0.0,13.0,13.0
2024,23,Lusail,ALB,1.015027056057075,0.013647633198458032,0.9937685477173605,1.0157181366317407,1.0131122776663652,1.018669308351848,0.000612113409220805,21.0,1,Williams,0.0,1.0,16.0,15.0
2024,23,Lusail,ALO,0.9995340797560427,0.016914630300224637,0.97179295085109,0.998963232726932,1.0016225946500512,1.0000974754762633,-0.0014950097086884229,22.0,1,Aston Martin,0.0,1.0,8.0,7.0
2024,23,Lusail,BOT,1.0124228186198794,0.011731420899417757,0.993466557485583,1.0114034880630445,1.0055839761535519,1.0239913654547799,-0.00022376485340079358,13.666666666666666,2,Kick Sauber,0.005092948479298531,2.0,13.0,11.0
2024,23,Lusail,GAS,0.9970466200060085,0.016550780425384028,0.9722343211898417,0.9974673357990558,0.9972951542676977,0.998475009838646,-0.0013828533516724636,22.0,1,Alpine,0.0,6.0,11.0,5.0
2024,23,Lusail,HAM,0.9996371692453371,0.014912862817142197,0.9740927226161646,0.9999472171545735,1.0013402278059584,0.9995189995189997,-0.00670547878794374,14.0,2,Mercedes,0.004509495054337509,-6.0,6.0,12.0
2024,23,Lusail,LAW,1.0134232546205297,0.009393776123322367,0.999773507326167,1.017618656985441,1.0111173147661587,1.0130188974885943,-0.0006128891181756504,22.0,1,RB,-0.0009038823401945617,3.0,17.0,14.0
2024,23,Lusail,LEC,0.987976013716035,0.015336750674618472,0.9668565720624192,0.9892708582688909,0.9922469951371684,0.9835756150570965,-0.0011139704864875253,22.5,1,Ferrari,-0.001885761225099536,3.0,5.0,2.0
2024,23,Lusail,MAG,1.0025937935605043,0.016230442643675496,0.9786690361284852,1.004237703507433,0.9979571947074299,1.0081555682330876,-0.0010267367831503468,14.333333333333334,2,Haas F1 Team,0.0,1.0,10.0,9.0
2024,23,Lusail,NOR,0.9851626364611608,0.013960026427736097,0.9568908944137616,0.9866166700915869,0.9877735742771366,0.9824854301598488,-0.0006298573620938531,14.333333333333334,2,McLaren,-0.0012573155064801167,-7.0,3.0,10.0
2024,23,Lusail,PER,1.002295512928473,0.010695877228384689,0.9906208803015256,1.0042599473361018,1.0046770345903293,0.9992691464913686,-0.0010063326411033516,30.0,0,Red Bull Racing,0.009406737608560034,-8.0,9.0,17.0
2024,23,Lusail,PIA,0.9876772674741211,0.013957765037997366,0.9665778118484708,0.9901794508610632,0.9917822423241497,0.9819196656317868,-0.0011603937465135285,22.0,1,McLaren,0.0012573155064802277,1.0,4.0,3.0
2024,23,Lusail,RUS,0.9906181791366621,0.014116494215814922,0.96816906806976,0.9902451492599629,0.9960096083062879,0.9870595955867274,-0.0008584615759044978,14.333333333333334,2,Mercedes,-0.004509495054337509,-3.0,1.0,4.0
2024,23,Lusail,SAI,0.9917475361662341,0.01441734577750895,0.9694467190503572,0.9904022742174927,0.9963215974776669,0.9903918331948635,-0.0014553892253856148,22.0,1,Ferrari,0.001885761225099536,1.0,7.0,6.0
2024,23,Lusail,TSU,1.0152310193009186,0.010383474346980663,1.0005633279323545,1.0205978983010862,1.009376242468728,1.0174612082019492,-0.000402613552162987,22.5,1,RB,0.0009038823401943397,1.0,14.0,13.0
2024,23,Lusail,VER,0.9834820377113529,0.012809972954305162,0.9629423140582262,0.9831045333277824,0.9849626877083525,0.9844690289134733,-0.0006743649858633058,22.5,1,Red Bull Racing,-0.009406737608560034,1.0,2.0,1.0
2024,23,Lusail,ZHO,1.0022369216612823,0.01768199980800296,0.9743714828301132,1.0016326502291468,0.9994441386059882,1.0085359770544957,-0.001846171036960509,22.5,1,Kick Sauber,-0.005092948479298531,4.0,12.0,8.0
2024,24,Yas Island,ALB,1.005515384443693,0.00602612375756097,0.9981251255496284,1.0087785073859437,1.002146804435363,1.0103813608573355,0.0004805797429928792,26.0,1,Williams,0.0,7.0,18.0,11.0
2024,24,Yas Island,ALO,0.997928184956102,0.010153477984101662,0.9814967747695468,0.9939497202585255,1.0020247949468295,0.9980226239785729,0.0010088417407445483,17.0,2,Aston Martin,-0.0019783667322698095,-1.0,8.0,9.0
2024,24,Yas Island,DOO,1.0079671433403325,0.007705927364675863,0.9945874160212486,1.0021906098357847,1.0101087247731735,1.01133737824581,0.00015180706542733066,26.0,1,Alpine,0.0026913921616842362,2.0,17.0,15.0
2024,24,Yas Island,GAS,1.002584359016964,0.00782716091270087,0.9956029730152,0.9985921969137634,1.0058798726990235,1.0012390450287094,-0.000943664615476901,27.0,1,Alpine,-0.0026913921616842362,-2.0,5.0,7.0
2024,24,Yas Island,HAM,0.9927967677366618,0.01299716573146669,0.9740195969019932,0.9911890129350777,0.9973341467553193,0.991078647713212,-0.00023062281469870443,26.5,1,Mercedes,-0.0008087817569493172,12.0,16.0,4.0
2024,24,Yas Island,HUL,1.0020033193531936,0.004518149753839045,0.99493337499721,1.003744157144246,0.9999789124927296,1.006122809718492,0.0010763624947281061,26.5,1,Haas F1 Team,-0.00046931894802981766,-1.0,7.0,8.0
2024,24,Yas Island,LAW,1.0035016177203178,0.009413227481248822,0.9904582282436444,1.0023661731460383,1.0066649044007614,1.0031538743465598,6.798011294890614e-05,15.666666666666666,2,RB,-0.0011654836614614084,-5.0,12.0,17.0
2024,24,Yas Island,LEC,0.9926169448727112,0.007939647138718421,0.9822779724572016,0.9967319419957802,0.9930082653220357,0.9926141968445119,-5.2473209544167964e-05,26.5,1,Ferrari,0.001533506970253229,16.0,19.0,3.0
2024,24,Yas Island,MAG,1.0029419572492535,0.011581009336962841,0.9557060911099704,1.0028757922057912,0.9978471230640426,1.0116143592909088,0.0014458428970413348,11.75,3,Haas F1 Team,0.0004693189480300397,-2.0,14.0,16.0
2024,24,Yas Island,NOR,0.9883905343640185,0.007932141459930805,0.9758051916166328,0.9966510156518906,0.9931748039561108,0.9798059165239584,-0.00011101540834877775,27.0,1,McLaren,-0.0026876008682308328,0.0,1.0,1.0
2024,24,Yas Island,PIA,0.9937657361004801,0.009573729712423044,0.9786175032921904,0.9961865598488385,0.9937426548308154,0.9951670725709443,7.377072010020922e-05,25.5,1,McLaren,0.0026876008682308328,-8.0,2.0,10.0
2024,24,Yas Island,RUS,0.9944143312505604,0.008293866935875473,0.9842532866102716,0.9889157183658134,0.9991471819734181,0.9945842385261464,8.674428417424136e-05,26.5,1,Mercedes,0.0008087817569493172,1.0,6.0,5.0
2024,24,Yas Island,SAI,0.9895499309322047,0.00885026003412189,0.9794545008146776,0.995976279122317,0.9909804408556812,0.9849372642512563,-0.0003401925686515036,27.0,1,Ferrari,-0.00153350697025334,1.0,3.0,2.0
2024,24,Yas Island,STR,1.0018849184206415,0.007631009371275499,0.9888177130995692,0.9985639883024647,1.0004402973436608,1.0080761559383498,0.0006250225375109252,16.666666666666668,2,Aston Martin,0.0019783667322696985,-1.0,13.0,14.0
2024,24,Yas Island,TSU,1.0058325850432406,0.007831770285818666,0.995469053411602,1.0065343374074749,1.0054952195488662,1.0085646372364414,0.00043659381314651235,26.0,1,RB,0.0011654836614614084,-1.0,11.0,12.0
2024,24,Yas Island,VER,0.9937186231211774,0.010063669134795594,0.9794545008146776,0.9938427664197714,0.9967471294017721,0.9928177583149441,-3.803689445891674e-05,26.5,1,Red Bull Racing,0.0,-2.0,4.0,6.0
2024,24,Yas Island,ZHO,1.000085931745642,0.009270247114742565,0.9818762136464076,1.0009324606600751,1.003095077194989,0.9988328800241766,0.0002104757666491282,16.666666666666668,2,Kick Sauber,0.0,2.0,15.0,13.0
2025,1,Melbourne,ALB,1.0009115504402462,0.02687101498812355,0.9219024993597672,1.0009466063348413,1.0058860384335429,1.0009533785397944,-0.003129591100849966,11.333333333333334,2,Williams,0.0,1.0,6.0,5.0
2025,1,Melbourne,ANT,0.999682688137889,0.03128970168626792,0.9252153634070192,1.0076742081447965,0.996144053611629,0.9973339213848613,-0.003145492339280807,11.333333333333334,2,Mercedes,0.0036005280838625753,12.0,16.0,4.0
2025,1,Melbourne,BEA,1.0131002522789563,0.022870479174952232,0.954660622142791,1.0106403846153846,1.0235945413251188,1.0125562324273663,-0.0036209348857126414,10.666666666666666,2,Haas F1 Team,-0.0027865350153637447,6.0,20.0,14.0
2025,1,Melbourne,GAS,1.0041066748450405,0.02797343776572367,0.9265121753202528,1.0055191208791208,1.0046109896994875,1.0051773106618465,0.0023812511662256127,11.666666666666666,2,Alpine,0.0,-2.0,9.0,11.0
2025,1,Melbourne,HAM,1.003697609131687,0.02892763117009975,0.9177723168798052,1.0003282051282052,0.9928209679945703,1.0140990662640144,0.005530089084116576,12.0,2,Ferrari,0.002170888570437457,-2.0,8.0,10.0
2025,1,Melbourne,HUL,1.0083334428433195,0.028777656776175466,0.9289423354601776,1.0128054298642535,1.0104591202115474,1.0061532241762683,-0.002273220466718591,11.333333333333334,2,Kick Sauber,0.0,10.0,17.0,7.0
2025,1,Melbourne,LAW,1.0110852805083832,0.03977820189313893,0.904172138159508,1.0019607427055703,1.0099885315526334,1.0214980232470454,0.023650537380946926,14.5,1,Red Bull Racing,0.013436422761518685,3.0,18.0,15.0
2025,1,Melbourne,LEC,0.9993558319908122,0.028533163793743224,0.929247467675056,0.9906162393162394,0.9957650962715443,1.010620986497275,0.00440759452686854,12.0,2,Ferrari,-0.002170888570437235,-1.0,7.0,8.0
2025,1,Melbourne,NOR,0.9784659166537581,0.02813612231593089,0.8954213821399577,0.9796975824175823,0.995351716627757,0.9717791761503102,-0.003572903640429036,11.666666666666666,2,McLaren,-0.0023589183612440223,0.0,1.0,1.0
2025,1,Melbourne,OCO,1.018673322309684,0.02579579561478765,0.94551755327554,1.018550226244344,1.0129867537261865,1.0239902971497878,0.006490739127851409,11.333333333333334,2,Haas F1 Team,0.0027865350153639667,6.0,19.0,13.0
2025,1,Melbourne,PIA,0.9831837533762463,0.02975146557052504,0.9071362796754702,0.9865429864253393,0.9883599866093775,0.9803855412830548,-0.009139244202858816,11.333333333333334,2,McLaren,0.0023589183612441333,-7.0,2.0,9.0
2025,1,Melbourne,RUS,0.9924816319701638,0.025063280430384995,0.9270025663798788,0.9946986425339366,0.9993412182395017,0.9898281786941581,-0.0029237049541187723,11.333333333333334,2,Mercedes,-0.0036005280838625753,1.0,4.0,3.0
2025,1,Melbourne,STR,1.006109695672283,0.026207338476679345,0.9321571212955042,1.0121656108597286,1.0137591715013161,0.9999933844203099,-0.0025262387033769783,11.333333333333334,2,Aston Martin,0.0,7.0,13.0,6.0
2025,1,Melbourne,TSU,1.004175485273089,0.02925202227968641,0.917510774981338,1.0022232967032967,1.0027522730493545,1.0089018610255722,0.005945254115278135,11.666666666666666,2,Racing Bulls,0.0,-7.0,5.0,12.0
2025,1,Melbourne,VER,0.9842124349853459,0.028537964504481667,0.905381769439919,0.9801059829059828,0.9896970013400862,0.9873331250650837,0.004455347878168527,12.0,2,Red Bull Racing,-0.013436422761518574,1.0,3.0,2.0
2025,2,Shanghai,ALB,1.000855026146074,0.010313876783199932,0.9850685169834108,1.0023961794170066,1.002496149386857,1.000495318944086,-0.000414188622349826,26.5,1,Williams,-0.0018718661833876382,3.0,10.0,7.0
2025,2,Shanghai,ANT,1.001100450317632,0.01051937472278944,0.982939834003664,1.002989801415004,1.0044252099267064,0.9993416703789393,0.000140678919561254,26.5,1,Mercedes,0.0031713745490749012,2.0,8.0,6.0
2025,2,Shanghai,BEA,1.0021576472800882,0.012477113904641034,0.9861840287372204,1.0042066903585232,1.0066954822347836,0.9994489969679116,-0.00033557171948462737,26.5,1,Haas F1 Team,0.0008669015092137577,9.0,17.0,8.0
2025,2,Shanghai,BOR,1.0043007101830632,0.011848449868061767,0.9811795769242578,1.0037757965803682,1.0027627015043958,1.0074644766512848,0.000629713325083424,25.5,1,Kick Sauber,-0.0038701216736258814,5.0,19.0,14.0
2025,2,Shanghai,DOO,1.0053033633924844,0.009311411780684857,0.9868083059572422,1.0068320758332219,1.0053926155767006,1.0060498067223267,-0.0004718772809127039,26.5,1,Alpine,0.0009307195176322391,5.0,18.0,13.0
2025,2,Shanghai,GAS,1.0034419243572197,0.010375071953453247,0.9868185400100294,1.0011134931509325,1.0031868795768462,1.0068226479759732,-0.0003017843124005877,26.5,1,Alpine,-0.0009307195176324612,-4.0,16.0,20.0
2025,2,Shanghai,HAD,1.0018507582128775,0.01056759437764059,0.9811181726075344,1.0019551487964413,1.004414810948678,1.001736500007467,-0.00011354440636795943,17.0,2,Racing Bulls,0.0004651665451622655,-4.0,7.0,11.0
2025,2,Shanghai,HAM,0.9929664504132591,0.013675127420519594,0.9729411644305264,0.9917969410412182,0.9916827419663661,0.995156149305759,-0.00025909336081595546,17.333333333333332,2,Ferrari,-0.00197579177090601,-14.0,5.0,19.0
2025,2,Shanghai,HUL,1.0120409535303152,0.012379426666241256,0.9955174848791872,1.0093121287602989,1.0150916780528851,1.0133621257835843,0.0005401593906078423,26.0,1,Kick Sauber,0.0038701216736261035,-3.0,12.0,15.0
2025,2,Shanghai,LAW,1.0011325685084551,0.0130386463724389,0.982315556783642,0.9973956396124268,1.0047401862009684,1.0026693845855175,0.0002044505638644885,17.0,2,Red Bull Racing,0.003194118676522084,8.0,20.0,12.0
2025,2,Shanghai,LEC,0.9969180339550711,0.009583962962003555,0.984075813863048,0.9965684165621262,1.0015697326939008,0.9942579193816816,-0.00043013674491175225,27.0,1,Ferrari,0.001975791770905899,-12.0,6.0,18.0
2025,2,Shanghai,NOR,0.9941904693677744,0.009998477562984364,0.9768812747536152,0.9947528442881055,0.9942691900292183,0.994705279822854,-2.8042977853931684e-05,27.0,1,McLaren,0.00104027251387373,1.0,3.0,2.0
2025,2,Shanghai,OCO,1.0004238442616606,0.01029532572137609,0.9798082138507672,1.0024243782695303,1.0016182000056868,1.0000920583712942,-0.00010826693874389868,26.5,1,Haas F1 Team,-0.0008669015092137577,6.0,11.0,5.0
2025,2,Shanghai,PIA,0.9921099243400269,0.007959916095743142,0.9775567222375732,0.9958786292465482,0.990552128232674,0.9919096076274295,-0.00010418202648908378,27.0,1,McLaren,-0.0010402725138738411,0.0,1.0,1.0
2025,2,Shanghai,RUS,0.994757701219482,0.009629557541265984,0.9805860018625976,0.9978033816931604,0.9957950228874929,0.9930132436320556,-0.0002862436586211432,27.0,1,Mercedes,-0.0031713745490750123,-1.0,2.0,3.0
2025,2,Shanghai,SAI,1.0045987585128493,0.008599785515562055,0.990441394696714,1.0039919452508432,1.006317210012329,1.005525298538562,-0.00015935533652698723,26.5,1,Williams,0.0018718661833876382,5.0,15.0,10.0
2025,2,Shanghai,STR,1.0044153179440214,0.011532377306894895,0.9829193658980894,1.0044850636462561,1.0035389538920028,1.0067449596919054,-5.513469235922432e-05,26.5,1,Aston Martin,0.0,5.0,14.0,9.0
2025,2,Shanghai,TSU,1.0009204251225527,0.010019523987963174,0.981148874765896,1.0036485278150347,1.0023451919332171,0.9999757037001777,0.0006663411658085414,12.0,3,Racing Bulls,-0.00046516654516248757,-7.0,9.0,16.0
2025,2,Shanghai,VER,0.994744331155411,0.010748598761195948,0.9772292325483816,0.9956761759463788,0.9967402774613973,0.9945029925706648,6.835669670800395e-05,26.5,1,Red Bull Racing,-0.003194118676521973,0.0,4.0,4.0
2025,3,Suzuka,ALB,0.9986547643316203,0.01271194187886921,0.9777045803246676,0.9983051261685096,0.9999489464292044,0.9965991902834009,-0.000648180189513134,25.0,1,Williams,-0.003627672928982917,0.0,9.0,9.0
2025,3,Suzuka,ALO,1.00172419342725,0.011964197539892361,0.984624958424085,1.0022869188000243,1.001036671118097,1.0026428709135478,-0.0003328720514391284,25.0,1,Aston Martin,-0.0026503689841050893,1.0,12.0,11.0
2025,3,Suzuka,ANT,0.9947546752786929,0.012805570495425274,0.9759878973852774,0.9929522820309158,0.9967637708734651,0.9936511608692061,-0.00038449123608806906,25.0,1,Mercedes,-0.0007633432652696115,0.0,6.0,6.0
2025,3,Suzuka,BEA,1.0019827687949958,0.011863585911245488,0.987157065759686,0.9991482861856175,1.0032263020433243,1.0045267013688066,-0.00024573892488089004,25.0,1,Haas F1 Team,-0.0027143976052272922,0.0,10.0,10.0
2025,3,Suzuka,BOR,1.0067963477570465,0.013436674294041598,0.9874574852740792,1.0094928820186961,1.0062323173830316,1.0035814811754662,-0.000368442499282597,25.0,1,Kick Sauber,-0.0002202718796604497,-2.0,17.0,19.0
2025,3,Suzuka,DOO,1.0066566526828535,0.010703759997348329,0.9944422389837236,1.007491293456345,1.0059543590531452,1.0071210994519264,-0.0006353726436714519,25.0,1,Alpine,0.0023067926998057153,4.0,19.0,15.0
2025,3,Suzuka,GAS,1.0020430672832419,0.0133150736737439,0.9851614218426444,1.0006262601576341,1.0038153089804647,1.0007987000468204,-0.00022756272172255292,25.0,1,Alpine,-0.0023067926998059374,-2.0,11.0,13.0
2025,3,Suzuka,HAD,0.9983346029634238,0.012039611230381974,0.979764599851936,0.9970196126351805,0.9991013626103501,0.9992486711283705,-0.0006269720636187629,25.0,1,Racing Bulls,-0.004632254326577656,-1.0,7.0,8.0
2025,3,Suzuka,HAM,0.9972507322725663,0.011313808845112806,0.980719504736972,0.9971894666096415,0.9975399742368556,0.9970167176182214,-0.00028437400868692157,25.0,1,Ferrari,0.0006562483367005267,1.0,8.0,7.0
2025,3,Suzuka,HUL,1.0072368915163674,0.011987927303173261,0.9932298316577792,1.0085788476813098,1.0084536204308825,1.0023145776529236,-0.0005494868490704646,25.0,1,Kick Sauber,0.0002202718796604497,0.0,16.0,16.0
2025,3,Suzuka,LAW,1.007599111616579,0.011976575494287146,0.98755404868942,1.0124506629192886,1.0053639339612606,1.0043934010851305,-4.604872043578528e-06,25.0,1,Racing Bulls,0.004632254326577545,-4.0,13.0,17.0
2025,3,Suzuka,LEC,0.9959382355991654,0.011994082111958532,0.9813954486443568,0.9961611779800819,0.9947183004759391,0.9940397211516185,-0.0006129149693198776,25.5,1,Ferrari,-0.0006562483367004157,0.0,4.0,4.0
2025,3,Suzuka,NOR,0.9926834804820933,0.011244701564437305,0.977608016909327,0.9886637746685403,0.9945611911758333,0.9927231351379959,-0.0006107105314462173,25.5,1,McLaren,-0.00022541982470059008,0.0,2.0,2.0
2025,3,Suzuka,OCO,1.0074115640054502,0.013170598466443053,0.9867386242932094,1.006844259791043,1.0083604949360057,1.006555950315349,-0.00030240335267832277,25.0,1,Haas F1 Team,0.00271439760522707,0.0,18.0,18.0
2025,3,Suzuka,PIA,0.9931343201314945,0.0125402971333518,0.9767818632447454,0.9893034765076067,0.9930712017957732,0.9966167303628605,-0.0006679561169512254,25.5,1,McLaren,0.00022541982470059008,0.0,3.0,3.0
2025,3,Suzuka,RUS,0.9962813618092322,0.013330791422759251,0.9801937705867836,0.9895747540783282,0.9988212167999431,0.9974451318989135,-0.0008107037924235296,25.5,1,Mercedes,0.0007633432652697225,0.0,5.0,5.0
2025,3,Suzuka,SAI,1.0059101101895862,0.015140978599696903,0.977500724225615,1.010386753833934,1.0052386636255126,0.9997356027431215,-0.00019156681357992058,25.0,1,Williams,0.003627672928983028,1.0,15.0,14.0
2025,3,Suzuka,STR,1.00702493139546,0.014448516312310289,0.9876506121047606,1.0123958562182076,1.0032303251773511,1.0065167595162798,-0.0009134059133014349,15.666666666666666,2,Aston Martin,0.002650368984104867,0.0,20.0,20.0
2025,3,Suzuka,TSU,1.0024456294325288,0.01294496125186996,0.9857086145295753,1.0053296266878475,1.0004604275736553,1.0022033104739871,-0.000361912204323671,25.0,1,Red Bull Racing,0.004974692601201536,2.0,14.0,12.0
2025,3,Suzuka,VER,0.9924962442301256,0.010427154324982226,0.9768033217814877,0.9895851408321623,0.9938062323266521,0.9926194499392201,-0.000464407130282978,25.5,1,Red Bull Racing,-0.004974692601201647,0.0,1.0,1.0
2025,4,Sakhir,ALB,1.00227078317231,0.009483048456163832,0.9868743206038624,0.9989053613649435,1.0046343054132116,1.001230604159789,0.0009502565453446151,16.666666666666668,2,Williams,-0.0024680182910654658,3.0,15.0,12.0
2025,4,Sakhir,ALO,1.0061735393617994,0.008590927328592457,0.9946461044568388,1.0077647134002172,1.0037631603465946,1.007184714427204,0.0002842085759665126,16.666666666666668,2,Aston Martin,-0.0010205926874118365,-2.0,13.0,15.0
2025,4,Sakhir,ANT,0.999285258331386,0.008166482857163183,0.9822925238487092,0.9951980424734276,1.0025165766017576,0.9976434398041159,0.001842571321921454,12.0,3,Mercedes,0.003546947082349039,-6.0,5.0,11.0
2025,4,Sakhir,BEA,1.0026649599219772,0.008641519526433711,0.9885201101256692,0.9997546169084286,1.005137892481133,1.000842687355563,0.0006754640844570439,16.666666666666668,2,Haas F1 Team,0.0020172731705829783,10.0,20.0,10.0
2025,4,Sakhir,BOR,1.0092286123556125,0.007614898575966893,0.995662023914744,1.0043970860757876,1.0100740706233113,1.012763288213932,0.000385476706494837,16.666666666666668,2,Kick Sauber,0.0026485020267592585,0.0,18.0,18.0
2025,4,Sakhir,DOO,1.001750344566016,0.007479806090564735,0.9822112502920768,1.0056992459582084,0.9988052812199136,1.0006688813689888,0.0010714029598853552,16.0,2,Alpine,0.002122990906967992,-3.0,11.0,14.0
2025,4,Sakhir,GAS,0.9975043627520801,0.010031457371862418,0.9806772119106396,1.0043559758877032,0.990209006364122,0.9974186604321492,0.0002802232093514064,16.333333333333332,2,Alpine,-0.002122990906967992,-3.0,4.0,7.0
2025,4,Sakhir,HAD,1.0037453564014778,0.008727748790063956,0.9849542328284212,1.0037788623341215,1.004902617317308,1.0004505062176736,0.000350911985005516,16.0,2,Racing Bulls,-0.0003590936643875775,-1.0,12.0,13.0
2025,4,Sakhir,HAM,0.995502930927636,0.010187830436397387,0.9776700903152398,0.9964259697105249,0.9941670548774806,0.9954861340376361,0.00036797118601603784,16.666666666666668,2,Ferrari,0.0012196352132025634,4.0,9.0,5.0
2025,4,Sakhir,HUL,1.0039316083020937,0.008558601912088756,0.988875681935936,1.0030473193175282,1.004185397838442,1.003422643611753,-0.0011238370931413017,16.0,2,Kick Sauber,-0.0026485020267594805,-4.0,16.0,20.0
2025,4,Sakhir,LAW,1.0044635437302531,0.009584803135346187,0.9893023681082562,1.002142628921976,1.0049557439672039,1.0053870914493233,0.0004569108903816376,16.666666666666668,2,Racing Bulls,0.00035909366438779955,1.0,17.0,16.0
2025,4,Sakhir,LEC,0.9930636605012308,0.010691111153129757,0.9766236932735972,0.9985679596140329,0.9875347791217484,0.9922319538578059,0.0005323211861553908,17.0,2,Ferrari,-0.0012196352132025634,-2.0,2.0,4.0
2025,4,Sakhir,NOR,0.9917840003840572,0.009798408099820435,0.9725193786636596,0.9964700619847914,0.986962967428656,0.990839369752523,0.00013133479346637693,17.0,2,McLaren,0.002103949277332484,3.0,6.0,3.0
2025,4,Sakhir,OCO,0.9986304135808113,0.006668776241091755,0.9864374752369632,0.9990680980680343,0.9972592316531569,0.9992993080774731,0.001000596844006757,16.0,2,Haas F1 Team,-0.0020172731705829783,6.0,14.0,8.0
2025,4,Sakhir,PIA,0.9875761018293922,0.010494997711907568,0.966545772251176,0.9929516263020003,0.9848725663749147,0.9830033532065846,0.0003093408155403546,17.0,2,McLaren,-0.002103949277332595,0.0,1.0,1.0
2025,4,Sakhir,RUS,0.992191364166688,0.009318255605804989,0.9703859478020582,0.9994035827635419,0.9963114963498164,0.9906868017763768,0.0004331466620406444,17.0,2,Mercedes,-0.003546947082349039,1.0,3.0,2.0
2025,4,Sakhir,SAI,1.007206819754441,0.011250471092013131,0.9849745512175794,1.004864756305743,1.007559758584635,1.003946801291222,0.0006188440450139826,12.0,2,Williams,0.0024680182910654658,-11.0,8.0,19.0
2025,4,Sakhir,STR,1.0082147247366229,0.006823844632101432,0.996251257200329,1.0052207808805675,1.0092066523805088,1.009117695609112,0.0003509320181716625,16.666666666666668,2,Aston Martin,0.0010205926874116145,2.0,19.0,17.0
2025,4,Sakhir,TSU,1.0016652951753984,0.008331414807654036,0.9877276929485028,0.9981871046073231,1.0025705767259852,1.003355067679102,0.0011664884459679646,16.666666666666668,2,Red Bull Racing,0.00260860179005018,1.0,10.0,9.0
2025,4,Sakhir,VER,0.9964480915952981,0.009758082993484721,0.976979265083864,0.995504238822502,0.9941021072082984,1.0006310526026192,0.0011529715436442067,16.0,2,Red Bull Racing,-0.002608601790050069,1.0,7.0,6.0
2025,5,Jeddah,ALB,1.0018603468551028,0.009109540814628057,0.9903168734307296,1.0110059003952168,0.9991582747446772,0.9953535488964865,-0.00014985212022153576,22.5,1,Williams,0.0003663249438798921,2.0,11.0,9.0
2025,5,Jeddah,ALO,1.0041670639503062,0.011320556752244592,0.9853587736118912,1.005198141542634,1.001259773375889,1.007360729369176,-0.0006104060783320212,22.5,1,Aston Martin,-0.002828218085763945,2.0,13.0,11.0
2025,5,Jeddah,ANT,0.9949025271948011,0.008195168063947836,0.978864510387643,0.9953525832334549,0.9940921619730069,0.9966808935368298,-0.000257985692395069,22.5,1,Mercedes,0.00040505274161040106,-1.0,5.0,6.0
2025,5,Jeddah,BEA,1.0045225592364622,0.011024478838299304,0.9877848523693996,1.008836745121072,1.0070433978230724,0.9984886743685428,-0.0004243024475740395,22.5,1,Haas F1 Team,-0.003919417417641569,2.0,15.0,13.0
2025,5,Jeddah,BOR,1.0157969606116144,0.009316176501734006,1.0005932769013997,1.019830649960866,1.016402691487549,1.0120088733415809,-0.000358896393930426,44.0,0,Kick Sauber,0.00322470006513087,2.0,20.0,18.0
2025,5,Jeddah,DOO,1.012529362872616,0.01273177116792206,0.986852560095772,1.0189483471962306,1.012108777117136,1.0069642933321956,0.00042291714278068856,22.0,1,Alpine,0.0,0.0,17.0,17.0
2025,5,Jeddah,HAD,1.0028121795981022,0.010005722643632942,0.9879861427466604,1.008034533308503,0.9989616345156139,1.0020364535615591,-0.0001357155339412249,22.5,1,Racing Bulls,0.00013619471724579668,4.0,14.0,10.0
2025,5,Jeddah,HAM,0.9960761324937996,0.0104024495227488,0.9810257333855984,0.9934552886291249,0.9957508448212132,1.0009675761435497,-0.00023527445702507997,22.5,1,Ferrari,0.0031886279176804866,0.0,7.0,7.0
2025,5,Jeddah,HUL,1.0093475604813527,0.011400290818314071,0.9899884522888835,1.015497546224624,1.0086041445515137,1.0044127895284138,-1.3391524709635138e-05,21.5,1,Kick Sauber,-0.00322470006513087,3.0,18.0,15.0
2025,5,Jeddah,LAW,1.0025397901636104,0.01138676585109332,0.9852422370776877,1.0060060834395785,1.0030865761145917,0.9994540159251563,-0.0008321284839403584,22.5,1,Racing Bulls,-0.00013619471724601873,0.0,12.0,12.0
2025,5,Jeddah,LEC,0.9896988766584386,0.010092689238507108,0.9767032873896876,0.9836899515012026,0.9941131769593189,0.9938407335404049,-0.00030157169176054445,22.5,1,Ferrari,-0.0031886279176804866,1.0,4.0,3.0
2025,5,Jeddah,NOR,0.9898041126802344,0.012460050370296037,0.9723172760114844,0.9861303307691206,0.992339662221622,0.993078739395023,-0.00045140045128054507,22.5,1,McLaren,0.0010408242782091737,6.0,10.0,4.0
2025,5,Jeddah,OCO,1.012361394071745,0.008040811832448638,0.9991312731086652,1.019678479983009,1.0130742420471208,1.0046204942711991,-0.0004359537236045908,46.0,0,Haas F1 Team,0.0039194174176413465,5.0,19.0,14.0
2025,5,Jeddah,PIA,0.987722464123816,0.006462477857790413,0.9770846796834444,0.9838644007366343,0.9890215459899839,0.992436668081905,7.572850321186075e-05,22.5,1,McLaren,-0.0010408242782091737,1.0,2.0,1.0
2025,5,Jeddah,RUS,0.9940924217115804,0.006342637480696389,0.9841298428875636,0.9945618315896368,0.9911860895801315,0.9979270481851431,0.00025145095751934437,22.5,1,Mercedes,-0.00040505274161029003,-2.0,3.0,5.0
2025,5,Jeddah,SAI,1.001127696967343,0.008303489244163987,0.9796061065143924,1.0068388557021501,0.9996949074308614,0.9973780846610503,-0.0003344686561067727,22.5,1,Williams,-0.0003663249438798921,-2.0,6.0,8.0
2025,5,Jeddah,STR,1.009823500121834,0.010957817004439582,0.9825618967910078,1.011158037029368,1.0074963117163838,1.0120949557247072,0.0004284127228457004,22.0,1,Aston Martin,0.002828218085763945,0.0,16.0,16.0
2025,5,Jeddah,VER,0.987287629823465,0.0061730642530025,0.9776355796633156,0.9783431461028262,0.9919291194533102,0.9946347567652121,-9.154674647840687e-05,22.5,1,Red Bull Racing,0.0,-1.0,1.0,2.0
2025,6,Miami Gardens,ALB,0.9977501912908423,0.01090622099415993,0.9831740564269456,1.0069508311881576,0.9943214315488353,0.9943304751431162,-0.0007542450950868245,14.0,1,Williams,-0.0008637331745275922,2.0,7.0,5.0
2025,6,Miami Gardens,ALO,1.008743251784282,0.006913695102637937,0.9919211565730928,1.0117319346942297,1.0112236740348528,1.004755037204247,-0.00022610516965914843,14.5,1,Aston Martin,-0.0006094355436665477,2.0,17.0,15.0
2025,6,Miami Gardens,ANT,1.000139518963822,0.012174317218294843,0.9865751028191744,0.9999168118607799,0.9989689283630099,1.0015612278366226,0.0016001119126689588,14.0,1,Mercedes,0.0007138812258311589,-3.0,3.0,6.0
2025,6,Miami Gardens,GAS,1.0059977942095286,0.010874720287622723,0.9905303133200408,1.0093054252531461,1.006348691233614,1.0045077270359437,-0.00015859854236989843,15.0,1,Alpine,0.0,7.0,20.0,13.0
2025,6,Miami Gardens,HAD,1.0012935023352767,0.010461443104873671,0.9884875122921208,1.0034885100234006,0.9989615506877131,1.0047534294148288,-0.0002007740515940035,24.0,1,Racing Bulls,0.0,0.0,11.0,11.0
2025,6,Miami Gardens,HAM,1.0000729723980044,0.01205720604556358,0.984043333460103,1.0022379240590156,1.0020605022400948,0.997710129565129,-0.001275911821302818,15.5,1,Ferrari,0.00023638795791391942,4.0,12.0,8.0
2025,6,Miami Gardens,HUL,1.0053954129684342,0.011663124966553985,0.9889656146603572,1.007339534160187,1.0066015985686592,1.0043705873877333,0.00017189190806975453,13.5,1,Kick Sauber,0.0,2.0,16.0,14.0
2025,6,Miami Gardens,LEC,0.9996001964821766,0.011627607217138671,0.9829458712057416,1.0035972979984915,0.9995587628279032,0.9978009223793315,-0.00015116160281281044,15.0,1,Ferrari,-0.00023638795791391942,1.0,8.0,7.0
2025,6,Miami Gardens,NOR,0.991006459814953,0.012803297458017233,0.9751767077218966,0.9892426644236678,0.9917742004355438,0.9949566861530744,-0.0007842555368551687,14.5,1,McLaren,-0.00015320794651307867,0.0,2.0,2.0
2025,6,Miami Gardens,OCO,1.0031219269698635,0.009964586957740246,0.9901282726922054,1.0066305953651882,1.0044948071603776,0.9999983922105818,0.0003224629957604031,24.0,1,Haas F1 Team,0.0,-3.0,9.0,12.0
2025,6,Miami Gardens,PIA,0.991312875707979,0.013157915961653837,0.9760025209033965,0.9877642263271974,0.9912559128153302,0.9946284701297318,-0.0010686729778757206,14.5,1,McLaren,0.00015320794651296765,3.0,4.0,1.0
2025,6,Miami Gardens,RUS,0.9987117565121597,0.014727093396523342,0.9813920385089726,0.9954740396368829,0.9998144176162024,1.0000007420566546,-0.0013464946030050844,15.0,1,Mercedes,-0.0007138812258311589,2.0,5.0,3.0
2025,6,Miami Gardens,SAI,0.9994776576398975,0.010749226925414685,0.9855754342310432,1.0117631990197005,0.9954107267399892,0.9932484656767148,0.0008176778823088876,14.0,1,Williams,0.0008637331745275922,-3.0,6.0,9.0
2025,6,Miami Gardens,STR,1.0099621228716154,0.008268284163938508,0.9971585506978666,1.0166855151061698,1.0125439155150437,1.001385435562468,-2.4892970748689574e-05,23.5,1,Aston Martin,0.0006094355436667698,2.0,18.0,16.0
2025,6,Miami Gardens,TSU,1.0011117654096264,0.009838087535810943,0.9884114505517194,0.9996282942668188,1.0026244752138866,1.0037472649533274,-0.0010304390690312002,14.0,1,Red Bull Racing,0.001631069735199775,0.0,10.0,10.0
2025,6,Miami Gardens,VER,0.997849625939227,0.013508149499255799,0.983000201020314,0.99521007976158,0.9959520047824415,1.003455846886998,-0.0008047612336197838,14.0,1,Red Bull Racing,-0.001631069735199664,-3.0,1.0,4.0
2025,7,Imola,ALB,0.9959484848222622,0.012669861750150932,0.9597533467366252,0.9950601899084237,0.9950804867337651,0.99860600939291,-1.2038619649077636e-05,17.0,2,Williams,-0.0005561656820820549,2.0,7.0,5.0
2025,7,Imola,ALO,1.0040977946614336,0.012169200440670195,0.9794292159074192,1.0048484531747748,1.004562212443778,1.0038239130304716,4.7822418693655725e-05,16.333333333333332,2,Aston Martin,-0.0007910877782191239,-6.0,5.0,11.0
2025,7,Imola,ANT,1.0051431445271153,0.010180432755433925,0.9883293286912176,1.0082095745878887,1.006487568561707,1.0017643778020893,-0.0007471215643137402,20.5,1,Mercedes,0.004447706231095472,-6.0,13.0,19.0
2025,7,Imola,BEA,1.0007220364730995,0.014590718489182454,0.9764257343206002,0.9999572404913541,1.0013655114506659,1.0016894620645092,0.00014759020709500156,24.5,1,Haas F1 Team,0.0,2.0,19.0,17.0
2025,7,Imola,BOR,1.003604928461847,0.007988331410343623,0.9884519197763938,1.0019202186752947,1.0035627956160347,1.0061595438527215,-0.00022379955812997057,12.25,3,Kick Sauber,-0.0010004246880923606,-4.0,14.0,18.0
2025,7,Imola,COL,1.005675967243662,0.01111575514870414,0.9849580738488696,1.0016764960747035,1.008823778932341,1.007088738639695,-0.00014147966427088495,16.0,2,Alpine,0.0019919800411705157,0.0,16.0,16.0
2025,7,Imola,GAS,1.001692007161321,0.011232446642873994,0.985607806600304,1.0016739555792054,1.003393718647327,1.0008503401360545,-0.0011158111760808957,16.333333333333332,2,Alpine,-0.0019919800411705157,-3.0,10.0,13.0
2025,7,Imola,HAD,0.9996262173775506,0.011731968484009314,0.9742681312214976,0.9980820481686642,0.9982715967802553,1.0034145584355112,-0.0003074314259524918,17.0,2,Racing Bulls,-0.0012660681396080564,0.0,9.0,9.0
2025,7,Imola,HAM,0.9957538691632497,0.01646120853672401,0.9594591281322022,0.9964960349083268,0.9974110089166609,0.994235279525517,-0.0010377299980349956,17.333333333333332,2,Ferrari,0.00194303569475196,8.0,12.0,4.0
2025,7,Imola,HUL,1.0056057778380316,0.009873029988001549,0.9856445839258569,1.007416942643274,1.0072564025259054,1.0030933657543932,-0.0001902626015196271,25.5,1,Kick Sauber,0.0010004246880923606,5.0,17.0,12.0
2025,7,Imola,LAW,1.0021583536567669,0.00950513551818196,0.986527239739126,1.0048318244769678,1.0008052648848629,1.0019639342104474,-0.0004499496344298612,16.333333333333332,2,Racing Bulls,0.0012660681396081674,1.0,15.0,14.0
2025,7,Imola,LEC,0.9918677977737458,0.011944703893534778,0.9690580101015054,0.9914072866953789,0.9947560205012987,0.9901964233362649,-8.731719320796152e-05,16.666666666666668,2,Ferrari,-0.00194303569475196,5.0,11.0,6.0
2025,7,Imola,NOR,0.9880007365080099,0.017349018998756207,0.9600230471240132,0.9904248632289607,0.9843177178194173,0.9875525261409166,-0.0007312575693883024,17.0,2,McLaren,-0.00011489188427771246,2.0,4.0,2.0
2025,7,Imola,PIA,0.9882305202765654,0.012715073140333948,0.9671701073897908,0.9902009459353524,0.9844344590325071,0.9889489885664028,-0.000440881294374494,16.666666666666668,2,McLaren,0.00011489188427782349,-2.0,1.0,3.0
2025,7,Imola,RUS,0.9962477320649242,0.01181248343493504,0.977455499436081,0.9971588682033168,0.9962865969248053,0.9936873350923484,-0.00026132140195676005,16.666666666666668,2,Mercedes,-0.004447706231095583,-4.0,3.0,7.0
2025,7,Imola,SAI,0.9970608161864264,0.00995710307204047,0.9787181876133968,0.9942749768979876,0.9984539487352899,0.9991511556249588,0.0004803050461639434,16.333333333333332,2,Williams,0.0005561656820821659,-2.0,6.0,8.0
2025,7,Imola,STR,1.0056799702178718,0.009022956275018014,0.9868704947776198,1.00515806369108,1.0050149948345553,1.0077884275961924,-0.00026197435502840196,16.333333333333332,2,Aston Martin,0.0007910877782191239,-7.0,8.0,15.0
2025,7,Imola,TSU,1.004239488175008,0.011734585347068517,0.9812067866424752,1.010042429263639,1.0014145235430407,1.0026277441495508,-0.0001442286563579841,25.5,1,Red Bull Racing,0.009568095520310904,10.0,20.0,10.0
2025,7,Imola,VER,0.9851032971343863,0.014898757460325526,0.956063355072819,0.9905030572349998,0.9802332049751835,0.9842928985409197,-0.00011311102418260965,17.333333333333332,2,Red Bull Racing,-0.009568095520310904,1.0,2.0,1.0
2025,8,Monaco,ALB,1.0065560997667522,0.028077492523102803,0.965382027124961,1.011781765055814,1.0059788482850147,1.0047024978165435,-0.004973571625140103,22.666666666666668,2,Williams,-0.000659435272193587,1.0,10.0,9.0
2025,8,Monaco,ANT,1.021113245244942,0.02229245971619906,0.9514183662905062,1.0233580757722394,1.020399228359169,1.0224679319350292,0.0035783425963164675,33.5,1,Mercedes,0.005940402705107095,-3.0,15.0,18.0
2025,8,Monaco,BEA,1.0111215668584441,0.020268193610246853,0.9687208820788902,1.0093446361292884,1.0082789164974384,1.02020277306622,0.002900362213482466,35.0,1,Haas F1 Team,0.004154120573674147,8.0,20.0,12.0
2025,8,Monaco,BOR,1.009373306212432,0.019958305393214134,0.9690961797287504,1.0067668054729328,1.0088065079228388,1.0152110530927636,0.003732271940189356,22.666666666666668,2,Kick Sauber,-0.003989726131678584,2.0,16.0,14.0
2025,8,Monaco,COL,1.0136669625402701,0.02116111451489645,0.974453877212962,1.0103288192135866,1.0148348513174952,1.0171428202653419,0.0003637555911157199,22.666666666666668,2,Alpine,0.0,5.0,18.0,13.0
2025,8,Monaco,HAD,1.003282588439707,0.015665894863254388,0.983292783932084,1.004678604580319,1.0067985530842136,0.9978944750020579,-0.0009986615671129116,23.0,2,Racing Bulls,0.0008065804813712774,-1.0,5.0,6.0
2025,8,Monaco,HAM,0.9864055359176488,0.0213444819090336,0.9588207889015424,0.9896936347412254,0.987294898531576,0.9837990519610336,-0.002381994244505891,23.333333333333332,2,Ferrari,0.003644269593125582,2.0,7.0,5.0
2025,8,Monaco,HUL,1.017352758475789,0.021095496819082345,0.9734832798426336,1.0197769768228526,1.0168500668385176,1.0181459911170263,0.00012762691354840764,22.666666666666668,2,Kick Sauber,0.003989726131678584,-3.0,13.0,16.0
2025,8,Monaco,LAW,1.0016694274769644,0.022995534652675464,0.974751527073196,1.0006400835170475,1.0021983071867704,1.0039861520832825,-0.0020055504998343194,22.666666666666668,2,Racing Bulls,-0.0008065804813712774,1.0,9.0,8.0
2025,8,Monaco,LEC,0.9791169967313976,0.019422842637838493,0.9583678434620562,0.9746664400441916,0.9833460050778188,0.9781547024056225,-0.0013472221126919006,23.333333333333332,2,Ferrari,-0.003644269593125582,0.0,2.0,2.0
2025,8,Monaco,NOR,0.9804788717812619,0.023008040163185358,0.9475748007040066,0.9790190079601144,0.9818410813762737,0.97817840558724,-0.0019041192198951133,23.666666666666668,2,McLaren,0.0007977789607506169,0.0,1.0,1.0
2025,8,Monaco,OCO,1.002813325711096,0.01746652765533866,0.9726291541567448,1.010996732448767,1.0002389318536604,1.0016009622026638,-0.0017364540983413447,23.0,2,Haas F1 Team,-0.004154120573673925,1.0,8.0,7.0
2025,8,Monaco,PIA,0.9788833138597606,0.020462655359079637,0.954356040998033,0.9818192119203423,0.9787939496166227,0.978350440061438,-0.0017334035386187023,23.333333333333332,2,McLaren,-0.000797778960750728,0.0,3.0,3.0
2025,8,Monaco,RUS,1.0092324398347279,0.031097961823875028,0.9499559995858784,1.0168550465992465,1.0055252833433457,1.0106046199617156,-0.0017958824202259792,22.0,2,Mercedes,-0.005940402705107095,3.0,14.0,11.0
2025,8,Monaco,SAI,1.0078749703111394,0.029710369193977584,0.9575007764778962,1.007317218975633,1.0084314718075051,1.0096925378143067,-0.0020794099236201924,22.666666666666668,2,Williams,0.000659435272193587,1.0,11.0,10.0
2025,8,Monaco,STR,1.0159297866056038,0.02233637254174077,0.969005590640853,1.016057493788711,1.0165848857226325,1.0169155113589918,0.0004732792046493619,22.666666666666668,2,Aston Martin,0.0,4.0,19.0,15.0
2025,8,Monaco,TSU,1.0192760637747176,0.01963156586338844,0.9694714773786104,1.0189895470383274,1.0189091093881009,1.022497988638857,-0.0004481951427282973,35.0,1,Red Bull Racing,0.01882561415704087,-5.0,12.0,17.0
2025,8,Monaco,VER,0.9816248354606361,0.01881066542446126,0.9606325706594886,0.9831994844338688,0.9848236151802936,0.9765776559544997,-0.0013571698174942404,35.0,1,Red Bull Racing,-0.01882561415704065,0.0,4.0,4.0
2025,9,Barcelona,ALO,1.0032874879514855,0.0149924131693276,0.9641801543863114,0.9978144285615024,1.0068963526822756,1.0050657825341587,-0.0005516225698322395,13.25,3,Aston Martin,0.0,1.0,10.0,9.0
2025,9,Barcelona,ANT,1.0005525182904382,0.01165130875590595,0.9657474654605366,1.0024202097980137,1.0008336520076482,0.9995981201236868,0.0016521306231645938,16.0,2,Mercedes,0.004623499886780458,-12.0,6.0,18.0
2025,9,Barcelona,BEA,1.007206020046864,0.012908749723907084,0.9737938183770308,1.0060129387841137,1.011382196728277,1.0040409832149026,-0.0013616549376405124,13.5,3,Haas F1 Team,-0.0008481031490885638,-3.0,14.0,17.0
2025,9,Barcelona,BOR,1.0089161671405398,0.01622339762594856,0.966265788807918,1.0025418790065592,1.0110558742298705,1.0135503389860074,0.0008226941151650742,18.0,2,Kick Sauber,0.003224551706296319,0.0,12.0,12.0
2025,9,Barcelona,COL,1.0134764070319202,0.01751563466817268,0.9669568866044268,1.0106720170119903,1.015614758161603,1.0146242939845624,-0.0007616662828817263,13.5,3,Alpine,0.004215490874835082,3.0,18.0,15.0
2025,9,Barcelona,GAS,1.0050454252822498,0.014478632933189989,0.9613170349436324,1.004700926235911,1.0072799376814674,1.003646592961196,-0.0002762136114782107,13.5,3,Alpine,-0.004215490874835304,0.0,8.0,8.0
2025,9,Barcelona,HAD,1.0002541338458062,0.013868902741700911,0.9597620649014876,1.0019296581482722,0.9988074498973161,1.00180054319673,-0.0006986370897182031,13.5,3,Racing Bulls,-0.0029442503017269583,2.0,9.0,7.0
2025,9,Barcelona,HAM,0.9937554377672606,0.01621577086760973,0.958972238848335,0.9947583467754206,0.9908347446052991,0.9947371654414023,0.0009125696323061875,14.0,3,Ferrari,0.0016265921033262742,-1.0,5.0,6.0
2025,9,Barcelona,HUL,1.0024670637279471,0.015299214872902641,0.957355563645788,0.9983098054532603,1.0053820550952481,1.0038855024418067,-0.000576639909269565,13.5,3,Kick Sauber,-0.003224551706296319,10.0,15.0,5.0
2025,9,Barcelona,LAW,1.0061426344492599,0.012876590381174143,0.9801741319626562,1.0082239085419533,1.0069570143757525,1.0042723082675575,-0.0003375432999858318,18.0,2,Racing Bulls,0.0029442503017267363,2.0,13.0,11.0
2025,9,Barcelona,LEC,0.9905022535606082,0.01648634652842663,0.9534557975083456,0.9918434427975773,0.9868309205135208,0.9916713229636868,0.0010989798847548158,14.0,3,Ferrari,-0.0016265921033261632,4.0,7.0,3.0
2025,9,Barcelona,NOR,0.9856581780934341,0.0180601382993728,0.940226211118036,0.9871792920838787,0.9845047801147228,0.9838787295476419,0.0013539899108101466,14.0,3,McLaren,0.0005622882741683766,0.0,2.0,2.0
2025,9,Barcelona,OCO,1.0089022263450411,0.016321320715066527,0.9703013062982456,1.0066522833513123,1.0101777494511721,1.0106568797208324,0.0008393369614852035,18.0,2,Haas F1 Team,0.0008481031490885638,0.0,16.0,16.0
2025,9,Barcelona,PIA,0.9845336015450974,0.017415109175553813,0.9347467928742882,0.9887482119487476,0.9814531548757169,0.9835072009267739,-0.0001910316560972908,14.0,3,McLaren,-0.0005622882741683766,0.0,1.0,1.0
2025,9,Barcelona,RUS,0.9913055185168773,0.015862113997391684,0.953270682027138,0.9901466962899839,0.993839457674257,0.9902856302463128,0.0005985520859330042,13.75,3,Mercedes,-0.004623499886780458,0.0,4.0,4.0
2025,9,Barcelona,SAI,1.0051672358396373,0.011442264058222039,0.9788536415300412,1.005795949112822,1.0101958784788612,0.9990754582321761,-0.0011254774644292042,13.5,3,Williams,0.0,3.0,17.0,14.0
2025,9,Barcelona,TSU,1.0018338299016565,0.014861928137147812,0.9625758202158448,0.9980323388529784,1.0047518752757758,1.0028992059278956,0.00023661442236028434,10.4,4,Red Bull Racing,0.008943727899861864,6.0,19.0,13.0
2025,9,Barcelona,VER,0.9839463741019329,0.014748801289382952,0.9504939498090228,0.9836571684848179,0.985178953331917,0.9808811740087721,0.0012619832617204688,10.8,4,Red Bull Racing,-0.008943727899861753,-7.0,3.0,10.0
2025,10,Montréal,ALB,1.0089441937634707,0.01250886496224893,0.9924715076522304,1.0127160170548648,1.0109225725331672,1.0072186807009742,0.0008676052049546054,21.0,1,Williams,0.0024134000193074545,-11.0,9.0,20.0
2025,10,Montréal,ALO,0.9976537501356777,0.011662154587149228,0.9771930967111688,0.9953633881683256,0.9980176030270624,1.0014101483114974,0.0005831082741075634,20.0,2,Aston Martin,-0.002371865841745535,-1.0,6.0,7.0
2025,10,Montréal,ANT,0.9843096978076239,0.009506646408922365,0.9697818300227938,0.9811318888765058,0.985940097926446,0.9876549445081223,-0.00011988707640881889,20.333333333333332,2,Mercedes,-0.00039554447440881546,1.0,4.0,3.0
2025,10,Montréal,BEA,1.0055295637650863,0.013142130308331825,0.9820514490394008,1.0144363801570129,1.004721161576896,1.0024044999769854,0.00027705086090764794,31.0,1,Haas F1 Team,0.0010096532599446206,2.0,13.0,11.0
2025,10,Montréal,BOR,1.0078209262507747,0.012553932545231706,0.9822728752849236,1.0153173226831849,1.0102025382960036,1.0031718268132346,0.0003041620118066525,31.0,1,Kick Sauber,0.00321656285123062,1.0,15.0,14.0
2025,10,Montréal,COL,1.00748815663701,0.007945242784230366,0.99089547378704,1.0080572186017338,1.0038368973669756,1.0124362391674584,-2.7905644590877952e-05,31.0,1,Alpine,-6.953708469459308e-05,-3.0,10.0,13.0
2025,10,Montréal,GAS,1.0076272308063992,0.013557179001256673,0.9767893194399218,1.0111783148924196,1.0083537428323521,1.0070398445051658,0.0005406623793583397,31.0,1,Alpine,6.953708469459308e-05,5.0,20.0,15.0
2025,10,Montréal,HAD,1.0079860505666955,0.009668153213753979,0.993708889612504,1.0184773391194615,1.0079530709772944,1.003148289180221,0.0003530261528844091,31.0,1,Racing Bulls,-0.002449566706232087,-4.0,12.0,16.0
2025,10,Montréal,HAM,0.9921966786063172,0.009451310361699303,0.9743406056659067,0.9895651097859964,0.9897624139727453,0.998384464046353,-0.00024237824041029837,20.0,2,Ferrari,0.002061901126882537,-1.0,5.0,6.0
2025,10,Montréal,HUL,1.0013878005483134,0.010080170079773552,0.9817258222077498,1.0024961285682101,1.0029917716329633,1.0018003673962985,-5.502278315268623e-05,31.0,1,Kick Sauber,-0.00321656285123062,3.0,11.0,8.0
2025,10,Montréal,LAW,1.0128851839791597,0.007675052178327535,0.9940735916639528,1.0130852223949511,1.0176227687751913,1.0114898170968998,-0.00040755984227166804,25.0,1,Racing Bulls,0.002449566706232087,0.0,19.0,19.0
2025,10,Montréal,LEC,0.9880728763525523,0.011548829990175034,0.9672549658091826,0.9859382078394423,0.9895911011263834,0.9907867959315172,1.7622472520324136e-05,20.333333333333332,2,Ferrari,-0.002061901126882426,3.0,8.0,5.0
2025,10,Montréal,NOR,0.9847279948326759,0.012892104002379093,0.9668381634646694,0.9822007204914037,0.9883572440892854,0.9860435641543098,-8.005026856904756e-05,20.333333333333332,2,McLaren,8.22074296302766e-06,-11.0,7.0,18.0
2025,10,Montréal,OCO,1.003510257245197,0.012360306324269016,0.971579290133507,1.0066635780038304,1.0039602830706855,1.0034087723189067,-0.0002061147362352072,31.0,1,Haas F1 Team,-0.0010096532599446206,5.0,14.0,9.0
2025,10,Montréal,PIA,0.9847115533467498,0.010703234950425229,0.9671768153695864,0.9829150499479086,0.9863655426206583,0.987073869375586,-5.664619234689304e-05,20.333333333333332,2,McLaren,-8.220742963138683e-06,-1.0,3.0,4.0
2025,10,Montréal,RUS,0.9851007867564415,0.01346337240786026,0.9654054054054052,0.981004085523265,0.9847598754998449,0.987842027960616,-0.001079439015531209,20.666666666666668,2,Mercedes,0.00039554447440881546,0.0,1.0,1.0
2025,10,Montréal,SAI,1.0041173937248558,0.013315318675993656,0.9689221751872352,1.0054091517728498,1.0061420872615539,1.0040767180379868,-0.0003229917446784823,31.0,1,Williams,-0.0024134000193074545,6.0,16.0,10.0
2025,10,Montréal,STR,1.0023974818191685,0.01609359895308247,0.9756040377727124,1.007483545635243,1.001734940089386,1.001819842608207,0.00037964157607950203,20.0,2,Aston Martin,0.002371865841745313,0.0,17.0,17.0
2025,10,Montréal,TSU,1.0071432022772868,0.010415803655974136,0.9815434711820252,1.0105391263475163,1.004437905149562,1.009369024056507,0.00032313536837291323,31.0,1,Red Bull Racing,0.011567181154764627,6.0,18.0,12.0
2025,10,Montréal,VER,0.9840088399677576,0.008962882220357444,0.9675936177140996,0.9812741461804105,0.9848909823255036,0.9876336791784779,0.00026739337897012453,20.333333333333332,2,Red Bull Racing,-0.011567181154764627,0.0,2.0,2.0
2025,11,Spielberg,ALO,1.0043276335699742,0.011016165858300616,0.9890117660368822,0.9958513618953042,1.0096050814363273,1.007185560900788,0.00031101591968463904,32.0,1,Aston Martin,-0.0004971733500145348,4.0,11.0,7.0
2025,11,Spielberg,BEA,1.0051531154086182,0.009744229051148297,0.9893653128181922,1.002658807700932,1.007046754068744,1.0080680771182826,-0.0006215913819120209,20.666666666666668,2,Haas F1 Team,0.002019208310676035,4.0,15.0,11.0
2025,11,Spielberg,BOR,0.9996266089799972,0.01079906144016664,0.9792821586152282,1.005075073563397,1.0007348370095666,0.9971654525567528,0.00035908806274764527,20.666666666666668,2,Kick Sauber,-0.000673791736767626,0.0,8.0,8.0
2025,11,Spielberg,COL,1.0058653990604236,0.011510028572583823,0.9845712184636272,1.0075727518610937,1.0081584663020209,1.0047566090577875,0.00026777636406019703,20.333333333333332,2,Alpine,-0.0003450212745794712,-1.0,14.0,15.0
2025,11,Spielberg,GAS,1.0065554416095825,0.009782841450243834,0.9920664102274014,1.004996361872423,1.0045575257039328,1.0144066379838355,0.0006732381446780491,20.666666666666668,2,Alpine,0.0003450212745794712,-3.0,10.0,13.0
2025,11,Spielberg,HAD,1.009047206015189,0.010579479629582108,0.9928159294037788,1.0033880748592057,1.0136087538697311,1.0106627977366316,0.0004076812057751266,31.5,1,Racing Bulls,0.0028966351118178135,1.0,13.0,12.0
2025,11,Spielberg,HAM,0.9916598875474318,0.011689771387993993,0.97052834030999,0.9962669476926815,0.9915214903309008,0.9916840875496666,0.00048229450028619195,21.0,2,Ferrari,0.0012522290282785953,0.0,4.0,4.0
2025,11,Spielberg,HUL,1.0009741924535327,0.009676688635187886,0.9822802353207378,1.0021929443206312,1.003104238294072,1.0004865435838846,-0.0007944981567612081,20.666666666666668,2,Kick Sauber,0.0006737917367678481,11.0,20.0,9.0
2025,11,Spielberg,LAW,1.0032539357915533,0.010797898299519347,0.9896057246294832,1.0064432489060096,1.0044404717421196,1.002541756275285,0.00016632179421954436,32.5,1,Racing Bulls,-0.0028966351118178135,0.0,6.0,6.0
2025,11,Spielberg,LEC,0.9891554294908746,0.011082000950585202,0.9724657766715692,0.9966218331092782,0.9886237590780882,0.9874042128103343,0.0001887904719139725,21.0,2,Ferrari,-0.0012522290282785953,-1.0,2.0,3.0
2025,11,Spielberg,NOR,0.9853315123990541,0.010034734564203899,0.965493834144134,0.9948510089239269,0.9857461859557298,0.9804993088824924,0.0008231610763040527,21.0,2,McLaren,-0.00018238524432667713,0.0,1.0,1.0
2025,11,Spielberg,OCO,1.0011146987872663,0.011006219650561437,0.9835671456047064,0.9990444766816612,1.0019167212033506,1.0052657659987752,0.0001966621367664017,20.666666666666668,2,Haas F1 Team,-0.002019208310675813,7.0,17.0,10.0
2025,11,Spielberg,PIA,0.9856962828877075,0.01209725820113307,0.9605724629482976,0.9905221274209784,0.9890541351632883,0.9804011838453727,0.0010635699952777171,21.0,2,McLaren,0.00018238524432667713,1.0,3.0,2.0
2025,11,Spielberg,RUS,0.9983997238070099,0.009194438462064702,0.9810498925217788,1.00014096336979,1.0017648443212783,0.995666636048704,0.0002806822029683172,21.0,2,Mercedes,0.0,0.0,5.0,5.0
2025,11,Spielberg,STR,1.005321980270003,0.014512674118345854,0.9788154768638988,1.0016219019556314,1.0072372232171993,1.0091935709390047,0.00041351705107503474,20.333333333333332,2,Aston Martin,0.0004971733500143127,2.0,16.0,14.0
2025,11,Spielberg,TSU,1.0053772667741772,0.01196364763416329,0.9871308971603124,1.00028420908363,1.0065768975576368,1.0114376941684187,0.0011905300010755036,14.75,3,Red Bull Racing,0.0,2.0,18.0,16.0
2025,12,Silverstone,ALB,0.9876326943611069,0.0655923177209054,0.87362354835893,0.9866313889745941,0.9869977920518013,0.9854947105045968,-0.003554739531557448,11.333333333333334,2,Williams,9.58037234155551e-05,5.0,13.0,8.0
2025,12,Silverstone,ALO,0.9807021149176709,0.062083131522990796,0.8765923180658367,0.982971275590063,0.9805112618894696,0.9752838171164794,-0.0054026599590908395,11.0,2,Aston Martin,-0.0015157862002274092,-2.0,7.0,9.0
2025,12,Silverstone,BEA,0.9832413567436318,0.06115178766984849,0.8821029755610101,0.9891738999554334,0.976426068435896,0.9897868301117853,-0.009747021889399646,11.0,2,Haas F1 Team,-0.004931387747450167,7.0,18.0,11.0
2025,12,Silverstone,GAS,0.9814853197601346,0.05855033643753087,0.8804536590571731,0.987088738047639,0.977718454366273,0.9780315527340024,-0.0033096185480162832,11.0,2,Alpine,0.0,2.0,8.0,6.0
2025,12,Silverstone,HAM,0.9750015361281162,0.0581216002504306,0.8733227906435245,0.9767403567498876,0.9711525068831661,0.9763158304939528,-0.0034441513409357756,11.0,2,Ferrari,-0.0032367468893038653,1.0,5.0,4.0
2025,12,Silverstone,HUL,0.9787221050072451,0.05742632969649952,0.8822193979024575,0.9869535468122108,0.9721299266529703,0.9732003768745912,-0.005281440016991288,11.333333333333334,2,Kick Sauber,0.0,16.0,19.0,3.0
2025,12,Silverstone,LEC,0.9814750299067239,0.059651147485018416,0.8811133856587079,0.9920827128507635,0.9725617347609424,0.9858297038175357,-0.010593895621504833,11.0,2,Ferrari,0.0032367468893037543,-8.0,6.0,14.0
2025,12,Silverstone,NOR,0.9686492896810426,0.05298707763033236,0.8705868656195123,0.9740071222241476,0.9645725618353421,0.9665372507979371,-0.002203109247491873,11.333333333333334,2,McLaren,0.0010806161937769732,2.0,3.0,1.0
2025,12,Silverstone,OCO,0.9931041322385321,0.06651556378446621,0.8811036837969205,0.9928681017248595,0.9917986214787557,0.9891563344389852,-0.0028259748627537406,12.0,2,Haas F1 Team,0.004931387747450167,1.0,14.0,13.0
2025,12,Silverstone,PIA,0.9664880572934886,0.050110760980941686,0.8667352264899634,0.9696359193778878,0.9621433347693409,0.967402225980766,-0.0027748576507595694,11.333333333333334,2,McLaren,-0.0010806161937769732,0.0,2.0,2.0
2025,12,Silverstone,RUS,0.9784036556615213,0.057648863785357,0.8815984787480717,0.9808804489170846,0.9758311719354191,0.9824874854940305,-0.01128069088978926,11.0,2,Mercedes,0.0,-6.0,4.0,10.0
2025,12,Silverstone,SAI,0.9874410869142757,0.06047974308855556,0.8794252617077216,0.9846537108497219,0.9858753047063437,0.9894772260985432,-0.006004063135590265,11.0,2,Williams,-9.580372341566612e-05,-3.0,9.0,12.0
2025,12,Silverstone,STR,0.9837336873181257,0.0536737475350664,0.8934250482667623,0.9875358729326835,0.9778624323111403,0.9822987889304042,-0.002698252846061554,8.5,3,Aston Martin,0.0015157862002274092,10.0,17.0,7.0
2025,12,Silverstone,TSU,0.9997950849192203,0.059894131388760104,0.8816372861952209,0.997163977869729,1.0013768113618822,0.9950586984483786,-0.005404076653604965,11.0,2,Red Bull Racing,0.009500958884633981,-4.0,11.0,15.0
2025,12,Silverstone,VER,0.9807931671499525,0.05929219919521103,0.8749041941148505,0.9831101944170891,0.9802550100647307,0.978373533637518,-0.0034986532718696956,11.333333333333334,2,Red Bull Racing,-0.00950095888463387,-4.0,1.0,5.0
2025,13,Spa-Francorchamps,ALB,1.02302262074667,0.05574829194691511,0.9915892275271772,1.0124926647645645,1.0322037845641703,1.0169781344002857,0.0019596601038638765,19.0,1,Williams,-0.0032448040437029757,-1.0,5.0,6.0
2025,13,Spa-Francorchamps,ALO,1.0284428311935063,0.057511667826505866,0.9826400170814806,1.013326427157646,1.0391320405633382,1.024852586515272,0.0013643381095624837,12.0,2,Aston Martin,0.00045474089282504515,3.0,20.0,17.0
2025,13,Spa-Francorchamps,ANT,1.0298162606204828,0.06197116300490026,0.973468004715974,1.0087653253022342,1.0474442859939044,1.0211811926164405,0.0013584077067060885,12.0,2,Mercedes,0.004112864264716354,3.0,19.0,16.0
2025,13,Spa-Francorchamps,BEA,1.0298390891310287,0.056817634789936615,0.9906237525413344,1.0124235280627558,1.042989152269988,1.0246678072270716,0.00032951919448375436,19.0,1,Haas F1 Team,-0.001554238830954402,1.0,12.0,11.0
2025,13,Spa-Francorchamps,BOR,1.026145756429619,0.05735702689105245,0.9930095897659652,1.0174620759896669,1.0347137294204387,1.0191116747107147,0.0018043054438919588,19.0,1,Kick Sauber,7.687317701066121e-05,1.0,10.0,9.0
2025,13,Spa-Francorchamps,COL,1.032470285341181,0.06149595142290226,0.9850072874794604,1.0109733435858004,1.0525671317656051,1.0202359385036712,0.000822581831503185,12.0,2,Alpine,0.004023816053263074,-4.0,15.0,19.0
2025,13,Spa-Francorchamps,GAS,1.0244226532346548,0.05017982800246553,0.994968389977627,1.008087672447534,1.0400519637160859,1.0140033064531975,0.0015691876944470794,18.5,1,Alpine,-0.004023816053263074,3.0,13.0,10.0
2025,13,Spa-Francorchamps,HAD,1.0397563501862652,0.05798981430035253,0.9995172625070786,1.031397264788268,1.0481545172384867,1.0326216933964363,0.001589840649479322,11.666666666666666,2,Racing Bulls,0.00734678860558069,-12.0,8.0,20.0
2025,13,Spa-Francorchamps,HAM,1.020553721402812,0.05366481371634867,0.9889991552093876,1.0102330749981454,1.0282164601168218,1.016795025261773,0.0003714562460731811,19.0,1,Ferrari,0.0013926341489871596,11.0,18.0,7.0
2025,13,Spa-Francorchamps,HUL,1.0259920100755977,0.05965931011050017,0.9753896712743342,1.0133006179959276,1.0344833813345262,1.0234149925187417,0.0020074214103415976,12.0,2,Kick Sauber,-7.687317701066121e-05,2.0,14.0,12.0
2025,13,Spa-Francorchamps,LAW,1.025062772975104,0.057182722976434494,0.9900667477418098,1.0190362006515714,1.032269458143303,1.0174072110382923,0.0019530753509846796,19.0,1,Racing Bulls,-0.007346788605580468,1.0,9.0,8.0
2025,13,Spa-Francorchamps,LEC,1.0177684531048377,0.05555482067097339,0.9856571264122392,1.008881536790843,1.0231606982812285,1.0162147241611141,0.002650664504158993,19.0,1,Ferrari,-0.0013926341489871596,0.0,3.0,3.0
2025,13,Spa-Francorchamps,NOR,1.016019018293699,0.05575508597706237,0.977144236392837,1.01423878805048,1.015848303966022,1.015973311615314,0.0008636359810015987,19.0,1,McLaren,0.0007609955923331135,-1.0,1.0,2.0
2025,13,Spa-Francorchamps,OCO,1.0329475667929375,0.061690115505629556,0.990948672007724,1.0108367564432035,1.052883787566391,1.0216405850018129,0.0014485609202432052,19.0,1,Haas F1 Team,0.001554238830954402,-4.0,11.0,15.0
2025,13,Spa-Francorchamps,PIA,1.014497027109033,0.051144668983650644,0.9813124889759468,1.012410037974598,1.0135657331820445,1.0160416359207294,0.002144968477678081,19.0,1,McLaren,-0.0007609955923328915,1.0,2.0,1.0
2025,13,Spa-Francorchamps,RUS,1.0215905320910499,0.05523710482905335,0.9892962244358008,1.0066927699872519,1.0347220076026826,1.013747761240259,0.002700507503243945,19.0,1,Mercedes,-0.004112864264716576,1.0,6.0,5.0
2025,13,Spa-Francorchamps,SAI,1.0295122288340757,0.06232475772613157,0.9847195016663728,1.0187436812052344,1.0358133173018669,1.0284653227326404,0.001401057133073376,12.0,2,Williams,0.0032448040437027537,-1.0,17.0,18.0
2025,13,Spa-Francorchamps,STR,1.0275333494078562,0.05659280803651296,0.9952933094440164,1.0150124172615522,1.0384604048726185,1.0207481341555493,0.0010359027240315216,18.5,1,Aston Martin,-0.00045474089282504515,2.0,16.0,14.0
2025,13,Spa-Francorchamps,TSU,1.031747319170102,0.05742279287337655,0.9955625284304532,1.013753144876802,1.0469759248385206,1.0237659263955923,0.0017425474402422226,19.0,1,Red Bull Racing,0.006851525484679932,-6.0,7.0,13.0
2025,13,Spa-Francorchamps,VER,1.0180442682007425,0.05573492105115328,0.9849330201728572,1.013548264162906,1.0204244831103009,1.0167175910489694,0.002609445026000611,19.0,1,Red Bull Racing,-0.00685152548467971,0.0,4.0,4.0
2025,14,Budapest,ALB,1.0046047374082354,0.013052281549359068,0.9818051436627934,1.0005500236478497,1.0091678405349445,1.0046981086323958,6.305410637698907e-05,21.333333333333332,2,Williams,-4.01658746171929e-05,4.0,19.0,15.0
2025,14,Budapest,ALO,0.9982042604324866,0.01469674436716038,0.9737104380378238,1.0049362995501867,0.9963295771237158,0.9927047594230594,-0.00036622281855305393,33.5,1,Aston Martin,-0.0008550579302427641,0.0,5.0,5.0
2025,14,Budapest,ANT,1.0027050489335965,0.014169319969600885,0.98139190043269,1.0003204232453244,1.0045622718478358,1.004102453568991,-0.00041617517722834893,33.0,1,Mercedes,0.007019753343711743,5.0,15.0,10.0
2025,14,Budapest,BEA,1.0138638131521838,0.008836178864336838,0.99651174096942,1.011808569120822,1.018038485393633,1.0119056716534893,0.0004858837180761703,22.0,1,Haas F1 Team,0.002117365128753601,-9.0,11.0,20.0
2025,14,Budapest,BOR,0.9997708840212375,0.013713792827458939,0.9809057319266856,1.0011455845329953,1.0007837328073999,0.9974415024779113,-0.00017803070540044517,33.5,1,Kick Sauber,-0.0009096144153134533,1.0,7.0,6.0
2025,14,Budapest,COL,1.0035729586999853,0.013206000581715746,0.9823885458699984,1.0040813654944092,1.0034250789178916,1.0038258433020801,-0.00015108327485553288,21.333333333333332,2,Alpine,-0.0031685721617704665,-4.0,14.0,18.0
2025,14,Budapest,GAS,1.009910103023526,0.010840576505742565,0.9897539987359618,1.0039290236918696,1.0157923212300186,1.0107900864447907,0.0002334600586876181,33.0,1,Alpine,0.0031685721617702445,-3.0,16.0,19.0
2025,14,Budapest,HAD,1.0038388896500616,0.015753354307444234,0.982084690553746,1.002212251224109,1.0063998321355505,1.0033761475080583,2.8066373152591636e-05,33.0,1,Racing Bulls,0.0019208053712231887,-1.0,10.0,11.0
2025,14,Budapest,HAM,1.0033788711167286,0.017165979069740586,0.9726044046866644,0.9971177263667383,1.0071856681611953,1.0072473849389467,0.00019774705085390273,33.0,1,Ferrari,0.005102099069355548,0.0,12.0,12.0
2025,14,Budapest,HUL,1.0015901128518643,0.014257187327100672,0.9724950167728134,0.9983351491503666,1.0063919249176878,1.0003576624636277,-0.0009964855402593024,21.333333333333332,2,Kick Sauber,0.0009096144153133423,5.0,18.0,13.0
2025,14,Budapest,LAW,0.9999972789076154,0.015273146335719055,0.9778914871894596,0.9989860165071068,1.0036040563618889,0.997418339920186,-0.00019530023382423447,33.5,1,Racing Bulls,-0.0019208053712230777,1.0,9.0,8.0
2025,14,Budapest,LEC,0.9931746729780176,0.01149723961150116,0.977684865574408,0.9968509379880618,0.9845949395862842,0.9972116901311859,-4.300302759029038e-05,22.0,2,Ferrari,-0.005102099069355437,-3.0,1.0,4.0
2025,14,Budapest,NOR,0.9878626581226783,0.011908448259906855,0.9713403665710536,0.9935550785648125,0.982585629268545,0.988003403609177,-0.00019637688823226015,33.5,1,McLaren,0.0013639105787085493,2.0,3.0,1.0
2025,14,Budapest,OCO,1.0096290828946766,0.009836485426895816,0.9956244834459622,1.0049906176388388,1.0134589848109419,1.011402090742537,-0.0006006745406093413,33.0,1,Haas F1 Team,-0.002117365128753601,1.0,17.0,16.0
2025,14,Budapest,PIA,0.9851348369652613,0.012357441090263103,0.9651903349701004,0.9930553281723852,0.9786471293209014,0.9839681000107771,-5.46413715638356e-05,21.666666666666668,2,McLaren,-0.0013639105787084382,0.0,2.0,2.0
2025,14,Budapest,RUS,0.9886655422461731,0.011360815458163113,0.9651538723321502,0.9921255259047902,0.9850832782844597,0.9895031792218989,-5.571886902257724e-05,21.666666666666668,2,Mercedes,-0.007019753343711632,1.0,4.0,3.0
2025,14,Budapest,SAI,1.0046850691574698,0.014493590727636296,0.96978462735184,1.0010298427417994,1.0104979888666372,1.0026814581312642,-4.2318371711118656e-05,21.333333333333332,2,Williams,4.01658746171929e-05,-1.0,13.0,14.0
2025,14,Budapest,STR,0.9999143762929721,0.01449756904370179,0.980942194564636,0.9995230092569483,1.0026262901574405,0.9976808489077408,-0.0002626021984510143,33.5,1,Aston Martin,0.0008550579302427641,-1.0,6.0,7.0
2025,14,Budapest,TSU,1.005683043961787,0.013484642818299067,0.9866789829354854,1.0045912722543158,1.007485531719901,1.0055023440025868,0.0004789085648073583,21.333333333333332,2,Red Bull Racing,0.004121921536610174,3.0,20.0,17.0
2025,14,Budapest,VER,0.9974392008885664,0.014529554053020541,0.9671836258447176,0.9949346825601006,0.9989738715851204,0.9993954918882174,-3.639727662612544e-05,21.666666666666668,2,Red Bull Racing,-0.004121921536610396,-1.0,8.0,9.0
2025,15,Zandvoort,ALB,0.9958368151729965,0.013046350984759062,0.968609924416694,0.9945222723533664,1.0008915556018325,0.9937506268963615,-0.00022203661273219872,18.666666666666668,2,Williams,-0.001044154662294683,10.0,15.0,5.0
2025,15,Zandvoort,ALO,1.000429485072929,0.012869534721631572,0.9690305619454485,1.0034241723301223,0.9952525790535994,1.0057984296728373,0.00014673577337346826,17.333333333333332,2,Aston Martin,-0.00026889141463892763,2.0,10.0,8.0
2025,15,Zandvoort,ANT,0.9942196419225666,0.015353078728367619,0.9658889254025632,0.9949721139740334,0.996261202893856,0.9934184008477497,-0.0002845615318768441,18.0,2,Mercedes,0.0004952254023894431,-5.0,11.0,16.0
2025,15,Zandvoort,BEA,1.0048964837331582,0.012465576375854532,0.9720670391061452,1.0072371646268,1.0063716940857976,1.0030067516738133,-0.0007285236966657631,28.0,1,Haas F1 Team,-0.0010504585785557907,14.0,20.0,6.0
2025,15,Zandvoort,BOR,1.00900079985615,0.011158677503051283,0.9767597765363129,1.010667278294845,1.0092826888167663,1.0093213574837467,0.0012302025783371077,17.666666666666668,2,Kick Sauber,0.001060274431265107,-2.0,13.0,15.0
2025,15,Zandvoort,COL,1.0051800732707734,0.012178274965526087,0.9602234636871508,1.011034493653389,1.004008071482561,1.0025021291257907,-0.005103066769076247,13.5,3,Alpine,-0.0017381639185778397,5.0,16.0,11.0
2025,15,Zandvoort,GAS,1.008656401107929,0.008658361610465655,0.9891291488662504,1.0113439024187585,1.00728602665556,1.0098101444369216,0.00012007288450250134,28.0,1,Alpine,0.0017381639185778397,-3.0,14.0,17.0
2025,15,Zandvoort,HAD,0.9885235434956103,0.01272535892963952,0.9638777522182056,0.9852445485842799,0.9924341420241566,0.9900198099250233,-0.00010641859395198065,18.666666666666668,2,Racing Bulls,-0.0048684311924411805,1.0,4.0,3.0
2025,15,Zandvoort,HUL,1.0068802509936197,0.01145614708409666,0.984712454814328,1.0123412080461296,1.004420622696518,1.0062023706618182,0.00012130194853917228,17.666666666666668,2,Kick Sauber,-0.001060274431265329,3.0,17.0,14.0
2025,15,Zandvoort,LAW,0.9982604058804927,0.012086433854324107,0.9711337495892212,1.0016823432968005,0.9944833324165244,1.001454754405662,0.0008281495744076163,17.666666666666668,2,Racing Bulls,0.0048684311924411805,-4.0,8.0,12.0
2025,15,Zandvoort,LEC,0.9943510458620242,0.008536260574006966,0.9800460072297076,0.9990094219884872,0.9924579632517457,0.9938676414759297,3.55301351948757e-05,21.5,1,Ferrari,0.0,-13.0,6.0,19.0
2025,15,Zandvoort,NOR,0.9829731087122315,0.016234273505190112,0.9514163654288532,0.9816509998851649,0.9778851972055669,0.9888248035212175,-0.0009703881662348927,17.666666666666668,2,McLaren,0.0014813079176403399,-16.0,2.0,18.0
2025,15,Zandvoort,OCO,1.0069974008902698,0.011464789077177543,0.972540256325994,1.010610731287751,1.0050039756162206,1.0078494263328384,-0.000676485917147577,27.5,1,Haas F1 Team,0.0010504585785557907,8.0,18.0,10.0
2025,15,Zandvoort,PIA,0.9800104928769507,0.014681775223497517,0.9499967137693066,0.9812264404394923,0.9729873152268426,0.986234675683416,-0.00016213466264624544,19.0,2,McLaren,-0.0014813079176404509,0.0,1.0,1.0
2025,15,Zandvoort,RUS,0.9932291911177877,0.01174004389158169,0.9691488662504106,0.9932627619767735,0.9945595585172844,0.994095419895183,6.110666306468585e-06,18.666666666666668,2,Mercedes,-0.0004952254023894431,1.0,5.0,4.0
2025,15,Zandvoort,SAI,0.9979251244975859,0.011575765009744124,0.9702004600722972,0.9965012594571134,0.9998465182776406,0.9997409230229136,-0.003128714433793824,13.0,3,Williams,0.001044154662294683,-4.0,9.0,13.0
2025,15,Zandvoort,STR,1.0009672679022068,0.011023572022409995,0.9703844889911272,1.0064473365092639,0.9953669068705648,1.0040347286390388,-0.0008773756499489797,17.666666666666668,2,Aston Martin,0.00026889141463892763,12.0,19.0,7.0
2025,15,Zandvoort,TSU,1.0039863195433358,0.009279926295252365,0.977377587906671,1.0083288274800326,1.005375364431487,0.9999325505951799,-0.00015670101280131483,18.0,2,Red Bull Racing,0.007841727955189448,3.0,12.0,9.0
2025,15,Zandvoort,VER,0.9883028636329568,0.01580083543307015,0.9585409135721328,0.9861100724824333,0.9879910234770599,0.9899277551435197,-0.0003611128183566737,19.0,2,Red Bull Racing,-0.007841727955189559,1.0,3.0,2.0
2025,16,Monza,ALB,0.9993332854371723,0.013612144786345298,0.974303709557679,0.9949486532909403,0.9992371720577391,1.0046016995118423,-0.0005865450798730239,25.0,1,Williams,-0.0006784051360323451,7.0,14.0,7.0
2025,16,Monza,ANT,1.0000014368848338,0.012080645327563729,0.981488133726082,0.9966853049738696,1.0036441541109122,1.0003637678539141,-0.0005997914692629751,25.0,1,Mercedes,0.0023406853940657335,-3.0,6.0,9.0
2025,16,Monza,BEA,1.000439129599681,0.011855078816951062,0.9797159757645424,1.000989717233237,0.9997441184881918,1.0014419653234643,-0.0007584019361603741,24.5,1,Haas F1 Team,-0.0025513258683744766,-1.0,11.0,12.0
2025,16,Monza,BOR,1.0003577843235865,0.010780019851294067,0.9835356946140766,1.0003873844242226,1.0000070241983636,1.0015216054962934,-0.0005695572837361177,25.0,1,Kick Sauber,0.0,-1.0,7.0,8.0
2025,16,Monza,COL,1.0078117172582088,0.012064779704069287,0.984733098642144,1.0105975072849007,1.0078169293215125,1.00588814806342,-0.000159895641266215,24.5,1,Alpine,7.025584858566525e-05,0.0,17.0,17.0
2025,16,Monza,GAS,1.0076712055610375,0.011071490027333932,0.9840865004669876,1.007399385584735,1.0111677586428103,1.0051782347363099,-0.0006473707832132232,24.5,1,Alpine,-7.025584858566525e-05,4.0,20.0,16.0
2025,16,Monza,HAD,1.0015096869985871,0.012969685732026793,0.9834638503723928,1.0008690567554728,1.0026916728128403,1.0017595371542216,-0.0006458783226974586,25.0,1,Racing Bulls,-0.002053068946523906,9.0,19.0,10.0
2025,16,Monza,HAM,0.9965581818617237,0.01219664446726793,0.9764350887276386,0.993786500018273,0.9983029536754118,0.9983330320014465,-0.0005011682341231924,25.0,1,Ferrari,0.001155614627487478,4.0,10.0,6.0
2025,16,Monza,LAW,1.005615824891635,0.010799895908213066,0.9911751323131452,1.0024587947228008,1.0098170196326344,1.0052504067980472,-0.0013805804443330243,25.0,1,Racing Bulls,0.002053068946523906,4.0,18.0,14.0
2025,16,Monza,LEC,0.9942469526067488,0.01182229484956189,0.9734176305769092,0.9969286993385228,0.9937863941277704,0.9928945941059483,-0.0006383953307395995,25.0,1,Ferrari,-0.001155614627487478,0.0,4.0,4.0
2025,16,Monza,NOR,0.9934365824304674,0.012149433172012098,0.9687118327466052,0.9991229031904396,0.9894657683956526,0.9911103548271596,-0.000277360399198867,25.5,1,McLaren,-0.000752016686646817,0.0,2.0,2.0
2025,16,Monza,OCO,1.00554178133643,0.008032597257138731,0.9925521469454224,1.003686640756511,1.00514415016876,1.0086230116707684,-0.0005324867931223095,49.0,0,Haas F1 Team,0.0025513258683744766,0.0,15.0,15.0
2025,16,Monza,PIA,0.9949406158037609,0.013602974451801647,0.9728309026031564,0.9989116690421372,0.991029685501848,0.9940790056756746,-0.0008995131897447089,25.5,1,McLaren,0.000752016686646706,0.0,3.0,3.0
2025,16,Monza,RUS,0.9953200660967024,0.011717998667960226,0.9794764949589292,0.9991082849102803,0.9939655111860358,0.993794250587597,-0.00048745857442602874,25.0,1,Mercedes,-0.0023406853940656225,0.0,5.0,5.0
2025,16,Monza,SAI,1.000690095709237,0.012923402301115825,0.9787580525420888,0.9974365801577731,1.0020119311026487,1.003380574793649,-0.0004644539275047202,24.5,1,Williams,0.0006784051360324561,2.0,13.0,11.0
2025,16,Monza,STR,1.0054794674533367,0.00905377732573587,0.9838350456210936,1.0021360588967523,1.0067081094370105,1.0083588235511163,-0.0005245897938597514,24.5,1,Aston Martin,0.0,-2.0,16.0,18.0
2025,16,Monza,TSU,1.0057422707569987,0.009496070188640291,0.9903968196949016,1.0051478273581114,1.0087458293822218,1.0040744892424516,-0.0005317829234988577,25.0,1,Red Bull Racing,0.008115060666122775,-4.0,9.0,13.0
2025,16,Monza,VER,0.9895121494247532,0.012808013286680454,0.969933184855234,0.9972064466615502,0.9869790644456427,0.9837224059755886,-0.00034617035209750884,25.5,1,Red Bull Racing,-0.008115060666122775,0.0,1.0,1.0
2025,17,Baku,ALB,1.0011792321426582,0.01264334355983628,0.9820194420086932,1.0058676762841434,1.004828897901187,0.9912464810423994,-0.001236766027090836,22.0,1,Williams,0.0031144162087788363,6.0,19.0,13.0
2025,17,Baku,ALO,1.004073633115016,0.008896606673509215,0.9900338490840004,1.0055316206584757,1.008286039912546,0.9979826433908067,-0.0009014431367019107,22.0,1,Aston Martin,-0.0020931745537859925,-4.0,11.0,15.0
2025,17,Baku,ANT,0.9951626505582323,0.010436199164180504,0.9814442904421125,0.9958211442653762,0.996059398469037,0.9958439489051734,-0.0009604905630805317,22.5,1,Mercedes,0.0008495533408554579,0.0,4.0,4.0
2025,17,Baku,BEA,1.0024109650803286,0.013850762223992633,0.9833017471407424,1.0075715266596073,1.0062207411605,0.9915115221237669,-0.0003604553252267781,22.0,1,Haas F1 Team,-0.003019093854353061,3.0,15.0,12.0
2025,17,Baku,BOR,1.0027904708271296,0.009385386401427968,0.989354981661151,1.006742871510703,1.0019299733155156,1.0015929327153819,-0.000501206081729641,22.0,1,Kick Sauber,-0.00127962652005853,2.0,13.0,11.0
2025,17,Baku,COL,1.0096115874073603,0.007596118142466305,0.9999622851431752,1.0117101638581818,1.0122315607045225,1.0052866616701452,-0.0004865832085961419,21.5,1,Alpine,-0.0008762126039103535,-3.0,16.0,19.0
2025,17,Baku,GAS,1.011364012615181,0.009694277758790509,0.9946539190450598,1.0159448470702326,1.0180917618575225,0.9964092847339169,-6.102957679031713e-05,21.5,1,Alpine,0.0008762126039103535,0.0,18.0,18.0
2025,17,Baku,HAD,0.9974673187908274,0.012359300177039602,0.97949254660142,0.9972650149170015,0.9933494948555189,1.007925265578327,-0.0005868493479777891,22.0,1,Racing Bulls,-9.529430017085616e-05,-2.0,8.0,10.0
2025,17,Baku,HAM,0.9973053163376474,0.01041703045805282,0.9803694170226008,0.996869726465227,0.9996680297885117,0.9971311093760069,0.00011306786975367875,22.0,1,Ferrari,0.00015535949544376315,4.0,12.0,8.0
2025,17,Baku,HUL,1.0053497238672469,0.013487168170410364,0.9840749017056544,1.0104805837213688,1.007882178062901,0.9966672874836139,-0.0003414207729798413,22.0,1,Kick Sauber,0.001279626520058752,1.0,17.0,16.0
2025,17,Baku,LAW,0.9976579073911692,0.008533618876329623,0.9855929246928598,0.9979297791488635,0.9960030598584816,1.0032420175277317,-0.0007526784256921541,22.5,1,Racing Bulls,9.529430017096718e-05,-2.0,3.0,5.0
2025,17,Baku,LEC,0.9969945973467599,0.008084393813655808,0.9831697451418552,0.9990474394495461,0.9986356447199821,0.9943553412941167,-0.0006805978935517138,22.0,1,Ferrari,-0.00015535949544376315,1.0,10.0,9.0
2025,17,Baku,NOR,0.9967629509818292,0.00803039795056027,0.982047728151312,1.0001057729037626,0.997824220715787,0.9931939957450164,-0.00042831521888826555,22.0,1,McLaren,0.0,0.0,7.0,7.0
2025,17,Baku,OCO,1.0084491527890345,0.009601308277643073,0.9936733327676106,1.0118437270912972,1.0125730385028446,0.9996531263168352,-0.0006139886817109912,46.0,0,Haas F1 Team,0.003019093854352839,6.0,20.0,14.0
2025,17,Baku,RUS,0.9934635438765214,0.009311028641046212,0.9782668137546084,0.9942447452021411,0.9921294514668006,0.9977364058996714,-0.00015365652847953938,22.0,1,Mercedes,-0.0008495533408554579,3.0,5.0,2.0
2025,17,Baku,SAI,0.9949503997251006,0.008976493265579533,0.9803222734515694,0.9909224686630146,0.9921131113902197,1.0088986946129803,-0.0005733820189330389,22.5,1,Williams,-0.0031144162087788363,-1.0,2.0,3.0
2025,17,Baku,STR,1.008259982222588,0.00995947538330444,0.9907975749347062,1.0116670534932863,1.0084335234937645,1.006136238279095,-3.155264394899467e-05,22.0,1,Aston Martin,0.0020931745537859925,-3.0,14.0,17.0
2025,17,Baku,TSU,0.9978816822083306,0.010506256473046932,0.984678339414854,1.0004278732218739,0.9955166870829524,1.001300133953195,-0.000493322636765415,22.5,1,Red Bull Racing,0.0032145629633819617,0.0,6.0,6.0
2025,17,Baku,VER,0.9914525562815667,0.009334489099546562,0.9748159043551232,0.988499429699366,0.9870405689682796,1.0064647738117125,0.00016627718777964946,22.5,1,Red Bull Racing,-0.0032145629633819617,0.0,1.0,1.0
2025,18,Marina Bay,ALB,1.0043363513183838,0.013418423603185518,0.9764683062284972,1.0025407657049774,1.0059498147146706,1.0052460692060248,-0.0006983027098974058,29.0,1,Williams,0.0005383475607760868,6.0,20.0,14.0
2025,18,Marina Bay,ALO,0.9975392902891683,0.011911299573004745,0.9786530274723592,1.0011340916641915,0.9987085310040344,0.993455046079431,-0.0007036519993604457,29.5,1,Aston Martin,-0.004013093374980348,3.0,10.0,7.0
2025,18,Marina Bay,ANT,0.9917120403818712,0.009951279968930343,0.9729462088961032,0.9926037500161426,0.9899940754931611,0.9948083676897237,-0.00028657386771460214,29.5,1,Mercedes,0.0019039036996931769,-1.0,4.0,5.0
2025,18,Marina Bay,BEA,1.001475802905821,0.012650999875713265,0.9821138709381028,1.0011910310489878,1.0035073407130395,1.0001662405981706,-0.0006259744995078314,29.5,1,Haas F1 Team,-0.003950043539709069,0.0,9.0,9.0
2025,18,Marina Bay,BOR,1.007996973918174,0.010729024160450872,0.9915571753800292,1.0061545645408232,1.0109592887302825,1.0069271162152142,-0.0007041410290804057,29.0,1,Kick Sauber,0.0029620022601570817,-3.0,14.0,17.0
2025,18,Marina Bay,COL,1.009291401893308,0.012006300660433174,0.9921288781354324,1.0070574171250595,1.0137616203100301,1.0063602952229205,-0.0007195177109153331,29.0,1,Alpine,0.0020647437528977797,0.0,16.0,16.0
2025,18,Marina Bay,GAS,1.0051619143875123,0.015880798396232045,0.9654936551203128,1.0030161836155116,1.0084013875840139,1.0039881471333085,0.00223816076860061,18.666666666666668,2,Alpine,-0.0020647437528977797,0.0,19.0,19.0
2025,18,Marina Bay,HAD,1.004958922945804,0.01036842402102941,0.9896378875583188,1.0081668748641541,1.00324467382555,1.0056393991321688,-0.0004543667222630256,29.0,1,Racing Bulls,-0.0004927591945045329,-3.0,8.0,11.0
2025,18,Marina Bay,HAM,0.9888031644118745,0.015038131774278329,0.9576837871223954,0.9937937244579901,0.9855722798557227,0.9898774140709626,0.0011272977164034838,18.333333333333332,2,Ferrari,-0.0024847660894316004,-2.0,6.0,8.0
2025,18,Marina Bay,HUL,1.0020729693978598,0.014837009962764639,0.9739773156513838,1.0014360423119169,1.0041744528988874,1.0010281739112386,0.000700370299580845,18.666666666666668,2,Kick Sauber,-0.0029620022601570817,-9.0,11.0,20.0
2025,18,Marina Bay,LAW,1.0059444413348133,0.01147036642134288,0.976396843384072,1.0052779854444878,1.004979153842895,1.0095607982843802,-0.0015294459706377355,29.0,1,Racing Bulls,0.0004927591945047549,-3.0,12.0,15.0
2025,18,Marina Bay,LEC,0.9937726965907377,0.011320832344017607,0.9798883137831408,0.9965214144917192,0.9905424292274583,0.997204695127057,-0.00011683751831678506,29.5,1,Ferrari,0.0024847660894316004,1.0,7.0,6.0
2025,18,Marina Bay,NOR,0.9877127165968734,0.008336829715419165,0.9755188712954171,0.9914414821615366,0.9851221791732556,0.9891432575276207,-0.0002255248607240082,29.5,1,McLaren,0.0003078266349459957,2.0,5.0,3.0
2025,18,Marina Bay,OCO,1.0093758899852392,0.010894576079354117,0.9866568660480026,1.0046760837216633,1.0139418799670048,1.008886876309012,-0.00010604456021043592,29.0,1,Haas F1 Team,0.003950043539709069,-1.0,17.0,18.0
2025,18,Marina Bay,PIA,0.9870970633269814,0.009939119650012084,0.974018151562484,0.9927622410872254,0.9832484671206202,0.9883927120121763,-0.0003054385287160803,29.5,1,McLaren,-0.0003078266349459957,-1.0,3.0,4.0
2025,18,Marina Bay,RUS,0.9879042329824849,0.01159277504704246,0.9767541576061988,0.9901629875214697,0.9853050998530509,0.9887490312893538,-0.00037154197591390007,30.0,1,Mercedes,-0.0019039036996931769,0.0,1.0,1.0
2025,18,Marina Bay,SAI,1.0032596561968319,0.015154345757432677,0.9694751564525844,1.003273437742582,1.0047050262539465,1.0025234494783997,-0.00031915452565909897,29.0,1,Williams,-0.0005383475607758648,8.0,18.0,10.0
2025,18,Marina Bay,STR,1.005565477039129,0.011339559543328544,0.9785407287168336,1.0059861753683663,1.004675536770893,1.0079273517121126,-0.0007860544606206552,29.0,1,Aston Martin,0.004013093374980237,2.0,15.0,13.0
2025,18,Marina Bay,TSU,1.004058596716159,0.011840375362634624,0.988545526936388,1.0011846954544477,1.0056877321258426,1.0060753189229275,-0.0010311276286951233,29.0,1,Red Bull Racing,0.007619224138811109,1.0,13.0,12.0
2025,18,Marina Bay,VER,0.9888201484385368,0.013484952259436692,0.9764785152062724,0.9923924285880324,0.9856620333566204,0.9885661871548969,-0.0009213393734445787,30.0,1,Red Bull Racing,-0.007619224138811109,0.0,2.0,2.0
2025,19,Austin,ALB,1.0012566192359496,0.010511723421090018,0.9821701477330615,1.0002159632069214,1.0012057650133928,1.002642811552577,-0.0002631322601861204,17.0,2,Williams,0.0,4.0,18.0,14.0
2025,19,Austin,ALO,1.0026517094506735,0.00932127093797952,0.9867749443129264,1.0076879963389094,1.000131194688258,1.002139474746337,-0.0004119124812192417,25.5,1,Aston Martin,-0.00042265964949805834,0.0,10.0,10.0
2025,19,Austin,ANT,0.9996449110544301,0.01173514178777511,0.9746686244543664,1.0007575019668078,0.999384243248194,0.9976915730389809,-0.00015401597438370019,25.5,1,Mercedes,0.0009096884924260085,-6.0,7.0,13.0
2025,19,Austin,BEA,1.002767461004359,0.008970092837109592,0.9900712195219402,0.9974429662473013,1.0022357046221482,1.0081507710791353,-0.00032436992357738425,25.5,1,Haas F1 Team,-0.0010817188341878392,-1.0,8.0,9.0
2025,19,Austin,BOR,1.0051951711232974,0.009901266926772586,0.9816407459570686,1.005948813047116,1.0060035976771429,1.0041225367001756,0.00031853351626465594,16.0,2,Kick Sauber,0.002317118176068833,-2.0,16.0,18.0
2025,19,Austin,COL,1.0086953742271232,0.010613949698434164,0.990610610010688,1.0123980069681189,1.0075048462336946,1.0076603638104356,6.914014563276685e-05,25.0,1,Alpine,-0.0003820682628630223,-2.0,15.0,17.0
2025,19,Austin,GAS,1.0094595107528492,0.008358917949861584,0.9915795151478828,1.011672723185854,1.008799009492365,1.0089803733843945,0.00022016267328168055,25.0,1,Alpine,0.0003820682628630223,-5.0,14.0,19.0
2025,19,Austin,HAD,1.0067449272518132,0.01246480620102913,0.9861256779838784,1.0073934342777684,1.007084758389655,1.0063175222219094,-0.00029575545812173876,25.5,1,Racing Bulls,0.0016330566068185615,4.0,20.0,16.0
2025,19,Austin,HAM,0.9967882446681404,0.011145400889318662,0.982499775253963,0.992098978729093,0.9975155536443197,0.9988325984092501,0.00015473885359767493,26.0,1,Ferrari,0.0012508941818820674,1.0,5.0,4.0
2025,19,Austin,HUL,1.0005609347711597,0.008922629082950901,0.9826096510942636,1.0012193840935015,1.0003842655635524,1.0007403392185024,-0.0003748807358304288,25.5,1,Kick Sauber,-0.002317118176068833,3.0,11.0,8.0
2025,19,Austin,LAW,1.0034788140381763,0.009325908601709015,0.9887127545873164,1.0036978189919805,1.0036938048396864,1.0035421301119778,-0.0003424852670155439,25.5,1,Racing Bulls,-0.0016330566068183394,1.0,12.0,11.0
2025,19,Austin,LEC,0.9942864563043762,0.009710580015012347,0.9812012425958666,0.9911425702412985,0.9966122060632997,0.993511686673786,-4.512917563712379e-05,26.0,1,Ferrari,-0.0012508941818821784,0.0,3.0,3.0
2025,19,Austin,NOR,0.9928478895770857,0.01075057500779822,0.9750981391028138,0.9913842433538056,0.9918438969202487,0.99449037080679,-0.00020757047190499153,26.0,1,McLaren,-0.002005041994853407,0.0,2.0,2.0
2025,19,Austin,OCO,1.004930898672735,0.012059149614350197,0.9915095941586008,1.001397884295141,1.006039124463052,1.0069229343245194,-0.000255091434785964,25.5,1,Haas F1 Team,0.0010817188341880613,2.0,17.0,15.0
2025,19,Austin,PIA,0.9968579735667925,0.010168846347676704,0.9845274839431442,0.9974686761528873,0.9965669905826735,0.9956876910188902,-0.000278150345259107,26.0,1,McLaren,0.002005041994853407,1.0,6.0,5.0
2025,19,Austin,RUS,0.9978255340695781,0.010903684451363383,0.9811313216065846,0.9971087374746848,0.9985853326753037,0.9963251877968846,-0.00011557012936998798,26.0,1,Mercedes,-0.0009096884924260085,-2.0,4.0,6.0
2025,19,Austin,STR,1.0034970287496696,0.010413554789364052,0.98959176130972,1.0100275977472244,0.9992277905171497,1.0038835543791478,-0.00036750486324796855,25.5,1,Aston Martin,0.00042265964949805834,7.0,19.0,12.0
2025,19,Austin,TSU,0.9996321803420959,0.007397720970730166,0.9869147862914904,1.0046263138679965,0.998309672923059,0.9977191451017938,-0.00015942936492227566,25.5,1,Red Bull Racing,0.0039080047690905895,6.0,13.0,7.0
2025,19,Austin,VER,0.9918161708039146,0.008757624726318919,0.9788039515347656,0.997844040774441,0.9933970967813313,0.9851643913171558,-4.8144302981742856e-05,26.0,1,Red Bull Racing,-0.0039080047690907005,0.0,1.0,1.0
2025,20,Mexico City,ALB,1.006519027869817,0.017179281655656464,0.9737682702545736,1.0027201521882376,1.0081560097792057,1.0085750903784225,0.00030831708418073845,32.5,1,Williams,0.003413278494647898,5.0,17.0,12.0
2025,20,Mexico City,ANT,0.9967181979600233,0.012466001690751493,0.9779546994482624,0.9929954105070462,0.9989961511058795,0.9977117071918608,0.00014329117889152717,21.333333333333332,2,Mercedes,4.217872305645187e-05,0.0,6.0,6.0
2025,20,Mexico City,BEA,0.9959719987174525,0.011509204356657999,0.9764906591811054,0.9982384636639956,0.9944696347809926,0.9945687683763476,0.0001219843517951198,21.333333333333332,2,Haas F1 Team,-0.004541880837095169,5.0,9.0,4.0
2025,20,Mexico City,BOR,1.0056293869876776,0.013288003811409517,0.9815240538186042,1.0046335836954792,1.0064840524694314,1.005077140000368,0.0001900729384772477,33.0,1,Kick Sauber,0.0,6.0,16.0,10.0
2025,20,Mexico City,COL,1.013122007699009,0.015346849618327989,0.9841980447197756,1.0132282611006016,1.0138591165355308,1.0112532354936798,0.00043022407741414464,32.5,1,Alpine,-0.0002473883680931266,4.0,20.0,16.0
2025,20,Mexico City,GAS,1.013616784435195,0.01366438903681974,0.9954384861097668,1.0149090271430696,1.012922180972488,1.0123022354972697,3.1691636975799694e-06,32.5,1,Alpine,0.00024738836809290454,3.0,18.0,15.0
2025,20,Mexico City,HAD,1.0073959628601,0.012935661513403278,0.988699061078308,1.011038961038961,1.0058141474410605,1.004245542108985,0.00036639469886668547,32.5,1,Racing Bulls,0.0,-5.0,8.0,13.0
2025,20,Mexico City,HAM,0.9967988429149015,0.013250938753337887,0.9752323105217308,0.995447205719812,0.9965729889960112,0.99591313619409,7.608501167355261e-05,21.666666666666668,2,Ferrari,-0.0007593016726157309,-5.0,3.0,8.0
2025,20,Mexico City,LEC,0.9983174462601329,0.009436699418737298,0.9871745232794502,0.9968359332479259,0.9973558574761408,0.9993103971903213,5.049544549391946e-05,33.5,1,Ferrari,0.0007593016726156199,0.0,2.0,2.0
2025,20,Mexico City,NOR,0.9930532580539371,0.00834551165972286,0.9772045300551736,1.0019326659800547,0.9863446844829198,0.988703052154173,6.302864166671584e-05,33.5,1,McLaren,-0.001318429988373726,0.0,1.0,1.0
2025,20,Mexico City,OCO,1.0050557603916428,0.011534033770195639,0.99057448456103,1.0016532065613306,1.0089176255460874,1.00322518600859,-5.5674550383929244e-05,33.0,1,Haas F1 Team,0.004541880837095169,2.0,11.0,9.0
2025,20,Mexico City,PIA,0.9956901180306844,0.014114069585944366,0.9730664988868454,0.9885397597747998,1.0004210937984017,0.9976198254538666,0.00014774788492977238,21.333333333333332,2,McLaren,0.001318429988373615,2.0,7.0,5.0
2025,20,Mexico City,RUS,0.9966338405139104,0.010911735529934005,0.9685896815409932,0.994615608977311,0.998629144159161,0.9957500587080091,0.0004945419509486831,21.0,2,Mercedes,-4.217872305645187e-05,-3.0,4.0,7.0
2025,20,Mexico City,SAI,0.9996924708805214,0.013813434820686567,0.9691462588326396,0.9971130376715484,1.0035618404477211,0.9967416499432181,0.0005722011451883928,15.0,3,Williams,-0.0034132784946477868,-5.0,12.0,17.0
2025,20,Mexico City,STR,1.0025362869956813,0.011755192617019133,0.9751355144710095,1.0064529357842429,1.0012297383278117,0.9986043420961982,0.00016224135363765703,21.0,2,Aston Martin,0.0,5.0,19.0,14.0
2025,20,Mexico City,TSU,1.0043369397195259,0.012959188222471147,0.985940373632756,1.0045953804416088,1.003224895006693,1.0050538049557978,0.0001529671316944491,33.0,1,Red Bull Racing,0.003423701979625937,-1.0,10.0,11.0
2025,20,Mexico City,VER,0.9974895357602742,0.014370454585201822,0.9813667602361824,0.9991965481327183,0.994714194794735,0.9965923763702268,1.4721984922161732e-05,33.0,1,Red Bull Racing,-0.003423701979625715,2.0,5.0,3.0
2025,21,São Paulo,ALB,1.0036188794427763,0.015696466266926074,0.9685424372755064,1.0030248255747953,1.006247649675169,1.0004618103355691,0.0014712372478233669,20.0,2,Williams,0.00014815756205566188,1.0,12.0,11.0
2025,21,São Paulo,ALO,1.003310747387455,0.01327886342426498,0.980742861347264,1.0022048743003344,1.004534668101716,1.0038985384142232,0.000494801743907883,20.0,2,Aston Martin,0.0011539949446812692,-3.0,11.0,14.0
2025,21,São Paulo,ANT,0.9948369915928,0.012368182356918564,0.978214483990288,0.9980797946192336,0.9906097547754245,0.9982401813885616,-0.0004348719723711383,20.333333333333332,2,Mercedes,-0.00040038855151725006,0.0,2.0,2.0
2025,21,São Paulo,BEA,0.9979298074286135,0.010465802539641248,0.9830304408607188,1.0031942297784646,0.9953602966920395,0.999952159182996,-0.0003795142937777463,20.0,2,Haas F1 Team,-0.0017933865318199294,2.0,8.0,6.0
2025,21,São Paulo,COL,1.0020317034622175,0.01287732778060261,0.9741075429924484,1.0042300729906264,1.0009044148853286,1.0042331924585925,0.000795874358770644,19.666666666666668,2,Alpine,-0.000759140520997903,1.0,16.0,15.0
2025,21,São Paulo,GAS,1.003549984504213,0.010353152844806665,0.9864149883279936,1.0020808774089887,1.0090542076757827,0.9948761508645517,0.00011217664827371466,20.0,2,Alpine,0.0007591405209976809,-1.0,9.0,10.0
2025,21,São Paulo,HAD,1.0029363959251654,0.009215605696976804,0.98585312669311,1.004897003990604,1.0040596323335538,1.0003221932573738,0.00048173766836233194,20.0,2,Racing Bulls,-0.0023873725265628476,-3.0,5.0,8.0
2025,21,São Paulo,HUL,1.007589878981822,0.011066052422061694,0.982910041938958,1.0110760603466562,1.0083233394419122,1.0041601668979971,0.0002531196259310549,31.0,1,Kick Sauber,0.0,1.0,10.0,9.0
2025,21,São Paulo,LAW,1.0077111409782908,0.008362604140313085,0.9903346421142052,1.012112935760202,1.0085345810952526,1.0030546944313476,7.429990852150784e-05,31.0,1,Racing Bulls,0.0023873725265626256,0.0,7.0,7.0
2025,21,São Paulo,NOR,0.9927509541724205,0.01014554329858603,0.9771041383784944,0.9989154638094989,0.9867004298556783,0.9973115349507656,-4.350087581924107e-05,20.333333333333332,2,McLaren,-0.00014008893364658714,0.0,1.0,1.0
2025,21,São Paulo,OCO,1.0015165804922532,0.01140111901736793,0.9830036855447716,1.0049397916502938,1.0002342760567278,1.0026976362731024,0.0006695372907803233,30.0,1,Haas F1 Team,0.0017933865318198183,8.0,20.0,12.0
2025,21,São Paulo,PIA,0.9930311320397138,0.011748270537405969,0.9731175963024156,0.9965411853054953,0.9904651373886433,0.996996768303994,0.0004056861359357894,20.0,2,McLaren,0.00014008893364669817,-1.0,4.0,5.0
2025,21,São Paulo,RUS,0.9956377686958345,0.011738958156286679,0.9778666648829788,0.9967280538600582,0.9955323296635848,0.99675658787577,0.0006698650076058686,20.0,2,Mercedes,0.00040038855151725006,2.0,6.0,4.0
2025,21,São Paulo,SAI,1.003322564318665,0.010272718726431644,0.9857059724554024,0.9967175752495219,1.010487527609563,0.9966394266912705,4.5392741743664775e-05,20.0,2,Williams,-0.00014815756205566188,2.0,15.0,13.0
2025,21,São Paulo,STR,1.0010027574980922,0.011916897668276407,0.9778265319090588,1.0013182624865298,1.0007721043723352,1.003282002503079,0.0008860355602843701,19.666666666666668,2,Aston Martin,-0.0011539949446814912,-2.0,14.0,16.0
2025,21,São Paulo,TSU,1.0011567214927684,0.014752408868975456,0.9735456813575648,0.9987574114339105,1.0035374820078584,1.0005731134608435,0.00040304485261093305,20.0,2,Red Bull Racing,0.004389321061561646,0.0,17.0,17.0
2025,21,São Paulo,VER,0.9923780793696451,0.014134286319387774,0.969171187200257,0.9909517198019542,0.9930292067032345,0.9945949640217528,0.0006650825903305166,15.0,3,Red Bull Racing,-0.004389321061561646,16.0,19.0,3.0
2025,22,Las Vegas,ALB,1.0048503542770288,0.012206341417425225,0.990406426237696,1.010004869567094,1.0066660902147282,1.0006386396265226,-0.001244981917863008,13.5,1,Williams,0.0033181305630474167,0.0,16.0,16.0
2025,22,Las Vegas,ALO,1.0088723793404042,0.008325360716901771,0.995036730276986,1.006059575983457,1.012412624297449,1.0091440198353956,-0.0004977110299924755,22.5,1,Aston Martin,0.0,-4.0,7.0,11.0
2025,22,Las Vegas,ANT,0.9957743417569028,0.011354913986599732,0.978065885584667,0.9920303666743556,0.9983066147859921,0.9976180467983744,-0.0007678320102945385,45.0,0,Mercedes,-0.0007154610639303893,14.0,17.0,3.0
2025,22,Las Vegas,BEA,1.0048393535168556,0.010638045073353778,0.983486983122802,1.0061244524496153,1.0086331800495227,1.0017980949912524,-0.0010791179808374645,22.0,1,Haas F1 Team,0.0013527830814363817,4.0,14.0,10.0
2025,22,Las Vegas,COL,1.011831677919123,0.012394199373614084,0.9966079120970596,1.0176249616283122,1.0100389105058365,1.0103258585083248,-0.0005769009506251388,21.0,1,Alpine,0.0015469361046118735,0.0,15.0,15.0
2025,22,Las Vegas,GAS,1.008737805709899,0.0065463852700145585,0.9955049632697232,1.0141878411900627,1.0076451361867707,1.0068698941827952,-0.00040886813240020896,45.0,0,Alpine,-0.0015469361046120955,-3.0,10.0,13.0
2025,22,Las Vegas,HAD,1.0003298914267014,0.012977626418470386,0.9845379060620566,0.9979041608862785,1.0016024053767245,1.00229652742126,-0.0006287489912004242,22.0,1,Racing Bulls,-0.002163088907152888,2.0,8.0,6.0
2025,22,Las Vegas,HAM,1.0014257513143192,0.013198760634434406,0.983840759161759,1.0059839868005025,1.0024888245407653,0.9983213838988012,-0.0008768298388660065,21.5,1,Ferrari,0.002569372177100737,11.0,19.0,8.0
2025,22,Las Vegas,HUL,1.0006053921522258,0.01299821616297769,0.9842465610887978,1.0007929754624587,1.0015380261761584,1.0009046548604639,-0.0007148224856166874,22.0,1,Kick Sauber,0.0,4.0,11.0,7.0
2025,22,Las Vegas,LAW,1.004656069241007,0.010004310662397702,0.9867958296048116,1.0123856003413128,1.003720585510469,1.0009288050984413,-0.00035556256392261186,21.0,1,Racing Bulls,0.002163088907152666,-8.0,6.0,14.0
2025,22,Las Vegas,LEC,0.9962870069601177,0.01227177706675414,0.98124986993528,0.9939467332390812,0.9924824902723738,1.0026553987708657,-0.00039499580170949836,22.0,1,Ferrari,-0.002569372177100737,5.0,9.0,4.0
2025,22,Las Vegas,NOR,0.9958050580514318,0.013492856198071168,0.9777225147233264,0.9952802232912952,0.9947859922178989,0.9983533038593624,-0.0006359435294276258,22.0,1,McLaren,-0.0003307191112842389,-18.0,1.0,19.0
2025,22,Las Vegas,OCO,1.0021337873539828,0.013175219258649909,0.9838823798722244,1.0068894194812863,1.0034900009048957,0.9986235730488081,-0.0006471346658248271,21.5,1,Haas F1 Team,-0.0013527830814363817,4.0,13.0,9.0
2025,22,Las Vegas,PIA,0.9964664962740003,0.013681471959505987,0.9789815412149084,0.9980912302542486,0.99915387336399,0.9941334502988102,-0.0008163984604302978,22.0,1,McLaren,0.0003307191112842389,-15.0,5.0,20.0
2025,22,Las Vegas,RUS,0.9972052638847636,0.010428087178186458,0.9842465610887978,1.001096756250269,0.9967124159886808,0.9959676816412383,-0.0012259378125792839,22.0,1,Mercedes,0.0007154610639303893,2.0,4.0,2.0
2025,22,Las Vegas,SAI,0.9982140931509339,0.013493403158054034,0.9832476640376252,1.0004146980236863,0.9983919349133356,0.997659859741114,-0.0007536071068629177,22.0,1,Williams,-0.0033181305630475277,-2.0,3.0,5.0
2025,22,Las Vegas,TSU,1.0030835622875711,0.010629144710234987,0.988148502694941,1.0055359289070183,1.0066701655958736,0.9993439817819468,-9.746070652178726e-05,21.5,1,Red Bull Racing,0.005394061674941386,8.0,20.0,12.0
2025,22,Las Vegas,VER,0.9922954389376883,0.015091582861562054,0.9714794081534972,0.9811061863327946,0.9895925008843296,1.001242342831794,-0.00103430593300108,22.0,1,Red Bull Racing,-0.005394061674941386,1.0,2.0,1.0
2025,23,Lusail,ALB,1.0055976974142335,0.01649050815640315,0.9779142101109513,1.0042656729504602,1.0057101019904309,1.0047713047664901,-0.0016648724134095854,16.666666666666668,2,Williams,0.004502053084360025,3.0,14.0,11.0
2025,23,Lusail,ALO,1.0021259458706653,0.015188396214540411,0.9741887563251472,1.0028803156510302,0.9993965708058776,1.0019828277965015,-0.0011883466738364155,16.666666666666668,2,Aston Martin,-0.0025194719114454145,1.0,8.0,7.0
2025,23,Lusail,ANT,0.9970116267109416,0.01781830515394003,0.9743628429506522,0.9911223147742217,0.9977574725042491,0.9985666229258513,-0.0021264896579110248,17.0,2,Mercedes,-0.0019188419530106193,0.0,5.0,5.0
2025,23,Lusail,BEA,1.0128287335778283,0.012175893078186617,0.9856784736084676,1.0070878609006075,1.0180611602050025,1.0116015186165943,-0.0012675616477668334,10.666666666666666,2,Haas F1 Team,0.0011363445266689975,-6.0,13.0,19.0
2025,23,Lusail,BOR,1.0096908221531036,0.013787810267299486,0.9891950234436656,1.0063073839794576,1.0117137457220207,1.0092320654790563,-0.001259016341604022,16.666666666666668,2,Kick Sauber,0.0,6.0,19.0,13.0
2025,23,Lusail,COL,1.0108625317263993,0.014017024834988548,0.9939649969824984,1.0098883794765479,1.0111629675111604,1.0093435062999683,-0.0013133371792945325,16.333333333333332,2,Alpine,0.0009021713694530309,6.0,20.0,14.0
2025,23,Lusail,GAS,1.0090581889874932,0.014786387111655587,0.9908546492734784,1.0078133088270067,1.009859897373671,1.007299742236808,-0.00118821008262376,16.333333333333332,2,Alpine,-0.0009021713694530309,-7.0,9.0,16.0
2025,23,Lusail,HAD,1.0026910582195063,0.015245784862497226,0.978564133512836,1.0025857853098612,0.9984237546085524,1.005460002663416,-0.001257955482457609,15.666666666666666,2,Racing Bulls,-0.0005285714426817023,-12.0,6.0,18.0
2025,23,Lusail,HAM,1.0079348683905112,0.013980644536107697,0.9847268000557076,1.003972568422371,1.0100069809810832,1.0081640186165945,-0.0013843247443782864,16.666666666666668,2,Ferrari,0.002376050322640655,5.0,17.0,12.0
2025,23,Lusail,LAW,1.0037482011048697,0.017098106571309297,0.9745485353511908,1.0028909626103837,1.0035892458837752,1.0026376183598138,-0.0017319276675499351,16.666666666666668,2,Racing Bulls,0.0005285714426817023,3.0,12.0,9.0
2025,23,Lusail,LEC,1.00318276774523,0.016013311524449132,0.9798987976417064,0.9996574184255025,1.006294461187448,1.001638581287113,-0.0016480612964568022,16.666666666666668,2,Ferrari,-0.002376050322640433,2.0,10.0,8.0
2025,23,Lusail,NOR,0.9904456049166801,0.01512422889672073,0.9655656654751404,0.9887828542201623,0.9921742819822927,0.985569191566853,-0.0003898398200385575,16.333333333333332,2,McLaren,0.0022090053234979923,-2.0,2.0,4.0
2025,23,Lusail,OCO,1.01055604452449,0.01392334630859262,0.9871408012627084,1.0057829733008004,1.011787746206415,1.0128079156554293,-0.0012027769358330146,16.333333333333332,2,Haas F1 Team,-0.0011363445266692196,1.0,16.0,15.0
2025,23,Lusail,PIA,0.9860275942696841,0.014040221522522591,0.9632329046933752,0.9860460898519863,0.9848138468750118,0.9837669781441705,-0.0003226043063759372,16.333333333333332,2,McLaren,-0.0022090053234979923,-1.0,1.0,2.0
2025,23,Lusail,RUS,1.000849310616963,0.0166606608673354,0.965577271250174,0.9992121250078285,1.0029020449166541,0.9981391429947039,-0.0008790924380911425,16.666666666666668,2,Mercedes,0.0019188419530107304,-2.0,4.0,6.0
2025,23,Lusail,SAI,0.9965935912455136,0.017389363886819137,0.9732486885474212,0.9966524707208619,0.9898009569052119,0.9992180149222262,-0.0026476257642456245,17.0,2,Williams,-0.004502053084359914,4.0,7.0,3.0
2025,23,Lusail,STR,1.0071648896935559,0.016638801714564246,0.9688965229098,1.0057500539306767,1.005905266762395,1.008057383334225,0.003460716292969455,11.25,3,Aston Martin,0.0025194719114451924,1.0,18.0,17.0
2025,23,Lusail,TSU,1.0043164198505175,0.017194548947026454,0.976498305556845,1.001523141479301,1.0070640717849177,1.0022604718343764,-0.0013918724737779643,16.666666666666668,2,Red Bull Racing,0.006755803570209329,5.0,15.0,10.0
2025,23,Lusail,VER,0.9908048127100987,0.013620608442998321,0.9690590037602712,0.9890862403707646,0.9894624243935712,0.9902952033003862,-0.0015342859496778232,17.0,2,Red Bull Racing,-0.00675580357020944,2.0,3.0,1.0
2025,24,Yas Island,ALB,0.9999052962942229,0.009091243715202554,0.9856448122783144,1.0001393262184077,0.9969041586486012,1.0080948711615663,-0.00047027598427618446,17.666666666666668,2,Williams,-0.0017548252303375422,1.0,17.0,16.0
2025,24,Yas Island,ALO,1.0011975331425664,0.0067951875939860455,0.9846632609811052,1.0004878950848244,1.0053258388657909,1.0016474085123417,-0.0004634955282417285,27.5,1,Aston Martin,-0.0003758895308629828,0.0,6.0,6.0
2025,24,Yas Island,ANT,1.00337316998481,0.012349071248086778,0.9818747629776696,1.002655304402455,0.9978975082631713,1.0149604874223321,0.0003668953924419412,27.5,1,Mercedes,0.002895779126621978,-1.0,14.0,15.0
2025,24,Yas Island,BEA,1.0023031979509105,0.007202853853325944,0.9924375934146832,1.0000197589909743,1.0012212446372255,1.0096442496997482,0.00010607681441445274,27.5,1,Haas F1 Team,0.0004981778433046369,-1.0,11.0,12.0
2025,24,Yas Island,BOR,1.004073640683273,0.004802650386173405,0.9939768443125796,1.0032430077237389,1.000144901457538,1.0139338733294214,-0.00017930336076068176,27.5,1,Kick Sauber,0.002680279409221775,-4.0,7.0,11.0
2025,24,Yas Island,COL,1.0022134239151883,0.012759159786097552,0.978316639525286,1.0077615421054547,1.0066568432609166,0.998916478345808,0.0005538992502842813,17.333333333333332,2,Alpine,0.0007042029957904372,0.0,20.0,20.0
2025,24,Yas Island,GAS,1.0008050179236072,0.011291084534778933,0.9789524170700694,1.0072181698536646,1.004851266558215,0.9974930510763289,0.00036498887043268064,17.333333333333332,2,Alpine,-0.0007042029957906593,0.0,19.0,19.0
2025,24,Yas Island,HAD,1.0057453386641155,0.005941637946882114,0.996888036228166,1.0054017290899728,1.0085367688763875,1.0075673791665827,0.00021609141881391894,27.0,1,Racing Bulls,0.0008884980860575098,-8.0,9.0,17.0
2025,24,Yas Island,HAM,0.9975339155015657,0.008490259175702917,0.9825997724585628,1.0016945222714273,0.9949783487666759,1.0030708608540364,0.00011130041491208731,17.666666666666668,2,Ferrari,0.004676468991270832,8.0,16.0,8.0
2025,24,Yas Island,HUL,0.9987130818648297,0.013207960958487726,0.9709550047962164,1.0058543299697005,0.994358689093007,1.0047258021741878,-0.000577979657174976,17.666666666666668,2,Kick Sauber,-0.002680279409221664,9.0,18.0,9.0
2025,24,Yas Island,LAW,1.0039683424920003,0.009586801053530582,0.9914337341334464,1.0012776730251025,1.0095414067051738,1.0038306086746696,0.0004424719402444915,27.0,1,Racing Bulls,-0.0008884980860577318,-5.0,13.0,18.0
2025,24,Yas Island,LEC,0.988180977519024,0.01177437136650678,0.9673299573917504,0.9959500759985089,0.9905739001900747,0.9859887705288413,8.995344000141776e-05,17.666666666666668,2,Ferrari,-0.004676468991270832,1.0,5.0,4.0
2025,24,Yas Island,NOR,0.9880918741928846,0.014264781697069568,0.9683672786490284,0.9883528539004245,0.9959226076790406,0.9817043471655282,-0.000498773205118065,18.0,2,McLaren,-0.0018060725342331496,-1.0,2.0,3.0
2025,24,Yas Island,OCO,1.001306842264301,0.008317310393260552,0.988857161978272,1.0002305215613658,0.9972658136737728,1.011416694543919,0.00012468566374782605,27.5,1,Haas F1 Team,-0.0004981778433048589,1.0,8.0,7.0
2025,24,Yas Island,PIA,0.9917040192613509,0.012258333454128944,0.9677761170723004,0.9912568998143161,1.0015035978450135,0.9833725083808028,0.0002893956375918579,28.0,1,McLaren,0.0018060725342331496,1.0,3.0,2.0
2025,24,Yas Island,RUS,0.9975816117315659,0.005770865304099712,0.9882325384255024,0.9959909513954154,0.9993924556535242,1.0011746834332345,-0.00013092815376375497,27.5,1,Mercedes,-0.0028957791266222,-1.0,4.0,5.0
2025,24,Yas Island,SAI,1.003414946754898,0.007821652532125512,0.9932852968077276,1.0058218093662683,0.9971526390059571,1.0142223343405703,0.00024345463613539817,27.5,1,Williams,0.0017548252303376533,-1.0,12.0,13.0
2025,24,Yas Island,STR,1.0019493122042924,0.013016561057330513,0.9773797041961318,1.002958275597393,1.0013097955279433,1.0069943569129187,6.268186261107562e-05,27.5,1,Aston Martin,0.0003758895308629828,5.0,15.0,10.0
2025,24,Yas Island,TSU,1.0032237064918261,0.008860264978133383,0.9877640707609254,0.9986599350993142,1.00134673119359,1.0127240919784803,0.00021453179949867845,27.5,1,Red Bull Racing,0.0069341996315416266,-4.0,10.0,14.0
2025,24,Yas Island,VER,0.9893553072287429,0.009534384846884078,0.977368550204118,0.9911738107240655,0.9994958552230143,0.9797794276062357,-0.00010402813793821704,28.0,1,Red Bull Racing,-0.0069341996315416266,0.0,1.0,1.0
