season,round,circuit_id,driver_id,avg_lap_time_norm,lap_time_std,best_lap_time_norm,avg_sector1_norm,avg_sector2_norm,avg_sector3_norm,tyre_degradation_slope,avg_stint_length,number_of_pit_stops,team,teammate_pace_delta,position_gain,grid_position,finish_position,driver_cluster,driver_cluster_name,circuit_cluster,circuit_cluster_name,split
2019,1,Melbourne,ALB,1.0114583132201933,0.0124870118475358,0.988715671930444,1.0132034084198094,1.0068353184337877,1.0129136854140015,-0.0004039669409877,27.0,1,Toro Rosso,0.0044748233313673,-1.0,13.0,14.0,2,Tyre Manager,0.0,High-Degradation,train
2019,1,Melbourne,BOT,0.9865018102493508,0.0123349514895673,0.959476200886826,0.9837367376024752,0.9854253152541558,0.9867025923092214,-0.0006504363527856,28.0,1,Mercedes,-0.0019039450702837,1.0,2.0,1.0,1,Frontrunner,0.0,High-Degradation,train
2019,1,Melbourne,GAS,1.0026280477765714,0.0137648876162399,0.9779638879078868,1.004256802695768,1.0026984594249828,1.0010449027022217,-0.0001293246051166,27.0,1,Red Bull Racing,0.0065900830011844,6.0,17.0,11.0,2,Tyre Manager,0.0,High-Degradation,train
2019,1,Melbourne,GIO,1.013724687807731,0.0163983295063758,0.9919782049341608,1.0138163086039274,1.013402737865499,1.0136920259918891,-0.0001684286821262,27.0,1,Alfa Romeo Racing,0.0056797431663593,-1.0,14.0,15.0,2,Tyre Manager,0.0,High-Degradation,train
2019,1,Melbourne,HAM,0.9903097003899184,0.0134173300541383,0.964824064264052,0.987889345011146,0.9895353342985708,0.989815210864846,-0.0015114377171292,28.0,1,Mercedes,0.0019039450702836,-1.0,1.0,2.0,1,Frontrunner,0.0,High-Degradation,train
2019,1,Melbourne,HUL,1.0029583704193683,0.0096939213054519,0.991585804057425,1.0052729266852276,1.0000443902416232,1.0027947372723092,-0.0002521334357547,27.0,1,Renault,0.0,4.0,11.0,7.0,2,Tyre Manager,0.0,High-Degradation,train
2019,1,Melbourne,KUB,1.0297020653691116,0.0181148844122561,1.0010034250990811,1.025770613286416,1.031799157824679,1.031425922428656,-6.646140161619336e-05,15.333333333333334,2,Williams,0.0030219049103668,3.0,20.0,17.0,0,Aggressive,0.0,High-Degradation,train
2019,1,Melbourne,KVY,1.0025086665574587,0.0165691882136403,0.9804191962508898,1.007866586270043,0.998234514425271,1.0007002462055243,-0.0006093660311666,27.0,1,Toro Rosso,-0.0044748233313671,5.0,15.0,10.0,2,Tyre Manager,0.0,High-Degradation,train
2019,1,Melbourne,LEC,0.9962660763326724,0.0128219967447901,0.9745668174607178,0.9966569644815658,0.9989876476187928,0.9937344175104054,3.2974801115178006e-05,27.5,1,Ferrari,-0.000788159729434,0.0,5.0,5.0,2,Tyre Manager,0.0,High-Degradation,train
2019,1,Melbourne,MAG,1.0013929721512589,0.0097801916397809,0.988648403208718,1.0012918275614242,1.0027533843842351,1.0003994740131037,-0.0001767080253252,27.5,1,Haas F1 Team,0.0,1.0,7.0,6.0,2,Tyre Manager,0.0,High-Degradation,train
2019,1,Melbourne,NOR,1.0111680611431155,0.0113777086766552,0.9928302754093582,1.0131910015334913,1.009724578020133,1.010264724303437,-0.0001805889174053,27.0,1,McLaren,0.0,-4.0,8.0,12.0,2,Tyre Manager,0.0,High-Degradation,train
2019,1,Melbourne,PER,1.0107937231638804,0.0116395514527068,0.9920454736558868,1.011117190485407,1.0099278386001964,1.0109306089851218,-0.0004374264943569,27.0,1,Racing Point,0.0039753945964529,-3.0,10.0,13.0,2,Tyre Manager,0.0,High-Degradation,train
2019,1,Melbourne,RAI,1.0023652014750122,0.0095750058717705,0.9896350111273676,0.999343055369452,1.001016302900318,1.0056342486514402,-0.000248530826506,27.0,1,Alfa Romeo Racing,-0.0056797431663595,1.0,9.0,8.0,2,Tyre Manager,0.0,High-Degradation,train
2019,1,Melbourne,RUS,1.023658255548378,0.0154170753724868,0.9946016850814792,1.0235146986571662,1.02164951938974,1.024948946952514,0.0008473271500407,17.0,2,Williams,-0.0030219049103668,3.0,19.0,16.0,0,Aggressive,0.0,High-Degradation,train
2019,1,Melbourne,STR,1.0028429339709743,0.0126298540861548,0.981764570685412,1.0033548220604365,1.0002788018684396,1.0039583434205228,-0.0005892083012483,27.0,1,Racing Point,-0.0039753945964531,7.0,16.0,9.0,2,Tyre Manager,0.0,High-Degradation,train
2019,1,Melbourne,VER,0.9894478817742024,0.0106851511842489,0.967055143534635,0.991691739856017,0.9862200795965882,0.9895556586401272,-0.0004166159565672,27.5,1,Red Bull Racing,-0.0065900830011845,1.0,4.0,3.0,1,Frontrunner,0.0,High-Degradation,train
2019,1,Melbourne,VET,0.9978423957915404,0.0119527561626563,0.9860921917831256,0.996048384149684,0.9988908280415492,0.9953873001146648,-0.0013356719545715,28.0,1,Ferrari,0.0007881597294341,-1.0,3.0,4.0,2,Tyre Manager,0.0,High-Degradation,train
2019,2,Sakhir,ALB,1.0011614075270796,0.0089954678296502,0.9893044847542892,1.000139748533653,1.0035239061795218,1.0013427141051812,0.0005796278746645,16.0,2,Toro Rosso,0.0005607860078937,3.0,12.0,9.0,0,Aggressive,1.0,High-Speed,train
2019,2,Sakhir,BOT,0.9902750567496268,0.0112424575163762,0.9633019080144788,0.9935063432028892,0.9918874527553544,0.984501104028663,-0.0004319582025368,16.666666666666668,2,Mercedes,0.0014807051268941,2.0,4.0,2.0,1,Frontrunner,1.0,High-Speed,train
2019,2,Sakhir,GAS,0.9981409384649992,0.0135007950447788,0.9743655289474222,0.9962990267561056,1.0016593952685362,0.9973032884778292,0.0007240893322232,16.0,2,Red Bull Racing,0.0033341556064541,5.0,13.0,8.0,0,Aggressive,1.0,High-Speed,train
2019,2,Sakhir,GIO,1.0024538248907613,0.0152354568415296,0.9738133704165728,1.0037921135919288,1.002903698691926,1.0030204557763611,0.0006180479631079,16.0,2,Alfa Romeo Racing,0.0021473896875874,5.0,16.0,11.0,0,Aggressive,1.0,High-Speed,train
2019,2,Sakhir,HAM,0.9873136464958384,0.012378162617168,0.9563385754309904,0.9867964295799656,0.9887396761700344,0.9862300545765114,0.0007664678983433,16.666666666666668,2,Mercedes,-0.0014807051268941,2.0,3.0,1.0,1,Frontrunner,1.0,High-Speed,train
2019,2,Sakhir,HUL,0.9971316301628528,0.0098785747898876,0.9735884169410416,0.997806555623967,0.9974248751808128,0.998814384313072,-0.0002214488536709,16.0,2,Renault,-0.0035039613966202,0.0,17.0,17.0,0,Aggressive,1.0,High-Speed,train
2019,2,Sakhir,KUB,1.0215583512583453,0.0091594910081375,1.0010736415877626,1.0181787249336425,1.022993984924133,1.0264891131032865,0.0005788238715089,14.666666666666666,2,Williams,0.0019308242944848,4.0,20.0,16.0,0,Aggressive,1.0,High-Speed,train
2019,2,Sakhir,KVY,1.000039835511292,0.0147759589230973,0.9707151475490297,0.9978126316471692,1.0033333722178153,1.0001050215945229,0.0003492636730979,16.0,2,Toro Rosso,-0.0005607860078937,3.0,15.0,12.0,0,Aggressive,1.0,High-Speed,train
2019,2,Sakhir,LEC,0.9921415570870568,0.0209071416018836,0.9551422319474836,0.9986244214137906,0.9876883953151976,0.9930916968712244,0.0023163091051974,16.666666666666668,2,Ferrari,0.0025739790179757,-2.0,1.0,3.0,1,Frontrunner,1.0,High-Speed,train
2019,2,Sakhir,MAG,1.0086947231089822,0.0151464732796774,0.9805108488926152,1.0121844518616936,1.005974084841813,1.0092879546519269,0.0002923365591313,16.333333333333332,2,Haas F1 Team,0.0,-7.0,6.0,13.0,0,Aggressive,1.0,High-Speed,train
2019,2,Sakhir,NOR,0.9980256924136144,0.0104385719957869,0.979334955725066,0.9941636421573392,0.9994701989330096,1.0034882792428723,0.0003138668822964,16.0,2,McLaren,-0.0008917930807393,3.0,9.0,6.0,0,Aggressive,1.0,High-Speed,train
2019,2,Sakhir,PER,1.0015555021575084,0.0121466444575391,0.984989468087282,0.9995294457586658,1.003845675267914,1.0031584593592469,4.925683646284407e-05,16.0,2,Racing Point,-0.0025471990162146,4.0,14.0,10.0,0,Aggressive,1.0,High-Speed,train
2019,2,Sakhir,RAI,0.9981590455155864,0.0118960215912263,0.977412626025072,0.9958041684219624,0.9990828122812748,1.0026142565512643,0.0001247059258884,16.0,2,Alfa Romeo Racing,-0.0021473896875873,1.0,8.0,7.0,0,Aggressive,1.0,High-Speed,train
2019,2,Sakhir,RIC,1.004139552956093,0.0083211975561223,0.9887421010654616,1.0062283288505782,1.0042895805142082,1.0042819647544057,0.0002377323237499,25.0,1,Renault,0.0035039613966201,-8.0,10.0,18.0,2,Tyre Manager,1.0,High-Speed,train
2019,2,Sakhir,RUS,1.0176967026693755,0.0118655369468856,0.995040798380335,1.0170714705803263,1.021198661314838,1.0153846017474764,0.0011576007810082,15.666666666666666,2,Williams,-0.0019308242944848,4.0,19.0,15.0,0,Aggressive,1.0,High-Speed,train
2019,2,Sakhir,SAI,0.9998092785750932,0.0131095383986,0.977381950551136,0.9994368651680942,0.9980244992524032,1.003710586901275,-0.0032623813877523,11.5,3,McLaren,0.0008917930807392,-12.0,7.0,19.0,0,Aggressive,1.0,High-Speed,train
2019,2,Sakhir,STR,1.0066499001899376,0.0073958391512066,0.9922186547782164,1.0052338119861832,1.0082919173922194,1.008641776920742,0.0007006917418787,24.5,1,Racing Point,0.0025471990162144,4.0,18.0,14.0,2,Tyre Manager,1.0,High-Speed,train
2019,2,Sakhir,VER,0.9914726272520912,0.0114803085136221,0.974570032106996,0.9948422416375732,0.9890019131165136,0.9921359830021248,-0.0006071020392161,16.666666666666668,2,Red Bull Racing,-0.0033341556064541,1.0,5.0,4.0,1,Frontrunner,1.0,High-Speed,train
2019,2,Sakhir,VET,0.9869935990511052,0.0090651856557658,0.9703163663878608,0.9891531350900769,0.983394868026068,0.9921520226638336,0.0007337084416208,12.0,3,Ferrari,-0.0025739790179757,-3.0,2.0,5.0,1,Frontrunner,1.0,High-Speed,train
2019,3,Shanghai,ALB,1.0062815427349114,0.0083152182592417,0.9942197112871446,1.0040709858370214,1.01403325201657,1.0035273930147186,-1.852247795253829e-05,25.5,1,Toro Rosso,0.0008743641436026,-10.0,0.0,10.0,2,Tyre Manager,1.0,High-Speed,train
2019,3,Shanghai,BOT,0.9810943343117938,0.0116170288680728,0.9537174795930676,0.9838515451385592,0.9802836640501298,0.9811518662259742,0.0004989355797808,16.666666666666668,2,Mercedes,0.0006445775865535,-1.0,1.0,2.0,1,Frontrunner,1.0,High-Speed,train
2019,3,Shanghai,GAS,0.9913634947122926,0.0126074114050419,0.9524106317101612,0.9919870272939656,0.9893120641444598,0.9935753112296016,0.0003726203610555,12.0,3,Red Bull Racing,0.0036268798504162,0.0,6.0,6.0,1,Frontrunner,1.0,High-Speed,train
2019,3,Shanghai,GIO,1.0049768952576807,0.012335793885712,0.985644778640074,1.0088196725251288,1.0021684919630351,1.005770635963897,0.0004243220547568,16.333333333333332,2,Alfa Romeo Racing,0.0002274825246355,4.0,19.0,15.0,0,Aggressive,1.0,High-Speed,train
2019,3,Shanghai,GRO,1.0027876686079955,0.0124675324979278,0.9738328843138044,0.9995406622448788,1.005177154242757,1.0043238052306362,0.0001588278042529,16.333333333333332,2,Haas F1 Team,-0.0007930330441718,-1.0,10.0,11.0,0,Aggressive,1.0,High-Speed,train
2019,3,Shanghai,HAM,0.9798051791386868,0.0108639207592545,0.963971209135872,0.98454139679766,0.9772684701681096,0.979841304573146,0.0004944252873401,16.666666666666668,2,Mercedes,-0.0006445775865535,1.0,2.0,1.0,1,Frontrunner,1.0,High-Speed,train
2019,3,Shanghai,KUB,1.024060156854571,0.0112538072867945,1.0029755921026178,1.0177079549934278,1.0300983109276456,1.025010006305794,0.000435322830842,24.5,1,Williams,0.0025053817828259,1.0,18.0,17.0,2,Tyre Manager,1.0,High-Speed,train
2019,3,Shanghai,KVY,1.004532814447706,0.0119542478604043,0.984910933290442,1.0054155824422115,1.0151275561769362,0.9979572858245138,0.001628035809603,8.0,3,Toro Rosso,-0.0008743641436028,-8.0,11.0,19.0,0,Aggressive,1.0,High-Speed,train
2019,3,Shanghai,LEC,0.9846011098154328,0.0151746456854451,0.9535968474807994,0.9860821668027884,0.9794367146177946,0.9884131608950514,0.0008022308199166,16.666666666666668,2,Ferrari,0.0014746270457195,-1.0,4.0,5.0,1,Frontrunner,1.0,High-Speed,train
2019,3,Shanghai,MAG,1.0043737346963395,0.0130079160884763,0.979844384575174,1.001985812083955,1.0019519177815654,1.0086802793163607,7.193368008385603e-05,16.333333333333332,2,Haas F1 Team,0.0007930330441718,-4.0,9.0,13.0,0,Aggressive,1.0,High-Speed,train
2019,3,Shanghai,NOR,1.0042331117380656,0.0087456459607117,0.9886404760947364,1.0022090130027426,1.0101929771092844,1.0025885025492665,0.0006730680855595,14.333333333333334,2,McLaren,0.0011616502025559,-3.0,15.0,18.0,0,Aggressive,1.0,High-Speed,train
2019,3,Shanghai,PER,1.003685389874314,0.0076046994706643,0.9922192287586956,1.0065103744778123,1.0059279986629963,1.0016414198722223,0.0002607073658279,25.5,1,Racing Point,-0.000182919281348,4.0,12.0,8.0,2,Tyre Manager,1.0,High-Speed,train
2019,3,Shanghai,RAI,1.0045219302084096,0.0103247086033112,0.9832723470987976,1.0051361234725422,1.0073594643530694,1.0034126810467603,0.0006992354319703,25.5,1,Alfa Romeo Racing,-0.0002274825246355,4.0,13.0,9.0,2,Tyre Manager,1.0,High-Speed,train
2019,3,Shanghai,RIC,1.0036317756021949,0.0071661180787898,0.9915155414371306,1.0042616678193244,1.0046378959898483,1.0037640429013728,7.889474695543322e-06,25.5,1,Renault,0.0,0.0,7.0,7.0,2,Tyre Manager,1.0,High-Speed,train
2019,3,Shanghai,RUS,1.019049393288919,0.0131154337628429,0.9779544814829708,1.0172426543835265,1.019647323025358,1.020956587982165,0.0025882125844265,15.666666666666666,2,Williams,-0.0025053817828259,1.0,17.0,16.0,0,Aggressive,1.0,High-Speed,train
2019,3,Shanghai,SAI,1.0019098113329534,0.0113895075833157,0.980156017531867,1.0051547447598763,0.9988704170142942,1.003220290108373,9.871406133426712e-05,25.5,1,McLaren,-0.0011616502025562,0.0,14.0,14.0,2,Tyre Manager,1.0,High-Speed,train
2019,3,Shanghai,STR,1.00405122843701,0.0123386516081867,0.9718726124894448,1.00480153314151,1.0057718738204442,1.003622482471044,0.0002095969631829,16.333333333333332,2,Racing Point,0.0001829192813478,4.0,16.0,12.0,0,Aggressive,1.0,High-Speed,train
2019,3,Shanghai,VER,0.9841097350114602,0.0112226828675256,0.9664944308174837,0.984814906266026,0.9807815921571268,0.9871362270104684,0.0005384243238097,16.666666666666668,2,Red Bull Racing,-0.0036268798504162,1.0,5.0,4.0,1,Frontrunner,1.0,High-Speed,train
2019,3,Shanghai,VET,0.9816518557239938,0.0120765052332702,0.9533555832562628,0.9822066895857472,0.9774146818043998,0.9853880437160988,0.0005085942317694,16.666666666666668,2,Ferrari,-0.0014746270457194,0.0,3.0,3.0,1,Frontrunner,1.0,High-Speed,train
2019,4,Baku,ALB,1.0066174027964188,0.0191419275303304,0.9788864719766744,1.0107766050592777,1.0113527398565472,0.9945938476950448,0.0015491974107957,22.5,1,Toro Rosso,-0.0024508408136401,0.0,11.0,11.0,2,Tyre Manager,1.0,High-Speed,train
2019,4,Baku,BOT,0.985680566483084,0.0133779388108738,0.9628731429629288,0.9818521200654527,0.9813988518782868,0.9975004216953144,-1.5238640894254922e-05,23.5,1,Mercedes,-7.552713905756292e-05,0.0,1.0,1.0,1,Frontrunner,1.0,High-Speed,train
2019,4,Baku,GAS,0.9991524268286428,0.0182789535324962,0.9784977090757624,0.9997821108441785,0.9996489595172452,0.9995987748980132,-0.0012701988842761,37.0,0,Red Bull Racing,0.0050203710897793,-17.0,0.0,17.0,2,Tyre Manager,1.0,High-Speed,train
2019,4,Baku,GIO,1.006414999254357,0.0196927344503179,0.9808765677789604,1.0171009187016145,1.0080725851734975,0.9898526693956508,0.005689352164334,22.5,1,Alfa Romeo Racing,0.0009016625270619,5.0,17.0,12.0,2,Tyre Manager,1.0,High-Speed,train
2019,4,Baku,GRO,1.0217264046023244,0.0141378615218493,1.0044615171009394,1.0273179286667715,1.0270150222815375,1.0066524878820853,-0.0008944383574981,16.5,1,Haas F1 Team,0.0056231309251164,-4.0,14.0,18.0,0,Aggressive,1.0,High-Speed,train
2019,4,Baku,HAM,0.9858316207611992,0.0162521571719825,0.9641875318183922,0.9839642551337242,0.981816784140176,0.9937018564516076,-0.0001463770605774,23.5,1,Mercedes,7.55271390574519e-05,0.0,2.0,2.0,1,Frontrunner,1.0,High-Speed,train
2019,4,Baku,HUL,1.012946421684331,0.0145111132937728,0.9941870690054148,1.0157061531149656,1.014253264819225,1.0068017957999305,0.0018391465335922,14.0,2,Renault,0.0015853915654906,1.0,15.0,14.0,0,Aggressive,1.0,High-Speed,train
2019,4,Baku,KUB,1.025607210626186,0.0144271569357433,0.9969824593881612,1.0299581975619572,1.0250903249411174,1.0222650785014769,0.0006457126754565,10.0,3,Williams,0.0015143052262347,-16.0,0.0,16.0,0,Aggressive,1.0,High-Speed,train
2019,4,Baku,KVY,1.0115190844236988,0.0175617957241685,0.9967232841208868,1.0144147936862369,1.0154614085464055,1.002745330994204,0.0073787831977841,14.0,1,Toro Rosso,0.0024508408136398,-13.0,6.0,19.0,0,Aggressive,1.0,High-Speed,train
2019,4,Baku,LEC,0.9925586131109536,0.0126942683589334,0.9534780395242284,0.9896115839187114,0.9931340281732984,0.9982096312979224,-0.0038560892286946,14.333333333333334,2,Ferrari,0.0022842557002081,3.0,8.0,5.0,1,Frontrunner,1.0,High-Speed,train
2019,4,Baku,MAG,1.0104801427520915,0.0152485363529783,0.9874762808349148,1.011407824758641,1.0139057215959184,1.0055279202722074,0.0028496422808147,15.0,2,Haas F1 Team,-0.0056231309251164,-1.0,12.0,13.0,0,Aggressive,1.0,High-Speed,train
2019,4,Baku,NOR,1.001262199306962,0.017457007658798,0.975554218540288,1.0006750704280207,1.0013875934934904,0.9986150202909864,-0.0003292296965324,15.666666666666666,2,McLaren,0.000851036429204,-1.0,7.0,8.0,0,Aggressive,1.0,High-Speed,train
2019,4,Baku,PER,0.9996238413674056,0.0182837984448241,0.9767575322812052,0.9981892759756772,1.0009618766958732,0.9971829099291885,-0.0004741739185812,23.5,1,Racing Point,-0.0010598781093617,-1.0,5.0,6.0,2,Tyre Manager,1.0,High-Speed,train
2019,4,Baku,RAI,1.0046116742002331,0.0128414362503229,0.9855972601471744,1.0075962732650474,1.0052980468978274,1.0012228612881495,0.0038074070390674,22.5,1,Alfa Romeo Racing,-0.0009016625270619,-10.0,0.0,10.0,2,Tyre Manager,1.0,High-Speed,train
2019,4,Baku,RIC,1.0097756385533494,0.0169321309120677,0.9882630628962836,1.0146193136495494,1.0136440206413448,0.9982080245954024,0.0007617692818151,13.5,1,Renault,-0.0015853915654908,-10.0,10.0,20.0,0,Aggressive,1.0,High-Speed,train
2019,4,Baku,RUS,1.0225786001737165,0.0170121851470732,0.9927430925163142,1.0224352229770306,1.0261051576950626,1.0190849146298702,-0.0005463357803883,14.333333333333334,2,Williams,-0.0015143052262347,1.0,16.0,15.0,0,Aggressive,1.0,High-Speed,train
2019,4,Baku,SAI,0.9995601264485544,0.0154025157317488,0.9793770537325868,1.00436255797506,1.0006109485560435,0.9928198014314776,0.0004899455594944,23.0,1,McLaren,-0.0008510364292038,2.0,9.0,7.0,2,Tyre Manager,1.0,High-Speed,train
2019,4,Baku,STR,1.0017435975861289,0.016464057546517,0.9812468181607812,1.0058893686003072,1.0034061997607904,0.994951304077481,0.0012945134964374,23.0,1,Racing Point,0.0010598781093615,4.0,13.0,9.0,2,Tyre Manager,1.0,High-Speed,train
2019,4,Baku,VER,0.9891116846490844,0.0194521801822476,0.9700004628129772,0.9899292587150972,0.9826078875835196,0.9958872304043976,-0.0011130225050952,23.5,1,Red Bull Racing,-0.0050203710897792,0.0,4.0,4.0,1,Frontrunner,1.0,High-Speed,train
2019,4,Baku,VET,0.9879901017105372,0.0158860701516909,0.9684731799879668,0.9816133618789536,0.985665750524118,0.9992550049445844,-0.0013096466259372,23.5,1,Ferrari,-0.002284255700208,0.0,3.0,3.0,1,Frontrunner,1.0,High-Speed,train
2019,5,Barcelona,ALB,0.9996599979268168,0.0144170992959204,0.9725499609914182,0.9997192909094782,0.9994385772626706,0.998998107183508,-0.0010052754215559,18.33333333333333,2,Toro Rosso,0.0007993758626897,0.0,11.0,11.0,0,Aggressive,1.0,High-Speed,train
2019,5,Barcelona,BOT,0.9827987157174578,0.0177980864008353,0.9450519114205124,0.9841103167366504,0.9812513455698116,0.9793253732979258,-0.0002097997176702,18.666666666666668,2,Mercedes,0.0011167588448405,-1.0,1.0,2.0,1,Frontrunner,1.0,High-Speed,train
2019,5,Barcelona,GAS,0.991726108315258,0.0136000701291692,0.9666446618256016,1.001095180294056,0.9905775758214272,0.9844558843312026,-0.0004980904640065,18.666666666666668,2,Red Bull Racing,0.0036923766085682,0.0,6.0,6.0,1,Frontrunner,1.0,High-Speed,train
2019,5,Barcelona,GIO,1.0160713049178514,0.0182791798707667,0.982212086659065,1.0099243693762316,1.0172587937281556,1.0189450541785492,-0.0024420937408048,17.333333333333332,2,Alfa Romeo Racing,0.0043596801086449,2.0,18.0,16.0,0,Aggressive,1.0,High-Speed,train
2019,5,Barcelona,GRO,0.9970305467202784,0.0123824619094405,0.9728980375682652,1.002411000698869,0.9916212174653192,0.997656331740662,-0.0008699707465897,18.33333333333333,2,Haas F1 Team,-0.0006312297796425,-3.0,7.0,10.0,1,Frontrunner,1.0,High-Speed,train
2019,5,Barcelona,HAM,0.9805651980277768,0.0155887575287334,0.9421112644781852,0.9856021818425192,0.9809536024625646,0.9726773950186036,-0.0002397400113509,19.0,2,Mercedes,-0.0011167588448405,1.0,2.0,1.0,1,Frontrunner,1.0,High-Speed,train
2019,5,Barcelona,HUL,1.00582826403627,0.0165254648296266,0.9755986316989738,1.0058817266125766,1.008125180363613,1.002426736587794,-0.0007545085440859,27.5,1,Renault,0.0014887638916927,-13.0,0.0,13.0,2,Tyre Manager,1.0,High-Speed,train
2019,5,Barcelona,KUB,1.0333909015538976,0.0185434223458785,0.9986437016143552,1.0286009939324534,1.037082758841825,1.032414673244025,-0.0007288550740799,18.0,2,Williams,0.0022612752583346,-1.0,17.0,18.0,0,Aggressive,1.0,High-Speed,train
2019,5,Barcelona,KVY,0.9980612462014372,0.0146315919022676,0.968925163535978,0.993212260598704,0.9988124422472068,1.0003620764545678,-0.0012411990153299,18.33333333333333,2,Toro Rosso,-0.0007993758626898,0.0,9.0,9.0,1,Frontrunner,1.0,High-Speed,train
2019,5,Barcelona,LEC,0.986925480748622,0.0141668924076404,0.9602352517553862,0.9859976636153726,0.9839860014932962,0.990039160783415,-0.000205583383553,18.666666666666668,2,Ferrari,0.0016382056433368,0.0,5.0,5.0,1,Frontrunner,1.0,High-Speed,train
2019,5,Barcelona,MAG,0.9982930062795636,0.0144961275095961,0.9694532797215388,0.9999918691159986,0.9967404833599082,0.9977374977409852,-0.0009990425034787,18.33333333333333,2,Haas F1 Team,0.0006312297796426,1.0,8.0,7.0,1,Frontrunner,1.0,High-Speed,train
2019,5,Barcelona,NOR,1.0111431344164008,0.0126012521489317,0.9909500090019804,1.0061823521193112,1.0116292983239576,1.0138126035115895,-0.0001058822455006,20.5,1,McLaren,0.004614847638986,-10.0,10.0,20.0,2,Tyre Manager,1.0,High-Speed,train
2019,5,Barcelona,PER,1.0058330650925025,0.0128101768509779,0.982524155314169,1.0014972442111012,1.0092089652739924,1.004852204956833,-0.0008558737652602,18.33333333333333,2,Racing Point,-0.0025912157437384,0.0,15.0,15.0,0,Aggressive,1.0,High-Speed,train
2019,5,Barcelona,RAI,1.0073519447005614,0.015863611701471,0.9767988957570668,1.0030289478829697,1.008629469738265,1.0086416425969316,-0.0009417978915068,18.33333333333333,2,Alfa Romeo Racing,-0.0043596801086449,0.0,14.0,14.0,0,Aggressive,1.0,High-Speed,train
2019,5,Barcelona,RIC,1.002850736252885,0.0150748640345508,0.9675928704314948,1.0008080549957508,1.0045636730922265,1.0018034070696853,-0.0009790037610208,18.33333333333333,2,Renault,-0.0014887638916925,1.0,13.0,12.0,0,Aggressive,1.0,High-Speed,train
2019,5,Barcelona,RUS,1.028868351037228,0.0203335302759636,0.9888015363379944,1.031412745397285,1.0292108891525318,1.0255331186520806,-0.0003256218789331,18.0,2,Williams,-0.0022612752583348,2.0,19.0,17.0,0,Aggressive,1.0,High-Speed,train
2019,5,Barcelona,SAI,1.0019134391384288,0.0155070045337474,0.9705215147332412,0.9978329258211708,1.001341468035924,1.005020878051255,-0.0006870154373021,18.33333333333333,2,McLaren,-0.004614847638986,4.0,12.0,8.0,0,Aggressive,1.0,High-Speed,train
2019,5,Barcelona,STR,1.0110154965799794,0.0104367234817363,0.9989317649882974,1.0078973925879295,1.010484355973838,1.0132826581988834,-0.0004469986814734,20.5,1,Racing Point,0.0025912157437386,-3.0,16.0,19.0,2,Tyre Manager,1.0,High-Speed,train
2019,5,Barcelona,VER,0.9843413550981216,0.0179263560764501,0.95743863650003,0.986472833275363,0.9826804291998122,0.9801225733426758,-0.0006650544919294,18.33333333333333,2,Red Bull Racing,-0.0036923766085683,1.0,4.0,3.0,1,Frontrunner,1.0,High-Speed,train
2019,5,Barcelona,VET,0.9836490694619484,0.016281216293095,0.9580507711696572,0.9799541443954656,0.98275991064653,0.9868013655897728,-0.0002719210814416,18.0,2,Ferrari,-0.0016382056433367,-1.0,3.0,4.0,1,Frontrunner,1.0,High-Speed,train
2019,6,Monaco,ALB,1.0011640306155,0.0142278260248132,0.9647072333584272,1.0064250972762645,0.9997623261694056,0.9998507594309864,-0.0003460083078058,35.0,1,Toro Rosso,0.0001169316692519,2.0,10.0,8.0,2,Tyre Manager,0.0,High-Degradation,train
2019,6,Monaco,BOT,0.99168580878481,0.0153587902205503,0.959042017021168,0.9947457491604924,0.990803451511416,0.9884969256259442,-0.0025937789620754,37.0,1,Mercedes,0.0001906165285135,-1.0,2.0,3.0,1,Frontrunner,0.0,High-Degradation,train
2019,6,Monaco,GAS,0.989056855564754,0.0198766265939483,0.9477626223316704,0.993739271000229,0.9846185880751208,0.993587344240132,-0.0002772708933767,22.666666666666668,2,Red Bull Racing,-0.0013358573875363,3.0,8.0,5.0,1,Frontrunner,0.0,High-Degradation,train
2019,6,Monaco,GIO,1.013534016721796,0.0183633779361394,0.973536804766948,1.0177180730588304,1.0120053239588307,1.0135107264380885,0.0001854161363401,33.5,1,Alfa Romeo Racing,0.0003288254389104,-1.0,18.0,19.0,2,Tyre Manager,0.0,High-Degradation,train
2019,6,Monaco,GRO,1.0010049014693474,0.0138530676108753,0.979240299592972,1.0041675931072818,0.9995083146941552,1.0019055307198144,-0.0005632258947189,35.0,1,Haas F1 Team,-0.0038814246406306,3.0,13.0,10.0,2,Tyre Manager,0.0,High-Degradation,train
2019,6,Monaco,HAM,0.9913045757277829,0.011630647878633,0.9718525512612765,0.9887752518522466,0.993729508950748,0.9881889106923534,-0.0021063265175953,37.0,1,Mercedes,-0.0001906165285135,0.0,1.0,1.0,2,Tyre Manager,0.0,High-Degradation,train
2019,6,Monaco,HUL,1.0062981983036527,0.0203595685890052,0.9732433363530808,1.0115194834489372,1.0066037233255394,1.0020535816900895,8.428778926300782e-05,34.5,1,Renault,0.0010372253063835,-2.0,11.0,13.0,2,Tyre Manager,0.0,High-Degradation,train
2019,6,Monaco,KUB,1.0141915620700708,0.0191061266256554,0.9874318961887386,1.0153181506065458,1.0120097705521962,1.018293142794893,8.637744688333159e-05,34.0,1,Williams,0.0020139470944107,2.0,20.0,18.0,2,Tyre Manager,0.0,High-Degradation,train
2019,6,Monaco,KVY,1.000930167276996,0.0121027915159183,0.973396450308142,0.994616453585325,1.00131945930176,1.007793749533623,-0.0004071731440859,35.0,1,Toro Rosso,-0.0001169316692519,0.0,7.0,7.0,2,Tyre Manager,0.0,High-Degradation,train
2019,6,Monaco,MAG,1.008767750750609,0.0196976730068155,0.982379135671724,1.013331643557845,1.008996826431701,1.0053016708924425,0.0002271848153056,35.5,1,Haas F1 Team,0.0038814246406309,-9.0,5.0,14.0,2,Tyre Manager,0.0,High-Degradation,train
2019,6,Monaco,NOR,1.0040281729677312,0.0199988629263389,0.974991387340028,1.0089084213451915,1.0032733638043372,1.0019625134825283,-0.0005117153218036,35.0,1,McLaren,0.0015340560068972,1.0,12.0,11.0,2,Tyre Manager,0.0,High-Degradation,train
2019,6,Monaco,PER,1.008146026966284,0.0230254029317069,0.9775432865910456,1.0177487493051691,1.004537586307498,1.0064519411449464,0.0022056143272467,35.0,1,Racing Point,-0.0011775192258265,4.0,16.0,12.0,2,Tyre Manager,0.0,High-Degradation,train
2019,6,Monaco,RAI,1.012876365843975,0.0178410797718234,0.975284855753895,1.0192494219816162,1.0137749232939692,1.006482133357558,-5.0984167577273806e-05,34.5,1,Alfa Romeo Racing,-0.0003288254389106,-3.0,14.0,17.0,2,Tyre Manager,0.0,High-Degradation,train
2019,6,Monaco,RIC,1.0042237476908855,0.0209477533678025,0.965855588021385,1.0100667423259833,1.0027758868466832,1.0024270435970897,1.767867933512914e-05,36.0,1,Renault,-0.0010372253063835,-3.0,6.0,9.0,2,Tyre Manager,0.0,High-Degradation,train
2019,6,Monaco,RUS,1.0101636678812491,0.0204852659647012,0.9829660724994578,1.0157531962201225,1.006707770106,1.0121244394999078,-0.0001817522541759,35.0,1,Williams,-0.0020139470944107,4.0,19.0,15.0,2,Tyre Manager,0.0,High-Degradation,train
2019,6,Monaco,SAI,1.0009600609539364,0.0118830368332065,0.9683309302948722,0.9980933852140076,1.0017726344452011,1.0037201603657746,-0.0002889484260137,35.0,1,McLaren,-0.0015340560068974,3.0,9.0,6.0,2,Tyre Manager,0.0,High-Degradation,train
2019,6,Monaco,STR,1.0105010654179372,0.0189721553149944,0.974557564467355,1.0123655298695355,1.0102702919152684,1.0104747725577718,-0.0005603903396735,34.0,1,Racing Point,0.0011775192258265,1.0,17.0,16.0,2,Tyre Manager,0.0,High-Degradation,train
2019,6,Monaco,VER,0.991728570339827,0.0133406287481746,0.9726436400290918,0.9939348915303022,0.9915897926517392,0.9875003689762228,-0.0030454491695129,37.0,1,Red Bull Racing,0.0013358573875364,-1.0,3.0,4.0,2,Tyre Manager,0.0,High-Degradation,train
2019,6,Monaco,VET,0.9922692971000424,0.0153648012094967,0.973256095849336,0.9919473908640264,0.9931720420215996,0.9882935074302184,-0.0036738824162027,37.0,1,Ferrari,0.0,2.0,4.0,2.0,2,Tyre Manager,0.0,High-Degradation,train
2019,7,Montréal,ALB,1.0157713240815731,0.0124016843234174,0.997685245053666,1.0167838809578502,1.0165339778421718,1.0153770295654692,-0.0001899187160434,57.0,0,Toro Rosso,0.0065649742368452,-6.0,13.0,19.0,2,Tyre Manager,0.0,High-Degradation,train
2019,7,Montréal,BOT,0.98866973709079,0.0152270947059944,0.9450148713306608,0.9853275427330586,0.9878785051959924,0.9925129791886704,-0.0007349510093184,21.666666666666668,2,Mercedes,0.0022587014692279,2.0,6.0,4.0,1,Frontrunner,0.0,High-Degradation,train
2019,7,Montréal,GAS,0.9995611096089564,0.0095642902688333,0.9848312427259795,1.001279626987678,0.9986139591402748,1.000025394146454,-0.0004300185124867,33.0,1,Red Bull Racing,0.0032904204510288,-3.0,5.0,8.0,2,Tyre Manager,0.0,High-Degradation,train
2019,7,Montréal,GIO,1.0068730416098837,0.0126822918300729,0.9875210138368032,1.0107366586426851,1.0065448982257132,1.005361260282939,-0.0007400556557087,32.5,1,Alfa Romeo Racing,0.0011905659685265,-1.0,12.0,13.0,2,Tyre Manager,0.0,High-Degradation,train
2019,7,Montréal,GRO,1.0076737241809013,0.0152602879545509,0.985969222811328,1.0072584888723806,1.0093599100390271,1.007526922678731,-0.0004427335719667,33.0,1,Haas F1 Team,-0.0069532581733537,0.0,14.0,14.0,2,Tyre Manager,0.0,High-Degradation,train
2019,7,Montréal,HAM,0.9841523341523342,0.0143197175227604,0.9674511832406568,0.9790990723788432,0.9835345003875916,0.9865326424516818,-0.0002971607721286,34.0,1,Mercedes,-0.0022587014692279,1.0,2.0,1.0,1,Frontrunner,0.0,High-Degradation,train
2019,7,Montréal,HUL,0.9974934264407948,0.0096180470811495,0.982736324841588,0.9984052147437792,0.9950432042961757,0.9997143158523936,-0.0005390862312995,33.0,1,Renault,-8.160618208474801e-05,0.0,7.0,7.0,2,Tyre Manager,0.0,High-Degradation,train
2019,7,Montréal,KUB,1.0264797286868597,0.0167232341970869,0.9994180783654468,1.0358997900185418,1.0267161139059928,1.0206782864735715,-0.0015243270234195,20.666666666666668,2,Williams,0.003094533145467,1.0,19.0,18.0,0,Aggressive,0.0,High-Degradation,train
2019,7,Montréal,KVY,1.002641375607883,0.0119046163678713,0.9853614379930168,1.0011494835062482,1.0035615676532483,1.0038481898857068,-0.0004046864925736,33.0,1,Toro Rosso,-0.0065649742368452,0.0,10.0,10.0,2,Tyre Manager,0.0,High-Degradation,train
2019,7,Montréal,LEC,0.9833881156740544,0.0124263408654714,0.961541445751972,0.9823491420231928,0.9853057052839126,0.983467885865586,-0.0002290147904565,33.5,1,Ferrari,-0.0002424290298003,0.0,3.0,3.0,1,Frontrunner,0.0,High-Degradation,train
2019,7,Montréal,MAG,1.0215802405276089,0.0134511166829123,0.9997284365705418,1.0239147981742465,1.0257461271043615,1.0175599621161409,-0.0003192605935452,32.5,1,Haas F1 Team,0.0069532581733537,-17.0,0.0,17.0,2,Tyre Manager,0.0,High-Degradation,train
2019,7,Montréal,PER,1.0044210369569222,0.0118615455385288,0.9868615026509764,1.0063615540679334,1.0049433211572434,1.003563970785011,0.0001628436216267,33.0,1,Racing Point,0.0010694034617479,3.0,15.0,12.0,2,Tyre Manager,0.0,High-Degradation,train
2019,7,Montréal,RAI,1.0044919096728309,0.0125535166571237,0.9755851545325228,1.0059799830532083,1.0069648668041071,1.0023936577386707,-0.0021441596086765,21.33333333333333,2,Alfa Romeo Racing,-0.0011905659685262,1.0,16.0,15.0,0,Aggressive,0.0,High-Degradation,train
2019,7,Montréal,RIC,0.9976566388049642,0.0080133782845754,0.9837708521919049,0.9987682095352264,0.9939983144567186,1.0007022458192445,-0.0007217647663824,33.0,1,Renault,8.160618208474801e-05,-2.0,4.0,6.0,2,Tyre Manager,0.0,High-Degradation,train
2019,7,Montréal,RUS,1.0202906623959256,0.0167825539938769,0.9988490883227724,1.0253276855932625,1.0238934805997624,1.0148421423223202,0.0006837998442954,32.5,1,Williams,-0.003094533145467,2.0,18.0,16.0,2,Tyre Manager,0.0,High-Degradation,train
2019,7,Montréal,SAI,1.0029552606107632,0.0097813601000222,0.9888917625759732,1.0065536036378269,1.0067825967656188,0.9983108009118452,-0.0001328212392805,33.0,1,McLaren,0.0,0.0,11.0,11.0,2,Tyre Manager,0.0,High-Degradation,train
2019,7,Montréal,STR,1.0022822300334262,0.0118579689939336,0.9833570412517784,1.004270113147446,1.003969478927034,1.0004614897769026,-0.0004697172184871,33.0,1,Racing Point,-0.0010694034617479,8.0,17.0,9.0,2,Tyre Manager,0.0,High-Degradation,train
2019,7,Montréal,VER,0.9929802687068988,0.0109265163291051,0.9668563300142248,0.9951498427631552,0.9934169801007092,0.9920220979804134,-0.0003209458873627,33.5,1,Red Bull Racing,-0.0032904204510287,4.0,9.0,5.0,2,Tyre Manager,0.0,High-Degradation,train
2019,7,Montréal,VET,0.983872973733655,0.0123665096757429,0.9682529419371524,0.9817961450986314,0.9830286104254944,0.9847272306718085,-0.0002736924132829,34.0,1,Ferrari,0.0002424290298003,-1.0,1.0,2.0,1,Frontrunner,0.0,High-Degradation,train
2019,8,Le Castellet,ALB,1.005871388429182,0.0129974411956429,0.9829230450972278,1.009249421059801,1.0013278249017157,1.009194000313504,-0.0008460157010183,24.0,1,Toro Rosso,0.000444012032823,-4.0,11.0,15.0,2,Tyre Manager,1.0,High-Speed,train
2019,8,Le Castellet,BOT,0.986048613984278,0.0146863680049581,0.9679975175837816,0.9824791706629526,0.9892474063059712,0.9846705854690808,-0.0007100569499765,25.0,1,Mercedes,0.0012539304923459,0.0,2.0,2.0,1,Frontrunner,1.0,High-Speed,train
2019,8,Le Castellet,GAS,1.0024528944283546,0.0105488213117027,0.9841745966073644,1.004309698951097,1.0031548162166424,1.0029939650442825,-0.0008919958554178,24.0,1,Red Bull Racing,0.0075187179495297,-1.0,9.0,10.0,2,Tyre Manager,1.0,High-Speed,train
2019,8,Le Castellet,GIO,1.0053219046248494,0.0137783186519671,0.9838125775755068,1.0058980828343491,1.0056531583486754,1.0068636972367329,-4.717999850678469e-05,15.333333333333334,2,Alfa Romeo Racing,0.0017552582702238,-6.0,10.0,16.0,0,Aggressive,1.0,High-Speed,train
2019,8,Le Castellet,GRO,1.0115442445280889,0.0128639138941752,0.989770376499793,1.01605051481655,1.0095051972790012,1.0124870249407878,-0.0006789319599978,20.5,1,Haas F1 Team,0.0002070493430679,-4.0,16.0,20.0,2,Tyre Manager,1.0,High-Speed,train
2019,8,Le Castellet,HAM,0.9835407529995862,0.0140936769376004,0.9594952420355812,0.9789179586832688,0.9876320502855598,0.9826023983070772,-0.0007242916768137,25.0,1,Mercedes,-0.0012539304923459,0.0,1.0,1.0,1,Frontrunner,1.0,High-Speed,train
2019,8,Le Castellet,HUL,1.0014538942904423,0.0129503910673791,0.9800786098469176,1.0057357648821683,0.9965818717402812,1.0044757622070697,-0.000387180175832,24.0,1,Renault,-2.521203971883601e-05,5.0,13.0,8.0,2,Tyre Manager,1.0,High-Speed,train
2019,8,Le Castellet,KUB,1.0257610102201604,0.0133724748981126,0.9992552751344642,1.031369718891565,1.0226801277271629,1.026824119144934,-0.0002744721127708,23.5,1,Williams,0.0029283146076206,0.0,18.0,18.0,2,Tyre Manager,1.0,High-Speed,train
2019,8,Le Castellet,KVY,1.004983364363536,0.0143144406038527,0.9849503516756308,1.0070673273395994,0.9977421344327668,1.0109256211301825,-0.0005638285607988,24.0,1,Toro Rosso,-0.000444012032823,5.0,19.0,14.0,2,Tyre Manager,1.0,High-Speed,train
2019,8,Le Castellet,LEC,0.9846195739363184,0.0095493894416141,0.9705006206040546,0.9833523765043412,0.991133542396716,0.9828769128154436,-0.0006796556384309,24.5,1,Ferrari,-0.0012518861099487,0.0,3.0,3.0,1,Frontrunner,1.0,High-Speed,train
2019,8,Le Castellet,MAG,1.0111301458419526,0.0126723227305346,0.9897807199007032,1.0144590314671027,1.012674180212452,1.010256485617995,-0.0003563792257443,24.0,1,Haas F1 Team,-0.0002070493430681,-2.0,15.0,17.0,2,Tyre Manager,1.0,High-Speed,train
2019,8,Le Castellet,NOR,1.0018343031188652,0.0117409992098677,0.9846607364501448,1.0043283569111985,1.0020024777516454,1.0023787964440622,-0.0008665218161183,23.5,1,McLaren,0.0010244643438761,-4.0,5.0,9.0,2,Tyre Manager,1.0,High-Speed,train
2019,8,Le Castellet,PER,1.0021438853261615,0.0122690247926988,0.9827678940835746,1.0046536575398448,0.9995817985198202,1.0045796104710405,-0.0009666233688174,24.0,1,Racing Point,-0.0005535874362159,2.0,14.0,12.0,2,Tyre Manager,1.0,High-Speed,train
2019,8,Le Castellet,RAI,1.001811388084402,0.0118676688847213,0.9821059164253206,1.0028419152703991,1.0022353361945635,1.003019927110275,-0.00054557708239,24.0,1,Alfa Romeo Racing,-0.0017552582702236,5.0,12.0,7.0,2,Tyre Manager,1.0,High-Speed,train
2019,8,Le Castellet,RIC,1.00150431836988,0.0115556218229909,0.9813094745552338,1.003645620487672,0.9989108456400032,1.0041725448702876,-0.0009834068869314,24.0,1,Renault,2.521203971861397e-05,-3.0,8.0,11.0,2,Tyre Manager,1.0,High-Speed,train
2019,8,Le Castellet,RUS,1.019904381004919,0.0153460303424231,0.9912081092263136,1.0282186804704172,1.014375241721394,1.0211019672388115,-0.000994390838917,15.0,2,Williams,-0.0029283146076206,1.0,20.0,19.0,0,Aggressive,1.0,High-Speed,train
2019,8,Le Castellet,SAI,0.9997853744311128,0.0108513322660241,0.9780823334712454,1.0006496049584526,1.0041116105122054,0.9983702680460852,-0.0009461912078041,24.0,1,McLaren,-0.0010244643438761,0.0,6.0,6.0,2,Tyre Manager,1.0,High-Speed,train
2019,8,Le Castellet,STR,1.0032510601985931,0.0129628927297247,0.981836988001655,1.0097159787494892,0.9991797900262468,1.004463515949526,-0.0003179813906261,24.0,1,Racing Point,0.0005535874362156,4.0,17.0,13.0,2,Tyre Manager,1.0,High-Speed,train
2019,8,Le Castellet,VER,0.9874154585292952,0.0091990892577498,0.973955316508068,0.9841888860161964,0.994846061164488,0.9861682269898316,-0.0003623192211782,24.5,1,Red Bull Racing,-0.0075187179495297,0.0,4.0,4.0,1,Frontrunner,1.0,High-Speed,train
2019,8,Le Castellet,VET,0.987123346156216,0.0131223023037657,0.959247000413736,0.9916189167804256,0.990477984608604,0.9842684262923292,-0.0009007446430995,15.666666666666666,2,Ferrari,0.0012518861099488,2.0,7.0,5.0,1,Frontrunner,1.0,High-Speed,train
2019,9,Spielberg,ALB,1.0054753490917625,0.0170948372616584,0.9852454682509628,1.0020335406797325,1.009572660225451,1.0034298365577168,-0.0005277652997131,33.5,1,Toro Rosso,-0.0027562836730556,3.0,18.0,15.0,2,Tyre Manager,1.0,High-Speed,train
2019,9,Spielberg,BOT,0.9902677147318436,0.0084237678426648,0.9798009388597928,0.99128159032095,0.99044553522179,0.9881085623125656,-0.0003022389483797,34.5,1,Mercedes,0.0005880688198951,0.0,3.0,3.0,2,Tyre Manager,1.0,High-Speed,train
2019,9,Spielberg,GAS,1.000402362388704,0.0106487892814169,0.9830162121222948,0.9938382188426144,1.003812957055097,1.001939336214593,-0.000258494011654,33.5,1,Red Bull Racing,0.0077210328798905,1.0,8.0,7.0,2,Tyre Manager,1.0,High-Speed,train
2019,9,Spielberg,GIO,1.0034028575301217,0.0095881120440206,0.9867459291067971,1.0011509806269998,1.0054222224352782,1.0034157884866226,-0.0004159076360445,33.5,1,Alfa Romeo Racing,-9.395209765394874e-05,-3.0,7.0,10.0,2,Tyre Manager,1.0,High-Speed,train
2019,9,Spielberg,GRO,1.007004816724625,0.0180868774633732,0.9858313624899075,1.0177106613084486,1.0050487884968922,1.0021317947885873,-0.0004685745327685,33.5,1,Haas F1 Team,-0.0028502340506681,-5.0,11.0,16.0,2,Tyre Manager,1.0,High-Speed,train
2019,9,Spielberg,HAM,0.9890915770920532,0.0119513649727898,0.9724415356145102,0.9926215321368432,0.9901476273265324,0.9832565010731964,-0.0004456777354073,34.5,1,Mercedes,-0.0005880688198951,-1.0,4.0,5.0,1,Frontrunner,1.0,High-Speed,train
2019,9,Spielberg,HUL,1.0044014584863432,0.0104489694516532,0.98956107947441,0.9992491019378096,1.0033268697463384,1.0113473294265647,-0.0004804618099796,33.5,1,Renault,0.0005134839389366,2.0,15.0,13.0,2,Tyre Manager,1.0,High-Speed,train
2019,9,Spielberg,KUB,1.0309234539619587,0.0122944746682765,1.014082896889759,1.0232445944585262,1.0302884460970216,1.0393437519231674,-0.0009140833648863,32.5,1,Williams,0.0075500978464031,-3.0,17.0,20.0,2,Tyre Manager,1.0,High-Speed,train
2019,9,Spielberg,KVY,1.010987916437874,0.0144136206952662,0.9931336053216346,1.0098347259774203,1.0104844334614067,1.0137973130254418,-0.0004110406735089,33.5,1,Toro Rosso,0.0027562836730559,-1.0,16.0,17.0,2,Tyre Manager,1.0,High-Speed,train
2019,9,Spielberg,LEC,0.9867927343729694,0.0081478883901261,0.971641289824732,0.9893608117653752,0.9879310063933824,0.982277085844108,-0.0002317415498342,34.5,1,Ferrari,0.0015595887473927,-1.0,1.0,2.0,1,Frontrunner,1.0,High-Speed,train
2019,9,Spielberg,MAG,1.0127052848259617,0.0157230832472373,0.9846309938052404,1.0201018540446958,1.011691540999912,1.0091943605695295,-0.0019542280409366,20.666666666666668,2,Haas F1 Team,0.0028502340506684,-9.0,10.0,19.0,0,Aggressive,1.0,High-Speed,train
2019,9,Spielberg,NOR,0.999168721224504,0.0100616226373209,0.981715812713905,0.9972750215118704,0.9984127859178492,1.0029472853156214,-0.0005350013932785,33.5,1,McLaren,-0.0015381056804336,-1.0,5.0,6.0,2,Tyre Manager,1.0,High-Speed,train
2019,9,Spielberg,PER,1.0037065755484176,0.0100380256217961,0.9868888301406862,0.997144208953525,1.0081848665776625,1.0036812970303082,-0.0004113003461636,33.5,1,Racing Point,-0.0010195028984913,2.0,13.0,11.0,2,Tyre Manager,1.0,High-Speed,train
2019,9,Spielberg,RAI,1.0035907617254298,0.0095732190197079,0.9878176868609646,1.0049284056072716,1.000006711264618,1.0088460703681927,-0.0002063712144376,33.5,1,Alfa Romeo Racing,9.39520976541708e-05,-3.0,6.0,9.0,2,Tyre Manager,1.0,High-Speed,train
2019,9,Spielberg,RIC,1.0033744906084696,0.0160617872032216,0.9719985424094544,0.9988379767544384,1.0056671835938342,1.0048760854768932,-0.0004896650474528,33.5,1,Renault,-0.0005134839389369,0.0,12.0,12.0,2,Tyre Manager,1.0,High-Speed,train
2019,9,Spielberg,RUS,1.0158232582691524,0.013866536636861,0.9992497695720828,1.0084755701112194,1.0175258283817783,1.0205278822390218,-0.0005103033838166,33.0,1,Williams,-0.0075500978464031,-18.0,0.0,18.0,2,Tyre Manager,1.0,High-Speed,train
2019,9,Spielberg,SAI,1.0022449325853713,0.0156587214410481,0.9733989725415664,0.9980573485653512,1.0039380742026178,1.004335234739756,0.0001151984257658,33.5,1,McLaren,0.0015381056804335,11.0,19.0,8.0,2,Tyre Manager,1.0,High-Speed,train
2019,9,Spielberg,STR,1.0057455813454004,0.012050652870565,0.990132683609966,1.0027096887085825,1.007503673218938,1.0067922423741802,-0.0004979408352673,33.5,1,Racing Point,0.0010195028984913,0.0,14.0,14.0,2,Tyre Manager,1.0,High-Speed,train
2019,9,Spielberg,VER,0.9849602966289228,0.0127156710317672,0.9642247261658936,0.9865922124355974,0.9865245279097666,0.9824081686889072,-0.0005971492236673,34.0,1,Red Bull Racing,-0.0077210328798905,1.0,2.0,1.0,1,Frontrunner,1.0,High-Speed,train
2019,9,Spielberg,VET,0.983673556878184,0.0108872591711876,0.9670970369470624,0.9867027400918472,0.9834092228632134,0.982351397641529,-0.0003925862987085,22.0,2,Ferrari,-0.0015595887473928,5.0,9.0,4.0,1,Frontrunner,1.0,High-Speed,train
2019,10,Silverstone,ALB,1.0055874404056968,0.0095048111797331,0.9934080349822356,1.0025545078082123,1.0073328321878583,1.008504181174693,-0.0005076219240453,22.5,1,Toro Rosso,0.0005305639063495,-3.0,9.0,12.0,2,Tyre Manager,1.0,High-Speed,train
2019,10,Silverstone,BOT,0.9847270739645704,0.013178764884492,0.9555179010658652,0.9937954506933526,0.9799354693845675,0.980792343966513,0.0014560653545943,14.666666666666666,2,Mercedes,0.0004276710808549,-1.0,1.0,2.0,1,Frontrunner,1.0,High-Speed,train
2019,10,Silverstone,GAS,0.9931473687407002,0.0110826953744694,0.978890407215086,0.9935062692134984,0.9939140654830088,0.9935915817107468,-0.0005734210374965,22.5,1,Red Bull Racing,0.0006783881449089,1.0,5.0,4.0,2,Tyre Manager,1.0,High-Speed,train
2019,10,Silverstone,HAM,0.9838717318028606,0.0139979993604425,0.9551134189669308,0.9910273925789505,0.9823855195804696,0.9772716761478132,-0.0008838021300293,24.0,1,Mercedes,-0.0004276710808549,1.0,2.0,1.0,1,Frontrunner,1.0,High-Speed,train
2019,10,Silverstone,HUL,1.005077039871246,0.0144905734295359,0.983317846406122,1.0001750083474374,1.0092610490645284,1.0065370359358587,-0.0002321078162896,22.5,1,Renault,0.0027672405939693,0.0,10.0,10.0,2,Tyre Manager,1.0,High-Speed,train
2019,10,Silverstone,KUB,1.0228266216714,0.0116182624146232,1.0003716862530747,1.0231020029344935,1.0235962479456149,1.0234217790313975,-0.000504086006395,23.0,1,Williams,0.0018775621754578,5.0,20.0,15.0,2,Tyre Manager,1.0,High-Speed,train
2019,10,Silverstone,KVY,1.0045263125929975,0.0144182250867141,0.982891500409948,1.0048495734171532,1.0052011741122568,1.0051698127335875,-0.0004923345061502,15.0,2,Toro Rosso,-0.0005305639063495,8.0,17.0,9.0,0,Aggressive,1.0,High-Speed,train
2019,10,Silverstone,LEC,0.9922097983530784,0.0146189886918628,0.9763651270839028,0.9922006148319574,0.9913219735171076,0.9923653859577912,-0.0008846892725849,15.333333333333334,2,Ferrari,-0.0009294370802622,0.0,3.0,3.0,1,Frontrunner,1.0,High-Speed,train
2019,10,Silverstone,NOR,1.0004067701812034,0.0127998099549295,0.9798961464881116,1.0023070255837248,0.99905598177895,1.0022232025271585,-0.000642419415149,14.333333333333334,2,McLaren,-0.0004917240253641,-3.0,8.0,11.0,0,Aggressive,1.0,High-Speed,train
2019,10,Silverstone,PER,1.003560808964198,0.0138517269742317,0.97792839573654,1.0051094953542192,1.002361200601375,1.0055638143941643,-0.0009564976376765,13.333333333333334,2,Racing Point,0.000233279521028,-2.0,15.0,17.0,0,Aggressive,1.0,High-Speed,train
2019,10,Silverstone,RAI,1.0051326713431117,0.0138184116745888,0.9842470620388084,1.0057568535341324,1.0062511932035128,1.0047769122514911,-0.0011618931484293,22.5,1,Alfa Romeo Racing,0.0,4.0,12.0,8.0,2,Tyre Manager,1.0,High-Speed,train
2019,10,Silverstone,RIC,0.9995425586833075,0.0122269512474821,0.9797649631046734,0.9946837376563464,1.0056510118365791,0.9981002468842154,-0.00063621172215,15.0,2,Renault,-0.0027672405939691,0.0,7.0,7.0,0,Aggressive,1.0,High-Speed,train
2019,10,Silverstone,RUS,1.0190714973204842,0.0116076848385148,0.9949494397376334,1.019506722753438,1.0193433204467357,1.0202107425801876,-0.0005015473364649,23.0,1,Williams,-0.001877562175458,5.0,19.0,14.0,2,Tyre Manager,1.0,High-Speed,train
2019,10,Silverstone,SAI,1.001390218231932,0.0131880444061514,0.9812189122711124,1.0059689997111774,0.9999023223294584,1.0003369606152503,-0.0009417054146897,23.5,1,McLaren,0.0004917240253643,7.0,13.0,6.0,2,Tyre Manager,1.0,High-Speed,train
2019,10,Silverstone,STR,1.0030942499221416,0.0166326039429256,0.9772068871276306,1.0024114522292271,1.0049479791017342,1.0031488070626209,-0.0011059390192859,14.333333333333334,2,Racing Point,-0.0002332795210282,5.0,18.0,13.0,0,Aggressive,1.0,High-Speed,train
2019,10,Silverstone,VER,0.9917905924508824,0.015911328219001,0.9759169171904892,0.9906770373766332,0.990335648148148,0.9936558905340496,-0.0008167332997305,15.0,2,Red Bull Racing,-0.0006783881449089,-1.0,4.0,5.0,1,Frontrunner,1.0,High-Speed,train
2019,10,Silverstone,VET,0.9940686725136028,0.0164159533419967,0.9700245968843948,0.994765815214641,0.9952736937675724,0.9894695302913178,-0.0015973752070183,14.666666666666666,2,Ferrari,0.0009294370802622,-10.0,6.0,16.0,1,Frontrunner,1.0,High-Speed,train
2019,11,Hockenheim,ALB,0.9644185607068996,0.0750080203325005,0.8533751342818933,0.96417439443765,0.9737656180948936,0.9557272522204532,-0.0022542861168458,14.0,2,Toro Rosso,-0.0020094891137485,10.0,16.0,6.0,1,Frontrunner,2.0,Outlier,train
2019,11,Hockenheim,BOT,0.9689805123124569,0.0647597274390045,0.8580010084844234,0.9692814005192188,0.9723833753000922,0.960999953025308,-0.0020774379785234,9.25,3,Mercedes,0.0019059961062748,-12.0,3.0,15.0,1,Frontrunner,2.0,Outlier,train
2019,11,Hockenheim,GAS,0.9826455233466392,0.0822479477107866,0.8494836998224191,0.9844160869717656,0.9840801278188286,0.9743283900323058,-0.0043782901724802,9.75,3,Red Bull Racing,0.0163866207678331,-10.0,4.0,14.0,1,Frontrunner,2.0,Outlier,train
2019,11,Hockenheim,GIO,0.97615706883898,0.0873044453413419,0.8496152412689365,0.9708786589728668,0.979598477935226,0.969277170023515,-0.0015702248669987,10.5,3,Alfa Romeo Racing,0.0021474663133839,-2.0,11.0,13.0,1,Frontrunner,2.0,Outlier,train
2019,11,Hockenheim,GRO,0.9802666950629156,0.0840331997399221,0.8639094117904984,0.9764474166416434,0.98700907384769,0.9698070278787996,-0.0031738326305032,10.5,3,Haas F1 Team,0.0017919293992771,-1.0,6.0,7.0,1,Frontrunner,2.0,Outlier,train
2019,11,Hockenheim,HAM,0.9651685200999072,0.0637774382493695,0.8493740819503212,0.9685364289062692,0.9743263065992116,0.9485380233620349,-0.0014192018504303,6.833333333333333,5,Mercedes,-0.0019059961062747,-8.0,1.0,9.0,1,Frontrunner,2.0,Outlier,train
2019,11,Hockenheim,KUB,0.9865257066806292,0.0844278775623442,0.872152675772258,0.9932324858096996,0.9962310969946614,0.9726270019305135,-0.0006430514570702,5.666666666666667,5,Williams,-0.0003228891144292,8.0,18.0,10.0,1,Frontrunner,2.0,Outlier,train
2019,11,Hockenheim,KVY,0.9684375389343964,0.0811625355934859,0.8518185604981036,0.9661066416491804,0.9788063272943204,0.9597610432703856,-0.0035257436576134,13.666666666666666,2,Toro Rosso,0.0020094891137485,11.0,14.0,3.0,1,Frontrunner,2.0,Outlier,train
2019,11,Hockenheim,MAG,0.9766828362643613,0.084926046704882,0.8666608203801548,0.980760138886018,0.9790780434272376,0.9643786646864578,-0.0043627635601511,6.333333333333333,5,Haas F1 Team,-0.0017919293992771,4.0,12.0,8.0,1,Frontrunner,2.0,Outlier,train
2019,11,Hockenheim,RAI,0.971862136212212,0.0778331127835465,0.8522351084120755,0.9759479495068816,0.9731670081555582,0.9649790734546894,-0.0015866944498144,10.5,3,Alfa Romeo Racing,-0.002147466313384,-7.0,5.0,12.0,1,Frontrunner,2.0,Outlier,train
2019,11,Hockenheim,RUS,0.9871714849094876,0.0819002725169049,0.869269725736084,0.9887449983817762,0.9987763117781764,0.9741355288664896,0.0007218913467124,5.666666666666667,5,Williams,0.0003228891144293,6.0,17.0,11.0,1,Frontrunner,2.0,Outlier,train
2019,11,Hockenheim,SAI,0.9711407462158343,0.0850892519929923,0.8532764781970051,0.9671765844993084,0.9770691644139878,0.9615191746875624,-0.002578513778696,10.5,3,McLaren,0.0,2.0,7.0,5.0,1,Frontrunner,2.0,Outlier,train
2019,11,Hockenheim,STR,0.9622121232751047,0.075799537496196,0.8531668603249074,0.965041702971994,0.9718807685720268,0.950933334768267,-0.0029817382970731,9.5,3,Racing Point,0.0,11.0,15.0,4.0,1,Frontrunner,2.0,Outlier,train
2019,11,Hockenheim,VER,0.9498722818109728,0.0764647072282382,0.8401661806941003,0.9445325800004936,0.9615441373167496,0.9333675792539544,-0.0004782667406392,10.25,3,Red Bull Racing,-0.0163866207678332,1.0,2.0,1.0,1,Frontrunner,2.0,Outlier,train
2019,11,Hockenheim,VET,0.9622500712516168,0.0780131902913238,0.8417994869883586,0.9616836495521948,0.9664535374231652,0.9610435197491736,-0.0030917531853403,8.0,4,Ferrari,0.0,18.0,20.0,2.0,1,Frontrunner,2.0,Outlier,train
2019,12,Budapest,ALB,1.0011215843405146,0.0154409020896463,0.9708694605009632,1.0022227299048403,1.0033872035815996,1.000327206124369,-0.0007918666451374,33.0,1,Toro Rosso,-0.0018918719767708,2.0,12.0,10.0,2,Tyre Manager,1.0,High-Speed,train
2019,12,Budapest,BOT,0.9902298591040462,0.0189392897833493,0.9553347784200386,0.9893417635054224,0.9918701400992092,0.9927042956936576,1.0071733841916962e-05,21.33333333333333,2,Mercedes,0.0079483760108307,-6.0,2.0,8.0,1,Frontrunner,1.0,High-Speed,train
2019,12,Budapest,GAS,0.9950629853447772,0.0123765945221594,0.9759754335260116,0.9937028615411508,0.9994469768065424,0.994663377825622,-0.0005231669761487,33.0,1,Red Bull Racing,0.0092452706253284,0.0,6.0,6.0,2,Tyre Manager,1.0,High-Speed,train
2019,12,Budapest,GIO,1.0167127982807171,0.0128163396533293,1.0011319845857418,1.0107654164661128,1.023365681108006,1.0192974466007647,-9.858897437847564e-05,32.5,1,Alfa Romeo Racing,0.0106264807366684,-1.0,17.0,18.0,2,Tyre Manager,1.0,High-Speed,train
2019,12,Budapest,GRO,1.011730089916506,0.0088088146062407,0.9972182080924854,1.0113260584799268,1.015025844989647,1.011564036669459,-0.0003783506778012,22.5,1,Haas F1 Team,0.0041303023004612,-11.0,9.0,20.0,2,Tyre Manager,1.0,High-Speed,train
2019,12,Budapest,HAM,0.9743331070823844,0.0179195807340927,0.945664739884393,0.9816796685967388,0.969476572942185,0.9712755617683848,0.0001705804048875,22.0,2,Mercedes,-0.0079483760108308,2.0,3.0,1.0,1,Frontrunner,1.0,High-Speed,train
2019,12,Budapest,HUL,1.0036324224908038,0.0121401676708008,0.9832610789980732,1.0076581708195276,1.0049990452859467,1.0002962280297547,-0.0002488483191087,33.0,1,Renault,0.0002047206165702,-1.0,11.0,12.0,2,Tyre Manager,1.0,High-Speed,train
2019,12,Budapest,KUB,1.0191695721319998,0.0116592162985719,1.0047687861271677,1.015161432729023,1.023963274365473,1.0216767373133175,-0.0004143388207801,31.5,1,Williams,0.0019904848951091,0.0,19.0,19.0,2,Tyre Manager,1.0,High-Speed,train
2019,12,Budapest,KVY,1.0049053282940563,0.014440870493207,0.9866570327552986,1.0065401027267078,1.0056457351470087,1.0053885799849935,-0.0003861378702822,32.5,1,Toro Rosso,0.001891871976771,-2.0,13.0,15.0,2,Tyre Manager,1.0,High-Speed,train
2019,12,Budapest,LEC,0.988606660149609,0.0144313222687913,0.9693280346820808,0.9898172358594608,0.9853769232589136,0.9911910029590916,-9.889500438362756e-05,34.0,1,Ferrari,0.0012917801653919,0.0,4.0,4.0,1,Frontrunner,1.0,High-Speed,train
2019,12,Budapest,MAG,1.0034694853155834,0.0151320896419825,0.9755298651252408,1.0071128379134653,1.0033760313958733,1.0024711484225048,-0.0005084321186006,33.0,1,Haas F1 Team,-0.0041303023004612,1.0,14.0,13.0,2,Tyre Manager,1.0,High-Speed,train
2019,12,Budapest,NOR,0.99550727652245,0.012749955087928,0.9776974951830444,0.994040180864488,0.9970134716246796,0.9989015683951152,-0.0005588689824203,33.0,1,McLaren,0.0002976842120628,-2.0,7.0,9.0,2,Tyre Manager,1.0,High-Speed,train
2019,12,Budapest,PER,1.003478243416827,0.0134064570236385,0.9842726396917147,1.0032270215265946,1.0077458794947736,1.001855458792035,-0.0004382221096531,33.0,1,Racing Point,-0.0043218318958926,5.0,16.0,11.0,2,Tyre Manager,1.0,High-Speed,train
2019,12,Budapest,RAI,0.9954598368073804,0.0127479177699427,0.9739884393063584,0.9985812144824474,0.9982297163889872,0.9914539181481298,-0.0005788895322949,33.0,1,Alfa Romeo Racing,-0.0106264807366683,3.0,10.0,7.0,2,Tyre Manager,1.0,High-Speed,train
2019,12,Budapest,RIC,1.0032229812576632,0.0167122235384811,0.9734947013487476,1.0015112927865286,1.0097914051359551,1.0005195284617698,-8.723765314142307e-05,33.0,1,Renault,-0.0002047206165702,6.0,20.0,14.0,2,Tyre Manager,1.0,High-Speed,train
2019,12,Budapest,RUS,1.015188602341781,0.0139216963321381,0.9921242774566472,1.0150338032883444,1.018635205791661,1.0145281306417735,0.0001653963386154,32.5,1,Williams,-0.0019904848951093,-1.0,15.0,16.0,2,Tyre Manager,1.0,High-Speed,train
2019,12,Budapest,SAI,0.9949119080983242,0.0116322272605045,0.9754576107899806,0.9974859488613684,0.9945088707154668,0.9956275710205088,-0.0005113391271457,33.0,1,McLaren,-0.0002976842120627,3.0,8.0,5.0,2,Tyre Manager,1.0,High-Speed,train
2019,12,Budapest,STR,1.0121219072086125,0.0152952852393981,0.9706526974951828,1.0075712125264331,1.0168811726326137,1.0153334807251406,0.0003280808038908,21.0,2,Racing Point,0.0043218318958926,1.0,18.0,17.0,0,Aggressive,1.0,High-Speed,train
2019,12,Budapest,VER,0.9765724440941204,0.013747939439752,0.9285043352601154,0.9854991612425288,0.9709238788203798,0.973110368497343,-0.0002439239618849,22.0,2,Red Bull Racing,-0.0092452706253284,-1.0,1.0,2.0,1,Frontrunner,1.0,High-Speed,train
2019,12,Budapest,VET,0.986023099818825,0.0157133001967084,0.9608140655105972,0.986071984447062,0.9863122382456936,0.9890168783801738,0.0003365399206248,33.5,1,Ferrari,-0.0012917801653919,2.0,5.0,3.0,1,Frontrunner,1.0,High-Speed,train
2019,13,Spa-Francorchamps,ALB,0.9988804480115198,0.0162411693772485,0.9739496749937716,0.9934323473209,1.004226084555932,0.997444862471916,-0.0008723887119774,19.0,1,Red Bull Racing,0.0,12.0,17.0,5.0,2,Tyre Manager,1.0,High-Speed,train
2019,13,Spa-Francorchamps,BOT,0.984249744012149,0.0124210975745593,0.964509772835368,0.9982271520984692,0.9717212399938792,0.9918214328445516,0.000269555625165,19.0,1,Mercedes,0.0014378232628883,1.0,4.0,3.0,1,Frontrunner,1.0,High-Speed,train
2019,13,Spa-Francorchamps,GAS,1.0060616969461451,0.008686933968137,0.9938169546803164,1.0004015889536264,1.0123631297529407,1.0032792261026398,-0.0016288068423913,19.0,1,Toro Rosso,0.0023808360163879,4.0,13.0,9.0,2,Tyre Manager,1.0,High-Speed,train
2019,13,Spa-Francorchamps,GIO,1.002983816375885,0.0133612020970343,0.9744298235680476,0.999720932861392,1.0074895579907066,1.0006314725940892,-0.0005942485008716,18.0,1,Alfa Romeo Racing,-0.0054717764443039,0.0,18.0,18.0,2,Tyre Manager,1.0,High-Speed,train
2019,13,Spa-Francorchamps,GRO,1.0083198071352897,0.0088876127958562,0.989957647271986,1.0052245607341934,1.0113918989434878,1.0081735941549028,-0.0001016759743705,18.0,1,Haas F1 Team,0.0001859456902149,-4.0,9.0,13.0,2,Tyre Manager,1.0,High-Speed,train
2019,13,Spa-Francorchamps,HAM,0.9813740974863724,0.0106657532529264,0.965551604647476,0.9964676904953936,0.967494620422812,0.9899965878322986,-0.0002032226920083,19.0,1,Mercedes,-0.0014378232628882,1.0,3.0,2.0,1,Frontrunner,1.0,High-Speed,train
2019,13,Spa-Francorchamps,HUL,1.0002516501961614,0.0124797169696945,0.981577695739814,0.9947913354952208,1.0068175195342943,0.9968098940061554,-0.0008651904302933,12.0,2,Renault,-0.0056713996627479,4.0,12.0,8.0,0,Aggressive,1.0,High-Speed,train
2019,13,Spa-Francorchamps,KUB,1.016348434589551,0.0130088727682632,0.9894684392906484,1.02732690724679,1.008108602635612,1.0200455570498508,0.0002142135867137,18.5,1,Williams,0.0018266947671519,-17.0,0.0,17.0,2,Tyre Manager,1.0,High-Speed,train
2019,13,Spa-Francorchamps,KVY,1.0013000249133694,0.012243436878249,0.9797114578850816,1.0008709460431775,1.0002685775980604,1.0051155927201183,-0.0005817331360925,19.0,1,Toro Rosso,-0.0023808360163879,12.0,19.0,7.0,2,Tyre Manager,1.0,High-Speed,train
2019,13,Spa-Francorchamps,LEC,0.9816036819337546,0.0090402757167606,0.9663125948406678,0.9916377466843812,0.9736291039673513,0.9858044960848696,0.0001509411463362,19.0,1,Ferrari,-0.0007741687166221,0.0,1.0,1.0,1,Frontrunner,1.0,High-Speed,train
2019,13,Spa-Francorchamps,MAG,1.0079479157548596,0.0166589474735588,0.9845491812560868,1.0130357673754382,1.005184296663753,1.0087996559327703,0.000297069283485,18.5,1,Haas F1 Team,-0.0001859456902151,-4.0,8.0,12.0,2,Tyre Manager,1.0,High-Speed,train
2019,13,Spa-Francorchamps,NOR,0.9959312244094704,0.0100841217160476,0.9813240323420832,1.0028475732042843,0.991128176583683,0.9982045698135618,-0.0002137099979779,18.5,1,McLaren,0.0,0.0,11.0,11.0,2,Tyre Manager,1.0,High-Speed,train
2019,13,Spa-Francorchamps,PER,0.9994952956644776,0.0122228433602442,0.9854913595905148,0.9987759903350923,1.0024985206831505,0.9969317079007192,-0.0016434372743195,19.0,1,Racing Point,-0.0009286620699447,1.0,7.0,6.0,2,Tyre Manager,1.0,High-Speed,train
2019,13,Spa-Francorchamps,RAI,1.0139273692644928,0.0142927763035333,0.9852376961927842,1.0066214239928235,1.023729078052375,1.007102985784471,0.0006855070305345,18.5,1,Alfa Romeo Racing,0.0054717764443037,-10.0,6.0,16.0,2,Tyre Manager,1.0,High-Speed,train
2019,13,Spa-Francorchamps,RIC,1.0115944495216571,0.0099602159978417,1.0006205693837338,0.996425496520874,1.0261044584951309,1.0052961777134548,-3.090035310531668e-05,37.0,0,Renault,0.0056713996627479,-4.0,10.0,14.0,2,Tyre Manager,1.0,High-Speed,train
2019,13,Spa-Francorchamps,RUS,1.012695045055247,0.0154979304582275,0.9862070527483976,1.020443434150753,1.0054175335398017,1.0161042578319666,0.000506638470582,18.5,1,Williams,-0.0018266947671521,-1.0,14.0,15.0,2,Tyre Manager,1.0,High-Speed,train
2019,13,Spa-Francorchamps,STR,1.0013526198043674,0.0133860840562651,0.9816501709963084,0.9909709416926304,1.0101387448806485,0.999448046177018,-0.0006083071057138,12.0,2,Racing Point,0.0009286620699449,6.0,16.0,10.0,0,Aggressive,1.0,High-Speed,train
2019,13,Spa-Francorchamps,VET,0.9831520193669988,0.0119905924082912,0.9640024460399068,0.9891525896723962,0.977316160774188,0.9880852815432252,0.0011338275877758,12.0,2,Ferrari,0.0007741687166221,-2.0,2.0,4.0,1,Frontrunner,1.0,High-Speed,train
2019,14,Monza,ALB,0.9965816358400464,0.0161093093622901,0.977023012147742,0.998850516889156,0.99996855146959,0.9932016853342932,-0.0006599654300686,23.5,1,Red Bull Racing,0.0014481271727386,2.0,8.0,6.0,2,Tyre Manager,1.0,High-Speed,train
2019,14,Monza,BOT,0.987781699181791,0.012501851182433,0.9711044307320874,0.9947837964362112,0.986580160782556,0.9828687923372308,-0.0002307193157767,24.5,1,Mercedes,-0.0010372116541411,1.0,3.0,2.0,1,Frontrunner,1.0,High-Speed,train
2019,14,Monza,GAS,1.0047763837255594,0.0134247648143083,0.9831291129745852,1.006547779576117,1.008151829065028,1.0019199916033168,-0.0006768026897248,23.5,1,Toro Rosso,0.0,6.0,17.0,11.0,2,Tyre Manager,1.0,High-Speed,train
2019,14,Monza,GIO,1.0047048008790989,0.0108735248630164,0.9903720502317622,1.0069022927515103,1.0072649000764369,1.0022520452247452,-0.000287605680199,23.0,1,Alfa Romeo Racing,-0.0034222118827131,1.0,10.0,9.0,2,Tyre Manager,1.0,High-Speed,train
2019,14,Monza,GRO,1.0158194761046226,0.012534963156066,0.9960210724938324,1.0150251156028829,1.0138050826662646,1.0209920914572077,-0.0012952091028114,15.0,2,Haas F1 Team,0.0026140726807006,-3.0,13.0,16.0,0,Aggressive,1.0,High-Speed,train
2019,14,Monza,HAM,0.9898561224900734,0.010177100717881,0.9584468704768266,0.9977051615700746,0.9888646303558236,0.9839908236246682,0.0079549288913515,15.666666666666666,2,Mercedes,0.0010372116541411,-1.0,2.0,3.0,1,Frontrunner,1.0,High-Speed,train
2019,14,Monza,HUL,0.9996721998048028,0.0132478133709169,0.9802694419539524,0.9978400383993172,1.0003935634455148,1.0013821173289612,-0.0006702636727348,24.5,1,Renault,2.8424498502155338e-05,1.0,6.0,5.0,2,Tyre Manager,1.0,High-Speed,train
2019,14,Monza,KUB,1.0237702991390385,0.0137400915988418,0.9960679523466296,1.020626201213213,1.025621228719982,1.0273737373737375,-0.0005424000876655,15.0,2,Williams,0.0048908874889488,-2.0,15.0,17.0,0,Aggressive,1.0,High-Speed,train
2019,14,Monza,LEC,0.9870220542201376,0.0091917512634347,0.9728624252119848,0.9884639087897696,0.9856297884587608,0.9880614402209088,-0.0003530023848875,24.5,1,Ferrari,-0.0038485184536853,0.0,1.0,1.0,1,Frontrunner,1.0,High-Speed,train
2019,14,Monza,MAG,1.0105913307432215,0.0141232358371966,0.9896688524398032,1.0140101636288372,1.0114783541879373,1.0086368670089605,0.0008719793062375,11.666666666666666,2,Haas F1 Team,-0.0026140726807004,-7.0,11.0,18.0,0,Aggressive,1.0,High-Speed,train
2019,14,Monza,NOR,1.0046559424016177,0.0157571279033412,0.9849925871232764,1.002200244572484,1.0140656327129831,0.999874799454216,-0.0008064955195741,23.5,1,McLaren,0.0,6.0,16.0,10.0,2,Tyre Manager,1.0,High-Speed,train
2019,14,Monza,PER,1.001821497545804,0.0159234507610533,0.981781317206664,0.9931143174234724,1.0126547149716998,1.0017869727172053,-0.0004824925849699,24.5,1,Racing Point,0.0006609004665165,11.0,18.0,7.0,2,Tyre Manager,1.0,High-Speed,train
2019,14,Monza,RAI,1.0115492246445257,0.0142699396687995,0.9893875733230196,1.0093153899486231,1.0131138185548954,1.014512460759818,-0.0019885348981083,14.666666666666666,2,Alfa Romeo Racing,0.0034222118827134,-15.0,0.0,15.0,0,Aggressive,1.0,High-Speed,train
2019,14,Monza,RIC,0.9996153508077984,0.0126458309685791,0.978218448394072,0.9972619080876204,0.9995534456674836,1.002249471458774,-0.0006948826655581,25.0,1,Renault,-2.8424498502155338e-05,1.0,5.0,4.0,2,Tyre Manager,1.0,High-Speed,train
2019,14,Monza,RUS,1.0139885241611406,0.015833395206857,0.9943451177563304,1.0161120539890165,1.0138599223258298,1.0143545799409237,-0.0009429215877513,23.5,1,Williams,-0.0048908874889488,0.0,14.0,14.0,2,Tyre Manager,1.0,High-Speed,train
2019,14,Monza,STR,1.0004996966127708,0.0119751398840873,0.9864107026703935,0.9927233616856912,1.006374718018518,1.0045630725863284,3.727577695828167e-05,14.666666666666666,2,Racing Point,-0.0006609004665165,-3.0,9.0,12.0,0,Aggressive,1.0,High-Speed,train
2019,14,Monza,VER,0.9936853814945688,0.0115625538274234,0.9744329002806932,0.9976533750511102,0.9971344068258357,0.9885519438571764,0.0001601921383453,24.0,1,Red Bull Racing,-0.0014481271727387,11.0,19.0,8.0,2,Tyre Manager,1.0,High-Speed,train
2019,14,Monza,VET,0.9947190911275082,0.0145006584552055,0.9704012329401286,0.9908173208703678,0.9953230990061288,0.998286245114998,-0.0035282486919795,11.0,3,Ferrari,0.0038485184536852,-9.0,4.0,13.0,1,Frontrunner,1.0,High-Speed,train
2019,15,Singapore,ALB,0.9953236451209646,0.0154323234493497,0.9675343775277594,0.9970870679314046,0.9942022336668046,0.996354229834562,-0.0005483880330542,24.0,1,Red Bull Racing,0.0026767440007842,0.0,6.0,6.0,2,Tyre Manager,1.0,High-Speed,train
2019,15,Singapore,BOT,0.9940553609946808,0.016747601846322,0.9516692403853224,0.991576880288942,0.9922334694844018,0.9995188010115847,-0.0007879212054984,24.0,1,Mercedes,0.0010409772777409,0.0,5.0,5.0,1,Frontrunner,1.0,High-Speed,train
2019,15,Singapore,GAS,0.9971718430485343,0.0139130254713619,0.9722130303698802,0.9974985359141884,1.0009564581074115,0.9962878423180244,-0.0006935661943182,23.5,1,Toro Rosso,-0.0022392916875927,3.0,11.0,8.0,2,Tyre Manager,1.0,High-Speed,train
2019,15,Singapore,GIO,0.9991073912084328,0.0136794827000393,0.9709353628943304,1.0049003688066944,0.9973135257979248,1.0002607277761797,-0.0012787298472153,23.0,1,Alfa Romeo Racing,-0.0014525637988,0.0,10.0,10.0,2,Tyre Manager,1.0,High-Speed,train
2019,15,Singapore,GRO,1.0058540110046454,0.0172038170278404,0.9768549158026324,1.007106239165284,1.0074710646807656,1.0067379088226178,0.0007102222530211,15.333333333333334,2,Haas F1 Team,0.0011198873318689,6.0,17.0,11.0,0,Aggressive,1.0,High-Speed,train
2019,15,Singapore,HAM,0.991973406439199,0.0148424283300148,0.9643539966173984,0.9913352244895292,0.9944587501726552,0.9917690828807708,-0.0007189723098444,24.0,1,Mercedes,-0.0010409772777408,-2.0,2.0,4.0,1,Frontrunner,1.0,High-Speed,train
2019,15,Singapore,HUL,0.996282853212246,0.0133419374118811,0.9721762629605116,0.9925077026274204,0.9996009195130132,0.9991678682604068,-0.0010417460987547,24.0,1,Renault,-0.003967516792406,-1.0,8.0,9.0,2,Tyre Manager,1.0,High-Speed,train
2019,15,Singapore,KUB,1.0121973837945597,0.0181846080078136,0.9816254871681742,1.022038041315643,1.0099104823168046,1.0107617879714852,-0.0010078573470079,15.0,2,Williams,0.0043805336227742,3.0,19.0,16.0,0,Aggressive,1.0,High-Speed,train
2019,15,Singapore,KVY,1.00165042642372,0.0193301706140708,0.9593628207956468,1.0028026267187131,1.004874989136883,1.0007681216057784,-0.0001219283983377,15.666666666666666,2,Toro Rosso,0.0022392916875928,-1.0,14.0,15.0,0,Aggressive,1.0,High-Speed,train
2019,15,Singapore,LEC,0.988957138392529,0.0155688145224917,0.9625983528200602,0.984990489792038,0.9941326782296416,0.9888818889502788,-0.0004540842206227,24.0,1,Ferrari,0.0005654904159619,-1.0,1.0,2.0,1,Frontrunner,1.0,High-Speed,train
2019,15,Singapore,MAG,1.0036142363409075,0.0194315154324498,0.940335686447533,1.0092696810183763,1.0019650479817412,1.0047282152177917,0.0064175274917115,15.0,2,Haas F1 Team,-0.0011198873318689,-4.0,13.0,17.0,0,Aggressive,1.0,High-Speed,train
2019,15,Singapore,NOR,0.9951236245468612,0.0127810167686262,0.9717258621957496,0.9953628211464062,0.996926587998806,0.9965567852318802,-0.0002495557734532,23.5,1,McLaren,-0.0046266478754933,2.0,9.0,7.0,2,Tyre Manager,1.0,High-Speed,train
2019,15,Singapore,PER,1.0029211166045946,0.0161856082639957,0.980614383410545,1.004077861575409,1.003657623589304,1.0048719044263308,-0.0005397072700468,17.0,1,Racing Point,0.0011291409595188,-4.0,15.0,19.0,2,Tyre Manager,1.0,High-Speed,train
2019,15,Singapore,RAI,1.002012518806033,0.0122595675553138,0.9840980954481948,1.006518234186299,1.0011925617679482,1.0030852338181837,4.6849639220335095e-05,18.5,1,Alfa Romeo Racing,0.0014525637988,-6.0,12.0,18.0,2,Tyre Manager,1.0,High-Speed,train
2019,15,Singapore,RIC,1.004217886797058,0.0178868089084198,0.9735550408118244,0.993968764717963,1.0086585026405246,1.010970175721795,-0.0005347776300677,23.5,1,Renault,0.003967516792406,6.0,20.0,14.0,2,Tyre Manager,1.0,High-Speed,train
2019,15,Singapore,RUS,1.003436316549011,0.0059094080890763,0.9953397308625632,1.0116530662710188,1.00280293612739,1.0013694799681971,9.446077143847502e-05,32.0,0,Williams,-0.0043805336227744,-2.0,18.0,20.0,2,Tyre Manager,1.0,High-Speed,train
2019,15,Singapore,SAI,1.004376920297848,0.0181767663962022,0.9740514008382968,1.0023897546775575,1.0069187391741885,1.006762516837448,0.0001327900120579,23.0,1,McLaren,0.0046266478754933,-5.0,7.0,12.0,2,Tyre Manager,1.0,High-Speed,train
2019,15,Singapore,STR,1.000662834685557,0.017915842765665,0.9641885432752408,1.0040406107529818,1.0001723264731612,1.0022468679953822,-0.000575781566121,11.25,3,Racing Point,-0.0011291409595186,3.0,16.0,13.0,0,Aggressive,1.0,High-Speed,train
2019,15,Singapore,VER,0.989970157119396,0.0164835292090849,0.9667622619310244,0.9930050442926778,0.9903855640403322,0.9887291630169662,-0.0005309794905435,24.0,1,Red Bull Racing,-0.0026767440007843,1.0,4.0,3.0,1,Frontrunner,1.0,High-Speed,train
2019,15,Singapore,VET,0.987826157560605,0.0162806255405842,0.9633245091550848,0.9875819398211748,0.99071410248821,0.9867235121574336,-0.0005722401701486,24.0,1,Ferrari,-0.0005654904159619,2.0,3.0,1.0,1,Frontrunner,1.0,High-Speed,train
2019,16,Sochi,ALB,1.003187736149679,0.0196687822274543,0.9690736104156236,1.0029443880142206,0.9995611457179896,1.0067642071515273,-0.0014120374519995,22.0,1,Red Bull Racing,0.0052319919272848,-5.0,0.0,5.0,2,Tyre Manager,1.0,High-Speed,train
2019,16,Sochi,BOT,0.9851811049908196,0.0147509188363186,0.9646069103655484,0.9909205462445688,0.9834895161859314,0.9792206027248328,-0.000893816388049,22.5,1,Mercedes,0.0016441328659656,2.0,4.0,2.0,1,Frontrunner,1.0,High-Speed,train
2019,16,Sochi,GAS,1.0124517008070246,0.0158489687855896,0.987541311967952,1.0097732882941406,1.0104357830495552,1.0170849205013517,-0.0011098536568262,21.5,1,Toro Rosso,0.0014008856837051,2.0,16.0,14.0,2,Tyre Manager,1.0,High-Speed,train
2019,16,Sochi,GIO,1.0153712386761962,0.0174473446180537,0.988442663995994,1.01239906043677,1.0160362208939244,1.017203170220192,-0.0014247077844321,22.0,1,Alfa Romeo Racing,0.0025016529122687,-3.0,12.0,15.0,2,Tyre Manager,1.0,High-Speed,train
2019,16,Sochi,HAM,0.9818928392588884,0.012301074406733,0.9590485728592888,0.9901762880198636,0.9808251072754912,0.972106894377815,-0.0005466450664138,22.5,1,Mercedes,-0.0016441328659655,1.0,2.0,1.0,1,Frontrunner,1.0,High-Speed,train
2019,16,Sochi,HUL,1.005169659250781,0.0134628991865929,0.9866700050075112,1.0011944666134611,1.0015703042748012,1.013251242126994,-0.0012649822219176,14.0,2,Renault,0.0,-4.0,6.0,10.0,0,Aggressive,1.0,High-Speed,train
2019,16,Sochi,KVY,1.0096499294396142,0.0160664438450116,0.9837556334501752,1.0043575418994417,1.010567925983847,1.0140117925766687,-0.0014373263735241,22.0,1,Toro Rosso,-0.0014008856837053,7.0,19.0,12.0,2,Tyre Manager,1.0,High-Speed,train
2019,16,Sochi,LEC,0.9812479183892118,0.0105584494268899,0.9633750625938908,0.9823626088086268,0.9805561634015268,0.979739558271486,-0.0001500329828549,14.333333333333334,2,Ferrari,0.0,-2.0,1.0,3.0,1,Frontrunner,1.0,High-Speed,train
2019,16,Sochi,MAG,1.0064772158237358,0.0154257435180426,0.9827741612418628,1.0079577196546472,1.0089489538343663,1.0007752584452203,-0.0012157700130093,22.0,1,Haas F1 Team,0.0,4.0,13.0,9.0,2,Tyre Manager,1.0,High-Speed,train
2019,16,Sochi,NOR,1.0060142594844648,0.0142763260496723,0.9844867300951428,1.0031111997871776,1.0079731598233015,1.00624825066778,-0.0012862006647759,21.0,1,McLaren,0.0018632710971218,-1.0,7.0,8.0,2,Tyre Manager,1.0,High-Speed,train
2019,16,Sochi,PER,1.0036182845697117,0.0157955437082195,0.9819028542814222,1.0005646448523546,1.0060166362914156,1.00352050581385,-0.0014851901994269,21.0,1,Racing Point,-0.0021640902912811,4.0,11.0,7.0,2,Tyre Manager,1.0,High-Speed,train
2019,16,Sochi,RAI,1.0103679328516586,0.0145316080224067,0.9873710565848772,1.0074926842245278,1.011668357234945,1.011338908546125,-0.0018862270997532,14.0,2,Alfa Romeo Racing,-0.0025016529122687,2.0,15.0,13.0,0,Aggressive,1.0,High-Speed,train
2019,16,Sochi,SAI,1.0022877172902211,0.0133821508255503,0.9816725087631448,1.001064777866454,1.0021187081309464,1.002986605575536,-0.000827961746117,21.0,1,McLaren,-0.0018632710971218,-1.0,5.0,6.0,2,Tyre Manager,1.0,High-Speed,train
2019,16,Sochi,STR,1.007946465152274,0.0149365010107751,0.987591387080621,1.0012563484002033,1.0085599544483688,1.0143685350086329,-0.0014423330365395,22.0,1,Racing Point,0.0021640902912811,3.0,14.0,11.0,2,Tyre Manager,1.0,High-Speed,train
2019,16,Sochi,VER,0.9927237522951092,0.0179260296536117,0.9708262393590386,0.9978019863438862,0.9911286856908286,0.987446441447053,-0.0009502586460153,22.5,1,Red Bull Racing,-0.0052319919272848,5.0,9.0,4.0,1,Frontrunner,1.0,High-Speed,train
2019,17,Suzuka,ALB,0.986824862164043,0.0141653294085642,0.966637840315909,0.9836576154624334,0.9878242919204658,0.9934729858402188,-0.000222717673847,16.333333333333332,2,Red Bull Racing,0.0,2.0,6.0,4.0,1,Frontrunner,1.0,High-Speed,train
2019,17,Suzuka,BOT,0.9750748106529774,0.0093925102292129,0.9571251445658856,0.9724603371464146,0.9781253534338806,0.9798364626435396,0.00044520640532,16.333333333333332,2,Mercedes,-0.0007769718637946,2.0,3.0,1.0,1,Frontrunner,1.0,High-Speed,train
2019,17,Suzuka,GAS,1.003082196776311,0.010802584389506,0.9931650291215603,1.0130954564620291,0.9993303217994692,0.9971586755536446,-0.0002355600245283,25.0,1,Toro Rosso,0.0010101463509646,2.0,9.0,7.0,2,Tyre Manager,1.0,High-Speed,train
2019,17,Suzuka,GIO,1.006877755951725,0.0107007631147588,0.962407660168582,1.008601163792782,1.008022444811941,1.0096661893804582,8.79703345931368e-05,15.666666666666666,2,Alfa Romeo Racing,0.0027061004642292,-3.0,11.0,14.0,0,Aggressive,1.0,High-Speed,train
2019,17,Suzuka,GRO,1.0086934093265965,0.0113732866649271,0.9896954478677182,1.0084329284415996,1.0083935497544614,1.018486259263972,0.0001376982967241,24.5,1,Haas F1 Team,0.0008140542211156,-3.0,10.0,13.0,2,Tyre Manager,1.0,High-Speed,train
2019,17,Suzuka,HAM,0.9766287543805668,0.0138325707888753,0.9479667003552936,0.9723302352048558,0.9801212153468476,0.9807557295117572,0.0006290000466785,16.333333333333332,2,Mercedes,0.0007769718637947,1.0,4.0,3.0,1,Frontrunner,1.0,High-Speed,train
2019,17,Suzuka,HUL,1.0019838936752068,0.0085505224969173,0.9889973639517802,1.010905634577865,1.0013272481721232,0.9956296429558708,0.0001112157722447,24.5,1,Renault,0.0022475622879887,-5.0,15.0,20.0,2,Tyre Manager,1.0,High-Speed,train
2019,17,Suzuka,KUB,1.025887683739044,0.0107920199470558,1.00369880283818,1.0253686626979497,1.0281707777726037,1.030341145273418,0.0008747630220941,15.0,2,Williams,0.0053248289810174,-17.0,0.0,17.0,0,Aggressive,1.0,High-Speed,train
2019,17,Suzuka,KVY,1.0010619040743818,0.015178082858802,0.971472331912854,1.0058625527951346,1.0005094199930242,1.0020502503301902,-0.0005190752048559,24.5,1,Toro Rosso,-0.0010101463509646,4.0,14.0,10.0,2,Tyre Manager,1.0,High-Speed,train
2019,17,Suzuka,LEC,0.9878412898742496,0.0151423507700748,0.9545099346718484,0.9854979702475908,0.987236246125063,0.9986982696568292,0.0006352538392286,11.5,3,Ferrari,0.0058398483687293,-4.0,2.0,6.0,1,Frontrunner,1.0,High-Speed,train
2019,17,Suzuka,MAG,1.007065300884365,0.012976664871636,0.955770653385707,1.0078244326944803,1.0075815150347145,1.013082292986638,0.0039026207981467,15.666666666666666,2,Haas F1 Team,-0.0008140542211156,4.0,19.0,15.0,0,Aggressive,1.0,High-Speed,train
2019,17,Suzuka,NOR,0.999531571800188,0.0114848201859663,0.9806099377975972,0.997964728584946,0.998921125754824,1.0077671468501397,-0.006369310099853,16.0,2,McLaren,0.0037536694350994,-3.0,8.0,11.0,0,Aggressive,1.0,High-Speed,train
2019,17,Suzuka,PER,0.996931783022291,0.0132368723903797,0.9650332892255435,0.9963326160545268,1.001056939047824,0.9970331298551972,0.0012359485351886,15.333333333333334,2,Racing Point,-0.0033143266661261,9.0,17.0,8.0,1,Frontrunner,1.0,High-Speed,train
2019,17,Suzuka,RAI,1.0014655550232667,0.0154640197536952,0.970961792929556,1.0027971011973205,1.0033094504627782,1.0033154617858435,0.0003738757191064,15.666666666666666,2,Alfa Romeo Racing,-0.002706100464229,1.0,13.0,12.0,0,Aggressive,1.0,High-Speed,train
2019,17,Suzuka,RIC,0.9974887690992292,0.0126013105468202,0.9739937693405712,1.001690158963083,0.9991118414487296,0.994528277877481,0.000170053901224,24.5,1,Renault,-0.0022475622879887,-3.0,16.0,19.0,2,Tyre Manager,1.0,High-Speed,train
2019,17,Suzuka,RUS,1.015238025777009,0.012334850117383,0.99459245444221,1.0179948007859616,1.0120315822971484,1.026238756898158,0.0006219296395543,24.0,1,Williams,-0.0053248289810174,2.0,18.0,16.0,2,Tyre Manager,1.0,High-Speed,train
2019,17,Suzuka,SAI,0.9920242329299892,0.0131978391979618,0.974848140700376,0.9886698961129916,0.9949380115292984,0.995964393067483,-9.019967301638827e-05,25.5,1,McLaren,-0.0037536694350994,2.0,7.0,5.0,1,Frontrunner,1.0,High-Speed,train
2019,17,Suzuka,STR,1.0035604363545432,0.0108711544336624,0.9868301780634944,1.0038382926416745,1.0037959297722725,1.005546119114169,-0.0003527906975707,25.0,1,Racing Point,0.0033143266661259,3.0,12.0,9.0,2,Tyre Manager,1.0,High-Speed,train
2019,17,Suzuka,VET,0.9761615931367909,0.010722745917172,0.9598341269262428,0.9720457132018212,0.9784446913399552,0.984649998464232,0.0003216180133566,16.333333333333332,2,Ferrari,-0.0058398483687293,-1.0,1.0,2.0,1,Frontrunner,1.0,High-Speed,train
2019,18,Mexico City,ALB,0.9869735342815597,0.0105944290804767,0.9693048376651148,0.9933312224574066,0.9818160481121254,0.9869336693738786,-0.0001082476386244,21.33333333333333,2,Red Bull Racing,-0.0040194697746469,0.0,5.0,5.0,1,Frontrunner,1.0,High-Speed,train
2019,18,Mexico City,BOT,0.988277389401101,0.0130741692083563,0.9713699182521351,0.9921646840574188,0.9818232814995772,0.9935486417191592,-0.0005306458669501,33.5,1,Mercedes,-0.0001658739551264,3.0,6.0,3.0,1,Frontrunner,1.0,High-Speed,train
2019,18,Mexico City,GAS,1.0021147219472857,0.0190315603381753,0.971809817075406,0.9975363475484924,1.008120001414138,1.0001969909812067,-0.0004567098086115,21.33333333333333,2,Toro Rosso,0.0003109267507361,1.0,10.0,9.0,0,Aggressive,1.0,High-Speed,train
2019,18,Mexico City,GIO,1.0069837641046262,0.0131749026156124,0.9899434241235626,1.005884690970919,1.0104555762994238,1.0041423775959617,-0.0007529529560259,33.0,1,Alfa Romeo Racing,-0.0012862745272292,1.0,15.0,14.0,2,Tyre Manager,1.0,High-Speed,train
2019,18,Mexico City,GRO,1.0227601090902532,0.0168385030703977,0.9968718305900752,1.017946713945881,1.0264733163088051,1.0246242356923252,5.498394602395015e-05,31.5,1,Haas F1 Team,0.0041098864060207,1.0,18.0,17.0,2,Tyre Manager,1.0,High-Speed,train
2019,18,Mexico City,HAM,0.9886091373113538,0.0117405827233553,0.9709666776641372,0.993637075043258,0.9836436033930874,0.9900918018275796,-0.0008856583606471,33.5,1,Mercedes,0.0001658739551263,2.0,3.0,1.0,1,Frontrunner,1.0,High-Speed,train
2019,18,Mexico City,HUL,1.0044555735086913,0.0131237715249468,0.987218495301636,1.0040720998700108,1.0094776270035135,0.9983088400880448,-0.0008561681573542,32.5,1,Renault,0.002053796921261,2.0,12.0,10.0,2,Tyre Manager,1.0,High-Speed,train
2019,18,Mexico City,KUB,1.0209857379432967,0.0141832845285037,0.986057651184672,1.0165891240922005,1.0264840530798978,1.019598903285036,0.0006475681041116,20.33333333333333,2,Williams,-0.000956433452683,2.0,20.0,18.0,0,Aggressive,1.0,High-Speed,train
2019,18,Mexico City,KVY,1.0014928684458129,0.0155479767939092,0.9763920964844752,0.9974929733856136,1.0013228084785444,1.008066301114364,-0.0007628831603583,21.33333333333333,2,Toro Rosso,-0.0003109267507364,-2.0,9.0,11.0,0,Aggressive,1.0,High-Speed,train
2019,18,Mexico City,LEC,0.984914563400418,0.0099681308823786,0.9681684323716656,0.9877061357090808,0.9809582357839824,0.9879208376617244,-0.000268499317829,21.33333333333333,2,Ferrari,-0.0017269263023208,-3.0,1.0,4.0,1,Frontrunner,1.0,High-Speed,train
2019,18,Mexico City,MAG,1.0145403362782115,0.0138042840630324,0.9981059911775848,1.0099977445435302,1.018398527724966,1.0158109240721505,0.000183035412742,32.0,1,Haas F1 Team,-0.0041098864060207,2.0,17.0,15.0,2,Tyre Manager,1.0,High-Speed,train
2019,18,Mexico City,NOR,1.0159309126096765,0.0128372333382546,0.9976294341190416,1.0198918041834175,1.0144541388983042,1.0136473609181136,-0.0009687728249517,21.0,1,McLaren,0.0065479075615078,-12.0,8.0,20.0,2,Tyre Manager,1.0,High-Speed,train
2019,18,Mexico City,PER,1.000119093669816,0.0126004643646511,0.9834793553038356,0.9986508693218042,1.0027886430862831,0.9989795098546363,-0.0006967733755769,33.5,1,Racing Point,-0.0035240733768875,4.0,11.0,7.0,2,Tyre Manager,1.0,High-Speed,train
2019,18,Mexico City,RAI,1.0095563131590846,0.0140896353328226,0.9785549323655558,1.0017155348901767,1.0129792750184623,1.015964680328643,0.0007642416830985,16.666666666666668,2,Alfa Romeo Racing,0.001286274527229,-5.0,14.0,19.0,0,Aggressive,1.0,High-Speed,train
2019,18,Mexico City,RIC,1.0003479796661694,0.01341031182411,0.979336974718037,0.997838283512173,1.0035480095242093,0.9998287437117934,-0.000157009397272,33.5,1,Renault,-0.0020537969212608,5.0,13.0,8.0,2,Tyre Manager,1.0,High-Speed,train
2019,18,Mexico City,RUS,1.0228986048486626,0.0142096140986361,0.9932671041216076,1.0108630590929597,1.0322173098376886,1.026168075361224,-0.0002608833247384,32.0,1,Williams,0.0009564334526828,3.0,19.0,16.0,2,Tyre Manager,1.0,High-Speed,train
2019,18,Mexico City,SAI,1.0028350974866609,0.0163398437485604,0.9813531776580277,1.003246315123896,1.0037194080372436,1.0018227960432131,0.000198262228082,21.0,2,McLaren,-0.0065479075615078,-6.0,7.0,13.0,0,Aggressive,1.0,High-Speed,train
2019,18,Mexico City,STR,1.0071672404235912,0.0115406291272743,0.988819238241871,1.0047401388183514,1.0107269765676818,1.006001081740056,-0.000225131745797,33.0,1,Racing Point,0.0035240733768877,4.0,16.0,12.0,2,Tyre Manager,1.0,High-Speed,train
2019,18,Mexico City,VER,0.9950124738308532,0.0126584407018136,0.9825140217749918,0.9979485963085092,0.9956400922027512,0.9909431499598992,-0.0002529252673594,33.5,1,Red Bull Racing,0.0040194697746468,-2.0,4.0,6.0,2,Tyre Manager,1.0,High-Speed,train
2019,18,Mexico City,VET,0.9883684160050596,0.010367114661999,0.9699891247235358,0.9890991528105934,0.9853666908802589,0.9931728862317212,-0.0001680761300717,33.0,1,Ferrari,0.0017269263023208,0.0,2.0,2.0,1,Frontrunner,1.0,High-Speed,train
2019,19,Austin,ALB,0.9901819201755724,0.0138761572287421,0.96475265843589,0.9895345618763204,0.9942535862798652,0.9866135053609296,0.0009736053577174,16.666666666666668,2,Red Bull Racing,0.00299889131688,1.0,6.0,5.0,1,Frontrunner,1.0,High-Speed,train
2019,19,Austin,BOT,0.9833504487157406,0.0106359271348292,0.9542025676480284,0.9813504832335732,0.988525229353457,0.9793345187799092,0.0008059330502436,17.333333333333332,2,Mercedes,-0.0019608773354695,0.0,1.0,1.0,1,Frontrunner,1.0,High-Speed,train
2019,19,Austin,GAS,1.0076277550056345,0.0129333674049708,0.9925155372722306,1.0088513663167942,1.002582613616791,1.0116232117791115,-7.871039202486359e-05,25.0,1,Toro Rosso,0.003077831523317,-6.0,10.0,16.0,2,Tyre Manager,1.0,High-Speed,train
2019,19,Austin,GIO,1.0090970913439063,0.015355348153394,0.983795965968084,1.009868162284216,1.0073024777933617,1.0115019562165877,0.0007560315060783,16.666666666666668,2,Alfa Romeo Racing,0.0028468514572805,2.0,16.0,14.0,0,Aggressive,1.0,High-Speed,train
2019,19,Austin,GRO,1.0149717643505196,0.0138045556587495,0.9966489683644898,1.0124259708533874,1.0163343951636563,1.0162694501687424,0.0003131623114595,26.0,1,Haas F1 Team,0.0016316015351811,0.0,15.0,15.0,2,Tyre Manager,1.0,High-Speed,train
2019,19,Austin,HAM,0.9872722033866798,0.0107340313231378,0.9688565650203472,0.9847595710498503,0.9915711829050576,0.9839376753930408,0.0001721034100522,27.0,1,Mercedes,0.0019608773354695,3.0,5.0,2.0,1,Frontrunner,1.0,High-Speed,train
2019,19,Austin,HUL,1.0022369735411203,0.0171701719801736,0.9687679914969416,1.0018100371476435,0.9989995324918188,1.0073697100020906,-0.0002813373984168,16.666666666666668,2,Renault,-0.0002127587062215,2.0,11.0,9.0,0,Aggressive,1.0,High-Speed,train
2019,19,Austin,KVY,1.0014720919590003,0.0151208594234054,0.97400367088047,1.0024269793866998,0.9973371718215596,1.0065603440551922,0.0001417378534206,16.666666666666668,2,Toro Rosso,-0.0030778315233168,1.0,13.0,12.0,0,Aggressive,1.0,High-Speed,train
2019,19,Austin,LEC,0.9905739223649282,0.0164807067532424,0.9464474635987422,0.9865955705612424,0.9954645081795004,0.9873575339035424,0.0006985150826739,17.333333333333332,2,Ferrari,0.0,0.0,4.0,4.0,1,Frontrunner,1.0,High-Speed,train
2019,19,Austin,MAG,1.0117085612801573,0.0130424282355987,0.9875652614641204,1.013757181180387,1.012033754823632,1.0104950050867352,0.0006058288619086,15.666666666666666,2,Haas F1 Team,-0.0016316015351811,-6.0,12.0,18.0,0,Aggressive,1.0,High-Speed,train
2019,19,Austin,NOR,0.9988358637981464,0.0160192658795742,0.9651955260529176,1.0002720732841175,0.9959506747508432,0.9989857305404616,0.0002744579484389,17.333333333333332,2,McLaren,-0.0032046392843259,1.0,8.0,7.0,1,Frontrunner,1.0,High-Speed,train
2019,19,Austin,PER,1.0063401987907823,0.0145143470319977,0.985774107990808,1.0047891324932627,1.0028391185104848,1.0127182795402492,8.902709214045427e-05,26.0,1,Racing Point,1.5602566815431373e-05,-10.0,0.0,10.0,2,Tyre Manager,1.0,High-Speed,train
2019,19,Austin,RAI,1.0034033884293454,0.01117878856584,0.9802923910422644,1.0018420860951271,1.0067773922885757,1.0014425230714097,-0.0003686907998595,16.666666666666668,2,Alfa Romeo Racing,-0.0028468514572803,6.0,17.0,11.0,0,Aggressive,1.0,High-Speed,train
2019,19,Austin,RIC,1.002662490953563,0.0105431097281076,0.9897008675284542,1.0053103401833607,0.9990736411961284,1.0043382988160936,-0.0002487935102191,27.0,1,Renault,0.0002127587062212,3.0,9.0,6.0,2,Tyre Manager,1.0,High-Speed,train
2019,19,Austin,RUS,1.021400347405042,0.0152324179354551,0.9963438817838708,1.0215274980266706,1.0189353367389622,1.0251574512073445,6.393142338739271e-05,16.333333333333332,2,Williams,0.0,1.0,18.0,17.0,0,Aggressive,1.0,High-Speed,train
2019,19,Austin,SAI,1.005245142366798,0.011355489666609,0.9924564882566268,1.0082818794578574,0.9999261829187276,1.0100665320403697,0.0001773951798584,26.0,1,McLaren,0.0032046392843259,-1.0,7.0,8.0,2,Tyre Manager,1.0,High-Speed,train
2019,19,Austin,STR,1.0063089936571517,0.0111296544701509,0.9878900310499408,1.008373515915216,1.0010152309244358,1.011897978078428,-0.0003381629487153,16.666666666666668,2,Racing Point,-1.560256681520933e-05,1.0,14.0,13.0,0,Aggressive,1.0,High-Speed,train
2019,19,Austin,VER,0.9841841375418124,0.0106876705738042,0.9665733364170042,0.980322174758169,0.9891299615961904,0.9816336188973052,0.0005541763390037,17.333333333333332,2,Red Bull Racing,-0.00299889131688,0.0,3.0,3.0,1,Frontrunner,1.0,High-Speed,train
2019,20,São Paulo,ALB,0.9889055829172928,0.0132713050852367,0.9578973609211512,0.9890602519563464,0.9860548572822216,0.9940265660614636,0.0005018055308314,18.0,2,Red Bull Racing,0.0044083936960165,-9.0,5.0,14.0,1,Frontrunner,1.0,High-Speed,train
2019,20,São Paulo,BOT,0.992921467553704,0.0152732669455583,0.9526555857245844,0.9949697222133222,0.9878869792393488,0.9954534508621512,0.0016572498377878,15.666666666666666,2,Mercedes,0.0049882223641766,-16.0,4.0,20.0,1,Frontrunner,1.0,High-Speed,train
2019,20,São Paulo,GAS,0.9996627574873534,0.0110674266294432,0.9759269115972592,1.0015063786618688,0.9993091963825456,0.9972465756361064,-0.0001171657521053,18.33333333333333,2,Toro Rosso,-0.0033459651254735,4.0,6.0,2.0,0,Aggressive,1.0,High-Speed,train
2019,20,São Paulo,GIO,1.003136857617632,0.0104025328474869,0.98394453689792,1.0059814908746376,1.003455443404227,0.998079355212107,0.0002025511927629,18.33333333333333,2,Alfa Romeo Racing,0.0005001675187563,7.0,12.0,5.0,0,Aggressive,1.0,High-Speed,train
2019,20,São Paulo,GRO,1.0091382159676832,0.0122480883556668,0.9920160622006025,1.0088928533830628,1.008262935684609,1.0102275406743693,0.0004970852075184,18.666666666666668,2,Haas F1 Team,0.0004798196360489,-6.0,7.0,13.0,0,Aggressive,1.0,High-Speed,train
2019,20,São Paulo,HAM,0.9829450228253506,0.0146608994363302,0.9578299859186244,0.9856751838539396,0.977159379150272,0.9876280834129654,-0.0003337908009864,14.25,3,Mercedes,-0.0049882223641767,-4.0,3.0,7.0,1,Frontrunner,1.0,High-Speed,train
2019,20,São Paulo,HUL,1.0088792767218615,0.0126062434629723,0.9827856868544632,1.009039937927189,1.0105737842156357,1.0037170216667977,-0.0002865728221078,13.5,3,Renault,0.0044655471119026,-2.0,13.0,15.0,0,Aggressive,1.0,High-Speed,train
2019,20,São Paulo,KUB,1.0299676237199398,0.0107228451471135,1.0046017126725642,1.0308453521423309,1.0330328625097238,1.0208858578346909,-0.0015870833673964,10.4,4,Williams,0.0034855458037847,3.0,19.0,16.0,0,Aggressive,1.0,High-Speed,train
2019,20,São Paulo,KVY,1.0063546877383007,0.0152435032384607,0.9753879115770469,1.0015216912785077,1.0122867072565265,0.9972283552335426,0.0005423989410477,18.33333333333333,2,Toro Rosso,0.0033459651254736,6.0,16.0,10.0,0,Aggressive,1.0,High-Speed,train
2019,20,São Paulo,LEC,0.992653307224499,0.0132682859263727,0.962424961090936,0.9914201494894198,0.9937447589907809,0.9904310732888896,-0.0014624020959028,18.33333333333333,2,Ferrari,0.0029597226109896,-4.0,14.0,18.0,1,Frontrunner,1.0,High-Speed,train
2019,20,São Paulo,MAG,1.0081785766955855,0.0125714002219559,0.9872054870202056,1.0126202368280484,1.0031748935169458,1.013333246002428,0.0001816294685432,18.0,2,Haas F1 Team,-0.0004798196360487,-2.0,9.0,11.0,0,Aggressive,1.0,High-Speed,train
2019,20,São Paulo,NOR,1.0073404474243894,0.011949606179557,0.974619836548244,1.002999375874152,1.0108774166333812,1.0024579361336614,0.0002765241832265,19.0,2,McLaren,0.0006705585777775,2.0,10.0,8.0,0,Aggressive,1.0,High-Speed,train
2019,20,São Paulo,PER,1.0041536076557602,0.01318482218412,0.981519036806964,1.0035439137134052,1.0052655959368966,1.001173608282781,-0.00014883769349,18.33333333333333,2,Racing Point,-0.0022086750828254,6.0,15.0,9.0,0,Aggressive,1.0,High-Speed,train
2019,20,São Paulo,RAI,1.0021365225801195,0.0098820442001213,0.9854941619560312,1.001300615375781,1.0017688183409783,1.0027502089987352,0.0001825104648914,18.33333333333333,2,Alfa Romeo Racing,-0.0005001675187561,4.0,8.0,4.0,0,Aggressive,1.0,High-Speed,train
2019,20,São Paulo,RIC,0.9999481824980566,0.0125465757974343,0.9800772117528956,0.9991453645838316,1.001261880610701,0.99673426078755,-0.0006399415648945,18.33333333333333,2,Renault,-0.0044655471119025,5.0,11.0,6.0,0,Aggressive,1.0,High-Speed,train
2019,20,São Paulo,RUS,1.02299653211237,0.0136179612777061,0.998820937455785,1.0195208518189884,1.028757423950008,1.0127170562872638,-0.0013573825651468,14.0,3,Williams,-0.003485545803785,6.0,18.0,12.0,0,Aggressive,1.0,High-Speed,train
2019,20,São Paulo,SAI,1.0059993302688346,0.0118006451425983,0.9858040869676532,1.0011072264301135,1.011145020040498,0.9987134778705784,-7.895022824538457e-05,28.5,1,McLaren,-0.0006705585777773,17.0,20.0,3.0,2,Tyre Manager,1.0,High-Speed,train
2019,20,São Paulo,STR,1.008570957821411,0.0119231389241499,0.9783254616872048,1.0059298107934809,1.0126487377630602,1.0011703929176223,-0.0027710696057422,18.33333333333333,2,Racing Point,0.0022086750828254,-2.0,17.0,19.0,0,Aggressive,1.0,High-Speed,train
2019,20,São Paulo,VER,0.9800887955252596,0.0135511518707143,0.9548654858074556,0.9862720511933588,0.9729665300987974,0.9845079569945852,0.0003910984576486,14.25,3,Red Bull Racing,-0.0044083936960164,0.0,1.0,1.0,1,Frontrunner,1.0,High-Speed,train
2019,20,São Paulo,VET,0.9867338620025198,0.0142939087943957,0.9618994360712289,0.9862890050804568,0.9840450020073214,0.9876690746179076,5.589964551410887e-05,18.33333333333333,2,Ferrari,-0.0029597226109895,-15.0,2.0,17.0,1,Frontrunner,1.0,High-Speed,train
2019,21,Yas Island,ALB,0.9931122475075408,0.0109235901084917,0.980880229149374,0.9892613476657324,0.9995694126271614,0.9878515905532238,-0.0011206051348383,26.5,1,Red Bull Racing,0.0045445496861924,-1.0,5.0,6.0,2,Tyre Manager,1.0,High-Speed,train
2019,21,Yas Island,BOT,0.987093370397996,0.0169478969690597,0.9568521708256766,0.9895168777629192,0.9926321542865448,0.9817725093855094,-0.0007873745791825,26.0,1,Mercedes,0.0030664671301379,16.0,20.0,4.0,1,Frontrunner,1.0,High-Speed,train
2019,21,Yas Island,GAS,1.0068206879053372,0.0121023431657872,0.982751423787202,1.0121770112097546,1.00637887731493,1.0065755770099836,-0.0004214193450957,51.0,0,Toro Rosso,0.0021823077935492,-7.0,11.0,18.0,2,Tyre Manager,1.0,High-Speed,train
2019,21,Yas Island,GIO,1.0088592400443095,0.0114232537251283,0.9908311462746434,1.0088775849172578,1.0060319569258749,1.0134353396419855,0.0006276638160016,16.333333333333332,2,Alfa Romeo Racing,0.0020923201136824,0.0,16.0,16.0,0,Aggressive,1.0,High-Speed,train
2019,21,Yas Island,GRO,1.0100543079199888,0.0131267558633977,0.9947654529490508,1.0113823627114449,1.0063877513486867,1.0149529608819048,-0.0008087016826949,25.5,1,Haas F1 Team,0.0009830122056642,0.0,15.0,15.0,2,Tyre Manager,1.0,High-Speed,train
2019,21,Yas Island,HAM,0.9809604361377202,0.0083233021361404,0.9527067550126426,0.9893837891706344,0.9902168926449824,0.9680605715708976,-6.134233086152954e-05,26.5,1,Mercedes,-0.0030664671301379,0.0,1.0,1.0,1,Frontrunner,1.0,High-Speed,train
2019,21,Yas Island,HUL,1.0036245105988737,0.0076178751750425,0.9910038719335198,1.0114865789079446,1.0001821395428496,1.005459247781325,-0.0004088633529439,25.5,1,Renault,0.0017611915629831,-3.0,9.0,12.0,2,Tyre Manager,1.0,High-Speed,train
2019,21,Yas Island,KUB,1.0202181141236812,0.0096639656445343,1.0027684084769914,1.0207839663381686,1.0143222112849752,1.0278132795435828,-0.0003522717912957,25.0,1,Williams,0.002833929453234,0.0,19.0,19.0,2,Tyre Manager,1.0,High-Speed,train
2019,21,Yas Island,KVY,1.0024560723182387,0.0131664720296834,0.9809090167591868,1.0093946558802902,0.9980869801729682,1.0056647272494093,2.9873188255292787e-05,25.5,1,Toro Rosso,-0.0021823077935492,4.0,13.0,9.0,2,Tyre Manager,1.0,High-Speed,train
2019,21,Yas Island,LEC,0.9849178325413448,0.0102031649277437,0.9638283682702964,0.9823363968552762,0.9913214168371036,0.9792575731938694,0.0001890640311655,17.0,2,Ferrari,-0.0013305332208547,0.0,3.0,3.0,1,Frontrunner,1.0,High-Speed,train
2019,21,Yas Island,MAG,1.0080882835086602,0.0095194703764242,0.9959553408213104,1.000026054049125,1.011358985059011,1.0097144046021784,-0.000286101770326,25.5,1,Haas F1 Team,-0.0009830122056644,0.0,14.0,14.0,2,Tyre Manager,1.0,High-Speed,train
2019,21,Yas Island,NOR,1.0021913392005493,0.0071897242383788,0.9886240961890002,1.005752516929704,1.0019311406039622,1.0028024778296314,-0.0001223213336997,25.5,1,McLaren,0.001045682951263,-2.0,6.0,8.0,2,Tyre Manager,1.0,High-Speed,train
2019,21,Yas Island,PER,1.0024331174921135,0.0100516065492317,0.9849104945231572,1.0011452925761155,1.0001559611432682,1.0069818553204557,7.112938591230338e-05,25.5,1,Racing Point,-0.0047520108431304,3.0,10.0,7.0,2,Tyre Manager,1.0,High-Speed,train
2019,21,Yas Island,RAI,1.0046745998169448,0.0121103306043529,0.9897372171017592,1.0021516302235656,1.0030449028326578,1.0090764353197208,-0.0003457297911552,25.5,1,Alfa Romeo Racing,-0.0020923201136824,4.0,17.0,13.0,2,Tyre Manager,1.0,High-Speed,train
2019,21,Yas Island,RIC,1.0001021274729072,0.0136852285872029,0.9710060789836056,1.012113604161629,0.9939740466296154,1.0029753734562588,0.0002670305663869,16.333333333333332,2,Renault,-0.0017611915629831,-4.0,7.0,11.0,0,Aggressive,1.0,High-Speed,train
2019,21,Yas Island,RUS,1.0145502552172134,0.0161671860327022,0.989084697946004,1.0121932949904575,1.009388062161719,1.022622634148488,-0.0005780627849217,25.5,1,Williams,-0.0028339294532337,1.0,18.0,17.0,2,Tyre Manager,1.0,High-Speed,train
2019,21,Yas Island,SAI,1.0000999732980231,0.0113591702039905,0.9720040494571136,0.9949504993005948,0.9962549359039632,1.0080162443455116,0.0002969396807888,16.333333333333332,2,McLaren,-0.001045682951263,-2.0,8.0,10.0,0,Aggressive,1.0,High-Speed,train
2019,21,Yas Island,STR,1.0119371391783742,0.013310571747909,0.991502857170274,1.0106414089361713,1.0059673269340286,1.0203997690003204,-0.0008990888393285,13.0,2,Racing Point,0.0047520108431302,-8.0,12.0,20.0,0,Aggressive,1.0,High-Speed,train
2019,21,Yas Island,VER,0.984023148135156,0.0098931257946295,0.9703247722180374,0.9884149042188018,0.9911869417387744,0.974942230591652,-0.0004135896089376,26.5,1,Red Bull Racing,-0.0045445496861923,0.0,2.0,2.0,1,Frontrunner,1.0,High-Speed,train
2019,21,Yas Island,VET,0.9875788989830542,0.013741430202962,0.9608152651098968,0.9868375595172184,0.990138508137378,0.9850849521862384,-0.0006838810586618,17.0,2,Ferrari,0.0013305332208547,-1.0,4.0,5.0,1,Frontrunner,1.0,High-Speed,train
2020,1,Spielberg,ALB,0.9935844468258616,0.0160825483595357,0.9767348919528418,0.9984828318295024,0.9911667538866284,0.9903773939166354,-0.0004681782386942,12.333333333333334,2,Red Bull Racing,0.0,-9.0,4.0,13.0,1,Frontrunner,1.0,High-Speed,train
2020,1,Spielberg,BOT,0.9859007418825864,0.0176781933118368,0.9656732608261254,0.9942933861501956,0.9808473702453387,0.9856823729218588,0.0011359650116583,15.0,2,Mercedes,-0.001186114973903,0.0,1.0,1.0,1,Frontrunner,1.0,High-Speed,train
2020,1,Spielberg,GAS,1.016288231088345,0.0516460285681103,0.9865690388513032,1.0146000898215817,1.01222139183189,1.0210400908391897,0.0016058265632515,14.333333333333334,2,AlphaTauri,0.0011365722253977,5.0,12.0,7.0,0,Aggressive,1.0,High-Speed,train
2020,1,Spielberg,GIO,1.0213933439684322,0.0540995870693439,0.9819302903142932,1.011904081438234,1.0225241100893916,1.024332564418933,0.0006945912811454,14.333333333333334,2,Alfa Romeo Racing,0.0047816407416179,9.0,18.0,9.0,0,Aggressive,1.0,High-Speed,train
2020,1,Spielberg,HAM,0.9882729718303924,0.0281629885444324,0.966458279809312,0.9823692483566736,0.989377572478746,0.9893859392029896,0.0010796862266509,14.0,2,Mercedes,0.001186114973903,1.0,5.0,4.0,1,Frontrunner,1.0,High-Speed,train
2020,1,Spielberg,KVY,1.0140150866375497,0.0328173169454129,0.9867688618652052,1.00981672419226,1.0105139213738743,1.0193451091404528,0.0006251548948903,13.333333333333334,2,AlphaTauri,-0.0011365722253975,1.0,13.0,12.0,0,Aggressive,1.0,High-Speed,train
2020,1,Spielberg,LAT,1.0309742268143898,0.0480262755038687,0.9965030972567154,1.0207079573755766,1.030449163346554,1.036043018452698,0.0021925970271437,14.333333333333334,2,Williams,0.007382129944671,9.0,20.0,11.0,0,Aggressive,1.0,High-Speed,train
2020,1,Spielberg,LEC,0.9951938039548248,0.0201673313690656,0.9696411749593218,1.0005973135181478,0.9905138197836756,0.9949363969207664,-0.0004791647483871,13.666666666666666,2,Ferrari,-0.009710081272639,5.0,7.0,2.0,1,Frontrunner,1.0,High-Speed,train
2020,1,Spielberg,NOR,0.993188611341453,0.0159802801817744,0.9630755616453998,0.999899971420406,0.9912929384652536,0.9886511922643636,-0.0019987658263869,13.666666666666666,2,McLaren,-0.0050166824200937,0.0,3.0,3.0,1,Frontrunner,1.0,High-Speed,train
2020,1,Spielberg,OCO,1.0209721223660373,0.0543062270395068,0.9835859667151952,0.9951088065978037,1.022106064559046,1.0376343364983998,0.0015273272324404,14.333333333333334,2,Renault,0.0,6.0,14.0,8.0,0,Aggressive,1.0,High-Speed,train
2020,1,Spielberg,PER,0.9999707741850414,0.0336969692347864,0.9759070537523908,0.9979352985870528,0.9959835589100912,1.0052331864850756,0.0014736027721585,14.0,2,Racing Point,0.0,0.0,6.0,6.0,0,Aggressive,1.0,High-Speed,train
2020,1,Spielberg,RAI,1.0118300624851964,0.0273980087414955,0.985284462333362,0.9940824362516274,1.011215726956972,1.0219486760511922,-0.0025007182036146,18.5,1,Alfa Romeo Racing,-0.0047816407416179,5.0,19.0,14.0,2,Tyre Manager,1.0,High-Speed,train
2020,1,Spielberg,RUS,1.016209966925048,0.0281122335749302,0.9893665610459308,1.003100885967419,1.017132733002138,1.0203007175406726,-0.0021014100322856,18.5,1,Williams,-0.0073821299446708,2.0,17.0,15.0,2,Tyre Manager,1.0,High-Speed,train
2020,1,Spielberg,SAI,1.0032219761816406,0.0382277068405806,0.9749650309725671,0.9940847210701312,1.0028195187594118,1.0086586281747156,0.0003029974634669,14.0,2,McLaren,0.0050166824200937,3.0,8.0,5.0,0,Aggressive,1.0,High-Speed,train
2020,1,Spielberg,VET,1.014613966500103,0.0468178677915883,0.9794610487853616,1.006671293839056,1.007582299919602,1.029684789800261,-0.0006400191272907,14.333333333333334,2,Ferrari,0.0097100812726391,1.0,11.0,10.0,0,Aggressive,1.0,High-Speed,train
2020,2,Spielberg,ALB,0.9960340332278842,0.0133660433203559,0.9714116148456948,0.999006786235328,0.9929089332860463,0.9949215783105044,-0.0005910214381605,33.0,1,Red Bull Racing,0.0029394660957323,2.0,6.0,4.0,2,Tyre Manager,1.0,High-Speed,train
2020,2,Spielberg,BOT,0.9898439405344044,0.0094239488011582,0.9775635458282672,0.9909392093983616,0.9885437600977264,0.9876338915698488,-0.0002561903844943,33.0,1,Mercedes,0.0012409135650405,2.0,4.0,2.0,1,Frontrunner,1.0,High-Speed,train
2020,2,Spielberg,GAS,1.0092900476346716,0.0149966207303084,0.9818047594233108,1.0069634809379726,1.0058909736412986,1.0129315235100045,6.0383512356617617e-05,21.0,2,AlphaTauri,0.0009602120163176,-8.0,7.0,15.0,0,Aggressive,1.0,High-Speed,train
2020,2,Spielberg,GIO,1.0096164632910658,0.0117856538180924,0.9917202246540444,1.005626651729289,1.0081264223016904,1.0118382493090632,-3.833171628318864e-05,32.0,1,Alfa Romeo Racing,0.0007532722844652,5.0,19.0,14.0,2,Tyre Manager,1.0,High-Speed,train
2020,2,Spielberg,GRO,1.007891660876614,0.0137831034973982,0.9849892884025244,0.9993366152476156,1.0119732404096229,1.0057389450109595,-0.0003515817413659,32.0,1,Haas F1 Team,-0.0007774050431359,-13.0,0.0,13.0,2,Tyre Manager,1.0,High-Speed,train
2020,2,Spielberg,HAM,0.9873621134043232,0.0063035251835276,0.9657663134734524,0.9896395878815736,0.984178094337392,0.9869407888087008,-0.0001723830460241,33.0,1,Mercedes,-0.0012409135650406,0.0,1.0,1.0,1,Frontrunner,1.0,High-Speed,train
2020,2,Spielberg,KVY,1.0073696236020362,0.0129165899777754,0.9897805570030688,1.0097181343303372,1.0044883465039514,1.0063808106503236,-0.0005794346755907,32.5,1,AlphaTauri,-0.0009602120163176,3.0,13.0,10.0,2,Tyre Manager,1.0,High-Speed,train
2020,2,Spielberg,LAT,1.016442115349056,0.011437413888053,0.9959759133808116,1.0150763733677304,1.0157530726960022,1.0152913001909107,-0.0003694568299541,31.0,1,Williams,0.0006954826441762,1.0,18.0,17.0,2,Tyre Manager,1.0,High-Speed,train
2020,2,Spielberg,MAG,1.0094464709628856,0.0155934151800737,0.984439233397024,0.9990622155048215,1.009932479743923,1.0140760507004671,-0.0008534592353604,32.5,1,Haas F1 Team,0.0007774050431357,3.0,15.0,12.0,2,Tyre Manager,1.0,High-Speed,train
2020,2,Spielberg,NOR,0.9992843582603872,0.0167436896692496,0.9726275259104856,0.998213782081414,0.9984730267565116,0.9981235686705998,-0.0006469709956971,33.0,1,McLaren,-0.000782654497697,4.0,9.0,5.0,2,Tyre Manager,1.0,High-Speed,train
2020,2,Spielberg,PER,0.996437986726304,0.0160741550911222,0.9725551502518672,0.9909047167643342,0.9972514019830948,0.9966063685314018,-0.0006116892654552,32.0,1,Racing Point,-0.0018135756832261,11.0,17.0,6.0,2,Tyre Manager,1.0,High-Speed,train
2020,2,Spielberg,RAI,1.0081099187221354,0.0113377309730508,0.9898384575299636,1.0035655808341952,1.00460165393368,1.0137547055179643,-0.0002316246700314,32.0,1,Alfa Romeo Racing,-0.0007532722844652,5.0,16.0,11.0,2,Tyre Manager,1.0,High-Speed,train
2020,2,Spielberg,RIC,1.0003522282052766,0.0130491783901175,0.9818771350819292,0.9946004338455218,0.9994931433975648,1.0031406218864525,-0.0005767193398906,33.0,1,Renault,0.0,0.0,8.0,8.0,2,Tyre Manager,1.0,High-Speed,train
2020,2,Spielberg,RUS,1.0150511500607031,0.0120525463960657,0.9930085113774536,1.0043389526326447,1.0179133898899828,1.0164516329102242,-4.82502039342096e-05,31.5,1,Williams,-0.0006954826441762,-5.0,11.0,16.0,2,Tyre Manager,1.0,High-Speed,train
2020,2,Spielberg,SAI,1.0008496672557814,0.0134100571076382,0.949843668577384,1.003766261953094,0.9979709785951656,0.9994070120821288,0.0040417938981442,21.0,2,McLaren,0.0007826544976969,-6.0,3.0,9.0,1,Frontrunner,1.0,High-Speed,train
2020,2,Spielberg,STR,1.0000651380927563,0.0132646697763822,0.9818916102136528,0.9916878192472816,1.0016747448476966,1.0014136408399248,-0.0006038579777383,33.0,1,Racing Point,0.0018135756832262,5.0,12.0,7.0,2,Tyre Manager,1.0,High-Speed,train
2020,2,Spielberg,VER,0.9901551010364192,0.0087459562860126,0.9574575878640494,0.9975233037458348,0.9849764304291286,0.9884260638044412,-1.607331086822566e-05,21.33333333333333,2,Red Bull Racing,-0.0029394660957324,-1.0,2.0,3.0,1,Frontrunner,1.0,High-Speed,train
2020,3,Budapest,ALB,1.001489539831978,0.0224469412709737,0.9700344347571248,1.0009945115724983,1.0042904735023437,1.00031660034416,-0.0007501428480303,32.0,1,Red Bull Racing,0.0047792344371992,8.0,13.0,5.0,2,Tyre Manager,1.0,High-Speed,train
2020,3,Budapest,BOT,0.988965410571389,0.0335921444196186,0.9483600752191856,0.9948334359838784,0.9895369189221188,0.9825318296817548,-0.0004075158601014,21.0,2,Mercedes,5.533672835300596e-05,-1.0,2.0,3.0,1,Frontrunner,1.0,High-Speed,train
2020,3,Budapest,GIO,1.0060962952108825,0.0248715060404411,0.978044789606076,1.0068901747220331,1.00450807987501,1.008821251882125,0.0009948054472411,20.0,2,Alfa Romeo Racing,-0.0018535623479207,2.0,19.0,17.0,0,Aggressive,1.0,High-Speed,train
2020,3,Budapest,GRO,1.0140925311988669,0.0257837976194235,0.9877280386841526,1.0155680947923758,1.0147552516336515,1.0131392503764252,-0.0006799045580185,32.0,1,Haas F1 Team,0.0023369576831027,-16.0,0.0,16.0,2,Tyre Manager,1.0,High-Speed,train
2020,3,Budapest,HAM,0.988854737114683,0.0247791908452898,0.9356851539795344,0.9961019806152552,0.985156077324814,0.986047178604718,-0.0021573157427077,15.75,3,Mercedes,-5.533672835300596e-05,0.0,1.0,1.0,1,Frontrunner,1.0,High-Speed,train
2020,3,Budapest,KVY,1.011172979705473,0.0264388801093235,0.9884240603707232,1.0107322157930565,1.0125314328235655,1.0117619380511935,-0.0023373505017803,32.0,1,AlphaTauri,0.0,5.0,17.0,12.0,2,Tyre Manager,1.0,High-Speed,train
2020,3,Budapest,LAT,1.032601085956643,0.0278017320875616,0.9915012088797712,1.0276958374303506,1.0425123197027812,1.02811516614485,-0.0001583873547021,13.5,3,Williams,0.0119677062218641,-4.0,15.0,19.0,0,Aggressive,1.0,High-Speed,train
2020,3,Budapest,LEC,1.010051126872872,0.0208379891422638,0.9868976970229808,1.0134834192356317,1.0114329810521947,1.0057134662856324,-0.0008321458584384,31.5,1,Ferrari,0.0033027595486383,-5.0,6.0,11.0,2,Tyre Manager,1.0,High-Speed,train
2020,3,Budapest,MAG,1.0094186158326617,0.0257039572617293,0.9826971450899944,1.0135934309053778,1.01074168633891,1.004215288234029,-0.0009352887781926,32.0,1,Haas F1 Team,-0.0023369576831024,-10.0,0.0,10.0,2,Tyre Manager,1.0,High-Speed,train
2020,3,Budapest,NOR,1.007756880058171,0.0212255472497381,0.9762009426820034,1.0044807747205693,1.0102919217436503,1.0104441468508665,-0.0003762359899402,31.0,1,McLaren,0.0005159827139578,-5.0,8.0,13.0,2,Tyre Manager,1.0,High-Speed,train
2020,3,Budapest,OCO,1.008434782334678,0.0217817564071672,0.9800595892250956,1.0061612024857811,1.0107328227930945,1.0101541087573465,-0.0007475904097885,31.0,1,Renault,0.0030302743830143,0.0,14.0,14.0,2,Tyre Manager,1.0,High-Speed,train
2020,3,Budapest,PER,1.0017751113358968,0.0202536931452512,0.9779715241653844,0.9990557544083096,1.0026845852384785,1.0057924354179533,-0.0004360710033223,31.0,1,Racing Point,0.0021467327458668,-3.0,4.0,7.0,2,Tyre Manager,1.0,High-Speed,train
2020,3,Budapest,RAI,1.009803419906724,0.0236992753805206,0.9797054729284196,1.0086631657428118,1.0153706880587718,1.0059818291696114,-0.0011739107522228,31.5,1,Alfa Romeo Racing,0.001853562347921,5.0,20.0,15.0,2,Tyre Manager,1.0,High-Speed,train
2020,3,Budapest,RIC,1.0023742335686492,0.0212638022212716,0.9711578381810632,1.001942291222908,1.0046628458921154,1.0017672895315677,-0.0002273156899773,31.0,1,Renault,-0.0030302743830143,3.0,11.0,8.0,2,Tyre Manager,1.0,High-Speed,train
2020,3,Budapest,RUS,1.008665673512915,0.024582165588833,0.976677168046499,1.0088921034717495,1.007559843534389,1.01150570015057,0.0001088001149854,20.0,2,Williams,-0.0119677062218639,-6.0,12.0,18.0,0,Aggressive,1.0,High-Speed,train
2020,3,Budapest,SAI,1.0067249146302557,0.0256389403809977,0.970242020172418,1.005090386506316,1.009455710163911,1.0070894235660852,-0.000975383459842,31.5,1,McLaren,-0.0005159827139578,0.0,9.0,9.0,2,Tyre Manager,1.0,High-Speed,train
2020,3,Budapest,STR,0.9974816458441632,0.0277939271353394,0.96433194128996,0.9986396101440352,0.996385955022925,0.9991122856255142,-0.0004609072547409,15.75,3,Racing Point,-0.0021467327458667,-1.0,3.0,4.0,0,Aggressive,1.0,High-Speed,train
2020,3,Budapest,VER,0.9919310709575792,0.0242012438093949,0.9669084426209488,0.995867192818244,0.990859356289986,0.990010620563562,-0.0002550511170981,21.33333333333333,2,Red Bull Racing,-0.0047792344371994,5.0,7.0,2.0,1,Frontrunner,1.0,High-Speed,train
2020,3,Budapest,VET,1.003445607775595,0.0218207830211477,0.9813051017168534,1.0078165688785157,1.0009530652043226,1.0027819602781962,-0.0009471196719204,31.5,1,Ferrari,-0.0033027595486383,-1.0,5.0,6.0,2,Tyre Manager,1.0,High-Speed,train
2020,4,Silverstone,ALB,0.993095591461762,0.0192295870441481,0.9702224021179068,0.9959435384665114,0.9938247380362756,0.9913433382541482,-0.0002459244123978,18.0,1,Red Bull Racing,0.0016009103058254,4.0,12.0,8.0,1,Frontrunner,1.0,High-Speed,train
2020,4,Silverstone,BOT,0.9881535045016464,0.011150074994614,0.9765236131318988,0.9908530525584206,0.9863972827043046,0.9862212777788812,-0.0021485776223021,13.333333333333334,2,Mercedes,0.0009326811551473,-9.0,2.0,11.0,1,Frontrunner,1.0,High-Speed,train
2020,4,Silverstone,GAS,1.0040788307752897,0.0167148142116961,0.9802211987616368,1.001637605024042,1.0086634098813212,1.0028359779953528,-0.0031054012979215,20.0,1,AlphaTauri,0.0,4.0,11.0,7.0,2,Tyre Manager,1.0,High-Speed,train
2020,4,Silverstone,GIO,1.009197197273851,0.0126266809026442,0.9952522125345964,1.0063912797960266,1.012319850602866,1.0105366115226502,-0.0016295870833264,20.0,1,Alfa Romeo Racing,-0.0031040641510116,1.0,15.0,14.0,2,Tyre Manager,1.0,High-Speed,train
2020,4,Silverstone,GRO,1.0034312926752456,0.0153105665703915,0.9821793876010544,1.004517531100806,1.0032014689008812,1.0051583191091946,-0.000556367736057,19.0,1,Haas F1 Team,0.0,1.0,17.0,16.0,2,Tyre Manager,1.0,High-Speed,train
2020,4,Silverstone,HAM,0.986288142191352,0.0098197304751278,0.976228243865618,0.992166190386557,0.9848982284834824,0.9812121543851628,-0.0014767815629405,20.5,1,Mercedes,-0.0009326811551473,0.0,1.0,1.0,1,Frontrunner,1.0,High-Speed,train
2020,4,Silverstone,LAT,1.0104979160057324,0.015662619760792,0.9900449617660896,1.011012337651226,1.0092960472008337,1.0143338033483609,-0.0024621050374161,20.0,1,Williams,0.0003781000098455,3.0,18.0,15.0,2,Tyre Manager,1.0,High-Speed,train
2020,4,Silverstone,LEC,1.0010419304289313,0.0152284204984911,0.9825185152771548,0.995716045791338,1.0049333663830704,1.0000682983017943,-0.003498479323859,20.5,1,Ferrari,-0.0030670876456933,1.0,4.0,3.0,2,Tyre Manager,1.0,High-Speed,train
2020,4,Silverstone,NOR,1.0015181433306717,0.0144254846433322,0.9851987178785924,1.002396516025257,1.0014689364926856,1.0032162929716204,-0.0025179045314349,20.0,1,McLaren,0.0003095403697241,0.0,5.0,5.0,2,Tyre Manager,1.0,High-Speed,train
2020,4,Silverstone,OCO,1.0029066523722527,0.0159417914469152,0.978995963286694,0.9996098495867486,1.0066267913447096,1.0039223085019762,-0.0030290697830387,20.0,1,Renault,0.0011620592707661,3.0,9.0,6.0,2,Tyre Manager,1.0,High-Speed,train
2020,4,Silverstone,RAI,1.015405325575874,0.0133644345219272,0.9842688516699304,1.0119103172030155,1.017283004210755,1.0193879856859225,0.0103221777590552,12.333333333333334,2,Alfa Romeo Racing,0.0031040641510113,-1.0,16.0,17.0,0,Aggressive,1.0,High-Speed,train
2020,4,Silverstone,RIC,1.0005825338307206,0.0159087982514338,0.9788975068646004,0.9977318229264704,1.0059812982935707,0.9986108076976544,-0.0022082853674109,20.0,1,Renault,-0.0011620592707659,4.0,8.0,4.0,2,Tyre Manager,1.0,High-Speed,train
2020,4,Silverstone,RUS,1.0097417159860411,0.0149454755363271,0.9939941582522892,1.0081751912250378,1.0133692842740571,1.0089031438047389,-0.0018313061653835,20.0,1,Williams,-0.0003781000098457,8.0,20.0,12.0,2,Tyre Manager,1.0,High-Speed,train
2020,4,Silverstone,SAI,1.000899062591223,0.012832035552978,0.983995361608559,1.00578380875785,0.997599076381564,1.0027166102056324,-0.0017198614708562,19.0,1,McLaren,-0.0003095403697241,-6.0,7.0,13.0,2,Tyre Manager,1.0,High-Speed,train
2020,4,Silverstone,STR,1.005589589874304,0.0127859613238787,0.9897605321022632,1.0042830986156506,1.007295966006739,1.007257760212897,-0.0025161854510491,20.0,1,Racing Point,0.0,-3.0,6.0,9.0,2,Tyre Manager,1.0,High-Speed,train
2020,4,Silverstone,VER,0.9898937708501108,0.0153361463925706,0.9528065550097908,0.9920546931077932,0.9867615457828862,0.9902661568302148,-0.0034546616308081,13.0,2,Red Bull Racing,-0.0016009103058255,1.0,3.0,2.0,1,Frontrunner,1.0,High-Speed,train
2020,4,Silverstone,VET,1.007176105720318,0.0139990904910536,0.990438787454464,1.0022989784219445,1.0126676319742345,1.007437491311342,-0.0026998345495861,20.0,1,Ferrari,0.0030670876456935,0.0,10.0,10.0,2,Tyre Manager,1.0,High-Speed,train
2020,5,Silverstone,ALB,0.9931258068734102,0.0167627559845752,0.968114342594997,0.9921194552316358,0.9926498827804908,0.9964242629164424,-0.001006069027221,15.666666666666666,2,Red Bull Racing,0.0029756046831346,4.0,9.0,5.0,1,Frontrunner,1.0,High-Speed,train
2020,5,Silverstone,BOT,0.9911785629273782,0.0118438977856577,0.9712304163420756,0.9961581797298036,0.9895024341541424,0.9876970113138448,0.0005652844690345,16.0,2,Mercedes,0.0007952479875357,-2.0,1.0,3.0,1,Frontrunner,1.0,High-Speed,train
2020,5,Silverstone,GAS,0.9995904628253506,0.0129618366767701,0.9747684584090712,0.9995303469525424,1.0030352436795362,0.9960110035523608,-0.0002548997410012,15.666666666666666,2,AlphaTauri,5.801201124866484e-05,-4.0,7.0,11.0,0,Aggressive,1.0,High-Speed,train
2020,5,Silverstone,GIO,1.0107192654646449,0.0098756547739128,0.9935298190946074,1.0070742520770464,1.0124469731630328,1.013801810101424,-0.0005974376354184,15.333333333333334,2,Alfa Romeo Racing,-0.0010829353957251,2.0,19.0,17.0,0,Aggressive,1.0,High-Speed,train
2020,5,Silverstone,GRO,1.0083102356248514,0.0126575744981002,0.9823530684670648,1.0053597108900565,1.0117105613440265,1.0081181598723885,-0.0013438320336562,15.333333333333334,2,Haas F1 Team,-0.0033808035932696,-3.0,13.0,16.0,0,Aggressive,1.0,High-Speed,train
2020,5,Silverstone,HAM,0.9895880669523068,0.0133654416847083,0.957013329871029,0.9947659939105544,0.9876227016902128,0.9862705186057158,0.0009478293161102,16.0,2,Mercedes,-0.0007952479875356,0.0,2.0,2.0,1,Frontrunner,1.0,High-Speed,train
2020,5,Silverstone,HUL,0.9953098950394966,0.0115201686484647,0.9747143599065178,0.9978482338379512,0.9920331535136292,0.9956393786626404,-0.0002746107004741,11.5,3,Racing Point,-0.0006576300214385,-4.0,3.0,7.0,0,Aggressive,1.0,High-Speed,train
2020,5,Silverstone,KVY,0.9994744388028532,0.0137626334842,0.9817579849389768,1.0004681944976206,0.9996486516513652,0.99952996965257,-0.0006569631539081,15.666666666666666,2,AlphaTauri,-5.801201124866484e-05,6.0,16.0,10.0,0,Aggressive,1.0,High-Speed,train
2020,5,Silverstone,LAT,1.0074459211696292,0.0145271219192322,0.9732320609365532,1.0025932850354442,1.010263929618768,1.0102921504628393,0.0011895195270885,11.0,3,Williams,0.0002532793528637,-1.0,18.0,19.0,0,Aggressive,1.0,High-Speed,train
2020,5,Silverstone,LEC,0.9947955032441436,0.0119277239766507,0.9797455206439886,0.9890995575608136,0.9980266392877292,0.9979772014750574,-0.0003881784530813,24.5,1,Ferrari,-0.002572666856319,4.0,8.0,4.0,2,Tyre Manager,1.0,High-Speed,train
2020,5,Silverstone,MAG,1.015071842811391,0.0129646613517264,0.9935730978966502,1.0093830334190232,1.0208787988561092,1.0144616659036907,-0.0007075600839966,12.0,2,Haas F1 Team,0.0033808035932698,-3.0,17.0,20.0,0,Aggressive,1.0,High-Speed,train
2020,5,Silverstone,NOR,0.9983063715604864,0.0104827574990765,0.9813251969185492,1.0013032142792029,0.9950168314469744,1.0011946952525266,-0.0009375544056682,15.666666666666666,2,McLaren,-0.0004775631640303,1.0,10.0,9.0,0,Aggressive,1.0,High-Speed,train
2020,5,Silverstone,OCO,1.0028707535987649,0.0119296257931504,0.9799943737557344,1.005860483010685,1.001450268659429,1.003006970887237,-0.0010183862870852,24.5,1,Renault,0.0003813166575852,6.0,14.0,8.0,2,Tyre Manager,1.0,High-Speed,train
2020,5,Silverstone,RAI,1.0128851362560949,0.0111860492237472,0.9927724400588592,1.012757783490431,1.015723155830042,1.0103001765744557,-0.0001462941114485,24.0,1,Alfa Romeo Racing,0.0010829353957249,5.0,20.0,15.0,2,Tyre Manager,1.0,High-Speed,train
2020,5,Silverstone,RIC,1.002108120283594,0.0109878093883845,0.9864104561585736,1.0007301568322673,1.0051458203312311,0.997265771309326,-0.0004670421635982,11.0,3,Renault,-0.0003813166575854,-9.0,5.0,14.0,0,Aggressive,1.0,High-Speed,train
2020,5,Silverstone,RUS,1.0069393624639016,0.0119726973381786,0.9890071842811392,1.0049481966191478,1.0099277826104769,1.0062567999001193,-0.0005088912645391,11.0,3,Williams,-0.0002532793528637,-3.0,15.0,18.0,0,Aggressive,1.0,High-Speed,train
2020,5,Silverstone,SAI,0.9992614978885468,0.0118214220044267,0.9797887994460311,0.9976612153366514,0.99842880176678,1.003776940127484,-0.0005413857982835,15.666666666666666,2,McLaren,0.0004775631640302,-1.0,12.0,13.0,0,Aggressive,1.0,High-Speed,train
2020,5,Silverstone,STR,0.996625155082374,0.0114534930898496,0.9832619233099626,0.999846122992215,0.9921287583605022,0.9981247138839842,-0.0009251492425518,16.0,2,Racing Point,0.0006576300214387,0.0,6.0,6.0,0,Aggressive,1.0,High-Speed,train
2020,5,Silverstone,VER,0.987174597507141,0.0125383297901764,0.9679845061888688,0.990237925942132,0.9846269471024288,0.9861037538421294,-0.0021027672286914,16.0,2,Red Bull Racing,-0.0029756046831346,3.0,4.0,1.0,1,Frontrunner,1.0,High-Speed,train
2020,5,Silverstone,VET,0.9999408369567818,0.0143164733010778,0.9822665108629792,0.9918627504603548,1.0065109417094475,1.0009141798053924,-0.0003410593555849,15.666666666666666,2,Ferrari,0.0025726668563191,-1.0,11.0,12.0,0,Aggressive,1.0,High-Speed,train
2020,6,Barcelona,ALB,1.0012308751894885,0.0158100859726501,0.972180824639841,1.001166027073757,1.001582661217066,0.9991909044644456,-0.0006213880660846,20.33333333333333,2,Red Bull Racing,0.0089353024058835,-2.0,6.0,8.0,0,Aggressive,1.0,High-Speed,train
2020,6,Barcelona,BOT,0.9832718283537956,0.017508742248853,0.9247391952309986,0.9806270893388236,0.9849017372765076,0.9819420200568164,-0.0005797646632221,15.0,3,Mercedes,0.00242742450569,-1.0,2.0,3.0,1,Frontrunner,1.0,High-Speed,train
2020,6,Barcelona,GAS,0.9996061315733448,0.0124276759304522,0.9763087549972796,0.9987496310040904,1.0035204652439154,0.9972333458831046,-0.0002624375552013,20.0,2,AlphaTauri,0.0002629732137928,1.0,10.0,9.0,0,Aggressive,1.0,High-Speed,train
2020,6,Barcelona,GIO,1.003782950504262,0.0186552493789965,0.9675324675324676,1.0014696579935056,1.0041637641694636,1.006416926218754,0.0003054674101906,20.0,2,Alfa Romeo Racing,0.0007724591740987,4.0,20.0,16.0,0,Aggressive,1.0,High-Speed,train
2020,6,Barcelona,GRO,1.0088352263956597,0.0170146478170194,0.9510680576254348,1.0070668524094988,1.007371180107957,1.0130270106270844,0.000249766395232,19.666666666666668,2,Haas F1 Team,0.0008777383597002,-2.0,17.0,19.0,0,Aggressive,1.0,High-Speed,train
2020,6,Barcelona,HAM,0.9784169793424156,0.0148114917288129,0.9441250916660752,0.9840006138985808,0.9793083442794076,0.9723846147901076,-0.0005824706961417,20.666666666666668,2,Mercedes,-0.0024274245056898,0.0,1.0,1.0,1,Frontrunner,1.0,High-Speed,train
2020,6,Barcelona,KVY,0.9990801851457588,0.01443233764869,0.9738603836964492,0.9939597126751852,1.001918286787833,1.0013308461968489,7.499583506599869e-05,20.0,2,AlphaTauri,-0.0002629732137929,0.0,12.0,12.0,0,Aggressive,1.0,High-Speed,train
2020,6,Barcelona,LAT,1.0066266202692988,0.0214608779601734,0.9702410522082652,1.0052177629806147,1.0079454183835674,1.0075159400465137,0.000377730872958,19.666666666666668,2,Williams,6.093864457312748e-05,1.0,19.0,18.0,0,Aggressive,1.0,High-Speed,train
2020,6,Barcelona,MAG,1.0070797496762594,0.0109928330639187,0.9873205119106758,1.009514993137016,1.006884791459406,1.0064859499606391,-0.0003442524129487,31.0,1,Haas F1 Team,-0.0008777383597,1.0,16.0,15.0,2,Tyre Manager,1.0,High-Speed,train
2020,6,Barcelona,NOR,0.9998397322167814,0.0126412329574141,0.9745227450145482,0.9944643585093972,1.0005171722289068,1.0046337178126887,-0.0005611193485872,20.0,2,McLaren,0.0013952956575907,-2.0,8.0,10.0,0,Aggressive,1.0,High-Speed,train
2020,6,Barcelona,OCO,1.00508121938582,0.014975136008405,0.9719442670262344,1.0036831573262524,1.009182956400236,1.0029517724435728,-0.0007935810257202,31.0,1,Renault,0.001028930233055,2.0,15.0,13.0,2,Tyre Manager,1.0,High-Speed,train
2020,6,Barcelona,PER,1.0010845978839733,0.0142024299162078,0.97597757433823,1.0003951827158912,1.0042569958978038,0.9968180082154824,-0.0003046327430405,31.5,1,Racing Point,0.0018342525317096,-1.0,4.0,5.0,2,Tyre Manager,1.0,High-Speed,train
2020,6,Barcelona,RAI,1.0022380321560649,0.018874157207496,0.9685614931516572,0.9971801684027046,1.0049743524792605,1.0045515738554038,0.0001592027087422,20.0,2,Alfa Romeo Racing,-0.0007724591740985,0.0,14.0,14.0,0,Aggressive,1.0,High-Speed,train
2020,6,Barcelona,RIC,1.00302335891971,0.0160430184371028,0.9753743524235328,1.00115289966168,1.0041075868042435,1.004536687103288,-0.0006865610861013,31.0,1,Renault,-0.001028930233055,2.0,13.0,11.0,2,Tyre Manager,1.0,High-Speed,train
2020,6,Barcelona,RUS,1.0065047429801528,0.0119180496237176,0.975835639770066,1.0092284119821755,1.0071327549447997,1.004786596844303,0.0001168787434904,20.0,2,Williams,-6.093864457290543e-05,1.0,18.0,17.0,0,Aggressive,1.0,High-Speed,train
2020,6,Barcelona,SAI,0.9970491409015998,0.0133361433375728,0.9671776311120572,0.9932013382251648,0.9967175395267346,1.0016907964541195,-0.0005166304407399,20.0,2,McLaren,-0.0013952956575907,1.0,7.0,6.0,1,Frontrunner,1.0,High-Speed,train
2020,6,Barcelona,STR,0.997416092820554,0.0151181792207106,0.9701700849241832,0.9985992212429186,0.997469506909414,0.9951392547680248,-5.619072711954465e-05,20.33333333333333,2,Racing Point,-0.0018342525317096,1.0,5.0,4.0,1,Frontrunner,1.0,High-Speed,train
2020,6,Barcelona,VER,0.9833602703777214,0.013197866141274,0.9637002341920374,0.9904617581972396,0.9829517017656036,0.9772122284087812,-0.0003039367544215,20.666666666666668,2,Red Bull Racing,-0.0089353024058834,1.0,3.0,2.0,1,Frontrunner,1.0,High-Speed,train
2020,6,Barcelona,VET,1.0026731010337568,0.0115972752480617,0.9782485274288552,1.0042075736325384,1.0016546787573977,1.0036953739923842,-6.224478488793974e-05,31.0,1,Ferrari,0.0,4.0,11.0,7.0,2,Tyre Manager,1.0,High-Speed,train
2020,7,Spa-Francorchamps,ALB,0.9995377755220418,0.0090220060863398,0.9854988399071928,0.9991831997255682,0.9996064748294008,1.0001731594043315,-0.000536168529523,19.0,1,Red Bull Racing,0.0033501078523782,-1.0,5.0,6.0,2,Tyre Manager,1.0,High-Speed,train
2020,7,Spa-Francorchamps,BOT,0.990375308149652,0.0101114482680352,0.9786742314385152,1.0031120348781553,0.9764678917773612,0.9978167707103086,-0.0007009048016118,20.0,1,Mercedes,0.0011374347447796,0.0,2.0,2.0,1,Frontrunner,1.0,High-Speed,train
2020,7,Spa-Francorchamps,GAS,0.9972905992201596,0.0132657868546774,0.9773691270301624,0.9872668340047952,1.0052138510852144,0.9952280524154998,-0.0002238541972188,18.0,1,AlphaTauri,-0.0048861383325871,4.0,12.0,8.0,2,Tyre Manager,1.0,High-Speed,train
2020,7,Spa-Francorchamps,GRO,1.0094176448589571,0.0096841626121514,0.9971178944315544,1.0040240527281628,1.0146049307524374,1.0069530160816245,-0.0014191113207643,19.0,1,Haas F1 Team,0.000702625197589,2.0,17.0,15.0,2,Tyre Manager,1.0,High-Speed,train
2020,7,Spa-Francorchamps,HAM,0.9881004386600928,0.0091845077438591,0.976635005800464,1.00410827544916,0.9713078599951104,0.99701704066138,-0.0005166552742596,20.0,1,Mercedes,-0.0011374347447795,0.0,1.0,1.0,1,Frontrunner,1.0,High-Speed,train
2020,7,Spa-Francorchamps,KVY,1.007062875885334,0.0094288929059913,0.9954321345707656,0.992575526965233,1.0187964563433682,1.0034534201202348,-0.0012626169823808,19.0,1,AlphaTauri,0.0048861383325871,0.0,11.0,11.0,2,Tyre Manager,1.0,High-Speed,train
2020,7,Spa-Francorchamps,LAT,1.0069552699632638,0.0162268048800895,0.9792633410672854,1.007595252659481,1.0068318257137423,1.0068509457660797,-0.0003080959808591,12.0,2,Williams,0.0,3.0,19.0,16.0,0,Aggressive,1.0,High-Speed,train
2020,7,Spa-Francorchamps,LEC,1.0043926430781127,0.0134436282715982,0.9773781902552204,1.0026120216273986,1.007598085821132,1.0013553793374947,-0.0006838964253731,12.0,2,Ferrari,-0.0019338855222454,-1.0,13.0,14.0,0,Aggressive,1.0,High-Speed,train
2020,7,Spa-Francorchamps,MAG,1.008012394463779,0.0140867506864175,0.9795805539443156,1.00929236361591,1.0068408804860602,1.008961813171363,-0.0002667071657294,12.0,2,Haas F1 Team,-0.0007026251975887,3.0,20.0,17.0,0,Aggressive,1.0,High-Speed,train
2020,7,Spa-Francorchamps,NOR,1.0007646499877885,0.0119390212449198,0.9838312064965198,0.9914048631672202,1.0091036204315695,0.9973067052649336,-0.0015458599279147,19.0,1,McLaren,0.0,3.0,10.0,7.0,2,Tyre Manager,1.0,High-Speed,train
2020,7,Spa-Francorchamps,OCO,1.0002579533285738,0.0131863093551935,0.9837224477958236,0.989175106658629,1.0063245843337116,0.9992437909090516,-0.0022116411450012,19.5,1,Renault,0.0026206838133588,1.0,6.0,5.0,2,Tyre Manager,1.0,High-Speed,train
2020,7,Spa-Francorchamps,PER,0.9990503754189224,0.0122250124155615,0.982353900812065,0.9906654503012788,1.0048058204076458,0.9988311493541796,-1.2569661876707164e-05,18.0,1,Racing Point,-0.0016184481893054,-2.0,8.0,10.0,2,Tyre Manager,1.0,High-Speed,train
2020,7,Spa-Francorchamps,RAI,1.0078511379594577,0.0093320943025291,0.9953415023201856,1.000044128862941,1.013622726239443,1.0069920879472174,-0.0007867587332293,19.0,1,Alfa Romeo Racing,0.0,4.0,16.0,12.0,2,Tyre Manager,1.0,High-Speed,train
2020,7,Spa-Francorchamps,RIC,0.995016585701856,0.0135076948822774,0.9741426189095128,0.9975467170303594,0.991290440876864,0.9962139362240592,-0.0017252007604401,20.0,1,Renault,-0.0026206838133587,0.0,4.0,4.0,1,Frontrunner,1.0,High-Speed,train
2020,7,Spa-Francorchamps,STR,1.0022872717975333,0.0090296867381454,0.9891241299303944,0.9977544237103548,1.005803692059584,1.001669434257146,-0.0004467825864049,19.0,1,Racing Point,0.0016184481893053,0.0,9.0,9.0,2,Tyre Manager,1.0,High-Speed,train
2020,7,Spa-Francorchamps,VER,0.9928375598172854,0.011095243778341,0.9815925899071928,0.9996316830462246,0.986309184255562,0.9941606208874644,-0.0008465417274926,20.0,1,Red Bull Racing,-0.0033501078523782,0.0,3.0,3.0,1,Frontrunner,1.0,High-Speed,train
2020,7,Spa-Francorchamps,VET,1.0082604141226037,0.0087831720726678,0.9965741009280742,1.0024387441425178,1.0153083435914372,1.0031701490946872,-0.0008212602812756,19.0,1,Ferrari,0.0019338855222452,1.0,14.0,13.0,2,Tyre Manager,1.0,High-Speed,train
2020,8,Monza,ALB,1.006790530356104,0.017927446125037,0.9911727616645648,0.9967968250541748,1.0123594611546418,1.0086498308214826,-0.0011636969778106,22.0,1,Red Bull Racing,0.0,-6.0,9.0,15.0,2,Tyre Manager,1.0,High-Speed,train
2020,8,Monza,BOT,0.9969475710823614,0.0143707466734992,0.9803488860865908,0.99297734575314,1.0016872809376158,0.9960113559593404,-0.000764068326401,15.0,2,Mercedes,0.0055360538739409,-3.0,2.0,5.0,0,Aggressive,1.0,High-Speed,train
2020,8,Monza,GAS,0.9973481664055434,0.0172012512528945,0.9812362804166084,1.0036183090756623,0.992847848269535,0.9944549703977532,-0.0005908534342184,14.666666666666666,2,AlphaTauri,-0.0024206970928283,9.0,10.0,1.0,0,Aggressive,1.0,High-Speed,train
2020,8,Monza,GIO,1.0068974000540905,0.0179893529308596,0.9907991219466628,1.0046454497543396,1.0003232967648772,1.0132965093802182,-0.0008830605865781,10.75,3,Alfa Romeo Racing,-0.0003843655673623,2.0,18.0,16.0,0,Aggressive,1.0,High-Speed,train
2020,8,Monza,GRO,1.0081033113819995,0.0190070454585873,0.9899701088225678,1.0023048246888568,1.006912654503016,1.0121915567299185,-0.0011209226203363,22.0,1,Haas F1 Team,0.0,4.0,16.0,12.0,2,Tyre Manager,1.0,High-Speed,train
2020,8,Monza,HAM,0.9858754633344796,0.0096797124502891,0.9661622530474988,0.9923922519366004,0.9795397596602414,0.9866342580906948,-0.0001069123312186,14.666666666666666,2,Mercedes,-0.0055360538739409,-6.0,1.0,7.0,1,Frontrunner,1.0,High-Speed,train
2020,8,Monza,KVY,1.0021895605912,0.0160918153029926,0.9863971790201298,0.9963351959017958,1.0071287480926037,1.0011262592536974,-0.0007303194197289,22.0,1,AlphaTauri,0.0024206970928282,2.0,11.0,9.0,2,Tyre Manager,1.0,High-Speed,train
2020,8,Monza,LAT,1.0097368731248513,0.0237092893068891,0.9924688244360376,1.0130737280239634,1.0084587433985024,1.0044191507130389,-0.00218357322235,14.0,2,Williams,0.0005147908153373,9.0,20.0,11.0,0,Aggressive,1.0,High-Speed,train
2020,8,Monza,NOR,0.995576261423256,0.0112582054718013,0.9835131474475736,1.0039661159975333,0.9940182381949452,0.9890970294091228,-0.0005737627706721,15.0,2,McLaren,0.0012838675862357,2.0,6.0,4.0,0,Aggressive,1.0,High-Speed,train
2020,8,Monza,OCO,1.0004264481723495,0.014303600044403,0.9865256176731584,1.0022558388615364,0.998406992382896,0.9991740765472886,-0.0007956172622053,22.0,1,Renault,0.0018388163310749,4.0,12.0,8.0,2,Tyre Manager,1.0,High-Speed,train
2020,8,Monza,PER,0.9991587798964848,0.0096248601487536,0.9847274765307552,0.995416088938336,1.0041455643865282,0.9975477901355666,-0.0005398501445049,22.0,1,Racing Point,0.0013500270558558,-6.0,4.0,10.0,2,Tyre Manager,1.0,High-Speed,train
2020,8,Monza,RAI,1.007666131188815,0.0159830120889167,0.9905539208817896,1.0066515360160486,1.0076098470606736,1.0067128246582082,-0.0005957943834708,14.333333333333334,2,Alfa Romeo Racing,0.0003843655673623,1.0,14.0,13.0,0,Aggressive,1.0,High-Speed,train
2020,8,Monza,RIC,0.9967488155101998,0.0135628522383549,0.9796132828919714,0.9905885884911232,0.9984805318138652,1.0001499548963788,-0.0007807796117512,15.0,2,Renault,-0.0018388163310749,1.0,7.0,6.0,0,Aggressive,1.0,High-Speed,train
2020,8,Monza,RUS,1.0087072914941766,0.0211595855749834,0.9857199570314324,1.010982788538977,1.0086749484339843,1.0036735222040816,-0.0014438234764112,22.0,1,Williams,-0.0005147908153373,5.0,19.0,14.0,2,Tyre Manager,1.0,High-Speed,train
2020,8,Monza,SAI,0.9930085262507846,0.0100847184184469,0.9794264630330204,0.9995910551426436,0.9894476290727964,0.9905614326940726,-0.0001431143173029,15.0,2,McLaren,-0.0012838675862356,1.0,3.0,2.0,1,Frontrunner,1.0,High-Speed,train
2020,8,Monza,STR,0.996458725784773,0.0154164084803223,0.979601606650787,0.997259095777482,0.992495718867874,0.9989097029409124,-0.0006916334368296,22.5,1,Racing Point,-0.0013500270558558,5.0,8.0,3.0,2,Tyre Manager,1.0,High-Speed,train
2020,9,Mugello,ALB,0.991005854133282,0.0183735087657444,0.958654226204022,0.9945411202728908,0.991720337676394,0.9872420960798368,-0.0006657369624635,14.333333333333334,2,Red Bull Racing,0.0,1.0,4.0,3.0,1,Frontrunner,0.0,High-Degradation,train
2020,9,Mugello,BOT,0.9865472707455676,0.0169716390993427,0.9513839815069888,0.986208819237659,0.9892622327622544,0.9852210463911696,-0.0002169392678549,14.666666666666666,2,Mercedes,0.00110967322553,0.0,2.0,2.0,1,Frontrunner,0.0,High-Degradation,train
2020,9,Mugello,GRO,1.0175419534811565,0.0167861282777604,0.9852918278616858,1.0221208279736271,1.0141379687464531,1.0159092982717308,-0.0006608449879369,14.0,2,Haas F1 Team,0.0,3.0,15.0,12.0,0,Aggressive,0.0,High-Degradation,train
2020,9,Mugello,HAM,0.9843279242945076,0.0159155506839023,0.9442095555209544,0.9794926624986652,0.9865578478374768,0.9880102921717764,-0.0005975723539137,14.666666666666666,2,Mercedes,-0.00110967322553,0.0,1.0,1.0,1,Frontrunner,0.0,High-Degradation,train
2020,9,Mugello,KVY,1.000976013846918,0.0177900590258047,0.9756500700674324,1.0033716833227622,0.9992784520175628,1.0002618809934596,-0.0005334418990469,14.333333333333334,2,AlphaTauri,0.0,5.0,12.0,7.0,0,Aggressive,0.0,High-Degradation,train
2020,9,Mugello,LEC,1.001658423238842,0.0164255530767574,0.972907259465092,1.006800176966927,0.9960799317660812,1.0011256783380296,0.0008603438577926,10.25,3,Ferrari,-0.0021063771038576,-3.0,5.0,8.0,0,Aggressive,0.0,High-Degradation,train
2020,9,Mugello,NOR,0.9974323927965498,0.0165969749629571,0.9725359619599716,1.0034323796922084,0.9878405056479268,0.9991268027770328,-0.0009872314591909,14.333333333333334,2,McLaren,0.0,5.0,11.0,6.0,1,Frontrunner,0.0,High-Degradation,train
2020,9,Mugello,PER,0.9978326460881466,0.0191911341828202,0.9657567881568074,1.0014933031212558,0.9960517555850572,0.9958783946901196,-0.000714925477102,14.666666666666666,2,Racing Point,-0.0017449419715493,2.0,7.0,5.0,1,Frontrunner,0.0,High-Degradation,train
2020,9,Mugello,RAI,1.006513390950037,0.0197968624868384,0.972128732438227,1.0061846348874928,1.002758879692623,1.0102044246385236,-0.0011375557600159,14.0,2,Alfa Romeo Racing,0.0,4.0,13.0,9.0,0,Aggressive,0.0,High-Degradation,train
2020,9,Mugello,RIC,0.9934538398804008,0.0183891444660033,0.9632894563485884,0.9924200408100315,0.9945567605683736,0.9940975861679078,-0.0016471975724364,14.666666666666666,2,Renault,0.0,4.0,8.0,4.0,1,Frontrunner,0.0,High-Degradation,train
2020,9,Mugello,RUS,1.0065644372276226,0.0155690392286095,0.9778898324370292,1.0101616922379026,1.0066093430482217,1.003263014843236,-0.0002868900848041,14.0,2,Williams,0.0,7.0,18.0,11.0,0,Aggressive,0.0,High-Degradation,train
2020,9,Mugello,STR,1.0013225300312454,0.0108818527031697,0.9829562467810902,1.006735339061178,0.9994087116483804,0.9976675822120342,-0.0008345282495852,15.5,1,Racing Point,0.0017449419715493,-7.0,6.0,13.0,2,Tyre Manager,0.0,High-Degradation,train
2020,9,Mugello,VET,1.005871177446557,0.0164030377123872,0.9725838713154712,1.0072721115067456,1.00287649834818,1.007190317721764,-0.0004022940202394,14.0,2,Ferrari,0.0021063771038574,4.0,14.0,10.0,0,Aggressive,0.0,High-Degradation,train
2020,10,Sochi,ALB,0.9997426524463976,0.0188001635766389,0.9728834343694064,1.0002264715604712,0.9997033621557764,1.0041049659484744,-0.0010759226536501,22.0,1,Red Bull Racing,0.0079443227256694,5.0,15.0,10.0,2,Tyre Manager,1.0,High-Speed,train
2020,10,Sochi,BOT,0.9822187499656622,0.0109822435610913,0.9595624956734145,0.9835222348670596,0.9840118562619063,0.9833777659290855,-0.0006774130962099,22.5,1,Mercedes,-0.0013469278770555,2.0,3.0,1.0,1,Frontrunner,1.0,High-Speed,train
2020,10,Sochi,GAS,0.9969014905030886,0.0130307813992531,0.9615502526725936,0.9974810558747604,0.9966101320038409,1.0014284069702626,-0.0013318986238108,14.666666666666666,2,AlphaTauri,0.0002023668283224,0.0,9.0,9.0,1,Frontrunner,1.0,High-Speed,train
2020,10,Sochi,GIO,1.0053579985417722,0.0112594340889047,0.986619725274182,1.00626928793304,1.009011675561465,1.004935047623664,-0.0006811460379381,22.0,1,Alfa Romeo Racing,-7.821567568000454e-05,6.0,17.0,11.0,2,Tyre Manager,1.0,High-Speed,train
2020,10,Sochi,GRO,1.008144905024405,0.0126544071902974,0.9851165458519172,1.0105173058190855,1.008606854464282,1.0096974140229271,0.0003588555091798,14.333333333333334,2,Haas F1 Team,0.0012594976588296,-1.0,16.0,17.0,0,Aggressive,1.0,High-Speed,train
2020,10,Sochi,HAM,0.9849126057197736,0.0097941527866536,0.9698968542014854,0.9883402263117476,0.9854480922803904,0.98499881513078,-0.0006931649441145,22.5,1,Mercedes,0.0013469278770557,-2.0,1.0,3.0,1,Frontrunner,1.0,High-Speed,train
2020,10,Sochi,KVY,0.996496756846444,0.01150894607568,0.9803597741275132,0.9947570186557612,0.9936450690608176,1.006787079001155,-0.0005770941466091,22.5,1,AlphaTauri,-0.0002023668283223,3.0,11.0,8.0,2,Tyre Manager,1.0,High-Speed,train
2020,10,Sochi,LAT,1.0113411873516305,0.0114504858637826,0.999258299627172,1.009288007539319,1.016537931542082,1.0127101027027714,-0.000997321459133,21.0,1,Williams,-0.0002981164577895,4.0,20.0,16.0,2,Tyre Manager,1.0,High-Speed,train
2020,10,Sochi,LEC,0.9951459081963732,0.0106978025747057,0.9795686270631632,0.997663999475141,0.9998172034337132,0.9915590690967256,-0.0005080742523899,22.0,1,Ferrari,-0.0053766534299374,4.0,10.0,6.0,2,Tyre Manager,1.0,High-Speed,train
2020,10,Sochi,MAG,1.0056259097067457,0.0104568927705914,0.9926917789930676,1.0072275338950332,1.0104415220123495,1.0030226788008043,-0.0004185694324579,22.0,1,Haas F1 Team,-0.0012594976588296,6.0,18.0,12.0,2,Tyre Manager,1.0,High-Speed,train
2020,10,Sochi,NOR,1.0073787949211956,0.0174868954542722,0.9629940960650324,1.0090285820987794,1.0066450780235592,1.011187168270279,-0.0070217759690849,22.0,1,McLaren,0.0,-7.0,8.0,15.0,2,Tyre Manager,1.0,High-Speed,train
2020,10,Sochi,OCO,0.9970975890892028,0.0103062664190691,0.981180589206776,0.9997162621860765,0.9973959476263624,0.9984907728309488,-0.0004811523104181,22.5,1,Renault,0.0030165278812911,0.0,7.0,7.0,2,Tyre Manager,1.0,High-Speed,train
2020,10,Sochi,PER,0.9885299059084404,0.0119530503351208,0.970549550529574,0.9931131897990088,0.9927685707288996,0.9829349210580882,-0.0006388070640331,22.5,1,Racing Point,0.0,0.0,4.0,4.0,1,Frontrunner,1.0,High-Speed,train
2020,10,Sochi,RAI,1.0055144298931322,0.0149420742885133,0.9776402060938104,1.0081422518969358,1.007957830588566,1.00444048253799,8.217940263232336e-05,22.0,1,Alfa Romeo Racing,7.821567568000454e-05,5.0,19.0,14.0,2,Tyre Manager,1.0,High-Speed,train
2020,10,Sochi,RIC,0.9910645333266206,0.0115031476820937,0.9680277692619588,0.992195247503766,0.9943014308872854,0.9907933641937908,-0.0002390783153705,22.0,1,Renault,-0.0030165278812911,0.0,5.0,5.0,1,Frontrunner,1.0,High-Speed,train
2020,10,Sochi,RUS,1.0119374202672098,0.0161984492529238,0.9627468626074228,1.009567824131901,1.011905716003091,1.0197763929618768,0.0001706680129517,13.333333333333334,2,Williams,0.0002981164577897,-5.0,13.0,18.0,0,Aggressive,1.0,High-Speed,train
2020,10,Sochi,VER,0.9838540069950586,0.0116873294994702,0.9625490758413354,0.9909037357784132,0.9863156856945676,0.9773438194259308,-0.0006362454045084,22.5,1,Red Bull Racing,-0.0079443227256694,0.0,2.0,2.0,1,Frontrunner,1.0,High-Speed,train
2020,10,Sochi,VET,1.005899215056248,0.0134912833406564,0.9848594230560032,1.0074476970554913,1.005697268069538,1.009202848937253,-0.0001301145713067,22.0,1,Ferrari,0.0053766534299373,1.0,14.0,13.0,2,Tyre Manager,1.0,High-Speed,train
2020,11,Nürburgring,GAS,1.0013421228376311,0.0196386193445843,0.9706154807298736,1.0028557279630244,1.0035694858178994,0.9983795327024536,-0.000691689780599,16.666666666666668,2,AlphaTauri,-0.0028200978575363,6.0,12.0,6.0,0,Aggressive,1.0,High-Speed,train
2020,11,Nürburgring,GIO,1.0048792476339077,0.0158696365571012,0.9792218703548118,1.0053671650238174,1.006370117014556,1.0044171256979468,0.0004369965192688,16.333333333333332,2,Alfa Romeo Racing,-0.0010065811369466,4.0,14.0,10.0,0,Aggressive,1.0,High-Speed,train
2020,11,Nürburgring,GRO,1.006709752472048,0.0160037453576162,0.986255628083328,1.0106305711455923,1.0045714285714284,1.0077648438154256,-0.000673345207049,25.0,1,Haas F1 Team,0.0005881840769226,7.0,16.0,9.0,2,Tyre Manager,1.0,High-Speed,train
2020,11,Nürburgring,HAM,0.9777256547924628,0.0136153251269455,0.9494495788362524,0.9791782004723568,0.978836938220438,0.974460910798849,-0.0005043522258994,17.666666666666668,2,Mercedes,0.0,1.0,2.0,1.0,1,Frontrunner,1.0,High-Speed,train
2020,11,Nürburgring,HUL,1.0045362890195826,0.0168190985411018,0.9773260949180294,1.0057147573456586,1.007315632690066,1.0011146470144878,-0.0008540215724736,16.666666666666668,2,Racing Point,0.0052242616170101,12.0,20.0,8.0,0,Aggressive,1.0,High-Speed,train
2020,11,Nürburgring,KVY,1.006982318552704,0.0126065244131616,0.993278614360499,1.006955215232346,1.0115872692814984,1.0021448994973583,-0.0006423801265868,16.333333333333332,2,AlphaTauri,0.0028200978575365,-2.0,13.0,15.0,0,Aggressive,1.0,High-Speed,train
2020,11,Nürburgring,LAT,1.0081663309564333,0.0155875706460681,0.9842629095844374,1.0135406349730385,1.0056496351940594,1.007993293414845,0.0001204168334645,16.0,2,Williams,0.0,4.0,18.0,14.0,0,Aggressive,1.0,High-Speed,train
2020,11,Nürburgring,LEC,0.999911410308323,0.0156039642421898,0.977099894439777,0.999599702872235,0.9991319724366888,1.0014587025665302,-0.000673376820873,16.333333333333332,2,Ferrari,-0.002323831884276,-3.0,4.0,7.0,0,Aggressive,1.0,High-Speed,train
2020,11,Nürburgring,MAG,1.005533384318203,0.0170448372419965,0.9743424028953662,1.0070251458126995,1.0048261235591245,1.0073529924908575,0.0006475506033921,16.0,2,Haas F1 Team,-0.0005881840769224,2.0,15.0,13.0,0,Aggressive,1.0,High-Speed,train
2020,11,Nürburgring,NOR,1.0071675504925957,0.0089026080615786,0.9945065598138694,1.0081996837587532,1.0093845220485482,1.0048472974581164,-0.0001577682571616,19.0,1,McLaren,0.0053873470595637,-8.0,8.0,16.0,2,Tyre Manager,1.0,High-Speed,train
2020,11,Nürburgring,PER,0.994087765785562,0.0176914437265274,0.9661991856782784,0.9952611422911852,0.9947395415101672,0.9940850850012564,-0.0012221168297288,16.666666666666668,2,Racing Point,-0.0052242616170102,5.0,9.0,4.0,1,Frontrunner,1.0,High-Speed,train
2020,11,Nürburgring,RAI,1.0068924099078007,0.0162442732521491,0.974945604170706,1.012043443987037,1.0081241459153278,1.0009399957956553,-0.0018911661377752,16.333333333333332,2,Alfa Romeo Racing,0.0010065811369464,7.0,19.0,12.0,0,Aggressive,1.0,High-Speed,train
2020,11,Nürburgring,RIC,0.9937121652771496,0.0172690332954985,0.9649496973222172,0.992732345496799,0.9947142159744154,0.9926747212255124,-0.0012035865177897,17.333333333333332,2,Renault,0.0,3.0,6.0,3.0,1,Frontrunner,1.0,High-Speed,train
2020,11,Nürburgring,SAI,0.996392856373468,0.0162956921921739,0.9708201383054352,0.9980026411356884,0.9974754565470796,0.9951461351645592,-0.0006699113306583,16.666666666666668,2,McLaren,-0.005387347059564,5.0,10.0,5.0,1,Frontrunner,1.0,High-Speed,train
2020,11,Nürburgring,VER,0.9812284088290132,0.0141805371620192,0.9493849501281802,0.9784188739619574,0.9810064685139526,0.9852268938633816,-0.0005288453712051,17.666666666666668,2,Red Bull Racing,0.0,1.0,3.0,2.0,1,Frontrunner,1.0,High-Speed,train
2020,11,Nürburgring,VET,1.0045590740768753,0.013982319691867,0.9738253732307892,1.0064040516145347,1.0048345628253423,1.0043395987719763,-0.0005409552940358,15.666666666666666,2,Ferrari,0.0023238318842762,0.0,11.0,11.0,0,Aggressive,1.0,High-Speed,train
2020,12,Portimão,ALB,0.9980884306290776,0.0169982873019548,0.9684223286259772,1.000223991385164,0.9997518644923438,0.9965532731550032,-0.0007228761348693,19.666666666666668,2,Red Bull Racing,0.004348721503947,-6.0,6.0,12.0,1,Frontrunner,1.0,High-Speed,train
2020,12,Portimão,BOT,0.9877960857656596,0.0144958076778235,0.961815867628341,0.989289833580491,0.9872465971727662,0.989434010180898,-0.0005233033971462,31.5,1,Mercedes,0.0025459936484847,0.0,2.0,2.0,1,Frontrunner,1.0,High-Speed,train
2020,12,Portimão,GAS,1.0010661447712377,0.0163078896792796,0.9764349354506332,1.0062681802105171,1.0044813610798422,0.9947128898407172,-0.0009186191804532,31.0,1,AlphaTauri,-0.0038474438839148,4.0,9.0,5.0,2,Tyre Manager,1.0,High-Speed,train
2020,12,Portimão,GIO,1.0095002280317038,0.0116028921066781,0.9927025880356384,1.0134492248875244,1.0114015477925695,1.006084037918607,-0.0003769230067187,30.5,1,Alfa Romeo Racing,0.003133007211725,2.0,17.0,15.0,2,Tyre Manager,1.0,High-Speed,train
2020,12,Portimão,GRO,1.0095159269463925,0.0129034893224996,0.9899266622219528,1.0132592312639292,1.0116332718505958,1.00602827165646,-0.0007337783761096,30.5,1,Haas F1 Team,-6.070909414268577e-05,1.0,18.0,17.0,2,Tyre Manager,1.0,High-Speed,train
2020,12,Portimão,HAM,0.98270409846869,0.0148543252650863,0.9546033092914722,0.9806952310808564,0.9850054238897552,0.984093162516399,-0.0007790086466593,31.5,1,Mercedes,-0.0025459936484847,0.0,1.0,1.0,1,Frontrunner,1.0,High-Speed,train
2020,12,Portimão,KVY,1.008761032539067,0.0167785643283801,0.9751984968785986,1.0067931911394532,1.0155729464730625,1.004830628310382,-0.0023889726710251,19.33333333333333,2,AlphaTauri,0.0038474438839146,-6.0,13.0,19.0,0,Aggressive,1.0,High-Speed,train
2020,12,Portimão,LAT,1.012813503848718,0.013727057372341,0.9922904418449602,1.0087853142674503,1.0173045371363665,1.0134898383861042,-0.0008975470476805,30.0,1,Williams,0.0034173009988682,2.0,20.0,18.0,2,Tyre Manager,1.0,High-Speed,train
2020,12,Portimão,LEC,0.9951804678879048,0.0157187200415127,0.974701497060428,0.9988657877514342,0.994302161242276,0.9952602276253728,-0.000592564794205,31.5,1,Ferrari,-0.0024942222426619,0.0,4.0,4.0,2,Tyre Manager,1.0,High-Speed,train
2020,12,Portimão,MAG,1.0096373451346776,0.0151143817772233,0.9874537850778834,1.0161938809751456,1.0102993067933426,1.0053517227178883,-0.0008081343903735,30.5,1,Haas F1 Team,6.070909414268577e-05,3.0,19.0,16.0,2,Tyre Manager,1.0,High-Speed,train
2020,12,Portimão,NOR,1.0004606339778168,0.0173535949544928,0.9619976968301108,1.004040382985228,1.001003870343493,0.9989632786313284,-0.0007908744116138,20.0,2,McLaren,-0.0007049303085817,-5.0,8.0,13.0,0,Aggressive,1.0,High-Speed,train
2020,12,Portimão,OCO,1.002143042882364,0.0183041268973797,0.9801684950603066,1.0052441039971918,1.0034996956786368,1.0001151600000482,-0.0003877817757375,31.0,1,Renault,-0.0001033298205757,3.0,11.0,8.0,2,Tyre Manager,1.0,High-Speed,train
2020,12,Portimão,PER,0.9964232308167708,0.0105594330784583,0.9794775440935816,1.0020906132898488,0.994156726152853,0.9963733545122568,0.0001981329054443,30.5,1,Racing Point,-0.0067639049935245,-2.0,5.0,7.0,2,Tyre Manager,1.0,High-Speed,train
2020,12,Portimão,RAI,1.0032342136082537,0.0145824491337913,0.9825807624704528,1.007209550334388,1.004537848824546,1.0004877719373768,-0.0006392929708865,31.0,1,Alfa Romeo Racing,-0.003133007211725,5.0,16.0,11.0,2,Tyre Manager,1.0,High-Speed,train
2020,12,Portimão,RIC,1.0023497025235155,0.0153349451807658,0.9807382265591854,1.0104855183654586,1.0017450133026091,0.998131513925919,-0.001138559809483,31.0,1,Renault,0.0001033298205757,1.0,10.0,9.0,2,Tyre Manager,1.0,High-Speed,train
2020,12,Portimão,RUS,1.0059789018509817,0.0139244923532746,0.9804472998363536,1.0026517095667256,1.0131906851066603,1.0027870874752036,-0.0007848776553441,30.5,1,Williams,-0.0034173009988682,0.0,14.0,14.0,2,Tyre Manager,1.0,High-Speed,train
2020,12,Portimão,SAI,1.0018704945949803,0.0149948987906125,0.9730044245105764,1.006563366985074,1.0008244157335162,1.0012613336130936,-0.0005186046083271,31.0,1,McLaren,0.0007049303085817,1.0,7.0,6.0,2,Tyre Manager,1.0,High-Speed,train
2020,12,Portimão,STR,1.0099510408038197,0.0176923228609945,0.9902903206254924,1.011952770713766,1.0097929506461092,1.0107219252447468,-0.0011625223177616,15.0,2,Racing Point,0.0067639049935244,-8.0,12.0,20.0,0,Aggressive,1.0,High-Speed,train
2020,12,Portimão,VER,0.9893909876211834,0.0150449829962831,0.9679859385417298,0.994516871241764,0.987314708807736,0.989584724024558,-0.000793538978879,31.5,1,Red Bull Racing,-0.004348721503947,0.0,3.0,3.0,1,Frontrunner,1.0,High-Speed,train
2020,12,Portimão,VET,1.0001689123732287,0.0151214094371754,0.9786168858718708,0.999877665976174,1.002657585290488,0.9998369909260324,-0.0008618106125856,30.5,1,Ferrari,0.0024942222426619,5.0,15.0,10.0,2,Tyre Manager,1.0,High-Speed,train
2020,13,Imola,ALB,1.0012690887293183,0.0149916086277222,0.9579723085048856,0.9994967576109264,1.0034722222222223,1.001212656752336,-0.0013346442990495,16.0,2,Red Bull Racing,0.004082536052983,-9.0,6.0,15.0,0,Aggressive,0.0,High-Degradation,train
2020,13,Imola,BOT,0.9928855261125444,0.0109999622465168,0.9545140155183036,0.9964047990485424,0.9905118195619174,0.9908553229725112,-0.0009768024914712,17.666666666666668,2,Mercedes,0.0030304036527659,-1.0,1.0,2.0,1,Frontrunner,0.0,High-Degradation,train
2020,13,Imola,GIO,1.0075124184157247,0.0138099741489798,0.9908826821262842,1.0115852627023625,1.0071104321257094,1.0045656056703454,-0.0017500274123326,25.0,1,Alfa Romeo Racing,0.000596648624364,10.0,20.0,10.0,2,Tyre Manager,0.0,High-Degradation,train
2020,13,Imola,GRO,1.0092355286158026,0.0136936242311938,0.9912347992303726,1.0105553042075657,1.0090739124108834,1.00867246987159,-0.0045789062493166,16.666666666666668,2,Haas F1 Team,-0.0005097913107319,2.0,16.0,14.0,0,Aggressive,0.0,High-Degradation,train
2020,13,Imola,HAM,0.9868247188070124,0.0161138442544639,0.9492574101786992,0.9838072923413006,0.9882922169951124,0.9857816605076378,-0.0021157461592852,18.0,2,Mercedes,-0.0030304036527659,1.0,2.0,1.0,1,Frontrunner,0.0,High-Degradation,train
2020,13,Imola,KVY,1.000173592745993,0.0137128587320298,0.9766973930758686,0.9964812567039522,1.005016075977896,0.9992232656096148,-0.0022836828016628,17.0,2,AlphaTauri,0.0,4.0,8.0,4.0,0,Aggressive,0.0,High-Degradation,train
2020,13,Imola,LAT,1.008246641757094,0.0142647214626914,0.9899395113117618,1.0025336648812602,1.008751208907832,1.0137161634850786,-0.0004493393358976,25.5,1,Williams,0.0010395810290657,8.0,19.0,11.0,2,Tyre Manager,0.0,High-Degradation,train
2020,13,Imola,LEC,1.0019946853533792,0.0124278428317039,0.9830732277820394,1.0033682311944208,1.0061885135815736,0.9968739921643718,-0.001005707074283,26.0,1,Ferrari,-0.0015899043223628,2.0,7.0,5.0,2,Tyre Manager,0.0,High-Degradation,train
2020,13,Imola,MAG,1.0102551112372664,0.0118224985010689,0.9969063997283668,1.0177607797845023,1.0078412421275802,1.0061084954013944,-0.0013106041780579,21.0,1,Haas F1 Team,0.0005097913107319,-1.0,17.0,18.0,2,Tyre Manager,0.0,High-Degradation,train
2020,13,Imola,NOR,1.0020678249544008,0.0141874334881615,0.9817653642525686,1.0030821306235578,1.0023457804480735,1.0013385489185993,-0.0035084132833388,17.0,2,McLaren,0.0002084839016152,1.0,9.0,8.0,0,Aggressive,0.0,High-Degradation,train
2020,13,Imola,PER,0.9998972185650842,0.0141910468333712,0.981953998415473,1.0017453974316102,0.9990906445511424,0.9994909300216788,-0.0028619337718208,17.333333333333332,2,Racing Point,-0.0018175243015142,5.0,11.0,6.0,0,Aggressive,0.0,High-Degradation,train
2020,13,Imola,RAI,1.0063191211669968,0.0138615936671506,0.982004300858914,1.0063783248807123,1.0066058432684877,1.0064958883212989,-0.0049646785939523,25.5,1,Alfa Romeo Racing,-0.0005966486243638,9.0,18.0,9.0,2,Tyre Manager,0.0,High-Degradation,train
2020,13,Imola,RIC,1.0023215052199463,0.0156800758085455,0.9752637734377948,1.0026926178843087,1.0030787687121332,0.9986332115059966,-0.0011818828545234,26.5,1,Renault,0.0,2.0,5.0,3.0,2,Tyre Manager,0.0,High-Degradation,train
2020,13,Imola,RUS,1.0061674796989626,0.0129764122761154,0.9910964675109094,1.0017471168994665,1.0052883152784944,1.011830880957956,-0.0016652230372132,22.0,1,Williams,-0.0010395810290655,-3.0,13.0,16.0,2,Tyre Manager,0.0,High-Degradation,train
2020,13,Imola,SAI,1.0016508571511702,0.013784976692553,0.982381569184723,1.0008280984168163,1.0058498301110057,0.9986238493216384,-0.0033203256368077,17.0,2,McLaren,-0.0002084839016154,3.0,10.0,7.0,0,Aggressive,0.0,High-Degradation,train
2020,13,Imola,STR,1.0035322671681128,0.013238252229031,0.9854248670129152,1.0049018643592538,1.0053819578173186,1.0008394039899893,-0.0035657420896698,17.0,2,Racing Point,0.0018175243015143,2.0,15.0,13.0,0,Aggressive,0.0,High-Degradation,train
2020,13,Imola,VER,0.9931040166233523,0.0110340409862687,0.97633270036092,0.9902647079198564,0.9948573047168848,0.9919336224935328,-0.0010036071033351,23.5,1,Red Bull Racing,-0.0040825360529829,-14.0,3.0,17.0,1,Frontrunner,0.0,High-Degradation,train
2020,13,Imola,VET,1.0051744939981049,0.0153968216469561,0.9779675297727586,1.0051201706954986,1.0075258970167436,1.0033248065813405,-0.0039498127495964,17.0,2,Ferrari,0.0015899043223626,2.0,14.0,12.0,0,Aggressive,0.0,High-Degradation,train
2020,14,Istanbul,ALB,1.0087279896831454,0.0462836915028438,0.9548397664424876,1.0105708350922231,1.0078937469651272,1.0056939188864498,-0.0030311345935828,17.0,2,Red Bull Racing,0.0020412064436514,-3.0,4.0,7.0,0,Aggressive,0.0,High-Degradation,train
2020,14,Istanbul,BOT,1.024548590368643,0.0586204629286495,0.9461102653537086,1.0389588670923993,1.0239659574468083,1.0040394208541186,-0.0059801942869453,16.666666666666668,2,Mercedes,0.0112736229430676,-5.0,9.0,14.0,3,Backmarker,0.0,High-Degradation,train
2020,14,Istanbul,GAS,1.020290405256971,0.0589793919813355,0.9595321141579788,1.0256821281531616,1.022176770143007,1.0090097856882136,-0.005701197878909,16.666666666666668,2,AlphaTauri,0.0014980731467428,6.0,19.0,13.0,3,Backmarker,0.0,High-Degradation,train
2020,14,Istanbul,GRO,1.045949085569073,0.051104901890931,0.9951342184880428,1.0500162272561036,1.0455149222362334,1.0393259253217886,-0.0036890248892401,13.0,2,Haas F1 Team,0.0104203754738141,-1.0,17.0,18.0,3,Backmarker,0.0,High-Degradation,train
2020,14,Istanbul,HAM,1.0020013444825078,0.0461945857167735,0.9578652226697242,1.0090490239624117,1.001250838453489,0.9917759573435446,-0.0072116683408975,26.0,1,Mercedes,-0.0112736229430676,5.0,6.0,1.0,2,Tyre Manager,0.0,High-Degradation,train
2020,14,Istanbul,KVY,1.0172942589634857,0.0502529705894626,0.97333937139884,1.0229629179753683,1.016920877873298,1.0084558461418394,-0.0071056504241747,25.5,1,AlphaTauri,-0.0014980731467426,4.0,16.0,12.0,2,Tyre Manager,0.0,High-Degradation,train
2020,14,Istanbul,LEC,1.0032721931969366,0.0563199082526926,0.9631453182510163,1.008696351980941,1.000732336185259,0.99748788674735,-0.0080189379168813,17.0,2,Ferrari,-0.0008451629163024,8.0,12.0,4.0,0,Aggressive,0.0,High-Degradation,train
2020,14,Istanbul,MAG,1.025108334621445,0.0517921391439986,0.9726552714238914,1.02773662290283,1.023483959064631,1.021962233700474,-0.0069251108587349,15.666666666666666,2,Haas F1 Team,-0.0104203754738141,-4.0,13.0,17.0,3,Backmarker,0.0,High-Degradation,train
2020,14,Istanbul,NOR,1.0097343969094776,0.0621825020384712,0.9327462278149268,1.010555839227333,1.0111196372514824,1.0053265253053407,-0.006046585314339,17.0,2,McLaren,0.0019076470701588,6.0,14.0,8.0,0,Aggressive,0.0,High-Degradation,train
2020,14,Istanbul,OCO,1.012713755264887,0.045230636078012,0.973214113656948,1.017406450171365,1.0098130860296683,1.008361782479143,-0.0031519176085417,25.5,1,Renault,-0.0018846000235024,-4.0,7.0,11.0,2,Tyre Manager,0.0,High-Degradation,train
2020,14,Istanbul,PER,1.0137410833394842,0.0475036532034239,0.967298094155281,1.0120689604456954,1.0118956768958411,1.0103123752766667,-0.0049491362137822,26.5,1,Racing Point,-0.0018427118084747,1.0,3.0,2.0,2,Tyre Manager,0.0,High-Degradation,train
2020,14,Istanbul,RAI,1.0252295990467564,0.0503184459665567,0.9610448422715973,1.0297710093941594,1.025896407394489,1.0166201716116547,-0.0027410670260256,12.0,3,Alfa Romeo Racing,0.0,-7.0,8.0,15.0,0,Aggressive,0.0,High-Degradation,train
2020,14,Istanbul,RIC,1.016482955311892,0.0445710308796625,0.9700441292659896,1.0105821319771071,1.025885176142309,1.0112436340882625,-0.0045445622820251,16.666666666666668,2,Renault,0.0018846000235024,-5.0,5.0,10.0,0,Aggressive,0.0,High-Degradation,train
2020,14,Istanbul,RUS,1.033103241874863,0.0474347221483715,0.9713641531613126,1.0263178499957208,1.0418883423617091,1.0298132358465435,1.7300913288186563e-05,16.333333333333332,2,Williams,0.0,-16.0,0.0,16.0,3,Backmarker,0.0,High-Degradation,train
2020,14,Istanbul,SAI,1.0059191027691596,0.0516085955219356,0.9515156186768928,1.0108120785693346,1.0004637600279036,1.0044871638885509,-0.0050922906470404,16.666666666666668,2,McLaren,-0.0019076470701591,10.0,15.0,5.0,0,Aggressive,0.0,High-Degradation,train
2020,14,Istanbul,STR,1.0174265069564337,0.0426861142664304,0.962759909814426,1.0159953092934624,1.015863818844594,1.0146606397760467,-0.003257077850066,17.0,2,Racing Point,0.0018427118084747,-8.0,1.0,9.0,0,Aggressive,0.0,High-Degradation,train
2020,14,Istanbul,VER,1.0046455767958429,0.0474677106536887,0.9484034455514232,1.0090245114909564,0.9969945355191256,1.0066519794436817,-0.003428195969642,12.0,3,Red Bull Racing,-0.0020412064436512,-4.0,2.0,6.0,0,Aggressive,0.0,High-Degradation,train
2020,14,Istanbul,VET,1.0049625190295417,0.0455237002884154,0.9602643901875012,1.0083326322766497,1.0091747471224273,0.9935647367597724,-0.0047838685473343,16.666666666666668,2,Ferrari,0.0008451629163024,8.0,11.0,3.0,0,Aggressive,0.0,High-Degradation,train
2020,15,Sakhir,ALB,0.9917319954780888,0.0083299040489222,0.9786376124267464,0.994523446120928,0.99002659730415,0.990509528565104,0.0005735330320466,13.666666666666666,2,Red Bull Racing,0.0054133819012266,1.0,4.0,3.0,1,Frontrunner,1.0,High-Speed,train
2020,15,Sakhir,BOT,0.9979747197946236,0.0186038861406036,0.9751694888696216,0.9927497121185672,1.000304321006476,0.9999701427997816,0.0002222788932268,13.666666666666666,2,Mercedes,0.0080694214112383,-6.0,2.0,8.0,0,Aggressive,1.0,High-Speed,train
2020,15,Sakhir,GAS,1.0030084927242529,0.011388892904596,0.9904731063731992,1.0056089437685445,1.003535670916479,0.9981043910196628,-1.285690967747339e-05,21.5,1,AlphaTauri,-0.0013287509532116,2.0,8.0,6.0,2,Tyre Manager,1.0,High-Speed,train
2020,15,Sakhir,GIO,1.0160696688916977,0.0112434374538394,0.9875377367359944,1.0146024658468025,1.0186287371954263,1.0128193531528271,0.0003376105105967,21.0,1,Alfa Romeo Racing,0.0021622670942627,0.0,16.0,16.0,2,Tyre Manager,1.0,High-Speed,train
2020,15,Sakhir,HAM,0.9818358769721468,0.0064980660281261,0.97007176508686,0.9835096885953803,0.9823683824909906,0.9781271985366538,0.0007349355839532,14.0,2,Mercedes,-0.0080694214112383,0.0,1.0,1.0,1,Frontrunner,1.0,High-Speed,train
2020,15,Sakhir,KVY,1.0056659946306763,0.0123095232040359,0.9834115053954392,1.0025929148335413,1.0079424704298492,1.0049831152384971,0.0005715591969997,13.333333333333334,2,AlphaTauri,0.0013287509532118,-1.0,10.0,11.0,0,Aggressive,1.0,High-Speed,train
2020,15,Sakhir,LAT,1.0128174325439523,0.0134828664140339,0.9881122752770842,1.0127784203889003,1.0157201999206038,1.0071294823088828,0.0008317038913827,13.0,2,Williams,0.0009654859029133,6.0,20.0,14.0,0,Aggressive,1.0,High-Speed,train
2020,15,Sakhir,LEC,1.003860491341284,0.0157906553682861,0.9780212892644862,1.0044819815851975,1.002371241137164,1.005040719043746,0.0011288619628307,13.666666666666666,2,Ferrari,-0.0027773543894635,2.0,12.0,10.0,0,Aggressive,1.0,High-Speed,train
2020,15,Sakhir,MAG,1.0221135158823844,0.0110015655895859,0.9949022762172384,1.0199298643878063,1.0234992833560006,1.0218406400128643,0.0002793221471035,21.0,1,Haas F1 Team,0.0,1.0,18.0,17.0,2,Tyre Manager,1.0,High-Speed,train
2020,15,Sakhir,NOR,0.9938734573130602,0.0108078744480041,0.977634781518662,0.99644372338398,0.99008816513783,0.9965859835888354,-7.525912178807494e-05,13.666666666666666,2,McLaren,-0.0007431802529958,5.0,9.0,4.0,1,Frontrunner,1.0,High-Speed,train
2020,15,Sakhir,OCO,1.0006076604968956,0.0096686288816996,0.9856365364727512,0.999808612899971,0.9997249970095622,1.0025512462807191,0.000188118244406,13.666666666666666,2,Renault,0.0014884497370499,-2.0,7.0,9.0,0,Aggressive,1.0,High-Speed,train
2020,15,Sakhir,PER,0.991093506083866,0.0092122593353987,0.9780630738856564,0.9952137209335848,0.988700250258585,0.9893708367222972,0.0007546268790018,13.666666666666666,2,Racing Point,0.0,-13.0,5.0,18.0,1,Frontrunner,1.0,High-Speed,train
2020,15,Sakhir,RAI,1.0117451347031725,0.0147403893979409,0.9774780891892738,1.0115150371002692,1.010329118184441,1.0138866610384127,0.0014154073133065,13.333333333333334,2,Alfa Romeo Racing,-0.0021622670942624,2.0,17.0,15.0,0,Aggressive,1.0,High-Speed,train
2020,15,Sakhir,RIC,0.9976307610227958,0.0142632793240811,0.9696852573410356,0.9965213993199752,0.9980779108685404,0.9976402516241288,-0.0004975124425996,13.666666666666666,2,Renault,-0.0014884497370498,-1.0,6.0,7.0,1,Frontrunner,1.0,High-Speed,train
2020,15,Sakhir,RUS,1.0108864607381254,0.0105863893909644,0.992823491314022,1.0092299231728938,1.0178791229925956,1.0000981426762348,8.408315889974816e-05,13.333333333333334,2,Williams,-0.0009654859029135,2.0,14.0,12.0,0,Aggressive,1.0,High-Speed,train
2020,15,Sakhir,SAI,0.9953598178190518,0.0128283860776354,0.9757858120318816,0.9975277431216758,0.992877920953938,0.9963001266357112,0.0001999829006151,13.333333333333334,2,McLaren,0.0007431802529958,10.0,15.0,5.0,1,Frontrunner,1.0,High-Speed,train
2020,15,Sakhir,VER,0.9809052316756356,0.0108292721024097,0.9611925330881969,0.9849182817532676,0.9760923757461888,0.9835752400125556,0.0014645151427108,9.75,3,Red Bull Racing,-0.0054133819012266,1.0,3.0,2.0,1,Frontrunner,1.0,High-Speed,train
2020,15,Sakhir,VET,1.009415200120211,0.0146741271503399,0.9804865819135268,1.0054257144348415,1.0076307879702435,1.0170384561266792,0.0008371993191425,13.0,2,Ferrari,0.0027773543894635,-2.0,11.0,13.0,0,Aggressive,1.0,High-Speed,train
2020,16,Sakhir,AIT,1.009081856286602,0.0139820342859025,0.9825462451743237,1.0070315477892129,1.0185689314684416,1.0032295106130775,0.0001247575322814,16.5,3,Williams,0.0,1.0,17.0,16.0,0,Aggressive,1.0,High-Speed,train
2020,16,Sakhir,ALB,0.9987024840130376,0.0142581585572402,0.976793953245508,0.9971665356394132,1.0005577880989438,1.0014710991284423,-0.0002271150022303,23.0,2,Red Bull Racing,0.0,6.0,12.0,6.0,0,Aggressive,1.0,High-Speed,train
2020,16,Sakhir,BOT,0.9921123086368616,0.0110531405712012,0.968353834433288,0.9921967573603137,0.9923864010983278,0.9948581180821932,-0.0003024526596953,23.0,2,Mercedes,0.0030306320476852,-7.0,1.0,8.0,1,Frontrunner,1.0,High-Speed,train
2020,16,Sakhir,FIT,1.013895573479924,0.0154807124769325,0.988538215933506,1.0132728494623655,1.016006737071541,1.015319597528194,0.0003041088689117,15.5,3,Haas F1 Team,0.0022603152864644,3.0,20.0,17.0,0,Aggressive,1.0,High-Speed,train
2020,16,Sakhir,GAS,0.9982257889566574,0.0100907459001246,0.9796016195440964,0.9953820226696704,1.0037223900652226,0.9981232972411124,0.0001496002289092,22.33333333333333,2,AlphaTauri,0.0010154710761078,-2.0,9.0,11.0,0,Aggressive,1.0,High-Speed,train
2020,16,Sakhir,GIO,1.0054811426637884,0.0151940376304987,0.9739006873646456,0.999191436598224,1.0160347611546778,1.0033486904213236,-0.0001081988676866,22.666666666666668,2,Alfa Romeo Racing,-0.0008127695367576,1.0,14.0,13.0,0,Aggressive,1.0,High-Speed,train
2020,16,Sakhir,KVY,0.9961948468044416,0.0106339846082408,0.9758523578404936,0.9930647081945988,1.001242780440711,0.996969987715472,8.417920458599663e-05,22.666666666666668,2,AlphaTauri,-0.0010154710761078,-1.0,6.0,7.0,1,Frontrunner,1.0,High-Speed,train
2020,16,Sakhir,MAG,1.009374942906995,0.0127795418864479,0.9846691148147196,1.012718688397635,1.0033685588756476,1.0159356713070538,0.0001664119191151,22.33333333333333,2,Haas F1 Team,-0.0022603152864646,0.0,15.0,15.0,0,Aggressive,1.0,High-Speed,train
2020,16,Sakhir,NOR,1.0010450701941749,0.0109929954974429,0.980457615366837,1.0011879162042177,1.003767156157021,1.000778705447169,-0.0002543745540594,22.666666666666668,2,McLaren,0.0027525282726919,9.0,19.0,10.0,0,Aggressive,1.0,High-Speed,train
2020,16,Sakhir,OCO,0.9973366301401017,0.011782710459172,0.9818272086832216,0.9967030267295596,0.998519874405276,0.999846877847635,-0.0001970625847001,35.0,1,Renault,0.0005134822975189,9.0,11.0,2.0,2,Tyre Manager,1.0,High-Speed,train
2020,16,Sakhir,PER,0.9932999984102936,0.0151515454086456,0.9722229355520744,0.9956199460916444,0.9924334663321128,0.9947838605922668,-0.0001128630953087,35.0,1,Racing Point,-0.0021295953218605,4.0,5.0,1.0,2,Tyre Manager,1.0,High-Speed,train
2020,16,Sakhir,RAI,1.0071066817373036,0.0146172144796238,0.9822552065945918,1.0064374471979722,1.0107503083488405,1.0067038761280545,0.0006105175380917,16.75,3,Alfa Romeo Racing,0.0008127695367574,4.0,18.0,14.0,0,Aggressive,1.0,High-Speed,train
2020,16,Sakhir,RIC,0.9963096655450638,0.0105645910826585,0.975475719678488,0.9938032654270348,1.000492411438968,0.9973959223749322,1.1117640930008706e-05,23.0,2,Renault,-0.0005134822975189,2.0,7.0,5.0,1,Frontrunner,1.0,High-Speed,train
2020,16,Sakhir,RUS,0.986051044541491,0.0128681481972005,0.948511851262166,0.9906903209396966,0.9809136870987958,0.9899462187811076,1.8994249866053563e-05,17.0,3,Mercedes,-0.0030306320476853,-7.0,2.0,9.0,1,Frontrunner,1.0,High-Speed,train
2020,16,Sakhir,SAI,0.9955400136487912,0.0094061477882824,0.9786600241390822,0.9980061070093884,0.9955383907048296,0.9958078951378594,-6.465240812717817e-05,23.0,2,McLaren,-0.0027525282726917,4.0,8.0,4.0,1,Frontrunner,1.0,High-Speed,train
2020,16,Sakhir,STR,0.9975591890540146,0.0112831102791673,0.9824777655085042,0.9980767070979336,1.0017570921256496,0.99504599905963,-0.0001389435857435,35.0,1,Racing Point,0.0021295953218604,7.0,10.0,3.0,2,Tyre Manager,1.0,High-Speed,train
2020,16,Sakhir,VET,1.0023670200907329,0.0136994034272087,0.974208845860832,1.0027046371914017,1.0040182043998265,1.003173918657086,0.0002974431861289,16.75,3,Ferrari,0.0,1.0,13.0,12.0,0,Aggressive,1.0,High-Speed,train
2020,17,Yas Island,ALB,0.9899286875423164,0.0113936229425821,0.9793728654495496,0.9906367312787614,0.993358259917589,0.984477577750548,-0.0023120253970327,25.5,1,Red Bull Racing,0.0030157594631617,1.0,5.0,4.0,1,Frontrunner,1.0,High-Speed,train
2020,17,Yas Island,BOT,0.9873816920996284,0.0075481632443345,0.9784440638938072,0.9866908380978942,0.9954051639752016,0.9780536415005306,-0.0007265615871997,25.5,1,Mercedes,-0.0006180627999611,0.0,2.0,2.0,1,Frontrunner,1.0,High-Speed,train
2020,17,Yas Island,FIT,1.0198821583026154,0.0130684563740295,0.9840168732282628,1.015584087069041,1.0141148431601854,1.028222562894097,0.0010418207479383,10.75,3,Haas F1 Team,0.0011997020095009,-2.0,17.0,19.0,0,Aggressive,1.0,High-Speed,train
2020,17,Yas Island,GAS,1.0033285925753923,0.0091012216176834,0.991437610657998,1.0067159391995537,0.997612076020733,1.0082835694803156,0.0002150050748547,25.0,1,AlphaTauri,-0.0018778456147792,1.0,9.0,8.0,2,Tyre Manager,1.0,High-Speed,train
2020,17,Yas Island,GIO,1.0103495912717355,0.0158498109579464,0.9837072727096818,1.0074965063182972,1.0056819171185951,1.016893809095592,0.0002567644355956,23.5,1,Alfa Romeo Racing,0.0010587673129489,-2.0,14.0,16.0,2,Tyre Manager,1.0,High-Speed,train
2020,17,Yas Island,HAM,0.9886178176995506,0.0079934804287664,0.9812401435772404,0.9859500766978104,0.995293725383215,0.981353877813164,-0.0010738294097269,25.5,1,Mercedes,0.000618062799961,0.0,3.0,3.0,1,Frontrunner,1.0,High-Speed,train
2020,17,Yas Island,KVY,1.007084283804951,0.0113475596945478,0.9936628643852978,1.0064050498180026,0.9985603680410056,1.0167811071905166,0.001318303268698,24.5,1,AlphaTauri,0.0018778456147792,-4.0,7.0,11.0,2,Tyre Manager,1.0,High-Speed,train
2020,17,Yas Island,LAT,1.012902265089555,0.0161325655230382,0.991660136030728,1.015295908035384,1.0072672981959507,1.0182040095837086,-0.0011814083454103,15.333333333333334,2,Williams,-0.0005250580465918,1.0,18.0,17.0,0,Aggressive,1.0,High-Speed,train
2020,17,Yas Island,LEC,1.0051897198629938,0.0123134620364499,0.9859615514855988,1.006232550135445,0.9987786804525024,1.0118973090593857,0.0003182015181415,23.5,1,Ferrari,-0.0011847777823748,-1.0,12.0,13.0,2,Tyre Manager,1.0,High-Speed,train
2020,17,Yas Island,MAG,1.0174827542836136,0.017443736682091,0.9868419779603133,1.010088614495252,1.015314093926443,1.023341137850298,0.0017771715626453,14.666666666666666,2,Haas F1 Team,-0.0011997020095009,2.0,20.0,18.0,0,Aggressive,1.0,High-Speed,train
2020,17,Yas Island,NOR,0.9984146252856738,0.0098488614197153,0.9865033523931152,0.9937570771161623,0.999848443514898,0.9975081393681324,-0.0010506660586461,25.5,1,McLaren,-0.0006292554657676,-1.0,4.0,5.0,2,Tyre Manager,1.0,High-Speed,train
2020,17,Yas Island,OCO,1.0061134492400274,0.0099658689208587,0.995501117464372,1.0051083530888298,1.0048813312721652,1.0082087426681792,-0.0003407950503613,25.0,1,Renault,0.0047066172273337,1.0,10.0,9.0,2,Tyre Manager,1.0,High-Speed,train
2020,17,Yas Island,RAI,1.0082320566458378,0.0118376622223538,0.9882835553749552,1.0084871321279871,1.0042330654185836,1.0127205580631922,0.0002299709775358,24.5,1,Alfa Romeo Racing,-0.0010587673129489,3.0,15.0,12.0,2,Tyre Manager,1.0,High-Speed,train
2020,17,Yas Island,RIC,0.99670021478536,0.0113567711339993,0.9764606855716484,1.0058301956956257,0.9986293610378588,0.9910499489085746,-0.0008598154308426,24.0,1,Renault,-0.0047066172273337,4.0,11.0,7.0,2,Tyre Manager,1.0,High-Speed,train
2020,17,Yas Island,RUS,1.0139523811827384,0.0119293323352075,0.9997000744976248,1.01166968809557,1.0066301226091965,1.0230695889352868,-0.0010508584587941,24.0,1,Williams,0.0005250580465916,1.0,16.0,15.0,2,Tyre Manager,1.0,High-Speed,train
2020,17,Yas Island,SAI,0.9996731362172092,0.0121175598313606,0.9863388771176193,0.998194951889555,1.0027730379229984,0.9954393980914192,-0.0018256629491004,25.5,1,McLaren,0.0006292554657676,0.0,6.0,6.0,2,Tyre Manager,1.0,High-Speed,train
2020,17,Yas Island,STR,1.005708646561983,0.0091017790888408,0.9855552008049614,1.0005120624738528,1.005949804492134,1.008053296000386,-0.0004648850447974,25.0,1,Racing Point,0.0,-2.0,8.0,10.0,2,Tyre Manager,1.0,High-Speed,train
2020,17,Yas Island,VER,0.9838971686159927,0.0051523606253362,0.9767702860902292,0.9907449449170268,0.9903382740747476,0.973280060050765,-0.0002522591725341,25.5,1,Red Bull Racing,-0.0030157594631617,0.0,1.0,1.0,1,Frontrunner,1.0,High-Speed,train
2020,17,Yas Island,VET,1.0075592754277436,0.0114678004413754,0.9817722694685512,1.011550660609963,1.0034163088966237,1.0105836029135722,0.0007910680922378,23.5,1,Ferrari,0.001184777782375,-1.0,13.0,14.0,2,Tyre Manager,1.0,High-Speed,train
2021,1,Sakhir,BOT,0.9866300166826578,0.0099749676280369,0.9552161398231466,0.9856337233639286,0.988038129396569,0.9877207360553651,0.0002195342709397,11.25,3,Mercedes,0.0002880135535789,0.0,3.0,3.0,1,Frontrunner,1.0,High-Speed,train
2021,1,Sakhir,GAS,1.0000548267954852,0.0144068206686388,0.9759614137904208,1.003164491175227,0.9988322834177384,1.0004432983397826,0.0007048212681662,14.0,2,AlphaTauri,-0.0001373901483752,-12.0,5.0,17.0,0,Aggressive,1.0,High-Speed,train
2021,1,Sakhir,GIO,1.0031943212067436,0.0093421334656268,0.9866659751575344,1.0027564515800211,1.0101662649797205,0.9938611294096578,-0.0001102532168052,15.333333333333334,2,Alfa Romeo Racing,0.0004881160501373,0.0,12.0,12.0,0,Aggressive,1.0,High-Speed,train
2021,1,Sakhir,HAM,0.9860539895754996,0.0070368797337435,0.975183466016648,0.986743195029326,0.9870294323856402,0.985709935978403,0.0004084072776861,15.666666666666666,2,Mercedes,-0.0002880135535791,1.0,2.0,1.0,1,Frontrunner,1.0,High-Speed,train
2021,1,Sakhir,LAT,1.018220574125457,0.007450957077278,1.0020174778933175,1.0192717512571343,1.025778172735133,1.0059617122323323,0.0006748371279291,13.333333333333334,2,Williams,0.0057630822065302,-1.0,17.0,18.0,0,Aggressive,1.0,High-Speed,train
2021,1,Sakhir,LEC,0.9974930219188164,0.009948413530936,0.985276041801727,0.997773159502396,0.9961556386351416,1.0017540102361229,0.0002795653527561,15.666666666666666,2,Ferrari,-0.0003191241080499,-2.0,4.0,6.0,0,Aggressive,1.0,High-Speed,train
2021,1,Sakhir,MSC,1.0157446698163437,0.0106178472495173,0.9971630837849752,1.012713253605586,1.0154474544328451,1.022531184763942,0.0004385611183806,15.666666666666666,2,Haas F1 Team,0.0,2.0,18.0,16.0,0,Aggressive,1.0,High-Speed,train
2021,1,Sakhir,NOR,0.9940998454587436,0.0097824396958505,0.979135440707414,0.9979795714131888,0.9913633455499844,0.9961231142601522,0.0001102747551955,15.666666666666666,2,McLaren,-0.0020832448256818,3.0,7.0,4.0,1,Frontrunner,1.0,High-Speed,train
2021,1,Sakhir,OCO,1.004856814390305,0.0090895762823704,0.98799367269144,1.0013283676743503,1.0085150670893777,1.0053427289899433,0.0003444640989594,15.0,2,Alpine,0.0,3.0,16.0,13.0,0,Aggressive,1.0,High-Speed,train
2021,1,Sakhir,PER,0.9934697629355884,0.0122100380590561,0.9747166973523844,0.9954950600469448,0.9917154344746668,0.9961830269217992,8.785497992616497e-05,15.666666666666666,2,Red Bull Racing,0.0033650379235744,-5.0,0.0,5.0,1,Frontrunner,1.0,High-Speed,train
2021,1,Sakhir,RAI,1.0022180891064691,0.0084227362624966,0.987392059746389,1.0027793363788264,1.00479944728682,0.9992671876683646,-0.0002931806634838,15.666666666666666,2,Alfa Romeo Racing,-0.000488116050137,3.0,14.0,11.0,0,Aggressive,1.0,High-Speed,train
2021,1,Sakhir,RIC,0.9982663351101072,0.0090602814746925,0.9846951741306434,0.998568533398651,0.9979094400712964,1.000784677023807,0.0004758603975463,15.666666666666666,2,McLaren,0.0020832448256818,-1.0,6.0,7.0,0,Aggressive,1.0,High-Speed,train
2021,1,Sakhir,RUS,1.0066944097123964,0.0118557400976302,0.9857739283769416,1.0055353990668416,1.012332032897952,1.0006413881759817,-0.0005369310786179,15.333333333333334,2,Williams,-0.0057630822065304,1.0,15.0,14.0,0,Aggressive,1.0,High-Speed,train
2021,1,Sakhir,SAI,0.9981312701349162,0.0120296806817162,0.9803075486865648,0.9962704807918236,0.9987485257234432,1.001755798673784,0.0002503047185123,15.666666666666666,2,Ferrari,0.0003191241080499,0.0,8.0,8.0,0,Aggressive,1.0,High-Speed,train
2021,1,Sakhir,STR,1.00206338232933,0.008593180756864,0.9840002074527396,1.0036091122602138,1.0016929907220224,1.0029978686294174,0.0006686390930355,15.666666666666666,2,Aston Martin,-0.0051294896828126,0.0,10.0,10.0,0,Aggressive,1.0,High-Speed,train
2021,1,Sakhir,TSU,1.0003296070922354,0.010388041471283,0.9829214532064414,0.9977298130011292,1.0013286374516324,1.0042515634298477,0.0003216065720249,15.666666666666666,2,AlphaTauri,0.0001373901483749,4.0,13.0,9.0,0,Aggressive,1.0,High-Speed,train
2021,1,Sakhir,VER,0.9867396870884396,0.0104461010759192,0.9670202007105256,0.989476088728224,0.9841682627349898,0.9899431679222244,0.0010274833838133,15.666666666666666,2,Red Bull Racing,-0.0033650379235744,-1.0,1.0,2.0,1,Frontrunner,1.0,High-Speed,train
2021,1,Sakhir,VET,1.0123223616949553,0.013076477511676,0.9912714259782692,1.0123251992132951,1.0111038319948162,1.0167697328387109,0.0008848859844723,23.5,1,Aston Martin,0.0051294896828124,5.0,20.0,15.0,2,Tyre Manager,1.0,High-Speed,train
2021,2,Imola,ALO,1.0458604398112372,0.0822379309189394,0.9682557104354932,1.0333410387634163,1.063973903769061,1.045074253353438,-0.0042728856324575,24.5,1,Alpine,0.0010267820588156,5.0,15.0,10.0,3,Backmarker,0.0,High-Degradation,train
2021,2,Imola,GAS,1.0354477597417506,0.0837522148090805,0.9607678142416372,1.022669924683628,1.0489738901164023,1.039634170329212,-0.0003332631235999,11.75,3,AlphaTauri,0.0002328751274127,-2.0,5.0,7.0,3,Backmarker,0.0,High-Degradation,train
2021,2,Imola,GIO,1.044666605949787,0.0780156238582465,0.9691581604653716,1.037566414548078,1.0578807763799325,1.0436303181654385,-0.0091043585285171,11.75,3,Alfa Romeo Racing,0.0022501312288967,3.0,17.0,14.0,3,Backmarker,0.0,High-Degradation,train
2021,2,Imola,HAM,1.0163634228920535,0.0653431270136823,0.9354016512396492,1.000782489876905,1.030249453673536,1.022834486949132,-0.0026778487850553,17.0,2,Mercedes,0.0,-1.0,1.0,2.0,0,Aggressive,0.0,High-Degradation,train
2021,2,Imola,LEC,1.0214184131701418,0.0656831592243496,0.955853120160002,1.0094040495548258,1.035512733970829,1.0241838905861536,-0.0030249178325206,17.333333333333332,2,Ferrari,-0.0011417915978337,0.0,4.0,4.0,3,Backmarker,0.0,High-Degradation,train
2021,2,Imola,MAZ,1.0686255597352077,0.0826108016815387,0.98052415273357,1.0534536725745187,1.090756483009654,1.0663975566626998,-0.0063764361958757,11.0,3,Haas F1 Team,0.0068803895771298,2.0,19.0,17.0,3,Backmarker,0.0,High-Degradation,train
2021,2,Imola,MSC,1.054864780580948,0.082492948057007,0.9657800704886644,1.042426047007206,1.0696583461607905,1.0575038979425806,-0.0070930390008923,16.333333333333332,2,Haas F1 Team,-0.0068803895771296,2.0,18.0,16.0,3,Backmarker,0.0,High-Degradation,train
2021,2,Imola,NOR,1.0218490469395969,0.0684195417020331,0.954389687679118,1.0111777060985672,1.0339041460901697,1.025415279934916,-0.0028722870941377,16.666666666666668,2,McLaren,-0.0069649821171897,4.0,7.0,3.0,3,Backmarker,0.0,High-Degradation,train
2021,2,Imola,OCO,1.043806875693606,0.0802175181300846,0.968511811119648,1.0304868351961594,1.060002131665897,1.04579542933215,-0.0043673337405948,16.666666666666668,2,Alpine,-0.0010267820588154,0.0,9.0,9.0,3,Backmarker,0.0,High-Degradation,train
2021,2,Imola,PER,1.0343758376775996,0.0755008206874292,0.9553043329796704,1.0289418295260493,1.0445727159304408,1.034781045026545,-0.0038197846033391,17.0,2,Red Bull Racing,0.0096613659379014,-9.0,2.0,11.0,3,Backmarker,0.0,High-Degradation,train
2021,2,Imola,RAI,1.040166343491994,0.075062865599056,0.968572787473018,1.0349471157452554,1.0498561125519594,1.040919310701871,-0.0021128867051865,16.666666666666668,2,Alfa Romeo Racing,-0.0022501312288965,3.0,16.0,13.0,3,Backmarker,0.0,High-Degradation,train
2021,2,Imola,RIC,1.0357790111739764,0.0740575869145894,0.9675849705484212,1.026321518030361,1.0488381375927642,1.0371796377747904,-0.0034424050897526,17.0,2,McLaren,0.0069649821171897,0.0,6.0,6.0,3,Backmarker,0.0,High-Degradation,train
2021,2,Imola,SAI,1.0237019963658094,0.0736297723874234,0.9572067952048195,1.0076528392468682,1.0386172593882117,1.029603579616892,-0.0038517498209328,16.666666666666668,2,Ferrari,0.0011417915978337,6.0,11.0,5.0,3,Backmarker,0.0,High-Degradation,train
2021,2,Imola,STR,1.036439712679423,0.0750870381290323,0.963353211624532,1.0347153251819068,1.046110775571109,1.033746024702315,-0.0038497927914323,16.666666666666668,2,Aston Martin,-0.0025283179728357,2.0,10.0,8.0,3,Backmarker,0.0,High-Degradation,train
2021,2,Imola,TSU,1.034982009486925,0.0822158383495912,0.9555360431224772,1.0195355615804196,1.0507561250954356,1.0394571407440278,-0.008008037906867,16.333333333333332,2,AlphaTauri,-0.0002328751274127,8.0,20.0,12.0,3,Backmarker,0.0,High-Degradation,train
2021,2,Imola,VER,1.0150531058017966,0.0690105767817546,0.945426163733704,1.0048181508687095,1.022153237283239,1.018572088421505,-0.0041633005506446,17.666666666666668,2,Red Bull Racing,-0.0096613659379014,2.0,3.0,1.0,0,Aggressive,0.0,High-Degradation,train
2021,2,Imola,VET,1.0414963486250943,0.0769617531556884,0.9643288332784546,1.0348137628630467,1.0527837618735407,1.0420364618001627,-0.010608243973285,14.666666666666666,2,Aston Martin,0.0025283179728357,-15.0,0.0,15.0,3,Backmarker,0.0,High-Degradation,train
2021,3,Portimão,ALO,0.9979692789325512,0.0126272279540036,0.9749031497389254,0.9957426303363416,0.9983838875229544,0.9987458396270212,-0.0008304636215849,28.5,1,Alpine,-0.0006522498419035,5.0,13.0,8.0,2,Tyre Manager,1.0,High-Speed,train
2021,3,Portimão,BOT,0.9891821519437808,0.0117632926928523,0.960862869655189,0.9863894804339132,0.9880429590088136,0.9912843046864273,-0.0003664155255619,14.25,3,Mercedes,0.0006554581999744,-2.0,1.0,3.0,1,Frontrunner,1.0,High-Speed,train
2021,3,Portimão,GAS,1.000846186546035,0.0093014481590988,0.9867176784811954,1.001251997561025,1.002235165730965,0.998074948833134,-0.0005572480350919,28.5,1,AlphaTauri,-0.0021953090422013,-1.0,9.0,10.0,2,Tyre Manager,1.0,High-Speed,train
2021,3,Portimão,GIO,1.0021645216954898,0.0091449928401873,0.9885584349960298,1.0041944137233216,1.0017169042860712,1.0001144773973698,-0.0008210839567853,28.0,1,Alfa Romeo Racing,0.0,0.0,12.0,12.0,2,Tyre Manager,1.0,High-Speed,train
2021,3,Portimão,HAM,0.9878712355438318,0.0109585352840786,0.9737120719940328,0.9861772190004486,0.9880931462420132,0.986859510919348,-0.0003703516069112,19.666666666666668,2,Mercedes,-0.0006554581999743,1.0,2.0,1.0,1,Frontrunner,1.0,High-Speed,train
2021,3,Portimão,LAT,1.0214636803317956,0.0111711574753701,1.0004451502682934,1.018596606819305,1.028951014012218,1.014360451326534,-0.0005508040827032,27.5,1,Williams,0.0027621035092342,0.0,18.0,18.0,2,Tyre Manager,1.0,High-Speed,train
2021,3,Portimão,LEC,0.9978792095326048,0.0128824719969233,0.9804855747250896,0.9996677250239978,0.997560019640442,0.9958975413523204,-0.0008353317696747,29.0,1,Ferrari,-0.0031636945659516,2.0,8.0,6.0,2,Tyre Manager,1.0,High-Speed,train
2021,3,Portimão,MAZ,1.02633242033263,0.0155242437167072,1.0062922591977672,1.0334407623002024,1.0236320401208527,1.022356697304482,0.0003889858799021,17.666666666666668,2,Haas F1 Team,0.0030052998285476,1.0,20.0,19.0,0,Aggressive,1.0,High-Speed,train
2021,3,Portimão,MSC,1.020321820675535,0.0117520052178045,0.9956327149353932,1.0161011365508157,1.0241739150182818,1.0187835868939117,-0.0004121324186128,27.5,1,Haas F1 Team,-0.0030052998285474,2.0,19.0,17.0,2,Tyre Manager,1.0,High-Speed,train
2021,3,Portimão,NOR,0.997182651004679,0.0108081755575517,0.9828917923915398,0.9995839462907322,0.9930510091569252,0.9991973729870064,-0.000538928713814,29.0,1,McLaren,-0.0015533641652353,2.0,7.0,5.0,2,Tyre Manager,1.0,High-Speed,train
2021,3,Portimão,OCO,0.9992737786163584,0.0130839951907317,0.9851776991746674,0.999756473682118,1.0014154254998409,0.9955357487115556,-0.0012004327245631,29.0,1,Alpine,0.0006522498419035,-1.0,6.0,7.0,2,Tyre Manager,1.0,High-Speed,train
2021,3,Portimão,PER,0.9942823289863768,0.0111680565989457,0.97022305637768,0.9952906412055048,0.9921470535029762,0.9951771691493052,-0.0002264547126796,29.0,1,Red Bull Racing,0.0026424324010412,0.0,4.0,4.0,2,Tyre Manager,1.0,High-Speed,train
2021,3,Portimão,RIC,1.0002893793351495,0.0089752948291123,0.9863928390962248,1.002570460082012,0.9987975027501302,0.9992597969018708,-0.0005129963719765,28.5,1,McLaren,0.0015533641652352,7.0,16.0,9.0,2,Tyre Manager,1.0,High-Speed,train
2021,3,Portimão,RUS,1.0159394733133271,0.0133446226253123,0.9944175750138358,1.01413114455138,1.0218061900003568,1.0098164368244504,-6.19946179904689e-05,28.0,1,Williams,-0.002762103509234,-5.0,11.0,16.0,2,Tyre Manager,1.0,High-Speed,train
2021,3,Portimão,SAI,1.0042065986645083,0.0131410891599262,0.9904593469525256,1.0047633179786322,1.0044008307328824,1.0006563611439256,-0.0010762248746549,19.666666666666668,2,Ferrari,0.0031636945659518,-6.0,5.0,11.0,0,Aggressive,1.0,High-Speed,train
2021,3,Portimão,STR,1.003962524878572,0.0112717919757931,0.9861883105945763,1.0026597465703462,1.0045217203169052,1.003725839944625,-0.0001990051349759,28.0,1,Aston Martin,-3.0185141262295545e-05,3.0,17.0,14.0,2,Tyre Manager,1.0,High-Speed,train
2021,3,Portimão,TSU,1.005236804630438,0.0121819308205968,0.9872470463678146,1.007584492595199,1.0047515499738833,1.0029417544810764,-0.0015387725230877,27.5,1,AlphaTauri,0.0021953090422015,-1.0,14.0,15.0,2,Tyre Manager,1.0,High-Speed,train
2021,3,Portimão,VER,0.9889974641842944,0.0130215895159228,0.9606703722418732,0.9834311833776502,0.98880116228618,0.9915628616827196,-0.0005103990783676,14.25,3,Red Bull Racing,-0.0026424324010412,1.0,3.0,2.0,1,Frontrunner,1.0,High-Speed,train
2021,3,Portimão,VET,1.0040228951610963,0.0077507491605644,0.99155417599076,1.0052444878462008,1.0026994263231148,1.0037484691975933,-0.0003539372087414,28.0,1,Aston Martin,3.01851412620735e-05,-3.0,10.0,13.0,2,Tyre Manager,1.0,High-Speed,train
2021,4,Barcelona,ALO,1.007876932858644,0.0134525792936964,0.96526877757036,1.0075994459911883,1.007517612015571,1.008660158263644,0.0004118872181652,19.0,2,Alpine,0.0005858380843768,-7.0,10.0,17.0,0,Aggressive,1.0,High-Speed,train
2021,4,Barcelona,BOT,0.9849522689793002,0.0191355220437459,0.9444371782219422,0.983562037324608,0.9865784594491572,0.9813992432950418,-0.0005084518237928,19.666666666666668,2,Mercedes,0.0032527709666738,0.0,3.0,3.0,1,Frontrunner,1.0,High-Speed,train
2021,4,Barcelona,GAS,1.0009714487519583,0.0174917468913372,0.9675635827497234,0.9953938929949931,1.001222935670487,1.0054426031657615,9.81340100468524e-05,19.0,2,AlphaTauri,0.0,2.0,12.0,10.0,0,Aggressive,1.0,High-Speed,train
2021,4,Barcelona,GIO,1.0077374857343002,0.0158396041220135,0.9845308728582808,1.010791297299273,1.0075662282038536,1.0055702548391587,-0.0013951455184721,19.666666666666668,2,Alfa Romeo Racing,-5.199435639546834e-05,-1.0,14.0,15.0,0,Aggressive,1.0,High-Speed,train
2021,4,Barcelona,HAM,0.9784467270459526,0.015089688299723,0.9591215533334124,0.979971450276384,0.9792037576573837,0.973797379619948,0.0002938924469963,19.666666666666668,2,Mercedes,-0.0032527709666737,0.0,1.0,1.0,1,Frontrunner,1.0,High-Speed,train
2021,4,Barcelona,LAT,1.0096930017516117,0.0179576401174935,0.9857555616327598,1.0089725985223958,1.010690664187063,1.0093423923267295,-0.0008016630580716,14.25,3,Williams,-0.0014262756248408,3.0,19.0,16.0,0,Aggressive,1.0,High-Speed,train
2021,4,Barcelona,LEC,0.9900924552359828,0.0152819246048971,0.9566721757844548,0.9979856259869556,0.9892363224898756,0.9819857722473854,0.0012845884701793,19.666666666666668,2,Ferrari,-0.0016107861340295,0.0,4.0,4.0,1,Frontrunner,1.0,High-Speed,train
2021,4,Barcelona,MAZ,1.022501108334848,0.0165723013315536,0.9992509185165808,1.0173572727327642,1.0296865747922468,1.018960003580878,0.0005390735222204,18.666666666666668,2,Haas F1 Team,0.0047423779685114,1.0,20.0,19.0,0,Aggressive,1.0,High-Speed,train
2021,4,Barcelona,MSC,1.013016352397825,0.0184934079435105,0.9825689927826592,1.0116963568378003,1.0153374820164942,1.0116981568424612,0.0006698437876282,18.666666666666668,2,Haas F1 Team,-0.0047423779685114,0.0,18.0,18.0,0,Aggressive,1.0,High-Speed,train
2021,4,Barcelona,NOR,1.0001683399490724,0.0142681534045534,0.96642212525118,0.9978850038538776,1.0002618403979089,1.00210167180938,0.0001065711616529,19.0,2,McLaren,0.0038530502514708,1.0,9.0,8.0,0,Aggressive,1.0,High-Speed,train
2021,4,Barcelona,OCO,1.00670525668989,0.0108769950337249,0.9905829756370164,1.009491926773698,1.00796370561135,1.0031787036884057,0.0002913433221267,29.5,1,Alpine,-0.000585838084377,-4.0,5.0,9.0,2,Tyre Manager,1.0,High-Speed,train
2021,4,Barcelona,PER,0.990611061067566,0.0158759897941757,0.9450673578825964,0.9941909040405588,0.9909226723417852,0.987474729770611,-0.0002593269172531,19.33333333333333,2,Red Bull Racing,0.005198968301879,3.0,8.0,5.0,1,Frontrunner,1.0,High-Speed,train
2021,4,Barcelona,RAI,1.0078414744470912,0.0155301444387269,0.9853156248885294,1.005735721078972,1.0127820506895886,1.004276232713918,-7.046915781955187e-05,29.5,1,Alfa Romeo Racing,5.199435639546834e-05,5.0,17.0,12.0,2,Tyre Manager,1.0,High-Speed,train
2021,4,Barcelona,RIC,0.9924622394461304,0.0121381538440696,0.9732470898778876,0.9935435047920668,0.991656879949176,0.9926170113662012,-0.0002451139271062,19.33333333333333,2,McLaren,-0.0038530502514709,1.0,7.0,6.0,1,Frontrunner,1.0,High-Speed,train
2021,4,Barcelona,RUS,1.0125455530012937,0.0146443143243482,0.9893582868625376,1.0077998066353182,1.0118428500412302,1.0173875740832092,-0.0018832451096181,19.666666666666668,2,Williams,0.0014262756248411,1.0,15.0,14.0,0,Aggressive,1.0,High-Speed,train
2021,4,Barcelona,SAI,0.9933140275040416,0.0150431830363761,0.9698583879290869,0.9898530374543794,0.995471390087056,0.9939363454326312,-0.0003850630111666,19.33333333333333,2,Ferrari,0.0016107861340294,-1.0,6.0,7.0,1,Frontrunner,1.0,High-Speed,train
2021,4,Barcelona,STR,1.0044281541993934,0.0133859609882725,0.9822122873143644,1.0047040303621757,1.0047040028401524,1.0040537040973132,2.583966247752708e-05,19.0,2,Aston Martin,-0.0001665668517152,0.0,11.0,11.0,0,Aggressive,1.0,High-Speed,train
2021,4,Barcelona,VER,0.980213124463808,0.0135944607844428,0.9292058547257528,0.9866554100851388,0.9786834041696127,0.9746783531872008,0.0021160171060374,19.666666666666668,2,Red Bull Racing,-0.005198968301879,0.0,2.0,2.0,1,Frontrunner,1.0,High-Speed,train
2021,4,Barcelona,VET,1.004761287902824,0.0134076421381062,0.9847448961392576,0.9987032573611286,1.0059471226173422,1.008596637813724,0.0001266757348284,19.0,2,Aston Martin,0.0001665668517154,0.0,13.0,13.0,0,Aggressive,1.0,High-Speed,train
2021,5,Monaco,ALO,1.0068370595657428,0.0174023583966875,0.9782448545854004,1.0105117730253748,1.0047000246238451,1.0085604603001606,-0.000554751493038,37.0,1,Alpine,-7.567757862747548e-05,4.0,17.0,13.0,2,Tyre Manager,0.0,High-Degradation,train
2021,5,Monaco,GAS,0.995898967114113,0.0091917770964225,0.983277810012452,0.9980947670392718,0.992147484640892,1.0018634444606205,-0.0005101070557104,37.5,1,AlphaTauri,-0.0077864187848606,0.0,6.0,6.0,2,Tyre Manager,0.0,High-Degradation,train
2021,5,Monaco,GIO,1.0066206868845908,0.0130305580678265,0.9822216716974488,1.01185122703077,1.0046849411045131,1.0064672329922002,3.850036833481668e-05,37.0,1,Alfa Romeo Racing,2.8103780654209487e-05,0.0,10.0,10.0,2,Tyre Manager,0.0,High-Degradation,train
2021,5,Monaco,HAM,0.996005053674528,0.0139395329123152,0.9506418322043954,0.9968345039074092,0.9938719018586888,1.0004959080934728,0.0013587346512132,24.33333333333333,2,Mercedes,0.0,0.0,7.0,7.0,1,Frontrunner,0.0,High-Degradation,train
2021,5,Monaco,LAT,1.0109543074814376,0.01895717349673,0.9853770478978282,1.010824579649389,1.0131362369862225,1.0089060526533231,-0.0001205659433932,37.0,1,Williams,0.0001384045122514,3.0,18.0,15.0,2,Tyre Manager,0.0,High-Degradation,train
2021,5,Monaco,MAZ,1.0298278047503873,0.0231657359497773,1.0022361447039878,1.034325848254031,1.0326658175722676,1.0221284029698643,-0.000252548310635,35.0,1,Haas F1 Team,0.0040078814977928,2.0,19.0,17.0,2,Tyre Manager,0.0,High-Degradation,train
2021,5,Monaco,MSC,1.0218120417548016,0.0196145328777434,0.9964860583223046,1.0253419545139797,1.01905962644316,1.0247716648211629,-0.0001894459280355,33.0,1,Haas F1 Team,-0.0040078814977928,2.0,20.0,18.0,2,Tyre Manager,0.0,High-Degradation,train
2021,5,Monaco,NOR,0.990529959775473,0.0104500940767099,0.973603061497239,0.9871810597817128,0.9951730777280146,0.9873272836091296,-0.0002656580460064,37.5,1,McLaren,-0.0079867773033514,2.0,5.0,3.0,2,Tyre Manager,0.0,High-Degradation,train
2021,5,Monaco,OCO,1.006988414722998,0.0143763465738805,0.982026090528004,1.011190857491184,1.0027666945334688,1.011819651941941,-3.824631145318196e-05,37.0,1,Alpine,7.567757862769753e-05,2.0,11.0,9.0,2,Tyre Manager,0.0,High-Degradation,train
2021,5,Monaco,PER,0.9901542700802096,0.0140970911943205,0.9720644896309384,0.994098328222376,0.990091852347932,0.9879788421410198,-0.0007526016003513,37.5,1,Red Bull Racing,0.0006477671207008,5.0,9.0,4.0,2,Tyre Manager,0.0,High-Degradation,train
2021,5,Monaco,RAI,1.0065644793232822,0.0172540499588536,0.9775277236307688,1.0069733151887668,1.006201211885361,1.0084070094260804,-0.000309327721728,37.0,1,Alfa Romeo Racing,-2.810378065443153e-05,3.0,14.0,11.0,2,Tyre Manager,0.0,High-Degradation,train
2021,5,Monaco,RIC,1.006503514382176,0.0184191705514097,0.9724034969913096,1.0086897412795126,1.0082389953471114,1.0029522898936207,-0.0002887439115308,37.0,1,McLaren,0.0079867773033515,0.0,12.0,12.0,2,Tyre Manager,0.0,High-Degradation,train
2021,5,Monaco,RUS,1.0106774984569349,0.020713509754514,0.9849337305804196,1.0071043196723284,1.012618495185152,1.012426241935632,-0.0003158632988135,37.0,1,Williams,-0.0001384045122512,1.0,15.0,14.0,2,Tyre Manager,0.0,High-Degradation,train
2021,5,Monaco,SAI,0.9887088817755296,0.0104014122596605,0.9729641630103852,0.9839548916806806,0.9917062213106748,0.9897439381439964,-0.0001262083755906,37.5,1,Ferrari,0.0,2.0,4.0,2.0,1,Frontrunner,0.0,High-Degradation,train
2021,5,Monaco,STR,1.0007217121351772,0.0147197801677891,0.9736552164757576,1.002394842166333,1.0026754392415098,0.9972850999201268,-0.0006416765443658,37.0,1,Aston Martin,0.0024521403187409,5.0,13.0,8.0,2,Tyre Manager,0.0,High-Degradation,train
2021,5,Monaco,TSU,1.011471804683834,0.0194143842192141,0.96534953614666,1.0108192325276113,1.0102356762186822,1.0158815096942917,0.001081220774118,37.0,1,AlphaTauri,0.0077864187848604,0.0,16.0,16.0,2,Tyre Manager,0.0,High-Degradation,train
2021,5,Monaco,VER,0.988858735838808,0.0134099880635644,0.973329247860016,0.9882870049790616,0.9928737019812938,0.9809907466292752,-0.0004594507210462,38.0,1,Red Bull Racing,-0.0006477671207009,1.0,2.0,1.0,1,Frontrunner,0.0,High-Degradation,train
2021,5,Monaco,VET,0.9958174314976954,0.0106677621834935,0.982026090528004,1.0007082797507172,0.9928391444476996,0.9977929829669532,-0.0006457156614347,37.5,1,Aston Martin,-0.0024521403187408,3.0,8.0,5.0,2,Tyre Manager,0.0,High-Degradation,train
2021,6,Baku,ALO,1.0077026020315911,0.0193164080075028,0.983894255400408,1.00961321217398,1.0063851366926373,1.002203556799917,-0.0056277015952106,9.75,3,Alpine,0.0,2.0,8.0,6.0,0,Aggressive,1.0,High-Speed,train
2021,6,Baku,BOT,1.0051267780127244,0.02462127238039,0.9842761729993572,1.0062981725634852,1.0048147849338434,0.9979827733706642,-0.0033403754592056,13.333333333333334,2,Mercedes,0.0059423118124319,-2.0,10.0,12.0,0,Aggressive,1.0,High-Speed,train
2021,6,Baku,GAS,0.9985573295576275,0.016840895878734,0.9801309697912496,0.9995382413977324,0.9925061085242728,1.0033442214963446,-0.0028703753192608,13.333333333333334,2,AlphaTauri,-0.0009497871508016,1.0,4.0,3.0,0,Aggressive,1.0,High-Speed,train
2021,6,Baku,GIO,1.005325764926041,0.0158866369078049,0.9834378172943468,1.0107277276008575,1.0073908897456865,0.9958105132172476,-0.0028202241765905,12.666666666666666,2,Alfa Romeo Racing,-0.0006624726002313,9.0,20.0,11.0,0,Aggressive,1.0,High-Speed,train
2021,6,Baku,HAM,0.9932421543878606,0.0155370441618103,0.9759298762028076,0.9937071967225878,0.9928507214973952,0.991114481256805,-0.0019919183928091,13.333333333333334,2,Mercedes,-0.0059423118124318,-13.0,2.0,15.0,1,Frontrunner,1.0,High-Speed,train
2021,6,Baku,LAT,1.013610979545793,0.0213391048024609,0.9930602777751903,1.0210335070297376,1.0192050584609709,0.9951571604628068,-0.0019268492475651,13.0,2,Williams,0.0022078931573041,0.0,16.0,16.0,0,Aggressive,1.0,High-Speed,train
2021,6,Baku,LEC,0.999591767346977,0.0149731523695095,0.9816400100602686,0.9992127284295644,0.9973197409063668,1.0033101959869342,-0.0020194477368473,13.333333333333334,2,Ferrari,-0.0013208491181859,-3.0,1.0,4.0,0,Aggressive,1.0,High-Speed,train
2021,6,Baku,MAZ,1.0217663755487572,0.016560940656499,1.0036701349752686,1.0252217419267988,1.0202658113635017,1.0211908095015885,-0.0008673456297306,8.75,3,Haas F1 Team,0.0029850210543809,4.0,18.0,14.0,0,Aggressive,1.0,High-Speed,train
2021,6,Baku,MSC,1.015796333439995,0.0179217231052803,1.0025243821784209,1.016235741552462,1.0188270885795203,1.012045293076557,-0.0017115930928797,7.4,4,Haas F1 Team,-0.0029850210543809,4.0,17.0,13.0,0,Aggressive,1.0,High-Speed,train
2021,6,Baku,NOR,0.999264826535606,0.0144319370513376,0.981118366510484,1.0022329518455575,0.999739937041122,0.996035591929199,-0.0028854987083711,13.0,2,McLaren,-0.0011707123897748,4.0,9.0,5.0,0,Aggressive,1.0,High-Speed,train
2021,6,Baku,PER,0.9918050729835216,0.0163028935449139,0.9751660410049092,0.9888983298835672,0.9876711539348116,0.9992796313579096,-0.0020061421078011,13.333333333333334,2,Red Bull Racing,0.0007759080103172,5.0,6.0,1.0,1,Frontrunner,1.0,High-Speed,train
2021,6,Baku,RAI,1.0066507101265036,0.0175262126676251,0.9836800089424608,1.008832087023128,1.0085197838540847,1.0022533585480269,-0.0012641097762649,12.666666666666666,2,Alfa Romeo Racing,0.0006624726002313,4.0,14.0,10.0,0,Aggressive,1.0,High-Speed,train
2021,6,Baku,RIC,1.0016062513151558,0.0149064639818147,0.9847232960420296,1.0063303882799222,1.003085883427961,0.99407831500692,-0.0012471380957664,13.0,2,McLaren,0.0011707123897748,4.0,13.0,9.0,0,Aggressive,1.0,High-Speed,train
2021,6,Baku,RUS,1.009195193231185,0.0180731152390411,0.9870148016357252,1.0113332029162,1.0150735570658702,0.9981037813853344,-0.0034017619916477,19.0,1,Williams,-0.0022078931573041,-2.0,15.0,17.0,2,Tyre Manager,1.0,High-Speed,train
2021,6,Baku,SAI,1.0022334655833487,0.0184202835698526,0.9846022002179724,1.0053321779477489,1.0005910521792685,0.9958281983480304,-0.0034488388442736,13.0,2,Ferrari,0.0013208491181857,-3.0,5.0,8.0,0,Aggressive,1.0,High-Speed,train
2021,6,Baku,STR,1.0017049892810237,0.011357864392302,0.9893249373561988,1.0022482686928815,1.0024113029103578,1.0016929426927097,-0.0012366014323141,28.0,0,Aston Martin,0.0014831244319475,0.0,19.0,19.0,2,Tyre Manager,1.0,High-Speed,train
2021,6,Baku,TSU,1.0004569038592308,0.0205590648338768,0.9775134369789388,1.005208207490691,0.995384030242958,0.996639251827656,-0.0040772867621194,13.333333333333334,2,AlphaTauri,0.0009497871508015,0.0,7.0,7.0,0,Aggressive,1.0,High-Speed,train
2021,6,Baku,VER,0.9902532569628872,0.0149821322456404,0.9732471379467738,0.9868847750483184,0.9851812175314044,1.0005300816202898,-0.0019707677987259,19.0,1,Red Bull Racing,-0.0007759080103172,-15.0,3.0,18.0,1,Frontrunner,1.0,High-Speed,train
2021,6,Baku,VET,0.9987387404171286,0.0215550649190013,0.9770569988728772,0.9997449589115384,1.0001774929694345,0.989126419349821,-0.0020003885463411,13.333333333333334,2,Aston Martin,-0.0014831244319475,9.0,11.0,2.0,0,Aggressive,1.0,High-Speed,train
2021,7,Le Castellet,ALO,0.9990724591247232,0.013320871833168,0.977662524905634,0.9981335326749812,1.0002513404825737,1.0005230783045975,-6.222694020597262e-05,25.0,1,Alpine,-0.0033366918861219,1.0,9.0,8.0,2,Tyre Manager,1.0,High-Speed,train
2021,7,Le Castellet,BOT,0.9880535058121488,0.0085948174447305,0.9707940767143588,0.9919038438840146,0.9880080428954424,0.9875727370689656,0.0001084215237403,25.0,1,Mercedes,0.0004670273848599,-1.0,3.0,4.0,1,Frontrunner,1.0,High-Speed,train
2021,7,Le Castellet,GAS,0.9990181923766234,0.0106959347045527,0.9822381529281016,0.999774953771098,0.9992915549597856,1.00010775862069,-8.838988201986946e-05,25.0,1,AlphaTauri,-0.0027893431369564,-1.0,6.0,7.0,2,Tyre Manager,1.0,High-Speed,train
2021,7,Le Castellet,GIO,1.0064977881978507,0.0118796737153579,0.9882355297015328,1.0074881587367606,1.0066641133665262,1.007538521874267,0.0001955967205833,24.5,1,Alfa Romeo Racing,-0.0005313678681921,-2.0,13.0,15.0,2,Tyre Manager,1.0,High-Speed,train
2021,7,Le Castellet,HAM,0.9871194510424292,0.0113029966003788,0.9752996185307928,0.984872329543219,0.9899601797823688,0.9856797244759974,-0.0005542986839005,25.5,1,Mercedes,-0.0004670273848598,0.0,2.0,2.0,1,Frontrunner,1.0,High-Speed,train
2021,7,Le Castellet,LAT,1.0076416441202272,0.0133175430060002,0.9843407391091042,1.0136835943804283,1.0034647371012748,1.008711404820549,-0.0008100267473377,24.5,1,Williams,0.0015288192231548,-2.0,16.0,18.0,2,Tyre Manager,1.0,High-Speed,train
2021,7,Le Castellet,LEC,1.0032552805908714,0.0119955468708808,0.9780129559358012,1.0052687136018028,1.0053826079516284,1.002393043837124,0.0008503215473876,15.666666666666666,2,Ferrari,-0.0002322473663884,-9.0,7.0,16.0,0,Aggressive,1.0,High-Speed,train
2021,7,Le Castellet,MAZ,1.015242625980977,0.0124462912029899,0.9943931035173262,1.0172036552749122,1.0174878262296876,1.014351780582923,0.0003857921286739,24.5,1,Haas F1 Team,0.0027234801454507,-2.0,18.0,20.0,2,Tyre Manager,1.0,High-Speed,train
2021,7,Le Castellet,MSC,1.0097956656900755,0.0119028656867906,0.9896873153979394,1.0055717441584997,1.015031943414523,1.0104209655478114,-0.0007071440572728,23.5,1,Haas F1 Team,-0.0027234801454507,-4.0,15.0,19.0,2,Tyre Manager,1.0,High-Speed,train
2021,7,Le Castellet,NOR,0.9961556714759154,0.0132645749139058,0.9754498032580072,0.9935444781052052,1.000152815013405,0.9966675646551724,-0.0005299096707766,25.0,1,McLaren,-0.0013578701803218,3.0,8.0,5.0,2,Tyre Manager,1.0,High-Speed,train
2021,7,Le Castellet,OCO,1.0057458428969674,0.0127623473504291,0.987664827738118,1.00727056373165,1.0052860152103738,1.0068998504574245,0.0002529837587872,24.5,1,Alpine,0.0033366918861221,-3.0,11.0,14.0,2,Tyre Manager,1.0,High-Speed,train
2021,7,Le Castellet,PER,0.9864871792304536,0.0111811219529495,0.9681207885699412,0.9896470865955856,0.9880810991957104,0.9852994791666668,-0.0002377105742618,25.0,1,Red Bull Racing,0.0017734691221222,1.0,4.0,3.0,1,Frontrunner,1.0,High-Speed,train
2021,7,Le Castellet,RAI,1.0075605239342351,0.0140034571607569,0.9811267859467144,1.00746166192802,1.0116779285440716,1.0065777658045978,0.0001571230151286,24.5,1,Alfa Romeo Racing,0.0005313678681921,0.0,17.0,17.0,2,Tyre Manager,1.0,High-Speed,train
2021,7,Le Castellet,RIC,0.998871411836559,0.0095318210438668,0.9844508745757282,0.9962237872290198,1.001959785522788,1.0000175107758622,-0.0004375284084326,25.0,1,McLaren,0.0013578701803217,4.0,10.0,6.0,2,Tyre Manager,1.0,High-Speed,train
2021,7,Le Castellet,RUS,1.0045840056739177,0.0117371700371726,0.9843507514242518,1.0081843021663952,0.9995759697981068,1.0075985404937835,-0.0007679649368264,24.5,1,Williams,-0.0015288192231546,2.0,14.0,12.0,2,Tyre Manager,1.0,High-Speed,train
2021,7,Le Castellet,SAI,1.0037197753236482,0.0080083591325586,0.9905283498703406,1.0013573592477476,1.0064597855227884,1.0049447737068968,0.0001615597128445,25.0,1,Ferrari,0.0002322473663882,-6.0,5.0,11.0,2,Tyre Manager,1.0,High-Speed,train
2021,7,Le Castellet,STR,1.001178849985482,0.0125361132792876,0.9794847662625028,1.007067710587402,0.9953552278820376,1.0034280711206898,-0.0003712424295632,25.0,1,Aston Martin,0.0009174284369775,9.0,19.0,10.0,2,Tyre Manager,1.0,High-Speed,train
2021,7,Le Castellet,TSU,1.0045968786505362,0.00937115405674,0.9910189533125744,1.007184649836643,1.0035399682661268,1.0055423300785833,-0.0003986441289323,24.5,1,AlphaTauri,0.0027893431369563,-13.0,0.0,13.0,2,Tyre Manager,1.0,High-Speed,train
2021,7,Le Castellet,VER,0.9829402409862088,0.0158536405229666,0.9652272294922756,0.9818641722731506,0.98232067625978,0.9824892241379312,-0.0002602007568642,16.333333333333332,2,Red Bull Racing,-0.0017734691221222,0.0,1.0,1.0,1,Frontrunner,1.0,High-Speed,train
2021,7,Le Castellet,VET,0.9993439931115272,0.0141924296380744,0.9725762688106372,0.9997482000236062,0.9950147453083108,1.003718570402299,-0.0005336900522095,25.0,1,Aston Martin,-0.0009174284369773,3.0,12.0,9.0,2,Tyre Manager,1.0,High-Speed,train
2021,8,Spielberg,ALO,1.0053023877500422,0.0105415869845078,0.99116113171619,1.0032199819184322,1.0048204171784725,1.0067824182612384,-0.0001929995138014,33.5,1,Alpine,-0.0010353442320731,-1.0,8.0,9.0,2,Tyre Manager,1.0,High-Speed,train
2021,8,Spielberg,BOT,0.9939857059860177,0.0148824162192135,0.9751033806539626,0.9970201084023556,0.9908683177072328,0.9926956087478988,-0.0004797819702776,34.5,1,Mercedes,0.0033842451391543,2.0,5.0,3.0,2,Tyre Manager,1.0,High-Speed,train
2021,8,Spielberg,GIO,1.0078488064431224,0.0121888926566747,0.9907916613377672,1.0010146430081062,1.0075070127872847,1.0130239760512014,-9.4008012478862e-05,33.5,1,Alfa Romeo Racing,0.0011368319336091,0.0,15.0,15.0,2,Tyre Manager,1.0,High-Speed,train
2021,8,Spielberg,HAM,0.9872172157077088,0.0117630270776982,0.9529209475494168,0.994387144566642,0.9852305982712296,0.9810698835053628,-4.946640773001809e-05,22.33333333333333,2,Mercedes,-0.0033842451391544,0.0,2.0,2.0,1,Frontrunner,1.0,High-Speed,train
2021,8,Spielberg,LAT,1.0146278296457347,0.0177986471732712,0.99620582342158,1.0090078138355465,1.0189318441698694,1.0119511973875182,-0.0004348440548328,32.0,1,Williams,0.0,-1.0,16.0,17.0,2,Tyre Manager,1.0,High-Speed,train
2021,8,Spielberg,LEC,0.9964607493703286,0.0130043573558183,0.976794418155206,0.9983293531358948,0.994848590725731,0.996368715480097,1.4665548933448551e-05,33.0,1,Ferrari,-0.0013503124915623,0.0,7.0,7.0,2,Tyre Manager,1.0,High-Speed,train
2021,8,Spielberg,MAZ,1.0278764307412471,0.0133813555562903,1.008242031518665,1.0214485155849335,1.0285287053574703,1.0312338160458392,7.58934415096933e-05,32.5,1,Haas F1 Team,0.0041142003988914,2.0,20.0,18.0,2,Tyre Manager,1.0,High-Speed,train
2021,8,Spielberg,MSC,1.0196480299434645,0.0165218366628265,0.9947989939037388,1.0094445509283965,1.0205045724532436,1.0258141128500229,-0.0001032415289286,33.0,1,Haas F1 Team,-0.0041142003988914,3.0,19.0,16.0,2,Tyre Manager,1.0,High-Speed,train
2021,8,Spielberg,NOR,0.9990006745760076,0.0149996795566007,0.9791391340182748,1.006843099449473,0.9948893987604888,0.9954468842174258,-0.0004503158020416,34.0,1,McLaren,-0.0040036926327339,-2.0,3.0,5.0,2,Tyre Manager,1.0,High-Speed,train
2021,8,Spielberg,OCO,1.0073730762141886,0.0139277958617479,0.9887027326597604,1.0047168567669371,1.0067209927556258,1.0095733700988014,-0.0002426420230336,33.5,1,Alpine,0.0010353442320731,3.0,17.0,14.0,2,Tyre Manager,1.0,High-Speed,train
2021,8,Spielberg,PER,0.9894872739512568,0.016282284467286,0.964800841255631,0.9936403179323002,0.9851594866881483,0.9890737799368716,-0.0001878156093754,22.33333333333333,2,Red Bull Racing,0.0025705806750566,0.0,4.0,4.0,1,Frontrunner,1.0,High-Speed,train
2021,8,Spielberg,RAI,1.0055751425759043,0.0135021271658154,0.98233647383155,0.9995739009664196,1.0046255714408296,1.0109639545146127,-0.0003390176911219,33.5,1,Alfa Romeo Racing,-0.0011368319336089,7.0,18.0,11.0,2,Tyre Manager,1.0,High-Speed,train
2021,8,Spielberg,RIC,1.0070080598414757,0.0153718024414792,0.98485171448466,0.9972426884892877,1.0110701771768795,1.008101027704774,-3.905399626202236e-05,33.5,1,McLaren,0.0040036926327338,0.0,13.0,13.0,2,Tyre Manager,1.0,High-Speed,train
2021,8,Spielberg,SAI,0.9991613743534532,0.0169644883286269,0.9749612766622614,0.9968897322039868,0.9967928676030324,1.0035833753187335,-0.000620995676562,33.5,1,Ferrari,0.0013503124915623,6.0,12.0,6.0,2,Tyre Manager,1.0,High-Speed,train
2021,8,Spielberg,STR,1.0068277688689506,0.0163776272447398,0.9917011268846544,1.0053704428536865,1.0025223993397294,1.0095553981927992,-0.0004672066520132,32.5,1,Aston Martin,-2.810754958693096e-05,1.0,9.0,8.0,2,Tyre Manager,1.0,High-Speed,train
2021,8,Spielberg,TSU,1.0053248698741026,0.0116565334293337,0.9897543021983488,0.993649338355802,1.0102561865892088,1.0067076481444082,-0.000310048584676,33.5,1,AlphaTauri,0.0,1.0,11.0,10.0,2,Tyre Manager,1.0,High-Speed,train
2021,8,Spielberg,VER,0.9843461126011436,0.0101886922302286,0.9665487203535548,0.9914248507540232,0.9779204512027884,0.985051273230373,-6.113887321750614e-05,34.5,1,Red Bull Racing,-0.0025705806750566,0.0,1.0,1.0,1,Frontrunner,1.0,High-Speed,train
2021,8,Spielberg,VET,1.0068839839681247,0.0120654982724931,0.992184280456438,0.9971066089576052,1.0104723658017762,1.0086852129166424,-0.0002507654370134,33.5,1,Aston Martin,2.8107549587153e-05,2.0,14.0,12.0,2,Tyre Manager,1.0,High-Speed,train
2021,9,Spielberg,ALO,1.004587157983271,0.01545484661207,0.978976443312248,0.998013707840894,1.00577049422815,1.0088211510358307,-0.0006628649104472,32.5,1,Alpine,0.0,4.0,14.0,10.0,2,Tyre Manager,1.0,High-Speed,train
2021,9,Spielberg,BOT,0.9919632394587312,0.0091591854090105,0.9785327875890888,0.999693435081622,0.9883585474163152,0.9914689248588272,-0.0002386446501585,33.0,1,Mercedes,-0.0009217348803604,3.0,5.0,2.0,2,Tyre Manager,1.0,High-Speed,train
2021,9,Spielberg,GAS,0.9966531274150614,0.0147037798110927,0.9752697713026304,0.9977144412919496,0.9947935862511016,0.9990792792155752,-0.0004724586757273,21.33333333333333,2,AlphaTauri,-0.002769854289308,-3.0,6.0,9.0,1,Frontrunner,1.0,High-Speed,train
2021,9,Spielberg,GIO,1.0077794047141997,0.0157774454349112,0.9880928528494148,1.000406600177686,1.0101980009614615,1.0108556663366803,-0.0006882281480459,32.0,1,Alfa Romeo Racing,0.0008452714886795,1.0,15.0,14.0,2,Tyre Manager,1.0,High-Speed,train
2021,9,Spielberg,HAM,0.9938067092194522,0.0072876483323715,0.9749835418038184,1.0005221319462358,0.9922827698101112,0.9910874228067694,0.0003818450870069,21.33333333333333,2,Mercedes,0.0009217348803605,0.0,4.0,4.0,1,Frontrunner,1.0,High-Speed,train
2021,9,Spielberg,LAT,1.011466133545877,0.0145379754091687,0.9856885250593926,1.0053795228930642,1.0174298163978477,1.008272140813507,-0.0007019867377131,32.5,1,Williams,0.0029290239601611,2.0,18.0,16.0,2,Tyre Manager,1.0,High-Speed,train
2021,9,Spielberg,LEC,1.0002934953245513,0.0125383085671989,0.9831697054698456,0.9946037225892784,1.002382205567848,1.0024665571547202,-0.0004448555865984,32.5,1,Ferrari,0.0006087881263197,4.0,12.0,8.0,2,Tyre Manager,1.0,High-Speed,train
2021,9,Spielberg,MAZ,1.0230789230138058,0.0142753433326187,0.9983255574319492,1.018945538264599,1.022155810164784,1.028414965665708,-2.946584744955599e-05,20.0,2,Haas F1 Team,0.002671912617314,1.0,20.0,19.0,0,Aggressive,1.0,High-Speed,train
2021,9,Spielberg,MSC,1.0177350977791777,0.0159066220029833,0.9931304920285086,1.0107435020168234,1.016870086976649,1.025333372243286,-0.0002428785111081,31.5,1,Haas F1 Team,-0.0026719126173142,1.0,19.0,18.0,2,Tyre Manager,1.0,High-Speed,train
2021,9,Spielberg,NOR,0.9914807692808092,0.0087813155369689,0.979921000658328,1.0024733622876518,0.9891879292888828,0.9863734216725306,-3.934984338735535e-06,33.0,1,McLaren,-0.0047643116917811,-1.0,2.0,3.0,2,Tyre Manager,1.0,High-Speed,train
2021,9,Spielberg,PER,0.9973266164810948,0.0148181275192709,0.9759280991498984,0.9869151626180256,1.0006165679525183,1.0016143946563971,-0.0007060373746724,32.5,1,Red Bull Racing,0.0064360044508687,-3.0,3.0,6.0,2,Tyre Manager,1.0,High-Speed,train
2021,9,Spielberg,RAI,1.0060888617368406,0.0141789891757905,0.9806222629304177,1.005102205313387,1.0039730390193091,1.0105816598312356,-0.0006627544646037,32.0,1,Alfa Romeo Racing,-0.0008452714886795,1.0,16.0,15.0,2,Tyre Manager,1.0,High-Speed,train
2021,9,Spielberg,RIC,1.0010093926643715,0.013345958748772,0.9849157054125998,0.9989022717936828,1.0055682212720911,0.9966029978758024,-0.000719477143324,33.0,1,McLaren,0.0047643116917812,6.0,13.0,7.0,2,Tyre Manager,1.0,High-Speed,train
2021,9,Spielberg,RUS,1.0056080856255547,0.0123817635422498,0.9860606234078486,0.9978568409136503,1.0109080802820287,1.004756075284024,-0.0004148879202923,32.0,1,Williams,-0.0029290239601611,-3.0,8.0,11.0,2,Tyre Manager,1.0,High-Speed,train
2021,9,Spielberg,SAI,0.9990759190719118,0.0149074475856938,0.9697741649254372,0.9961424927635916,0.9992927095338762,1.0017347852731813,-0.0002431628178679,32.5,1,Ferrari,-0.0006087881263197,5.0,10.0,5.0,2,Tyre Manager,1.0,High-Speed,train
2021,9,Spielberg,STR,1.0043995291297578,0.0154686715692512,0.9826115579471622,1.001851010276769,1.0030102899264024,1.0091071737232111,-0.0003686797547891,21.0,2,Aston Martin,0.0008377507279908,-4.0,9.0,13.0,0,Aggressive,1.0,High-Speed,train
2021,9,Spielberg,TSU,1.0021928359936776,0.0140441326440163,0.9796920170592782,0.9989259682321326,1.002646562457475,1.0047791897600975,-0.000640212943511,21.0,2,AlphaTauri,0.002769854289308,-5.0,7.0,12.0,0,Aggressive,1.0,High-Speed,train
2021,9,Spielberg,VER,0.9844546075793572,0.0093348331464648,0.9474196410682086,0.9918608316854384,0.979448261357263,0.9862842066185828,5.592917570437221e-05,21.33333333333333,2,Red Bull Racing,-0.0064360044508686,0.0,1.0,1.0,1,Frontrunner,1.0,High-Speed,train
2021,9,Spielberg,VET,1.002724027673776,0.0143274903605044,0.979191115436357,0.9978884756439732,1.0028208037507331,1.0071258799001828,-0.0003860871093495,20.666666666666668,2,Aston Martin,-0.000837750727991,-6.0,11.0,17.0,0,Aggressive,1.0,High-Speed,train
2021,10,Silverstone,ALO,1.001321359720423,0.0093151977019628,0.9835253233798829,1.006655405405405,0.9964624904273592,1.0036634507637985,-0.0008127529974935,23.0,1,Alpine,-0.0002078687472659,0.0,7.0,7.0,2,Tyre Manager,1.0,High-Speed,train
2021,10,Silverstone,BOT,0.9881714172195064,0.0099533963424535,0.9709333504944548,0.9911883078730904,0.9871977207807496,0.9874211917318916,-0.0005782033915754,23.0,1,Mercedes,0.0024664448778248,0.0,3.0,3.0,1,Frontrunner,1.0,High-Speed,train
2021,10,Silverstone,GAS,1.0000477781223005,0.0139846993674388,0.9681661196559196,0.999482493857494,1.002691092089962,0.9980947621022483,-0.0016089648229611,14.666666666666666,2,AlphaTauri,-0.0013780299999126,0.0,11.0,11.0,0,Aggressive,1.0,High-Speed,train
2021,10,Silverstone,GIO,1.0070243807099462,0.0102185992664664,0.9904755775789948,1.0063370870870871,1.010883200641721,1.0034225358824729,-0.0008101362093922,22.5,1,Alfa Romeo Racing,-0.000368725762895,2.0,15.0,13.0,2,Tyre Manager,1.0,High-Speed,train
2021,10,Silverstone,HAM,0.9832385274638568,0.0117583631631466,0.9620846472316964,0.9867567567567568,0.9817946560465012,0.9825990326862538,-0.0004875227454809,23.0,1,Mercedes,-0.0024664448778248,1.0,2.0,1.0,1,Frontrunner,1.0,High-Speed,train
2021,10,Silverstone,LAT,1.0068167788098286,0.010939185474805,0.9918806444001116,1.0060277777777775,1.0077483704474628,1.0076638809823977,-0.0009106089430582,22.5,1,Williams,0.0003353569155746,3.0,17.0,14.0,2,Tyre Manager,1.0,High-Speed,train
2021,10,Silverstone,LEC,0.987376782681444,0.007898056665149,0.9714160070360598,0.9938631022326676,0.984266788707692,0.9857827256683976,-0.0001998779486699,23.0,1,Ferrari,-0.0029221705834128,2.0,4.0,2.0,1,Frontrunner,1.0,High-Speed,train
2021,10,Silverstone,MAZ,1.02244819253286,0.0218100925136452,0.9965141471995196,1.0215533196239717,1.0238048733547516,1.0228088377147255,-0.0017418249532606,23.0,1,Haas F1 Team,0.000997259609321,2.0,19.0,17.0,2,Tyre Manager,1.0,High-Speed,train
2021,10,Silverstone,MSC,1.0204536733142178,0.0160697719921168,0.9960100392560652,1.0160300300300298,1.0249694436027712,1.0202094245374165,-0.0012270228877001,22.5,1,Haas F1 Team,-0.0009972596093212,0.0,18.0,18.0,2,Tyre Manager,1.0,High-Speed,train
2021,10,Silverstone,NOR,0.9919034948064288,0.0069250408104981,0.9805435785228565,0.9973501762632198,0.9872676003416082,0.9937733203815686,-0.0005217708649878,23.0,1,McLaren,-0.0015478818606013,1.0,5.0,4.0,1,Frontrunner,1.0,High-Speed,train
2021,10,Silverstone,OCO,1.001737097214955,0.0097188224240856,0.9890168822532552,1.0023296122209162,1.002259630062187,1.001588455976714,-0.0006475223746309,23.0,1,Alpine,0.0002078687472661,0.0,9.0,9.0,2,Tyre Manager,1.0,High-Speed,train
2021,10,Silverstone,PER,1.0017797002319817,0.0214782533681932,0.9504794388313276,0.9997506435006436,1.0029007927620706,1.0037709785048656,-0.0007581516760907,10.5,3,Red Bull Racing,0.0,-16.0,0.0,16.0,0,Aggressive,1.0,High-Speed,train
2021,10,Silverstone,RAI,1.0077618322357365,0.0173988653081243,0.98563828646202,1.0132575075075074,1.004501707498796,1.007559905208753,-0.0006551212935993,22.5,1,Alfa Romeo Racing,0.0003687257628952,-2.0,13.0,15.0,2,Tyre Manager,1.0,High-Speed,train
2021,10,Silverstone,RIC,0.9949992585276316,0.0089880532368723,0.979084883197117,1.00144535840188,0.9905278828039576,0.9954762062178644,-0.0004433739708887,23.0,1,McLaren,0.0015478818606013,1.0,6.0,5.0,2,Tyre Manager,1.0,High-Speed,train
2021,10,Silverstone,RUS,1.0061460649786793,0.0111238215056455,0.9872900444044018,1.001605855855856,1.0085774551607742,1.0091022125178166,-0.0010917404120562,22.5,1,Williams,-0.0003353569155746,0.0,12.0,12.0,2,Tyre Manager,1.0,High-Speed,train
2021,10,Silverstone,SAI,0.9932211238482694,0.0095301779594028,0.978430615440719,0.9952563160987072,0.9927915223491446,0.9928053285323652,-0.000759611733018,23.0,1,Ferrari,0.0029221705834127,4.0,10.0,6.0,2,Tyre Manager,1.0,High-Speed,train
2021,10,Silverstone,STR,1.001884459018962,0.0084585421643218,0.986678679451702,0.9956933019976496,1.005838952814686,1.004486498124198,-0.0008045746448937,23.0,1,Aston Martin,-0.0027110092296704,6.0,14.0,8.0,2,Tyre Manager,1.0,High-Speed,train
2021,10,Silverstone,TSU,1.0028038381221256,0.0147276033805682,0.9741725121736704,0.9974838425381902,1.006686099294274,1.0045085364675246,-0.0015375809809171,23.0,1,AlphaTauri,0.0013780299999126,6.0,16.0,10.0,2,Tyre Manager,1.0,High-Speed,train
2021,10,Silverstone,VET,1.0073064774783032,0.007123594479764,0.9981230023382028,0.9994973382473382,1.0124374683374513,1.010041932956894,-0.0002929087186524,16.5,1,Aston Martin,0.0027110092296707,-11.0,8.0,19.0,2,Tyre Manager,1.0,High-Speed,train
2021,11,Budapest,ALO,0.9953210392769204,0.0171253350098533,0.9652153023842412,1.0038729886020783,0.984888832087426,0.996263040672084,-0.0003237263068055,32.0,1,Alpine,0.0008737275539005,5.0,9.0,4.0,2,Tyre Manager,1.0,High-Speed,train
2021,11,Budapest,GAS,0.9992955959246856,0.017910863288901,0.9416131163293496,1.0018589209823408,0.997467994433156,0.9969288760737672,-0.0010148693558698,20.666666666666668,2,AlphaTauri,-0.0027479778764695,0.0,5.0,5.0,1,Frontrunner,1.0,High-Speed,train
2021,11,Budapest,GIO,1.0079365094992572,0.0125806309211415,0.9937661401717616,1.0043558305809424,1.008406921834531,1.0104127639616238,0.0002819344271777,20.33333333333333,2,Alfa Romeo Racing,0.0022068285171668,-13.0,0.0,13.0,0,Aggressive,1.0,High-Speed,train
2021,11,Budapest,HAM,0.9868409419608531,0.0221392906123496,0.9454687406161792,0.985617405736331,0.9886942343507772,0.9846257704807024,-0.0002438967100496,20.33333333333333,2,Mercedes,0.0,-1.0,1.0,2.0,1,Frontrunner,1.0,High-Speed,train
2021,11,Budapest,LAT,1.0067312023301906,0.0083118088941248,0.9949072127800132,1.0071216057660073,1.007899710033187,1.003314393939394,-0.0003109876380202,32.0,1,Williams,0.0001548330430605,11.0,18.0,7.0,2,Tyre Manager,1.0,High-Speed,train
2021,11,Budapest,MSC,1.0134621782570854,0.0160033170538563,0.993465857906432,1.0154228458620012,1.0105270271205038,1.013234231111326,-0.0002987989290001,31.5,1,Haas F1 Team,0.0,8.0,20.0,12.0,2,Tyre Manager,1.0,High-Speed,train
2021,11,Budapest,OCO,0.993573584169119,0.0118094670752876,0.9779712930154346,1.000649513912169,0.9846824611980824,0.9944358917386152,-0.0004082473889092,32.0,1,Alpine,-0.0008737275539006,7.0,8.0,1.0,2,Tyre Manager,1.0,High-Speed,train
2021,11,Budapest,RAI,1.0035228524649238,0.0154953330893132,0.9791363882049128,0.999310848908844,1.0078535311764472,1.0019288035589895,-0.0004475096259373,20.33333333333333,2,Alfa Romeo Racing,-0.0022068285171665,3.0,13.0,10.0,0,Aggressive,1.0,High-Speed,train
2021,11,Budapest,RIC,1.0115705537398705,0.0131211572820129,0.9945588853522312,1.0043412671806908,1.0147124500276288,1.0152750700371893,-0.0008585056082016,31.0,1,McLaren,0.0,0.0,11.0,11.0,2,Tyre Manager,1.0,High-Speed,train
2021,11,Budapest,RUS,1.0064215362440694,0.0131955000462819,0.9862710948291392,1.006045717398592,1.0081286036338035,1.0032925713136955,-0.0008643870557728,32.0,1,Williams,-0.0001548330430607,9.0,17.0,8.0,2,Tyre Manager,1.0,High-Speed,train
2021,11,Budapest,SAI,0.9953135322202872,0.0159511540890156,0.977995315596661,0.998414452732149,0.9882530966109082,0.9988804331725072,-0.0007073450506593,32.0,1,Ferrari,0.0,12.0,15.0,3.0,2,Tyre Manager,1.0,High-Speed,train
2021,11,Budapest,TSU,1.0047915516776245,0.0111294975344368,0.9903309110563931,1.0078981955951452,1.0067390213546894,0.9969648600933516,-0.0003803879755175,31.5,1,AlphaTauri,0.0027479778764694,10.0,16.0,6.0,2,Tyre Manager,1.0,High-Speed,train
2021,11,Budapest,VER,1.0029813185684866,0.0178605450446581,0.9722539186835624,0.9942415624019986,1.0093516054418386,1.0045292081019237,-0.0008270982296042,20.666666666666668,2,Red Bull Racing,0.0,-6.0,3.0,9.0,0,Aggressive,1.0,High-Speed,train
2021,11,Budapest,VET,0.9939671416131164,0.0119340541533062,0.9784277220587352,0.9951155506201812,0.9927120696590794,0.99267156551549,-0.0003817668649931,32.0,1,Aston Martin,0.0,-10.0,10.0,20.0,2,Tyre Manager,1.0,High-Speed,train
2021,13,Zandvoort,ALO,0.9998099460416208,0.013779130151896,0.9731771668750776,1.0011907415642738,1.0005651997057234,0.9983263704106332,-0.0005413396500425,34.0,1,Alpine,-0.0004660847074536,3.0,9.0,6.0,2,Tyre Manager,0.0,High-Degradation,train
2021,13,Zandvoort,BOT,0.9842443920603272,0.0128993217536851,0.9499486064827848,0.9866946947891512,0.9793140196937288,0.9849973770533248,0.004048131662793,22.666666666666668,2,Mercedes,0.0044509859821507,0.0,3.0,3.0,1,Frontrunner,0.0,High-Degradation,train
2021,13,Zandvoort,GAS,0.9951997610460004,0.0124509604327871,0.9796586422945732,0.9880432968419024,1.0012968949347625,0.993915441548593,-0.0003770688882369,34.5,1,AlphaTauri,-0.0088467770533325,0.0,4.0,4.0,2,Tyre Manager,0.0,High-Degradation,train
2021,13,Zandvoort,GIO,1.0063371404657095,0.0130120093013016,0.983678466443634,1.0053170716701654,1.011273142804708,1.0027489647990346,-0.0004379839443966,21.666666666666668,2,Alfa Romeo Racing,-0.0043877944986341,-7.0,7.0,14.0,0,Aggressive,0.0,High-Degradation,train
2021,13,Zandvoort,HAM,0.9753424200960256,0.013795391727234,0.930936278585598,0.9777423612321636,0.9693394401414756,0.9774148490383584,-8.001325592961177e-06,16.5,3,Mercedes,-0.0044509859821508,0.0,2.0,2.0,1,Frontrunner,0.0,High-Degradation,train
2021,13,Zandvoort,KUB,1.0151127294629778,0.01579096863413,0.9878292294900584,1.0163965171106255,1.0166926200364534,1.0128023546955536,0.0005467041298087,33.0,1,Alfa Romeo Racing,0.0043877944986341,1.0,16.0,15.0,2,Tyre Manager,0.0,High-Degradation,train
2021,13,Zandvoort,LAT,1.015152855039599,0.0138013455204304,0.99238590311831,1.0107723148013668,1.0224966943627096,1.0125891441043415,0.0002216180047028,33.5,1,Williams,0.0035611043953356,-16.0,0.0,16.0,2,Tyre Manager,0.0,High-Degradation,train
2021,13,Zandvoort,LEC,0.9943548005088132,0.0105611626032233,0.9791610744845918,0.9987017220385762,0.9875826008396312,0.9981974352005764,0.0001196892529777,34.0,1,Ferrari,-0.0027637735203807,0.0,5.0,5.0,2,Tyre Manager,0.0,High-Degradation,train
2021,13,Zandvoort,MAZ,1.0260998380781283,0.0143615393672113,0.9959998166855436,1.0258968049610366,1.0280516672569011,1.0250488588943516,0.0011611455506223,18.5,1,Haas F1 Team,0.003998875085774,-2.0,18.0,20.0,0,Aggressive,0.0,High-Degradation,train
2021,13,Zandvoort,MSC,1.01810208790658,0.0192333744263146,0.9941797660121904,1.014783224637896,1.01953945826564,1.021152772371228,0.0001212236918398,20.33333333333333,2,Haas F1 Team,-0.0039988750857742,-1.0,17.0,18.0,0,Aggressive,0.0,High-Degradation,train
2021,13,Zandvoort,NOR,1.0004361420625418,0.0183168949256395,0.972037998468015,1.0021182429896909,0.9978548725038842,1.0024598815565768,7.454478208072311e-05,34.0,1,McLaren,-0.0012718403192444,3.0,13.0,10.0,2,Tyre Manager,0.0,High-Degradation,train
2021,13,Zandvoort,OCO,1.000742115456528,0.0132884542472492,0.9777862160622746,0.9989313570533234,1.0053510323254762,0.9984180155354287,-0.0005666439736073,34.0,1,Alpine,0.0004660847074537,-1.0,8.0,9.0,2,Tyre Manager,0.0,High-Degradation,train
2021,13,Zandvoort,PER,0.9939212608860316,0.018507686569667,0.9618902339223402,0.9998678537897396,0.9853209547903028,0.9980659718491456,0.0021011339392534,22.0,2,Red Bull Racing,0.0092165112362436,-8.0,0.0,8.0,1,Frontrunner,0.0,High-Degradation,train
2021,13,Zandvoort,RIC,1.0029798227010307,0.0138026325858497,0.9809942190476816,1.0105116828213967,0.9968182162056078,1.0025325656210695,-0.0005531414600365,34.0,1,McLaren,0.0012718403192444,-1.0,10.0,11.0,2,Tyre Manager,0.0,High-Degradation,train
2021,13,Zandvoort,RUS,1.008030646248928,0.0121271004235135,0.9902646929810204,1.0028891655399614,1.014107379172802,1.0077797625443217,-0.0005276614914613,32.0,1,Williams,-0.0035611043953354,-6.0,11.0,17.0,2,Tyre Manager,0.0,High-Degradation,train
2021,13,Zandvoort,SAI,0.9998823475495748,0.0097456655691771,0.985446141558042,1.0052132749201594,0.9962798785615532,0.9989653581428274,-3.4839589117194856e-06,34.0,1,Ferrari,0.0027637735203808,-1.0,6.0,7.0,2,Tyre Manager,0.0,High-Degradation,train
2021,13,Zandvoort,STR,1.0086332705380343,0.0132960733843793,0.9900420968555024,1.007456575784646,1.0114863419385152,1.0076254592515022,-0.0003586277884298,33.5,1,Aston Martin,0.002763168007015,0.0,12.0,12.0,2,Tyre Manager,0.0,High-Degradation,train
2021,13,Zandvoort,TSU,1.0128933151526658,0.0110793401311527,0.9922942458901554,1.0147184333576271,1.017090251643196,1.0069527335241315,-0.0008989422942926,22.0,1,AlphaTauri,0.0088467770533327,-5.0,14.0,19.0,2,Tyre Manager,0.0,High-Degradation,train
2021,13,Zandvoort,VER,0.9754882384135444,0.010552583832778,0.9594547704313784,0.981000582371785,0.9642816810607115,0.981019346601862,-6.539553285960363e-05,22.666666666666668,2,Red Bull Racing,-0.0092165112362436,0.0,1.0,1.0,1,Frontrunner,0.0,High-Degradation,train
2021,13,Zandvoort,VET,1.0031069345240045,0.0195636596611753,0.9683978971213084,1.0036961085826366,1.0036637248140765,1.002748603201891,-0.0008079308081444,21.33333333333333,2,Aston Martin,-0.002763168007015,2.0,15.0,13.0,0,Aggressive,0.0,High-Degradation,train
2021,14,Monza,ALO,1.0012320333790188,0.0095088046670645,0.9830299893613964,0.999899624375593,1.0037083291142088,1.000555814475342,-0.0002939906580754,22.5,1,Alpine,-0.0008710125897783,2.0,10.0,8.0,2,Tyre Manager,1.0,High-Speed,train
2021,14,Monza,BOT,0.9946846985374737,0.0095604842048632,0.9756117197159206,0.994780399340876,1.0010140573888977,0.988666818266078,-0.0004500462254909,23.0,1,Mercedes,0.0,16.0,19.0,3.0,2,Tyre Manager,1.0,High-Speed,train
2021,14,Monza,GIO,1.0005957095321367,0.0071990494593488,0.9858592829006012,0.996140742594268,1.0029035247332747,1.0031462677105056,-0.0004025970113971,22.0,1,Alfa Romeo Racing,-0.0028244691750405,-6.0,7.0,13.0,2,Tyre Manager,1.0,High-Speed,train
2021,14,Monza,KUB,1.0062446478822178,0.0090806378567664,0.987365939216194,0.9993625090905744,1.0098844913790448,1.0098104331915656,-0.0003873352275236,23.0,1,Alfa Romeo Racing,0.0028244691750405,3.0,17.0,14.0,2,Tyre Manager,1.0,High-Speed,train
2021,14,Monza,LAT,1.002907972156657,0.0087698578890971,0.9885620633140688,1.0033812612681976,1.0074993019266825,0.9983028984893207,-0.0001575540363321,22.0,1,Williams,8.08606620195107e-06,2.0,13.0,11.0,2,Tyre Manager,1.0,High-Speed,train
2021,14,Monza,LEC,0.9951955015332842,0.0079603506479817,0.98127030679433,0.9992489728034566,0.989970957748587,0.9971233636457107,-0.0002576101502896,23.0,1,Ferrari,-0.0017236788316787,1.0,5.0,4.0,2,Tyre Manager,1.0,High-Speed,train
2021,14,Monza,MAZ,1.0198365839076495,0.0075616716839048,1.0029270536818196,1.009125069055563,1.021498330390615,1.0291793671286151,-0.0013735179296895,9.666666666666666,2,Haas F1 Team,0.0039937397815368,0.0,16.0,16.0,0,Aggressive,1.0,High-Speed,train
2021,14,Monza,MSC,1.011849104344576,0.0098817288842104,0.9972339630236636,1.0125220551909098,1.0035904749046478,1.020196606424663,0.0002027853226914,20.0,1,Haas F1 Team,-0.0039937397815368,3.0,18.0,15.0,2,Tyre Manager,1.0,High-Speed,train
2021,14,Monza,NOR,0.9927292398446804,0.0072376188557611,0.9772678915437478,0.9946837757502046,0.9966451092301885,0.9873602987251914,-0.0001517338258569,21.5,1,McLaren,0.0007169522907769,1.0,3.0,2.0,1,Frontrunner,1.0,High-Speed,train
2021,14,Monza,OCO,1.0029740585585756,0.0095170747046097,0.9841111015267836,0.9996233356961154,1.0074850936498876,1.0021921875269706,-0.0003495538699484,23.0,1,Alpine,0.0008710125897783,2.0,12.0,10.0,2,Tyre Manager,1.0,High-Speed,train
2021,14,Monza,PER,0.9944714264104902,0.0080634794396789,0.9793956122947758,0.994401433625766,0.9958109597444168,0.9937191313203634,-0.0003041071631513,23.0,1,Red Bull Racing,0.0,3.0,8.0,5.0,2,Tyre Manager,1.0,High-Speed,train
2021,14,Monza,RIC,0.9912953352631266,0.006121356051267,0.9754392018171886,0.99785890258294,0.9903576326119872,0.9863808192222048,-2.305838875792964e-05,21.5,1,McLaren,-0.0007169522907769,1.0,2.0,1.0,1,Frontrunner,1.0,High-Speed,train
2021,14,Monza,RUS,1.0028918000242528,0.009359991559354,0.9872049225107106,1.0013386541960865,1.0095990584381755,0.9981050073585755,-0.0004492734274708,23.0,1,Williams,-8.086066202173114e-06,5.0,14.0,9.0,2,Tyre Manager,1.0,High-Speed,train
2021,14,Monza,SAI,0.9986428591966418,0.0102515293177001,0.9840305931740418,1.0022001491314474,0.995389047299687,0.9990423720354622,-0.000194683279303,23.0,1,Ferrari,0.0017236788316787,0.0,6.0,6.0,2,Tyre Manager,1.0,High-Speed,train
2021,14,Monza,STR,1.000713457354534,0.0088185042048709,0.987411943989189,1.008110036778256,0.9978945631424788,0.9969132925582616,-0.000215939439741,22.5,1,Aston Martin,-0.0011846318202799,2.0,9.0,7.0,2,Tyre Manager,1.0,High-Speed,train
2021,14,Monza,VET,1.003082720995094,0.0093158672559025,0.988389545415337,1.004078671584051,1.0058078700996342,0.999875156505972,-0.0003622742712893,14.333333333333334,2,Aston Martin,0.0011846318202801,-1.0,11.0,12.0,0,Aggressive,1.0,High-Speed,train
2021,15,Sochi,ALO,1.0055186237902418,0.0304596628288934,0.972266283090807,1.0036827929963437,1.0108147276045656,1.000528822931761,0.0028282886522566,16.0,2,Alpine,-0.0004801078921332,0.0,6.0,6.0,0,Aggressive,1.0,High-Speed,train
2021,15,Sochi,BOT,1.010982855669731,0.0328241866214874,0.9676357868395384,1.00117821155247,1.0074948934721553,1.0242064880050188,0.0007295991666038,16.0,2,Mercedes,0.0070032150750567,11.0,16.0,5.0,0,Aggressive,1.0,High-Speed,train
2021,15,Sochi,GAS,1.0095217592447991,0.0313849475305321,0.968256470379602,1.0013191613593848,1.0124977138328357,1.013554664645285,0.0035727974734693,15.666666666666666,2,AlphaTauri,0.0024955794523704,-2.0,11.0,13.0,0,Aggressive,1.0,High-Speed,train
2021,15,Sochi,GIO,1.005881486332017,0.0162774135775965,0.9759312716130876,1.0080687501727044,1.008011442844824,1.0022012823447706,0.001597686788531,21.5,1,Alfa Romeo Racing,-0.0022020633088046,1.0,17.0,16.0,2,Tyre Manager,1.0,High-Speed,train
2021,15,Sochi,HAM,0.9969764255196172,0.0371482614264258,0.961320578122383,0.9966987735194014,0.9984006638486198,0.9943779598816326,-0.003842281908036,16.0,2,Mercedes,-0.0070032150750566,3.0,4.0,1.0,1,Frontrunner,1.0,High-Speed,train
2021,15,Sochi,LAT,1.0061918333092998,0.0251513215838749,0.9852119683549916,1.0020608857760325,1.003207698993395,1.0112124089039092,-0.002166379483008,22.0,1,Williams,0.000876453025939,-1.0,18.0,19.0,2,Tyre Manager,1.0,High-Speed,train
2021,15,Sochi,LEC,1.0015521372031886,0.0256049090881444,0.9753007359533404,0.9957642131893976,1.0050121680911082,1.0016344448572194,0.0017931101832377,23.0,1,Ferrari,-0.0028890204525198,4.0,19.0,15.0,2,Tyre Manager,1.0,High-Speed,train
2021,15,Sochi,MAZ,1.0228690609761433,0.0250205586504349,1.0020886493729124,1.017568479766938,1.0254851366392053,1.0239499364172977,-0.0008066120926595,21.5,1,Haas F1 Team,0.0032254276924623,-3.0,15.0,18.0,2,Tyre Manager,1.0,High-Speed,train
2021,15,Sochi,MSC,1.0164182055912183,0.0168728567629563,0.9879311533876513,1.0131581025015497,1.0169974426832775,1.0211410202416047,0.000851381843065,14.0,1,Haas F1 Team,-0.0032254276924625,-6.0,14.0,20.0,0,Aggressive,1.0,High-Speed,train
2021,15,Sochi,NOR,0.9971584844812694,0.0352996272576309,0.9598230559304834,1.002160054512862,1.0020768910701958,0.9851353564627436,0.0016983627894902,16.0,2,McLaren,-0.0039933925117322,-6.0,1.0,7.0,1,Frontrunner,1.0,High-Speed,train
2021,15,Sochi,OCO,1.0064788395745083,0.0260223279966327,0.9911035359257544,1.0038900709546488,1.0098744706911205,1.0040227475329444,-0.001190466549939,15.333333333333334,2,Alpine,0.0004801078921332,-5.0,9.0,14.0,0,Aggressive,1.0,High-Speed,train
2021,15,Sochi,PER,1.0019494619799365,0.0314243882210398,0.9774780544034049,0.9989986147604304,1.0073060771906612,0.9975572615388648,0.0035934536073655,15.666666666666666,2,Red Bull Racing,-0.0022437307329046,-1.0,8.0,9.0,0,Aggressive,1.0,High-Speed,train
2021,15,Sochi,RAI,1.010285612949626,0.0355087251372788,0.9880592309435374,1.0076458496276195,1.0088000082090751,1.0133257354350875,-0.0011939421865091,15.666666666666666,2,Alfa Romeo Racing,0.0022020633088046,5.0,13.0,8.0,0,Aggressive,1.0,High-Speed,train
2021,15,Sochi,RIC,1.0051452695047338,0.0323874892809833,0.9765815115122016,1.0032618351761995,1.006225353910749,1.0049086149558342,-0.0013729313369582,16.0,2,McLaren,0.0039933925117321,1.0,5.0,4.0,0,Aggressive,1.0,High-Speed,train
2021,15,Sochi,RUS,1.0044389272574217,0.0214401710100467,0.9910838316863874,1.0020127914308463,1.0027947207328185,1.0085081733909995,-0.0011019183601624,15.0,2,Williams,-0.0008764530259393,-7.0,3.0,10.0,0,Aggressive,1.0,High-Speed,train
2021,15,Sochi,SAI,1.007330178108228,0.0364630524052806,0.9782563718584052,1.0116466099275103,1.007897749017051,1.0020874186880568,0.0005114253617962,16.333333333333332,2,Ferrari,0.0028890204525195,-1.0,2.0,3.0,0,Aggressive,1.0,High-Speed,train
2021,15,Sochi,STR,1.0097995750452375,0.0320080893429969,0.9897833518881588,1.0077753731444197,1.0105186199135672,1.0105965844423348,-0.005061167099559,16.0,2,Aston Martin,-0.0001703595695279,-4.0,7.0,11.0,0,Aggressive,1.0,High-Speed,train
2021,15,Sochi,TSU,1.0045306003400585,0.0165106124706826,0.9848178835676494,1.0013880615142596,1.005745833462536,1.0083476747865825,-0.0001986049008488,21.5,1,AlphaTauri,-0.0024955794523704,-5.0,12.0,17.0,2,Tyre Manager,1.0,High-Speed,train
2021,15,Sochi,VER,1.006436923445746,0.0342300753071492,0.9694091683825776,0.9990259471110003,1.0076296490680583,1.0154288601298045,-0.0006470299031006,16.0,2,Red Bull Racing,0.0022437307329048,18.0,20.0,2.0,0,Aggressive,1.0,High-Speed,train
2021,15,Sochi,VET,1.0101402941842936,0.0344586695310382,0.9778327307120128,1.0078882556883688,1.01626523683887,1.004120932504983,0.0011668279444351,16.0,2,Aston Martin,0.0001703595695281,-2.0,10.0,12.0,0,Aggressive,1.0,High-Speed,train
2021,16,Istanbul,ALO,1.0070273934671974,0.0135428589894556,0.9812333285982606,1.0067228445046352,1.0052571774613488,1.0101005601129704,-0.0010323894617114,27.0,1,Alpine,-0.0009490153206186,-11.0,5.0,16.0,2,Tyre Manager,0.0,High-Degradation,train
2021,16,Istanbul,BOT,0.9874552516841452,0.0092492433066702,0.951560206449169,0.9853300946718548,0.9916290381575542,0.9843258627696452,-0.0008350272719349,28.0,1,Mercedes,-0.0033367725812918,0.0,1.0,1.0,1,Frontrunner,0.0,High-Degradation,train
2021,16,Istanbul,GAS,0.9947525248083988,0.0122353751342685,0.9766245245197848,0.9887819879807014,0.9983460211461168,0.9950837199534148,-0.0004958974810928,28.0,1,AlphaTauri,-0.0053390585736715,-2.0,4.0,6.0,2,Tyre Manager,0.0,High-Degradation,train
2021,16,Istanbul,GIO,1.0054428004194145,0.0116652559127721,0.9775715390564578,1.0066470838414523,1.0092266791774178,0.9993911661819334,-0.0010256818729139,27.0,1,Alfa Romeo Racing,-0.0004926034462366,5.0,16.0,11.0,2,Tyre Manager,0.0,High-Degradation,train
2021,16,Istanbul,HAM,0.9941287968467288,0.011298178733245,0.9760878829490032,0.9959879242727762,0.9944090915896806,0.99165386611403,-0.0010414147225688,27.5,1,Mercedes,0.0033367725812918,6.0,11.0,5.0,2,Tyre Manager,0.0,High-Degradation,train
2021,16,Istanbul,LAT,1.0064030653652425,0.0160242139246737,0.985652729769402,1.007687356120051,1.0045379201652131,1.007446723505299,-0.0005723683659015,27.0,1,Williams,-0.0006736274183702,-2.0,15.0,17.0,2,Tyre Manager,0.0,High-Degradation,train
2021,16,Istanbul,LEC,0.993931403077196,0.0116052707202973,0.975814300971742,0.993476850153768,0.9903381539178924,0.9972922956914022,-0.001081823253685,28.0,1,Ferrari,0.000268916939924,-1.0,3.0,4.0,2,Tyre Manager,0.0,High-Degradation,train
2021,16,Istanbul,MAZ,1.0279496771044667,0.0144155574941832,1.0042352594556772,1.0285073107633274,1.0325270578912755,1.021770418900839,0.0004905669094279,26.0,1,Haas F1 Team,0.0031030064473882,-2.0,18.0,20.0,2,Tyre Manager,0.0,High-Degradation,train
2021,16,Istanbul,MSC,1.02174366420969,0.0132689224745243,0.9913032498382184,1.022144288011737,1.023615973168431,1.0192237050613822,-0.0002796715561893,25.0,1,Haas F1 Team,-0.0031030064473884,-5.0,14.0,19.0,2,Tyre Manager,0.0,High-Degradation,train
2021,16,Istanbul,NOR,0.994856180537321,0.010987898928129,0.9727522873031657,0.9946690332492888,0.9902792731846288,1.0013444485521923,-0.0006046453518201,27.5,1,McLaren,-0.0058905526478167,0.0,7.0,7.0,2,Tyre Manager,0.0,High-Degradation,train
2021,16,Istanbul,OCO,1.0089254241084349,0.0111016748156662,0.9952491437410232,1.0146507873809456,1.0027363109587193,1.0094732147971166,7.205675162441272e-05,56.0,0,Alpine,0.0009490153206186,2.0,12.0,10.0,2,Tyre Manager,0.0,High-Degradation,train
2021,16,Istanbul,PER,0.9938972053300384,0.0118151503558294,0.9728890782917964,0.990695944576824,0.9916584493560552,0.998614440907814,-0.0003462464033015,28.0,1,Red Bull Racing,0.0016229837421656,3.0,6.0,3.0,2,Tyre Manager,0.0,High-Degradation,train
2021,16,Istanbul,RAI,1.0064280073118876,0.0144587405949942,0.9742254210268796,1.005346090384039,1.0109413619527865,1.0025406967576245,-0.0004072917209108,27.0,1,Alfa Romeo Racing,0.0004926034462364,5.0,17.0,12.0,2,Tyre Manager,0.0,High-Degradation,train
2021,16,Istanbul,RIC,1.0066372858329549,0.014886702517409,0.9812648957494832,1.0090181313554054,1.002384584713481,1.0092414043766738,-0.0004033161586328,27.0,1,McLaren,0.005890552647817,7.0,20.0,13.0,2,Tyre Manager,0.0,High-Degradation,train
2021,16,Istanbul,RUS,1.007750320201983,0.01354296114653,0.98278011900816,1.0147623570866526,1.0020390972073183,1.0059469133681096,-0.0012050373126822,27.0,1,Williams,0.0006736274183702,-2.0,13.0,15.0,2,Tyre Manager,0.0,High-Degradation,train
2021,16,Istanbul,SAI,0.9933935691973478,0.0149098727612487,0.9672280358392392,0.9962654505441516,0.9915903612161864,0.9922044200525214,-0.0013534968732825,27.5,1,Ferrari,-0.000268916939924,11.0,19.0,8.0,1,Frontrunner,0.0,High-Degradation,train
2021,16,Istanbul,STR,0.998862912949754,0.0108975125267951,0.9744569134691774,0.9994664929348788,1.004227551088467,0.991605961672976,-0.0013358027192942,27.5,1,Aston Martin,-0.0012640631636137,-1.0,8.0,9.0,2,Tyre Manager,0.0,High-Degradation,train
2021,16,Istanbul,TSU,1.005430641955742,0.012909993011731,0.976940196032009,1.006741092128259,1.0046232587914663,1.0050897322424035,-0.0008976951601743,26.5,1,AlphaTauri,0.0053390585736716,-5.0,9.0,14.0,2,Tyre Manager,0.0,High-Degradation,train
2021,16,Istanbul,VER,0.9906512378457072,0.0073233987506765,0.97604579341404,0.9898218137701252,0.9889285553860994,0.9926760382828884,-0.0005778885379913,28.0,1,Red Bull Racing,-0.0016229837421655,0.0,2.0,2.0,1,Frontrunner,0.0,High-Degradation,train
2021,16,Istanbul,VET,1.0013910392769814,0.0131939280724555,0.9757406442855564,1.000435991033171,0.998376986143784,1.0069283615413795,-0.0012005384852337,26.5,1,Aston Martin,0.0012640631636136,-8.0,10.0,18.0,2,Tyre Manager,0.0,High-Degradation,train
2021,17,Austin,ALO,1.0048849548866663,0.0171426218792888,0.9787221556593392,1.0056819423700412,1.0001613256708712,1.0113073942668824,-0.0013730606734427,10.0,3,Alpine,-0.0046735342301822,1.0,19.0,18.0,0,Aggressive,1.0,High-Speed,train
2021,17,Austin,BOT,0.9959189182580628,0.0157578421730811,0.9795046091400348,0.9982456012531418,0.9920683777334048,1.0000184077312473,-0.0007522752486779,16.666666666666668,2,Mercedes,0.0067679579546321,3.0,9.0,6.0,0,Aggressive,1.0,High-Speed,train
2021,17,Austin,GIO,1.0072206763332274,0.0134956749093729,0.9858131403281414,1.010894320789771,1.0028213120342864,1.0109062838650298,-0.0011969951049177,16.666666666666668,2,Alfa Romeo Racing,-0.0005140474851454,1.0,12.0,11.0,0,Aggressive,1.0,High-Speed,train
2021,17,Austin,HAM,0.9823830023487988,0.0099883472444772,0.9632491380785876,0.9832151834177262,0.9844926817948728,0.9801552199045672,0.0002524737298097,17.0,2,Mercedes,-0.006767957954632,0.0,2.0,2.0,1,Frontrunner,1.0,High-Speed,train
2021,17,Austin,LAT,1.014738684989119,0.0121656183992753,0.99584810621806,1.0150741320899055,1.0127516680465591,1.0182135593723558,-0.0018451510504792,16.666666666666668,2,Williams,0.0021905284205767,-1.0,14.0,15.0,0,Aggressive,1.0,High-Speed,train
2021,17,Austin,LEC,0.991641076314625,0.011574354516489,0.971249724918698,0.9922640340971184,0.9923857625649002,0.9902165993841384,-0.0003351663576488,17.0,2,Ferrari,-0.0028275720880815,0.0,4.0,4.0,1,Frontrunner,1.0,High-Speed,train
2021,17,Austin,MAZ,1.0276924745197638,0.014992114909636,1.0062938601853435,1.0325663276700143,1.028659591452995,1.0238835794904826,-0.0003052796379923,15.333333333333334,2,Haas F1 Team,0.0052842187850496,0.0,17.0,17.0,0,Aggressive,1.0,High-Speed,train
2021,17,Austin,MSC,1.0171240369496644,0.0136464796393096,0.9917108834388828,1.0155803304860993,1.0183728631958309,1.018188284240671,2.4427696546016004e-05,15.333333333333334,2,Haas F1 Team,-0.0052842187850496,0.0,16.0,16.0,0,Aggressive,1.0,High-Speed,train
2021,17,Austin,NOR,0.997132250459907,0.0141041541823705,0.9802968432892388,0.9943156897745072,0.9973992129360388,0.9988080382755063,-0.000940322290216,17.0,2,McLaren,0.0004691844216964,-1.0,7.0,8.0,0,Aggressive,1.0,High-Speed,train
2021,17,Austin,OCO,1.014232023347031,0.0097226836924077,0.9995256375773284,1.0170689163793456,1.0134310335442802,1.0142214568828587,0.0001645143515541,11.333333333333334,2,Alpine,0.0046735342301822,-8.0,11.0,19.0,0,Aggressive,1.0,High-Speed,train
2021,17,Austin,PER,0.988926131501088,0.0077351501778889,0.9738220407364844,0.9917820175317948,0.9900457799639604,0.9855843712423734,0.0002005684512635,16.666666666666668,2,Red Bull Racing,0.0030636774258814,0.0,3.0,3.0,1,Frontrunner,1.0,High-Speed,train
2021,17,Austin,RAI,1.0082487713035186,0.0149356533304822,0.9911729466709048,1.0133381601155995,1.0041102534132047,1.010463830292594,-0.0007767991737905,16.0,2,Alfa Romeo Racing,0.0005140474851457,2.0,15.0,13.0,0,Aggressive,1.0,High-Speed,train
2021,17,Austin,RIC,0.9961938816165142,0.0106131282498055,0.9814411815047558,0.9929947907180066,0.9983336245909262,0.9960247567102788,-0.0007466464915296,17.0,2,McLaren,-0.0004691844216964,1.0,6.0,5.0,1,Frontrunner,1.0,High-Speed,train
2021,17,Austin,RUS,1.0103576281479654,0.0124979670440944,0.9890211995989926,1.0108490155743184,1.010856590237517,1.0106686678055872,-0.0006795507845719,16.333333333333332,2,Williams,-0.0021905284205767,6.0,20.0,14.0,0,Aggressive,1.0,High-Speed,train
2021,17,Austin,SAI,0.997296220490788,0.0126952539850116,0.981754162897034,0.9974762303741213,0.9964781704821408,0.9980558944180972,-0.0006044545356085,17.0,2,Ferrari,0.0028275720880814,-2.0,5.0,7.0,0,Aggressive,1.0,High-Speed,train
2021,17,Austin,STR,1.0090737657020896,0.012523862815829,0.9896960657260924,1.0089272239441112,1.007073233033534,1.0129505478541936,-7.386645093214591e-06,16.333333333333332,2,Aston Martin,0.0020103265894957,1.0,13.0,12.0,0,Aggressive,1.0,High-Speed,train
2021,17,Austin,TSU,1.004801410013109,0.0101463591851033,0.989324400322762,1.0052672702901422,1.00664982303251,1.0034806850608655,-0.0004215564768888,16.333333333333332,2,AlphaTauri,0.0,1.0,10.0,9.0,0,Aggressive,1.0,High-Speed,train
2021,17,Austin,VER,0.982798776649325,0.0080216053690335,0.9692251265373988,0.9846905395067572,0.9860134284074512,0.9779954260106132,-9.157385696150633e-05,17.0,2,Red Bull Racing,-0.0030636774258815,0.0,1.0,1.0,1,Frontrunner,1.0,High-Speed,train
2021,17,Austin,VET,1.005053112523098,0.0144962822838606,0.982771352421938,1.011312921948496,1.0021115834440726,1.0048506613725756,-0.0003781452088102,16.333333333333332,2,Aston Martin,-0.0020103265894957,8.0,18.0,10.0,0,Aggressive,1.0,High-Speed,train
2021,18,Mexico City,ALO,1.001669031493087,0.0136283623873967,0.9840644736521252,1.0055889298318457,0.9981708848835018,1.0013447414806111,-0.000433108735574,32.0,1,Alpine,-0.0041538395002915,3.0,12.0,9.0,2,Tyre Manager,1.0,High-Speed,train
2021,18,Mexico City,BOT,1.005650778088241,0.0193050863781563,0.9482552610402596,0.9977367035809476,1.0115323312406477,1.0073617245431337,0.0004768377904188,14.5,3,Mercedes,0.0096804508785772,-14.0,1.0,15.0,0,Aggressive,1.0,High-Speed,train
2021,18,Mexico City,GAS,0.9949600181573652,0.0084988223672464,0.9816137920944183,0.9984919861814194,0.9936545587176748,0.99188212962126,-0.0001563469160248,32.5,1,AlphaTauri,0.0,1.0,5.0,4.0,2,Tyre Manager,1.0,High-Speed,train
2021,18,Mexico City,GIO,1.0090984219927337,0.0107273989564372,0.9939647394474384,1.0020111064978203,1.0152997040444638,1.009206815511163,-0.0011577746448531,32.0,1,Alfa Romeo Racing,0.0041922009497916,0.0,11.0,11.0,2,Tyre Manager,1.0,High-Speed,train
2021,18,Mexico City,HAM,0.9862898763310868,0.0082578358824033,0.973201004657514,0.9900273071333898,0.9818757578539028,0.9875881768055682,-0.0001128442236672,32.5,1,Mercedes,-0.0096804508785772,0.0,2.0,2.0,1,Frontrunner,1.0,High-Speed,train
2021,18,Mexico City,LAT,1.016867525152602,0.0176273230378051,0.9942451656953352,1.018556571652422,1.0152348643950706,1.0167778685096298,-0.0005706940731579,19.666666666666668,2,Williams,-0.0013521498787933,-4.0,13.0,17.0,0,Aggressive,1.0,High-Speed,train
2021,18,Mexico City,LEC,0.9980912257534464,0.0086047034695104,0.9835036211563316,0.9974710294203756,0.9977405687950184,0.9992240802675586,-0.0003091677079808,32.5,1,Ferrari,0.0004305198677166,3.0,8.0,5.0,2,Tyre Manager,1.0,High-Speed,train
2021,18,Mexico City,MAZ,1.0274412089653866,0.0143601595323109,0.99248945353459,1.019804325492513,1.0366438968304197,1.0237991503208896,0.0003524828190657,17.333333333333332,2,Haas F1 Team,0.0,-3.0,15.0,18.0,0,Aggressive,1.0,High-Speed,train
2021,18,Mexico City,NOR,1.0020683340852008,0.0150464599304423,0.9829183837694164,0.999084189675455,1.0018173396972931,1.0062624853113986,-0.0003805894094739,32.0,1,McLaren,-0.0026242439837054,8.0,18.0,10.0,2,Tyre Manager,1.0,High-Speed,train
2021,18,Mexico City,OCO,1.00997671049367,0.0133217456508051,0.9918310614743104,1.0079974692804252,1.0130563854422423,1.0078182530356443,-0.0012940460013053,31.5,1,Alpine,0.0041538395002915,6.0,19.0,13.0,2,Tyre Manager,1.0,High-Speed,train
2021,18,Mexico City,PER,0.9868732379571464,0.010565949503867,0.9689092638201372,0.9917897616880385,0.98274436108387,0.9861426376208986,-3.316097083471266e-05,32.5,1,Red Bull Racing,0.0014977012550715,1.0,4.0,3.0,1,Frontrunner,1.0,High-Speed,train
2021,18,Mexico City,RAI,1.00071402009315,0.0120435154022545,0.9840888585432466,0.9953690488547504,1.0059117510833384,0.999959606345476,-0.0005856270321965,32.0,1,Alfa Romeo Racing,-0.0041922009497916,2.0,10.0,8.0,2,Tyre Manager,1.0,High-Speed,train
2021,18,Mexico City,RIC,1.0073168220526116,0.0136405021396123,0.9884293691628668,1.0027800569631584,1.0096994564117594,1.0096767575028447,-0.0004258073061567,31.5,1,McLaren,0.0026242439837054,-5.0,7.0,12.0,2,Tyre Manager,1.0,High-Speed,train
2021,18,Mexico City,RUS,1.0195718249101888,0.0133104314002072,0.9999756151088786,1.0212871751257309,1.024121629697759,1.010191425647246,-0.0005807890424279,31.0,1,Williams,0.0013521498787933,0.0,16.0,16.0,2,Tyre Manager,1.0,High-Speed,train
2021,18,Mexico City,SAI,0.997230186018013,0.0106809797704545,0.9763832329488648,0.9965510158576384,0.9996760202123512,0.9942573629530151,-0.0002256932478668,31.5,1,Ferrari,-0.0004305198677165,0.0,6.0,6.0,2,Tyre Manager,1.0,High-Speed,train
2021,18,Mexico City,STR,1.0072624301982491,0.0153433612569233,0.9867346192299252,1.0031422277581712,1.0113012623249389,1.0065773599686645,0.0003675907705054,20.0,2,Aston Martin,0.0036058776731937,6.0,20.0,14.0,0,Aggressive,1.0,High-Speed,train
2021,18,Mexico City,VER,0.9838778354470032,0.0090528666910206,0.9631910068521544,0.9930726114242824,0.9783143879922124,0.9794833227876708,4.148126133123299e-05,32.5,1,Red Bull Racing,-0.0014977012550716,2.0,3.0,1.0,1,Frontrunner,1.0,High-Speed,train
2021,18,Mexico City,VET,1.0000506748518618,0.0115424482166781,0.9810041698163816,1.003275616739326,0.9973102979966086,0.9995365746180964,-0.0004517004471177,32.0,1,Aston Martin,-0.0036058776731935,2.0,9.0,7.0,2,Tyre Manager,1.0,High-Speed,train
2021,19,São Paulo,ALO,1.0045067576102058,0.0144454554178977,0.9846420246420244,1.0061173861226431,1.0020073354701025,1.0074159816563129,-0.0019044300926149,19.33333333333333,2,Alpine,-0.0011054845537605,3.0,12.0,9.0,0,Aggressive,1.0,High-Speed,train
2021,19,São Paulo,BOT,0.9869628149628148,0.0182080433196048,0.966047286047286,0.9894733675136228,0.9816956031954872,0.9906185707076588,-0.0020036937821136,15.0,3,Mercedes,0.0033406710248815,-2.0,1.0,3.0,1,Frontrunner,1.0,High-Speed,train
2021,19,São Paulo,GAS,0.9984146847304742,0.0121622260584934,0.9753846153846154,0.9984758806277468,0.9991269482428308,0.9958086376999912,-0.0010414824503923,14.25,3,AlphaTauri,-0.0059466702887756,0.0,7.0,7.0,0,Aggressive,1.0,High-Speed,train
2021,19,São Paulo,GIO,1.0107249072766311,0.0155804184961914,0.9887046287046288,1.0073928917341477,1.0174980229102228,0.998212012545026,-0.0012079030622363,14.5,3,Alfa Romeo Racing,0.0037049298755289,-1.0,13.0,14.0,0,Aggressive,1.0,High-Speed,train
2021,19,São Paulo,HAM,0.9802814729130518,0.0125386099826423,0.9588011988011989,0.9822802804233096,0.9781207526982458,0.9820158583252122,-0.0013650938295361,14.25,3,Mercedes,-0.0033406710248815,9.0,10.0,1.0,1,Frontrunner,1.0,High-Speed,train
2021,19,São Paulo,LAT,1.011175261520089,0.0147711285855198,0.9938861138861138,1.0065287524348927,1.0167089661577384,1.002925432590564,-0.0016681805462273,14.5,3,Williams,-0.0015485663761525,0.0,16.0,16.0,0,Aggressive,1.0,High-Speed,train
2021,19,São Paulo,LEC,0.9916485813037536,0.0143843958192239,0.96999000999001,0.9939357224384572,0.986840454859638,0.9990261943675884,5.787921339440657e-05,14.5,3,Ferrari,-0.0001306739237774,1.0,6.0,5.0,1,Frontrunner,1.0,High-Speed,train
2021,19,São Paulo,MAZ,1.0258070664967216,0.016842427053746,0.9983882783882784,1.0267712155199418,1.029286281710163,1.015923227974926,-0.0021719500491254,19.33333333333333,2,Haas F1 Team,0.0037269788086484,2.0,19.0,17.0,0,Aggressive,1.0,High-Speed,train
2021,19,São Paulo,MSC,1.0183531088794249,0.0200799496544612,0.982923742923743,1.0179010751269946,1.019629407859095,1.0150278164258906,-0.0008303248078792,11.4,4,Haas F1 Team,-0.0037269788086484,0.0,18.0,18.0,0,Aggressive,1.0,High-Speed,train
2021,19,São Paulo,NOR,1.005104836683784,0.0159261720906954,0.9824975024975025,1.0033431704980318,1.009781890942303,0.9955767490229008,-0.0004932228115623,19.0,2,McLaren,-0.000506978401715,-5.0,5.0,10.0,0,Aggressive,1.0,High-Speed,train
2021,19,São Paulo,OCO,1.0067177267177267,0.0116327945426021,0.9914085914085916,1.0062441265532005,1.0064812664998408,1.00684173751019,-0.0008535747770854,20.0,2,Alpine,0.0011054845537603,0.0,8.0,8.0,0,Aggressive,1.0,High-Speed,train
2021,19,São Paulo,PER,0.9851460819881872,0.0164266327491884,0.9458541458541458,0.9899890362326408,0.9761406586403836,0.9943549919400808,-0.0032988120548085,11.4,4,Red Bull Racing,0.0006936560112602,0.0,4.0,4.0,1,Frontrunner,1.0,High-Speed,train
2021,19,São Paulo,RAI,1.0033150475255737,0.0196411020043275,0.9673126873126872,1.0028384891433972,1.0042149979339132,1.00088056405133,0.0019098219132764,14.25,3,Alfa Romeo Racing,-0.0037049298755287,-12.0,0.0,12.0,0,Aggressive,1.0,High-Speed,train
2021,19,São Paulo,RIC,1.0061187934872144,0.0112860356256719,0.9915817515817515,1.0072459785780623,1.00645623811095,1.0031626755254273,-0.0019002281027168,12.666666666666666,2,McLaren,0.0005069784017153,-8.0,11.0,19.0,0,Aggressive,1.0,High-Speed,train
2021,19,São Paulo,RUS,1.0142723942723944,0.0160274078360557,0.9904095904095904,1.0086584957495148,1.020555951418301,1.0054061271448824,-0.0031070915964935,19.33333333333333,2,Williams,0.0015485663761527,4.0,17.0,13.0,0,Aggressive,1.0,High-Speed,train
2021,19,São Paulo,SAI,0.9919099291513086,0.0153131491736501,0.9684981684981684,0.9959547479053624,0.9868084300083532,0.997989141565237,-0.0009190321163545,14.5,3,Ferrari,0.0001306739237775,-3.0,3.0,6.0,1,Frontrunner,1.0,High-Speed,train
2021,19,São Paulo,TSU,1.0103080253080252,0.0139326635614185,0.9883982683982684,1.011011314309581,1.01379629322513,1.0007091284167096,-8.525294586441155e-05,18.666666666666668,2,AlphaTauri,0.0059466702887753,0.0,15.0,15.0,0,Aggressive,1.0,High-Speed,train
2021,19,São Paulo,VER,0.9837587699656666,0.0131469934767847,0.9655144855144856,0.989668229255398,0.973641768234372,0.9948759753115176,-0.0020649161693155,14.5,3,Red Bull Racing,-0.0006936560112602,0.0,2.0,2.0,1,Frontrunner,1.0,High-Speed,train
2021,19,São Paulo,VET,1.002334040228777,0.0141289297227716,0.9808058608058609,1.003094035600644,1.00178774206367,1.001785644967199,-0.0009216778619521,14.25,3,Aston Martin,0.0,-2.0,9.0,11.0,0,Aggressive,1.0,High-Speed,train
2021,20,Lusail,ALO,0.9981757228048244,0.0192001285251423,0.9727746105849082,0.9935317016050912,0.9966485395135838,0.999663858416908,-0.0014323096518909,26.0,1,Alpine,-0.0012011687852341,0.0,3.0,3.0,2,Tyre Manager,0.0,High-Degradation,train
2021,20,Lusail,BOT,1.0002613557580562,0.0158744784944589,0.9791040086187548,1.0028902280783387,0.9940280384970652,1.0033607016996609,-0.0004840414509923,22.5,1,Mercedes,0.0098317148229613,-14.0,6.0,20.0,2,Tyre Manager,0.0,High-Degradation,train
2021,20,Lusail,GAS,0.9987055377881278,0.0158734014734659,0.976556538133501,1.0012854551101704,0.9957565085567616,0.9985792518939328,0.0003336693357817,16.333333333333332,2,AlphaTauri,-0.0017316752979417,-9.0,2.0,11.0,0,Aggressive,0.0,High-Degradation,train
2021,20,Lusail,GIO,1.0083061659259924,0.0160110985790245,0.985579297032814,1.0106496771191538,1.011483753463842,1.0022984136002584,0.0002624535717866,16.0,2,Alfa Romeo Racing,0.0025693592908277,3.0,18.0,15.0,0,Aggressive,0.0,High-Degradation,train
2021,20,Lusail,HAM,0.9805979261121336,0.0159486261138428,0.9548413161556762,0.974562580471227,0.9742404129793512,0.9885043949065871,-0.0010070490867838,16.666666666666668,2,Mercedes,-0.0098317148229613,0.0,1.0,1.0,1,Frontrunner,0.0,High-Degradation,train
2021,20,Lusail,LAT,1.0143540852649284,0.0143286797821665,0.995780401310769,1.0113811785688158,1.0190905952768126,1.01200750629139,-0.0004783843203637,23.5,1,Williams,0.0019993369270281,-2.0,17.0,19.0,2,Tyre Manager,0.0,High-Degradation,train
2021,20,Lusail,LEC,0.999099352449154,0.0193648962439279,0.9713493737935988,1.004172449681926,1.0002964312568683,0.9923917295938128,-0.0007619225283041,25.5,1,Ferrari,-0.0007132785331217,5.0,13.0,8.0,2,Tyre Manager,0.0,High-Degradation,train
2021,20,Lusail,MAZ,1.0270786012479238,0.0198245448213562,0.9801589082910626,1.0269422219195803,1.03615714668812,1.0176117108385414,-0.0011321962671397,25.0,1,Haas F1 Team,0.0070219284463797,2.0,20.0,18.0,2,Tyre Manager,0.0,High-Degradation,train
2021,20,Lusail,MSC,1.0130347443551646,0.0166222485383327,0.9921892534901467,1.0102291375846923,1.0178989005095198,1.010397379766719,-0.0007427733952318,25.0,1,Haas F1 Team,-0.0070219284463794,3.0,19.0,16.0,2,Tyre Manager,0.0,High-Degradation,train
2021,20,Lusail,NOR,0.9978146216515068,0.0182446949045972,0.9622705032095884,1.0012076329629602,0.9960445159560204,0.9957152474304786,0.0011628684600759,16.333333333333332,2,McLaren,-0.0051551751463252,-5.0,4.0,9.0,1,Frontrunner,0.0,High-Degradation,train
2021,20,Lusail,OCO,1.0005780603752927,0.0154597359963738,0.9770278762849576,0.99647444691676,1.0019179299502048,1.0027353075517162,-0.0006545648291681,25.5,1,Alpine,0.0012011687852341,4.0,9.0,5.0,2,Tyre Manager,0.0,High-Degradation,train
2021,20,Lusail,PER,0.9923218602878596,0.019317124449198,0.9607779323966422,0.9971719987576252,0.9884058208963392,0.9909346312636884,-0.000842575366322,16.333333333333332,2,Red Bull Racing,0.0065148826509999,7.0,11.0,4.0,1,Frontrunner,0.0,High-Degradation,train
2021,20,Lusail,RAI,1.003167447344337,0.0176857751210388,0.9691385734165282,1.0067865081411,1.0047278364282155,0.9975227282183218,-0.00052746528007,16.333333333333332,2,Alfa Romeo Racing,-0.0025693592908275,2.0,16.0,14.0,0,Aggressive,0.0,High-Degradation,train
2021,20,Lusail,RIC,1.0081249719441574,0.0150897527207516,0.9785653364456612,1.0135868313482486,1.008044395017326,1.0023047620171026,-0.0008210263054502,25.5,1,McLaren,0.0051551751463254,2.0,14.0,12.0,2,Tyre Manager,0.0,High-Degradation,train
2021,20,Lusail,RUS,1.0103554114108722,0.0177183394047733,0.962517394622256,1.0119782268223758,1.0089913236345758,1.0095821775118925,-0.0013974205165236,16.0,2,Williams,-0.0019993369270281,-2.0,15.0,17.0,0,Aggressive,0.0,High-Degradation,train
2021,20,Lusail,SAI,1.0005259095153975,0.0173346429764657,0.9715177088476904,1.001937351836312,1.000559341462517,0.9985720567428872,-0.0009230755659171,25.5,1,Ferrari,0.0007132785331218,-2.0,5.0,7.0,2,Tyre Manager,0.0,High-Degradation,train
2021,20,Lusail,STR,1.0000613927844333,0.0161649246881792,0.9803384656820936,1.0047525870857008,0.9982141824281336,0.9967633723052404,-0.0008614844917116,25.5,1,Aston Martin,-0.0010546796264854,6.0,12.0,6.0,2,Tyre Manager,0.0,High-Degradation,train
2021,20,Lusail,TSU,1.002168888384011,0.0156648679244895,0.9768258742200476,1.0045074309727977,0.9995984314884442,1.001900242066012,-7.861978606234677e-05,16.333333333333332,2,AlphaTauri,0.0017316752979414,-5.0,8.0,13.0,0,Aggressive,0.0,High-Degradation,train
2021,20,Lusail,VER,0.9792920949858598,0.0151033129724282,0.9336535440140056,0.9760668686799904,0.9766445427728612,0.9845740449851276,-0.00093966548196,12.5,3,Red Bull Racing,-0.0065148826509999,5.0,7.0,2.0,1,Frontrunner,0.0,High-Degradation,train
2021,20,Lusail,VET,1.0021707520374044,0.0206471399011006,0.969991471023926,1.0040803219929488,1.0036833719811336,0.9982522603640568,-0.0011681177460079,25.5,1,Aston Martin,0.0010546796264856,0.0,10.0,10.0,2,Tyre Manager,0.0,High-Degradation,train
2021,21,Jeddah,ALO,1.0191509554683502,0.033124885808758,0.9771476710458966,1.0267919983112512,1.0123015073125938,1.0099844135749796,0.0005263776797954,10.0,2,Alpine,0.0087840305621906,0.0,13.0,13.0,0,Aggressive,0.0,High-Degradation,train
2021,21,Jeddah,BOT,0.9942625911747144,0.0117932184527161,0.9747483364613548,0.9981902029342408,0.9874353288987436,0.993863911737602,-0.0014945657964511,16.0,1,Mercedes,0.0030266606061252,-1.0,2.0,3.0,1,Frontrunner,0.0,High-Degradation,train
2021,21,Jeddah,GAS,1.0047113600494797,0.0207560811605478,0.9842283739976112,1.0022818776354152,1.005083400524088,1.0007572784054064,-0.0027124778937365,16.0,1,AlphaTauri,-0.0012150630225218,0.0,6.0,6.0,2,Tyre Manager,0.0,High-Degradation,train
2021,21,Jeddah,GIO,1.0090906505767452,0.0216653585326551,0.9902853608599216,1.009424738926899,1.0057600801402455,1.0052251240346397,-0.0036361115033864,16.5,1,Alfa Romeo Racing,-0.0036675081302706,1.0,10.0,9.0,2,Tyre Manager,0.0,High-Degradation,train
2021,21,Jeddah,HAM,0.9882092699624638,0.0155996755294191,0.9675609964169936,0.9893163892341468,0.9828222636565208,0.9901553807297176,-0.0010468042143447,16.0,1,Mercedes,-0.0030266606061252,0.0,1.0,1.0,1,Frontrunner,0.0,High-Degradation,train
2021,21,Jeddah,LAT,1.0172089647541789,0.0308417491150794,0.9890696980037536,1.0157436082102989,1.013445277202584,1.0125839438102655,-0.0071170899138981,16.5,1,Williams,0.0,4.0,16.0,12.0,2,Tyre Manager,0.0,High-Degradation,train
2021,21,Jeddah,LEC,0.9970517980268374,0.0163350031115522,0.9768064323494284,0.9988184327975468,0.9952166111354844,0.992697000299147,-0.0025207220095726,17.0,1,Ferrari,-0.0030570345353633,-3.0,4.0,7.0,2,Tyre Manager,0.0,High-Degradation,train
2021,21,Jeddah,NOR,1.0035607379788636,0.0212527166049763,0.980144173349258,1.003884287600528,1.000462430487212,1.001110256724281,-0.0024828680211091,17.0,1,McLaren,-0.0009638699416378,-3.0,7.0,10.0,2,Tyre Manager,0.0,High-Degradation,train
2021,21,Jeddah,OCO,1.0015828943439686,0.0196695442686153,0.978896519365296,0.9950872954104566,1.0041301316938789,1.0004010375780743,-0.0027037924258632,16.0,1,Alpine,-0.0087840305621909,5.0,9.0,4.0,2,Tyre Manager,0.0,High-Degradation,train
2021,21,Jeddah,RAI,1.0164256668372862,0.024514551188039,0.9893576181538988,1.0199346851601208,1.010917377768819,1.0095498139868253,-0.003965436137901,10.0,2,Alfa Romeo Racing,0.0036675081302703,-3.0,12.0,15.0,0,Aggressive,0.0,High-Degradation,train
2021,21,Jeddah,RIC,1.0054884778621396,0.0192248187775527,0.9886964681794916,1.009307328632662,0.9995097174628772,1.0004703658827947,-0.0033864104895767,16.0,1,McLaren,0.0009638699416381,6.0,11.0,5.0,2,Tyre Manager,0.0,High-Degradation,train
2021,21,Jeddah,SAI,1.003165867097564,0.026912664390914,0.979472359665586,1.0047380539278272,0.9981324922631822,0.9981860452976712,-0.0045569697494692,17.0,1,Ferrari,0.0030570345353633,7.0,15.0,8.0,2,Tyre Manager,0.0,High-Degradation,train
2021,21,Jeddah,STR,1.0134485530962245,0.0276031181715298,0.9896348745947792,1.009447245228664,1.011528304614376,1.0107667342043942,-0.0067183745617247,16.5,1,Aston Martin,-0.0049256207521648,7.0,18.0,11.0,2,Tyre Manager,0.0,High-Degradation,train
2021,21,Jeddah,TSU,1.0071414860945231,0.0258881192242269,0.9864570892339192,1.0036005115915212,1.0058993482496807,1.0040445066384518,-0.0051843835137464,10.0,2,AlphaTauri,0.0012150630225216,-6.0,8.0,14.0,0,Aggressive,0.0,High-Degradation,train
2021,21,Jeddah,VER,0.9919172315201148,0.0131731290575952,0.9756014332025252,0.9878952106589844,0.990835588295778,0.9942608445629026,-0.0014200789065081,16.5,1,Red Bull Racing,0.0,1.0,3.0,2.0,1,Frontrunner,0.0,High-Degradation,train
2021,21,Jeddah,VET,1.0232997946005538,0.0294602027337516,1.0027085821532162,1.027348649621894,1.0213912104156009,1.0100370976168784,-0.0059287821291656,13.0,1,Aston Martin,0.0049256207521646,1.0,17.0,16.0,0,Aggressive,0.0,High-Degradation,train
2021,22,Yas Island,ALO,1.0043949194610002,0.0108532459828873,0.978723404255319,1.002442779052939,1.0047181188802985,1.0066847820602098,-0.0009710722203104,24.0,1,Alpine,0.0008082770435051,3.0,11.0,8.0,2,Tyre Manager,1.0,High-Speed,train
2021,22,Yas Island,BOT,0.9978372951350188,0.0132640750093811,0.9704004513386546,0.9916328304695304,0.9941351766391152,1.007118250496599,-0.0004320566488628,23.0,1,Mercedes,0.006991205112561,0.0,6.0,6.0,2,Tyre Manager,1.0,High-Speed,train
2021,22,Yas Island,GAS,1.0011816451889792,0.0145919155451947,0.9757628908017404,1.0018701086806228,0.994432239446842,1.0102328004682757,-0.0013573217635068,16.0,2,AlphaTauri,0.0016442456547764,7.0,12.0,5.0,0,Aggressive,1.0,High-Speed,train
2021,22,Yas Island,GIO,1.0116573475661412,0.0093552172060445,0.9992235634527404,1.0133163721504752,1.0055628713107951,1.0194334271902472,-0.0009203526123139,15.0,1,Alfa Romeo Racing,0.0,-3.0,14.0,17.0,0,Aggressive,1.0,High-Speed,train
2021,22,Yas Island,HAM,0.9838548849098968,0.0141001795186572,0.9676410293649418,0.9898440308619784,0.9866908836051664,0.9773309911327152,-0.0010319170426887,24.5,1,Mercedes,-0.0069912051125611,0.0,2.0,2.0,1,Frontrunner,1.0,High-Speed,train
2021,22,Yas Island,LAT,1.01519544043689,0.0129253511391649,0.9975589728694078,1.0148637728184755,1.0101426789571353,1.022857354311531,-0.0001564822079088,22.5,1,Williams,0.0,0.0,16.0,16.0,2,Tyre Manager,1.0,High-Speed,train
2021,22,Yas Island,LEC,1.0010829310491802,0.008625276252703,0.9868899526876432,1.0008717054044534,0.9977688048764312,1.006637776815368,0.0001426086063741,15.333333333333334,2,Ferrari,0.0016008033377947,-3.0,7.0,10.0,0,Aggressive,1.0,High-Speed,train
2021,22,Yas Island,MSC,1.0145759233836706,0.0115096206179246,0.999391139685962,1.0195102634965258,1.01366241563803,1.0145481437009258,-0.0017584805912015,15.666666666666666,2,Haas F1 Team,0.0,5.0,19.0,14.0,0,Aggressive,1.0,High-Speed,train
2021,22,Yas Island,NOR,0.9973611821335298,0.0120500678847955,0.9692832764505118,0.9947218374391296,1.000020742240328,0.9973033339847356,-0.0004678510365657,14.666666666666666,2,McLaren,-0.0030761664448397,-4.0,3.0,7.0,1,Frontrunner,1.0,High-Speed,train
2021,22,Yas Island,OCO,1.00277836537399,0.0095293260380681,0.985895667037196,1.008739898737891,0.999172371727538,1.0052957414235448,-0.0004009907030094,23.0,1,Alpine,-0.0008082770435049,0.0,9.0,9.0,2,Tyre Manager,1.0,High-Speed,train
2021,22,Yas Island,PER,0.9875681709426534,0.0190171225181776,0.9654513665841816,0.9903181222040676,0.9898564518442224,0.9827424384631688,-0.0001184233919251,16.0,2,Red Bull Racing,0.002435863996649,-11.0,4.0,15.0,1,Frontrunner,1.0,High-Speed,train
2021,22,Yas Island,RIC,1.0035135150232093,0.0103149878597404,0.9911910760069934,1.0052230183130275,0.9996037587928418,1.0087123700252876,-0.0003033811232631,15.333333333333334,2,McLaren,0.0030761664448397,-2.0,10.0,12.0,0,Aggressive,1.0,High-Speed,train
2021,22,Yas Island,SAI,0.9978813243735908,0.0137949659059443,0.9788462934930148,0.9997440524557136,1.002987327083795,0.9900592408691352,-0.0009736554136653,24.0,1,Ferrari,-0.0016008033377947,2.0,5.0,3.0,2,Tyre Manager,1.0,High-Speed,train
2021,22,Yas Island,STR,1.0074041980032198,0.0133959615181321,0.9894482831814904,1.0043621340791125,1.0094360960434268,1.0083115365021782,-0.0009385276225542,15.333333333333334,2,Aston Martin,0.0010862097146127,0.0,13.0,13.0,0,Aggressive,1.0,High-Speed,train
2021,22,Yas Island,TSU,0.9978931538794262,0.0124381062683493,0.9774833401294803,0.996819778214098,0.999163301828662,0.9985921462956796,-0.0008421623583182,15.333333333333334,2,AlphaTauri,-0.0016442456547764,4.0,8.0,4.0,0,Aggressive,1.0,High-Speed,train
2021,22,Yas Island,VER,0.9826964429493552,0.013228161855477,0.9619210939376502,0.9844318925545936,0.9868175382644748,0.9766636740378432,-0.000501649749791,12.25,3,Red Bull Racing,-0.002435863996649,0.0,1.0,1.0,1,Frontrunner,1.0,High-Speed,train
2021,22,Yas Island,VET,1.0052317785739942,0.0132178879184915,0.9864989414767932,1.00379702850657,1.000876378978922,1.012671999705134,-0.0008775301212247,23.0,1,Aston Martin,-0.0010862097146129,4.0,15.0,11.0,2,Tyre Manager,1.0,High-Speed,train
2022,1,Sakhir,ALB,1.0119674810933663,0.014036208786621,0.9835062235442744,1.007848127000151,1.018418847480142,1.006091886714512,0.0018483712283466,11.25,3,Williams,-0.0018189962804697,1.0,14.0,13.0,0,Aggressive,1.0,High-Speed,train
2022,1,Sakhir,ALO,1.0032276194838292,0.0146575799541659,0.9737518937392102,1.004156999503856,1.001644765210989,1.0010921817760892,0.0005728571638245,11.25,3,Alpine,0.0019390227032125,-1.0,8.0,9.0,0,Aggressive,1.0,High-Speed,train
2022,1,Sakhir,BOT,1.000332628467351,0.0151242142641887,0.9724029977702952,0.995517620223927,1.00462580771569,0.9991615909167612,0.0009924350415349,11.5,3,Alfa Romeo,-0.0006633968412987,0.0,6.0,6.0,0,Aggressive,1.0,High-Speed,train
2022,1,Sakhir,GAS,1.0030777980783268,0.0126205149011949,0.979701128945395,1.0022559961043824,1.0034145804613015,0.9999540384851084,0.0003546361161302,13.333333333333334,2,AlphaTauri,0.0011826048344387,-10.0,10.0,20.0,0,Aggressive,1.0,High-Speed,train
2022,1,Sakhir,HAM,0.9900314312018194,0.0126602218621303,0.9686683678862096,0.9926026408123636,0.987611458343302,0.9884772039767592,0.0006288602035049,11.5,3,Mercedes,-0.0019682768077488,2.0,5.0,3.0,1,Frontrunner,1.0,High-Speed,train
2022,1,Sakhir,HUL,1.0158622783926663,0.0181911880044365,0.9889521393590732,1.0137915321548874,1.0158722803386326,1.0186923778785526,0.0027518945428292,11.25,3,Aston Martin,0.0029287596140996,0.0,17.0,17.0,0,Aggressive,1.0,High-Speed,train
2022,1,Sakhir,LAT,1.015605473654306,0.014356857406099,0.989032670461695,1.0075221440564197,1.0255189608811557,1.0087592433713282,0.0016208626822278,11.25,3,Williams,0.0018189962804697,4.0,20.0,16.0,0,Aggressive,1.0,High-Speed,train
2022,1,Sakhir,LEC,0.9825218147012884,0.0130611859254014,0.9519782968678434,0.9889351499778836,0.9760216710495322,0.984461603410004,0.0014364334433943,12.0,3,Ferrari,-0.0022173863440986,0.0,1.0,1.0,1,Frontrunner,1.0,High-Speed,train
2022,1,Sakhir,MAG,0.997905441707208,0.0150836529454896,0.9726445910781606,0.9969783712831428,0.9973086601297928,0.9976930144582103,0.0009905867604522,11.75,3,Haas F1 Team,-0.0050116852743752,2.0,7.0,5.0,0,Aggressive,1.0,High-Speed,train
2022,1,Sakhir,MSC,1.0079288122559589,0.0161507138746769,0.9759966982247926,1.0040715864030825,1.0100580089584728,1.0093344062127534,0.0017629276645022,15.333333333333334,2,Haas F1 Team,0.0050116852743753,1.0,12.0,11.0,0,Aggressive,1.0,High-Speed,train
2022,1,Sakhir,NOR,1.0145315019218413,0.0188335309424308,0.9763188226352796,1.0139843177667711,1.01461598761213,1.015256953239549,0.0023558538143092,11.25,3,McLaren,0.0013383821860726,-2.0,13.0,15.0,0,Aggressive,1.0,High-Speed,train
2022,1,Sakhir,OCO,0.999349574077404,0.0117387047749091,0.977546921950262,0.9983782109558949,0.9989157805274396,1.001535764558194,0.0007653169958574,11.0,3,Alpine,-0.0019390227032125,4.0,11.0,7.0,0,Aggressive,1.0,High-Speed,train
2022,1,Sakhir,PER,0.9887039113865032,0.0148922910895145,0.967269139978156,0.9874238568159658,0.9857266376769162,0.9923490326726018,0.0008401353516616,11.0,3,Red Bull Racing,0.0015820189125638,-14.0,4.0,18.0,1,Frontrunner,1.0,High-Speed,train
2022,1,Sakhir,RIC,1.0118547375496958,0.0160232844419792,0.9822781242292924,1.010639662660231,1.0132402441017956,1.011150603968351,0.0015350243555884,11.25,3,McLaren,-0.0013383821860728,4.0,18.0,14.0,0,Aggressive,1.0,High-Speed,train
2022,1,Sakhir,RUS,0.9939679848173172,0.0139806088701687,0.9694132805854612,0.9985735388717516,0.992199575705426,0.9883086075595066,0.0005788769257596,11.75,3,Mercedes,0.0019682768077489,5.0,9.0,4.0,1,Frontrunner,1.0,High-Speed,train
2022,1,Sakhir,SAI,0.9869565873894858,0.0136718700463529,0.9637559706262804,0.9906593618445728,0.982150043593604,0.9886122020494836,0.000750226292279,11.5,3,Ferrari,0.0022173863440987,1.0,3.0,2.0,1,Frontrunner,1.0,High-Speed,train
2022,1,Sakhir,STR,1.0100047591644672,0.0149482598166189,0.9791978095540088,1.0089950261312135,1.010670507627216,1.0103035502716835,0.0025351769128666,11.25,3,Aston Martin,-0.0029287596140996,7.0,19.0,12.0,0,Aggressive,1.0,High-Speed,train
2022,1,Sakhir,TSU,1.0007125884094492,0.0126047798852154,0.9774865236232956,0.9995990059272812,1.0018656461862634,1.0002850748775494,0.000707957566565,11.25,3,AlphaTauri,-0.0011826048344387,8.0,16.0,8.0,0,Aggressive,1.0,High-Speed,train
2022,1,Sakhir,VER,0.9855398735613756,0.0122730307340419,0.9607360542779632,0.9845051663551748,0.981753598555999,0.9914662355525208,0.0008011895685133,10.5,3,Red Bull Racing,-0.0015820189125637,-17.0,2.0,19.0,1,Frontrunner,1.0,High-Speed,train
2022,1,Sakhir,ZHO,1.0016594221499486,0.0154453106927838,0.9732687071234796,0.998696296824615,1.0042561057488657,1.0010817608722298,0.0005286512904251,11.5,3,Alfa Romeo,0.0006633968412987,5.0,15.0,10.0,0,Aggressive,1.0,High-Speed,train
2022,2,Jeddah,ALB,1.014978954681051,0.0160262739307536,0.9916250722429464,1.0249784973676996,1.01360129138183,1.0077322004651514,-0.000988576233044,18.0,1,Williams,0.0,2.0,16.0,14.0,2,Tyre Manager,0.0,High-Degradation,train
2022,2,Jeddah,ALO,1.0094047181211578,0.0163325141964552,0.9859822413702516,1.014259691828739,1.0073231068261383,1.004077200090029,-0.0017279199285451,15.0,1,Alpine,0.0023461756898417,-9.0,7.0,16.0,2,Tyre Manager,0.0,High-Degradation,train
2022,2,Jeddah,BOT,1.0109773043914652,0.0169732419027598,0.9875374349813482,1.0149704904220456,1.010253545327525,1.00464271577918,-0.0019040859051629,14.5,1,Alfa Romeo,0.0015542114598361,-7.0,8.0,15.0,0,Aggressive,0.0,High-Degradation,train
2022,2,Jeddah,GAS,1.005928387537435,0.0158764998033443,0.9821678137970892,1.015449286868744,1.0048280489016996,0.9989399054692776,-0.0007450555563845,20.0,1,AlphaTauri,0.0,1.0,9.0,8.0,2,Tyre Manager,0.0,High-Degradation,train
2022,2,Jeddah,HAM,1.0023679924341933,0.0164882474119441,0.977218515210424,1.0068229506337367,0.9979997018189046,1.004729912221472,0.00021082305586,20.0,1,Mercedes,0.0033800566935122,5.0,15.0,10.0,2,Tyre Manager,0.0,High-Degradation,train
2022,2,Jeddah,HUL,1.011591971838386,0.0143159739319609,0.98409078968108,1.0207921002637026,1.00774691051254,1.0078004726536125,0.0002830602648462,20.0,1,Aston Martin,-0.0013709403724113,5.0,17.0,12.0,2,Tyre Manager,0.0,High-Degradation,train
2022,2,Jeddah,LEC,0.9845316158200198,0.0126374499226119,0.9628960226974204,0.977574644852128,0.9875798280893056,0.99073467169513,-0.0004636812012064,20.5,1,Ferrari,-0.0013349056376378,0.0,2.0,2.0,1,Frontrunner,0.0,High-Degradation,train
2022,2,Jeddah,MAG,1.0010655177848995,0.0161801204918101,0.9749277570535384,1.002967363257436,1.0014528045588578,1.0016171505739364,-0.0007252082951177,20.0,1,Haas F1 Team,0.0,1.0,10.0,9.0,2,Tyre Manager,0.0,High-Degradation,train
2022,2,Jeddah,NOR,1.0051930344344162,0.0180004401082913,0.9746545473651028,1.0112313936817878,1.0024606000955147,1.00401179163716,-0.0009153914722615,20.5,1,McLaren,-0.0024304242937349,4.0,11.0,7.0,2,Tyre Manager,0.0,High-Degradation,train
2022,2,Jeddah,OCO,1.004712366741474,0.0171487372068772,0.978332370094047,1.0039821653214125,1.0069970008345916,1.0035979550496767,-0.000822927813456,21.0,1,Alpine,-0.0023461756898419,-1.0,5.0,6.0,2,Tyre Manager,0.0,High-Degradation,train
2022,2,Jeddah,PER,0.985365084775736,0.012014117013428,0.9671833131928756,0.9856849179119288,0.9858941756100792,0.986255167075641,-0.0004129480266756,20.5,1,Red Bull Racing,5.189958903217829e-05,-3.0,1.0,4.0,1,Frontrunner,0.0,High-Degradation,train
2022,2,Jeddah,RIC,1.010053883021886,0.0128239690171688,0.9928755319707876,1.0168051341669735,1.009678001229537,1.0056380823767723,-0.0014894291702573,13.5,1,McLaren,0.0024304242937349,-3.0,14.0,17.0,0,Aggressive,0.0,High-Degradation,train
2022,2,Jeddah,RUS,0.9956078790471689,0.0155894430992967,0.9753690957810118,0.9904844368431208,0.9949885066175694,1.0017772740426352,-0.0012310874416344,21.0,1,Mercedes,-0.0033800566935122,1.0,6.0,5.0,2,Tyre Manager,0.0,High-Degradation,train
2022,2,Jeddah,SAI,0.9872014270952956,0.0150133007282353,0.9657437082961172,0.9813298827688705,0.9899312605803012,0.9914472203466128,-0.0008780766056061,21.0,1,Ferrari,0.0013349056376378,0.0,3.0,3.0,1,Frontrunner,0.0,High-Degradation,train
2022,2,Jeddah,STR,1.0143338525832086,0.014365247408975,0.992444701308254,1.0246927109716686,1.0122701968442949,1.0073562421300433,-0.0001021034030868,18.5,1,Aston Martin,0.0013709403724113,0.0,13.0,13.0,2,Tyre Manager,0.0,High-Degradation,train
2022,2,Jeddah,VER,0.9852612855976718,0.0143330725853656,0.9643461356591184,0.9828437349363428,0.9865471033201536,0.9872844650121044,-0.0006220591342961,20.5,1,Red Bull Racing,-5.189958903217829e-05,3.0,4.0,1.0,1,Frontrunner,0.0,High-Degradation,train
2022,2,Jeddah,ZHO,1.0078688814717929,0.0148660555466154,0.9869594914096568,1.0169638233446208,1.0063324248400547,1.0018381960979423,-0.0019935477332136,12.666666666666666,2,Alfa Romeo,-0.0015542114598363,1.0,12.0,11.0,0,Aggressive,0.0,High-Degradation,train
2022,3,Melbourne,ALB,1.004339154021429,0.0207434064356907,0.9773036553184944,1.0069484208134516,0.997741800083948,1.0067954709006277,-0.001182690717346,45.0,0,Williams,-0.0028716884728809,10.0,20.0,10.0,2,Tyre Manager,0.0,High-Degradation,train
2022,3,Melbourne,ALO,1.0048885138078931,0.0180260738157202,0.9566781450057392,1.0072473198240068,1.0011148996712946,1.0061164206765822,-0.0003185973875573,14.666666666666666,2,Alpine,0.0031876535719412,-7.0,10.0,17.0,0,Aggressive,0.0,High-Degradation,train
2022,3,Melbourne,BOT,1.0013150441357828,0.0173887777906193,0.9662039831019914,1.008287395157227,0.9940718928177572,1.000596455249816,-0.001130207563403,23.0,1,Alfa Romeo,-0.0019216199624205,4.0,12.0,8.0,2,Tyre Manager,0.0,High-Degradation,train
2022,3,Melbourne,GAS,1.0031237385989062,0.0137321009756339,0.9789839894919946,1.0071256532606228,1.004310127720813,1.000520439549762,-0.0005335096240671,22.5,1,AlphaTauri,-0.0024601512300757,2.0,11.0,9.0,2,Tyre Manager,0.0,High-Degradation,train
2022,3,Melbourne,HAM,0.9907244244402263,0.0209268102924914,0.968984817825742,0.9885917726208472,0.9986933207794144,0.985601245674821,-0.0015546599527623,23.5,1,Mercedes,0.0008987043500613,1.0,5.0,4.0,1,Frontrunner,0.0,High-Degradation,train
2022,3,Melbourne,LAT,1.010082530967191,0.0155477115210916,0.9926041629687482,1.0105521472392638,1.0042741500269832,1.013861788988179,-0.0010991430519061,15.0,2,Williams,0.0028716884728809,2.0,18.0,16.0,0,Aggressive,0.0,High-Degradation,train
2022,3,Melbourne,LEC,0.979156957663585,0.0181833390605728,0.9497438082052374,0.9786972822382264,0.9868436463009956,0.9735811581217428,-0.0010849013961669,23.5,1,Ferrari,0.0,0.0,1.0,1.0,1,Frontrunner,0.0,High-Degradation,train
2022,3,Melbourne,MAG,1.0054415353294637,0.0144134925287607,0.9830073248369956,1.0079435997747548,1.0068115159905204,1.0039506249116308,8.261029330415293e-05,23.0,1,Haas F1 Team,-3.1962878300317854e-05,2.0,16.0,14.0,2,Tyre Manager,0.0,High-Degradation,train
2022,3,Melbourne,MSC,1.005505461086064,0.0164348384700164,0.9822381577857456,1.0049490301790915,1.0068439385762646,1.006482859364558,-0.0004783829083704,22.0,1,Haas F1 Team,3.196287830009581e-05,2.0,15.0,13.0,2,Tyre Manager,0.0,High-Degradation,train
2022,3,Melbourne,NOR,0.9960232091227158,0.0146443886152901,0.9732684866342434,0.9955532833446944,1.0041590214067275,0.993477805409049,-0.0006211822021131,22.5,1,McLaren,-0.0001082093133638,-1.0,4.0,5.0,2,Tyre Manager,0.0,High-Degradation,train
2022,3,Melbourne,OCO,0.9985132066640108,0.0148612094521589,0.9758836546084938,0.9995129894720898,0.995848174132038,1.0002617379766017,-0.0006592051753564,22.5,1,Alpine,-0.0031876535719411,1.0,8.0,7.0,2,Tyre Manager,0.0,High-Degradation,train
2022,3,Melbourne,PER,0.9859462003805076,0.016789857559525,0.9596128131397398,0.9876437173369692,0.9875781015770222,0.9849442971788774,-0.0004318044642232,22.5,1,Red Bull Racing,0.0,1.0,3.0,2.0,1,Frontrunner,0.0,High-Degradation,train
2022,3,Melbourne,RIC,0.9962396277494436,0.0146069388829987,0.9756706545019938,0.9974142240399908,1.000768723391497,0.9942022912700365,-0.0007208839417546,22.5,1,McLaren,0.0001082093133639,1.0,7.0,6.0,2,Tyre Manager,0.0,High-Degradation,train
2022,3,Melbourne,RUS,0.9889270157401038,0.0164496159828445,0.964357982178991,0.9869947352390896,0.9987610660114136,0.9866856293291764,-0.0008314861412541,23.5,1,Mercedes,-0.0008987043500613,3.0,6.0,3.0,1,Frontrunner,0.0,High-Degradation,train
2022,3,Melbourne,STR,1.0081984899148475,0.0150155215303346,0.9891724945862472,1.010908062480964,1.003124318241839,1.0098077123226104,-0.0008013780437577,15.666666666666666,2,Aston Martin,0.0,7.0,19.0,12.0,0,Aggressive,0.0,High-Degradation,train
2022,3,Melbourne,TSU,1.0080440410590576,0.0139057924006078,0.9862141597737464,1.0113633265167006,1.0049709180308208,1.008150921396624,-0.0005235165647065,22.5,1,AlphaTauri,0.0024601512300757,-2.0,13.0,15.0,2,Tyre Manager,0.0,High-Degradation,train
2022,3,Melbourne,ZHO,1.0051582840606237,0.016517958658508,0.976735655034494,1.0089335757024918,1.0032655753432873,1.0042983327108703,-0.0007973514095424,22.5,1,Alfa Romeo,0.0019216199624203,3.0,14.0,11.0,2,Tyre Manager,0.0,High-Degradation,train
2022,4,Imola,ALB,1.0357776115505315,0.0588176687139278,0.9951433857539316,1.0299839659787853,1.0378050928045643,1.036613478975975,0.0008852467234252,27.5,1,Williams,-0.0007562110220464,7.0,18.0,11.0,3,Backmarker,0.0,High-Degradation,train
2022,4,Imola,BOT,1.0258325410878577,0.0593756324303448,0.9829835921904668,1.029692436111039,1.018858737729401,1.0267715443570675,-0.0004094056851743,28.5,1,Alfa Romeo,-0.0051630818189816,2.0,7.0,5.0,2,Tyre Manager,0.0,High-Degradation,train
2022,4,Imola,GAS,1.0360458374090975,0.0585788429413699,0.9946078192706556,1.0284484400594265,1.037733372182004,1.0389477604806998,0.0004466965525734,27.5,1,AlphaTauri,0.002744539446603,5.0,17.0,12.0,3,Backmarker,0.0,High-Degradation,train
2022,4,Imola,HAM,1.0351417923329895,0.0578432430023668,0.9910292614051316,1.029249102198704,1.03330206228808,1.0400545830298196,0.0017530062322895,27.5,1,Mercedes,0.0036637849198548,1.0,14.0,13.0,3,Backmarker,0.0,High-Degradation,train
2022,4,Imola,LAT,1.037290033594625,0.0621807104441936,0.990043332197283,1.0362438140884676,1.0327026827995376,1.0404131961725958,0.0004517495786941,27.5,1,Williams,0.0007562110220467,3.0,19.0,16.0,3,Backmarker,0.0,High-Degradation,train
2022,4,Imola,LEC,1.0179077172098732,0.0598502076805433,0.9564000194751447,1.0164737659589609,1.0153539039983943,1.019354997595419,-0.0006084521421407,13.25,3,Ferrari,0.0,-4.0,2.0,6.0,0,Aggressive,0.0,High-Degradation,train
2022,4,Imola,MAG,1.0332444139219952,0.0600086563923694,0.9888261356443838,1.0346760390748688,1.0293616971319224,1.033293959673485,0.0009367786886902,28.5,1,Haas F1 Team,-0.0016800656597966,-1.0,8.0,9.0,3,Backmarker,0.0,High-Degradation,train
2022,4,Imola,MSC,1.0366045452415882,0.0685916433879066,0.961573104824967,1.0380973806568374,1.026795735595207,1.0426879866027543,0.0007924500466128,17.666666666666668,2,Haas F1 Team,0.0016800656597963,-7.0,10.0,17.0,3,Backmarker,0.0,High-Degradation,train
2022,4,Imola,NOR,1.0270657533848742,0.0561314058493768,0.984748527192171,1.0221278120064934,1.025756286606348,1.0305441643338251,-0.0002156121748938,28.5,1,McLaren,-0.0060810974589011,2.0,5.0,3.0,2,Tyre Manager,0.0,High-Degradation,train
2022,4,Imola,OCO,1.0352097340314876,0.0577818440080866,0.9967257412727006,1.0331956185218918,1.0310364590504062,1.0388330570122382,0.0007024302656718,27.5,1,Alpine,0.0,2.0,16.0,14.0,3,Backmarker,0.0,High-Degradation,train
2022,4,Imola,PER,1.0175517529843447,0.0568995438244678,0.9609645065485174,1.0129200272890038,1.0123942200862568,1.024723871176139,0.0005905981097254,18.33333333333333,2,Red Bull Racing,0.0012231718814317,1.0,3.0,2.0,0,Aggressive,0.0,High-Degradation,train
2022,4,Imola,RIC,1.0392279483026767,0.0583124478671058,0.9929524319587126,1.0347947212073862,1.033698845516667,1.0465394211081869,-0.0013207531183659,17.666666666666668,2,McLaren,0.0060810974589013,-12.0,6.0,18.0,3,Backmarker,0.0,High-Degradation,train
2022,4,Imola,RUS,1.0278142224932798,0.0576143254206456,0.9854666731583815,1.0308867097460612,1.0203670165799452,1.0299850456422772,-4.548650576004573e-05,28.5,1,Mercedes,-0.0036637849198548,7.0,11.0,4.0,2,Tyre Manager,0.0,High-Degradation,train
2022,4,Imola,STR,1.0375155192560497,0.0614271842940093,0.9950581819952286,1.0355632710590617,1.0301570809706615,1.0443531261168402,0.0005741365386713,28.0,1,Aston Martin,0.0022907986133355,5.0,15.0,10.0,3,Backmarker,0.0,High-Degradation,train
2022,4,Imola,TSU,1.0305567585158917,0.0649260151746861,0.9803787915672622,1.0301769623479673,1.024141730016232,1.0349439640942757,0.0004262785043421,28.5,1,AlphaTauri,-0.0027445394466028,5.0,12.0,7.0,3,Backmarker,0.0,High-Degradation,train
2022,4,Imola,VER,1.015105409221481,0.0565286316390845,0.9548420078874336,1.0122031714809134,1.011184574943248,1.019364450494576,0.0003043562221329,18.33333333333333,2,Red Bull Racing,-0.0012231718814319,0.0,1.0,1.0,0,Aggressive,0.0,High-Degradation,train
2022,4,Imola,VET,1.0329339220293785,0.0593313434855733,0.9884974925751008,1.0310798519287818,1.026194991228997,1.0390518008519722,0.000562001433911,28.5,1,Aston Martin,-0.0022907986133355,5.0,13.0,8.0,3,Backmarker,0.0,High-Degradation,train
2022,4,Imola,ZHO,1.0361587047258207,0.0623727747195174,0.9894103899897756,1.032027870799727,1.034187043541462,1.0395278699763673,0.0005241061491677,27.5,1,Alfa Romeo,0.0051630818189813,-15.0,0.0,15.0,3,Backmarker,0.0,High-Degradation,train
2022,5,Miami,ALB,1.0040177409657474,0.012118316417058,0.9853121045972164,1.0131609241028896,0.9992527421954704,1.0021193468279608,-0.0006324641373603,23.5,1,Williams,-0.0056829170586147,9.0,18.0,9.0,2,Tyre Manager,1.0,High-Speed,train
2022,5,Miami,ALO,1.001417168444951,0.0089995566665851,0.9840889919865036,1.0022791626971526,1.0013184140054776,1.0031983897483658,-0.0005587931163325,23.5,1,Alpine,-0.0014767289580475,0.0,11.0,11.0,2,Tyre Manager,1.0,High-Speed,train
2022,5,Miami,BOT,0.9979819081259664,0.0122546056662137,0.982539013074652,0.9916937916798984,1.0005592571134283,1.0008408248934746,-0.0005164740584727,24.0,1,Alfa Romeo,0.0,-2.0,5.0,7.0,2,Tyre Manager,1.0,High-Speed,train
2022,5,Miami,GAS,1.006134015183467,0.0086775578056145,0.99627794179671,1.0161371959646217,1.002116708663638,1.0021642284852088,-0.0003112812865164,18.0,1,AlphaTauri,0.0001467477139549,-11.0,7.0,18.0,2,Tyre Manager,1.0,High-Speed,train
2022,5,Miami,HAM,0.99589790644041,0.0112092955506206,0.9799768030366932,0.9884004181221556,1.0019377046447382,0.9994221430583322,-0.0002849791409595,23.5,1,Mercedes,-0.0010613025058727,0.0,6.0,6.0,2,Tyre Manager,1.0,High-Speed,train
2022,5,Miami,LAT,1.0153835750829772,0.0133212684677379,0.9929249261914804,1.0220967174994593,1.0113577750108558,1.015463866519117,-0.0007881681915342,23.0,1,Williams,0.005682917058615,5.0,19.0,14.0,2,Tyre Manager,1.0,High-Speed,train
2022,5,Miami,LEC,0.98508938792725,0.01193812801694,0.9646562631800928,0.9721671589966832,0.9916545330265858,0.9923238118977816,-0.0005707059218692,24.5,1,Ferrari,-0.002082562253075,-1.0,1.0,2.0,1,Frontrunner,1.0,High-Speed,train
2022,5,Miami,MAG,1.0047661507710923,0.0109248919905043,0.9859869253479544,1.0080947166342202,1.0055538362254066,1.0023286918919632,-0.0008404468830449,15.333333333333334,2,Haas F1 Team,0.0010363627935783,0.0,16.0,16.0,0,Aggressive,1.0,High-Speed,train
2022,5,Miami,MSC,1.002693425183936,0.0110418707997986,0.9756221003795869,1.003680901050304,1.0043266076869783,1.0019438017086235,-0.0002746694868087,15.0,2,Haas F1 Team,-0.0010363627935783,0.0,15.0,15.0,0,Aggressive,1.0,High-Speed,train
2022,5,Miami,NOR,1.0051452153334273,0.0091958119526838,0.9849325179249262,1.0069176686014374,1.0050074490978314,1.0058794522626409,-0.0006492940996461,18.0,1,McLaren,-0.0004995317483817,-11.0,8.0,19.0,2,Tyre Manager,1.0,High-Speed,train
2022,5,Miami,OCO,1.004370626361046,0.0114739496155903,0.982317587515816,1.0116198345009646,1.0020641264285883,1.0014034821530176,-0.0016049767753468,24.5,1,Alpine,0.0014767289580475,12.0,20.0,8.0,2,Tyre Manager,1.0,High-Speed,train
2022,5,Miami,PER,0.9922593315056938,0.0140166555850389,0.9681463517503164,0.9861278712818886,0.9939688747264066,0.996409108725613,-0.000843651014465,16.0,2,Red Bull Racing,0.0043646953192918,0.0,4.0,4.0,1,Frontrunner,1.0,High-Speed,train
2022,5,Miami,RIC,1.006144278830191,0.0128194903476775,0.9833930830873048,1.005476606330052,1.0064312305627854,1.009273958263556,-0.0014250965850211,15.666666666666666,2,McLaren,0.000499531748382,1.0,14.0,13.0,0,Aggressive,1.0,High-Speed,train
2022,5,Miami,RUS,0.9980205114521556,0.0145757493112393,0.9721109236609023,0.9923139405015736,1.0007460358750353,1.003922473287005,-0.0017419572309803,24.5,1,Mercedes,0.0010613025058727,7.0,12.0,5.0,2,Tyre Manager,1.0,High-Speed,train
2022,5,Miami,SAI,0.9892545124334,0.0120078127276839,0.9678405735976382,0.9784223414179104,0.9933628144189308,0.9961495200060072,-0.0006100925711124,24.5,1,Ferrari,0.002082562253075,-1.0,2.0,3.0,1,Frontrunner,1.0,High-Speed,train
2022,5,Miami,STR,1.0061360056464592,0.0132344661523875,0.9838886545761282,1.017027109351203,1.0027808839145655,1.0001726290789428,-0.0017251590729914,24.5,1,Aston Martin,-0.0004493831836123,-10.0,0.0,10.0,2,Tyre Manager,1.0,High-Speed,train
2022,5,Miami,TSU,1.0058405197555569,0.0140365556756058,0.98096794601434,1.0078470678522284,1.0056164671435497,1.0064096925010149,-4.707421778277674e-05,15.666666666666666,2,AlphaTauri,-0.0001467477139551,-3.0,9.0,12.0,0,Aggressive,1.0,High-Speed,train
2022,5,Miami,VER,0.98352994086711,0.0121400747393049,0.9633171657528468,0.9746462997512438,0.9857149613694176,0.9909892265520556,-0.0007052654626928,24.5,1,Red Bull Racing,-0.0043646953192918,2.0,3.0,1.0,1,Frontrunner,1.0,High-Speed,train
2022,5,Miami,VET,1.007034772013684,0.0128111348594333,0.9856495149725852,1.0198859867330017,1.0031378175062995,0.9994276490198803,-0.0018657840344364,22.5,1,Aston Martin,0.0004493831836123,-17.0,0.0,17.0,2,Tyre Manager,1.0,High-Speed,train
2022,6,Barcelona,ALB,1.0179064600730745,0.0119907394401334,0.9933052792654936,1.016675430475838,1.0227122774690165,1.015275481643956,0.0017749530429112,11.0,4,Williams,0.0021094745340946,0.0,18.0,18.0,0,Aggressive,1.0,High-Speed,train
2022,6,Barcelona,ALO,0.9984831636794232,0.0130984939784929,0.9743800351050902,1.0015022122340052,0.9988859999815528,0.997250746137591,0.0003059132804434,14.5,3,Alpine,0.0011785788059666,11.0,20.0,9.0,0,Aggressive,1.0,High-Speed,train
2022,6,Barcelona,BOT,0.9971889366581104,0.0083186351530716,0.9720847022818307,0.9980521518480184,0.9960569402577484,0.9993684331093056,0.000612197463725,20.33333333333333,2,Alfa Romeo,0.0,1.0,7.0,6.0,1,Frontrunner,1.0,High-Speed,train
2022,6,Barcelona,GAS,1.0039900613175117,0.0147835296290007,0.9787456681218776,1.004260130627151,1.0056314904336403,1.0036093807874211,0.0014872909177149,14.5,3,AlphaTauri,0.0022059987491289,1.0,14.0,13.0,0,Aggressive,1.0,High-Speed,train
2022,6,Barcelona,HAM,0.9870510885095288,0.0174454407393387,0.9479837076376074,0.988422796782768,0.9882997602727824,0.9861912190230706,0.0017630148947987,19.666666666666668,2,Mercedes,-0.0019303906057903,1.0,6.0,5.0,1,Frontrunner,1.0,High-Speed,train
2022,6,Barcelona,LAT,1.0136875110048853,0.0127718642301893,0.981659840676898,1.0110887197627472,1.013566549297427,1.0175581792968824,0.001488335200082,14.25,3,Williams,-0.0021094745340946,3.0,19.0,16.0,0,Aggressive,1.0,High-Speed,train
2022,6,Barcelona,MAG,1.011536110235984,0.0152416527253199,0.9849340654394888,1.0062505091649696,1.0118341407356772,1.0170965424924092,0.0013805562437099,30.0,1,Haas F1 Team,0.0004790505074054,-9.0,8.0,17.0,2,Tyre Manager,1.0,High-Speed,train
2022,6,Barcelona,MSC,1.010578009221173,0.0126815874280647,0.9839214186056978,1.0085797691785474,1.0085097592312082,1.013499474675506,0.0006547462464563,20.33333333333333,2,Haas F1 Team,-0.0004790505074054,-4.0,10.0,14.0,0,Aggressive,1.0,High-Speed,train
2022,6,Barcelona,NOR,0.9972580346184096,0.0141761212786935,0.963353436248256,0.9992488522213402,0.9946548739077148,1.0001499631179267,0.0007567638413764,14.75,3,McLaren,-0.00382364436122,3.0,11.0,8.0,0,Aggressive,1.0,High-Speed,train
2022,6,Barcelona,OCO,0.9961260060674898,0.0133391612737918,0.9669089517980108,0.997741723911768,0.9956064282558748,0.9970278527439652,0.0010511576634379,14.75,3,Alpine,-0.0011785788059667,5.0,12.0,7.0,0,Aggressive,1.0,High-Speed,train
2022,6,Barcelona,PER,0.9867988358311954,0.0155038047159298,0.9463522210720554,0.9859587835272188,0.9871845929800576,0.986197721113977,0.0007419337660621,15.0,3,Red Bull Racing,0.0017522286494252,3.0,5.0,2.0,1,Frontrunner,1.0,High-Speed,train
2022,6,Barcelona,RIC,1.0049053233408498,0.0118424606411077,0.982098654304874,1.003283938478826,1.0027896118217232,1.0101695373215152,0.001386094711619,14.5,3,McLaren,0.0038236443612202,-3.0,9.0,12.0,0,Aggressive,1.0,High-Speed,train
2022,6,Barcelona,RUS,0.9909118697211096,0.0135574935500219,0.952293082496962,0.9947033035313612,0.991021487799804,0.987345326324725,0.0014148603433112,15.0,3,Mercedes,0.0019303906057904,1.0,4.0,3.0,1,Frontrunner,1.0,High-Speed,train
2022,6,Barcelona,SAI,0.9890658933680976,0.0140477535573781,0.9674715333723388,0.984650607486481,0.9886735312237273,0.9919379606454722,0.0007609966401606,14.75,3,Ferrari,0.0,-1.0,3.0,4.0,1,Frontrunner,1.0,High-Speed,train
2022,6,Barcelona,STR,1.0056463790697927,0.0142075547278191,0.9774967370268688,1.0110688952875906,1.0056535244726437,1.002933888437935,0.0009095245004059,14.5,3,Aston Martin,-0.0003538961425266,2.0,17.0,15.0,0,Aggressive,1.0,High-Speed,train
2022,6,Barcelona,TSU,0.9995780638192536,0.0120743553831389,0.9769566587155136,1.0044357047545476,0.9984068877381088,0.998602856657146,0.000539512932443,14.5,3,AlphaTauri,-0.0022059987491289,3.0,13.0,10.0,0,Aggressive,1.0,High-Speed,train
2022,6,Barcelona,VER,0.9832943785323448,0.0110317170881505,0.9615194203159458,0.9862588664934336,0.9830453063788396,0.9809762654313986,0.0009415400330543,14.75,3,Red Bull Racing,-0.0017522286494252,1.0,2.0,1.0,1,Frontrunner,1.0,High-Speed,train
2022,6,Barcelona,VET,1.0063541713548465,0.0125235847255659,0.9859692155362528,1.0101928038017651,1.009786409883001,1.0011497817972077,0.0001105084380597,20.0,2,Aston Martin,0.0003538961425268,5.0,16.0,11.0,0,Aggressive,1.0,High-Speed,train
2022,7,Monaco,ALB,1.111808944687979,0.1332963399143137,0.968904839370646,1.12973502446881,1.09817946536198,1.111188554848236,-0.0069102402548012,9.0,3,Williams,0.0199583348325385,-2.0,16.0,18.0,3,Backmarker,0.0,High-Degradation,train
2022,7,Monaco,ALO,1.064067343169325,0.1092208061338614,0.942317483576937,1.0615872409210605,1.0603640132769825,1.0667895245802037,-0.0107600066357759,17.666666666666668,2,Alpine,-0.00217681588573,0.0,7.0,7.0,3,Backmarker,0.0,High-Degradation,train
2022,7,Monaco,BOT,1.070534879781327,0.1182946077179918,0.9636519428266296,1.070570631116472,1.065011759842346,1.0738830786603342,-0.0112586503694113,17.666666666666668,2,Alfa Romeo,-0.0072345358910441,3.0,12.0,9.0,3,Backmarker,0.0,High-Degradation,train
2022,7,Monaco,GAS,1.0606590622734275,0.104698851070322,0.9604728848709128,1.055893778679971,1.054109293440021,1.0706608571949403,-0.0042920139578941,17.333333333333332,2,AlphaTauri,-0.0077772212442217,6.0,17.0,11.0,3,Backmarker,0.0,High-Degradation,train
2022,7,Monaco,HAM,1.0610066968160967,0.1109108214978742,0.9587219193562408,1.0583170268664983,1.0558183281821556,1.066551503274048,-0.0050638776704858,12.75,3,Mercedes,0.0036082322498911,0.0,8.0,8.0,3,Backmarker,0.0,High-Degradation,train
2022,7,Monaco,LAT,1.071892275022902,0.1036832900654921,0.975809355868218,1.072889118408074,1.064720783630324,1.077151833808123,-0.0042401749722577,26.0,1,Williams,-0.0199583348325385,4.0,19.0,15.0,3,Backmarker,0.0,High-Degradation,train
2022,7,Monaco,LEC,1.043109642679827,0.1064840891752718,0.94687496119314,1.0335494167932924,1.0429581107065249,1.04682886118529,-0.0149546680514905,12.75,3,Ferrari,-0.00328742657834,-3.0,1.0,4.0,3,Backmarker,0.0,High-Degradation,train
2022,7,Monaco,NOR,1.04587078538495,0.1185966253227564,0.9275522495560496,1.038155793817248,1.0478116900876495,1.0440718083618377,0.0026776149406922,9.8,4,McLaren,-0.0128406074349871,-1.0,5.0,6.0,3,Backmarker,0.0,High-Degradation,train
2022,7,Monaco,OCO,1.0684209749407851,0.1151185614672862,0.9632918151675836,1.0687288958705157,1.0571486195229436,1.081556145686574,-0.0111334938174385,17.666666666666668,2,Alpine,0.00217681588573,-2.0,10.0,12.0,3,Backmarker,0.0,High-Degradation,train
2022,7,Monaco,PER,1.0422980443253147,0.1067755137425998,0.9441305400673068,1.0341684774062585,1.042308919542487,1.044307349172365,-0.0005095284141793,13.0,3,Red Bull Racing,-0.0007833366588996,2.0,3.0,1.0,3,Backmarker,0.0,High-Degradation,train
2022,7,Monaco,RIC,1.0715520002549244,0.1215750922206074,0.9628075055571422,1.068308128179864,1.066572547791919,1.0772242644963717,-0.0084500082783326,17.666666666666668,2,McLaren,0.0128406074349871,1.0,14.0,13.0,3,Backmarker,0.0,High-Degradation,train
2022,7,Monaco,RUS,1.0537902323163144,0.1137209418283225,0.9540899325692004,1.0487231453787436,1.0490266021280097,1.0610128062717152,-0.0084080865069595,17.666666666666668,2,Mercedes,-0.0036082322498911,1.0,6.0,5.0,3,Backmarker,0.0,High-Degradation,train
2022,7,Monaco,SAI,1.049684495836507,0.1088200870633044,0.9490108907571374,1.0429112916516183,1.046245680365077,1.056322345966599,-0.0183012942867733,17.666666666666668,2,Ferrari,0.00328742657834,0.0,2.0,2.0,3,Backmarker,0.0,High-Degradation,train
2022,7,Monaco,STR,1.0673270846815124,0.1062523803107439,0.9645460528766748,1.064892247757886,1.064389373419367,1.068646989073549,-0.0060521115061732,27.0,1,Aston Martin,0.0028701925520968,4.0,18.0,14.0,3,Backmarker,0.0,High-Degradation,train
2022,7,Monaco,TSU,1.076213504761871,0.1153177728003659,0.9355123126404808,1.0731580125081066,1.0721003781218936,1.08015616450567,-0.0137420098807893,9.8,4,AlphaTauri,0.0077772212442217,-6.0,11.0,17.0,3,Backmarker,0.0,High-Degradation,train
2022,7,Monaco,VER,1.043864717643114,0.1094304198641022,0.9444285767506552,1.038201770208176,1.0421452882365454,1.0464215982382916,-0.0052560135786278,12.75,3,Red Bull Racing,0.0007833366588996,1.0,4.0,3.0,3,Backmarker,0.0,High-Degradation,train
2022,7,Monaco,VET,1.0615866995773189,0.110669419103584,0.96313037863077,1.0647758452944456,1.0538975854115311,1.0656185340173892,-0.0159728660190486,12.75,3,Aston Martin,-0.0028701925520966,-1.0,9.0,10.0,3,Backmarker,0.0,High-Degradation,train
2022,7,Monaco,ZHO,1.0850039515634151,0.1151451835341576,0.9711028599103406,1.0772485650068548,1.0809015946025136,1.0935768748909578,-0.0089786428515345,17.666666666666668,2,Alfa Romeo,0.0072345358910441,4.0,20.0,16.0,3,Backmarker,0.0,High-Degradation,train
2022,8,Baku,ALB,1.0007798399972234,0.0128801918197173,0.9836552478134112,1.0009872123258434,1.005320540124495,0.9970513492017304,0.0001898932841604,14.0,2,Williams,-0.0066475936675689,5.0,17.0,12.0,0,Aggressive,1.0,High-Speed,train
2022,8,Baku,ALO,0.9985460011926848,0.0090285610626742,0.9838647959183676,1.0029051594798846,1.0030656623399916,0.9885193081957324,-0.0002399393263118,22.0,1,Alpine,-0.0029425051711822,3.0,10.0,7.0,2,Tyre Manager,1.0,High-Speed,train
2022,8,Baku,BOT,1.0053935860058312,0.012657706075444,0.9855958454810496,1.0083338993027258,1.0035893718723767,1.008503236402905,-0.0005171520708529,22.5,1,Alfa Romeo,0.0,4.0,15.0,11.0,2,Tyre Manager,1.0,High-Speed,train
2022,8,Baku,GAS,1.0001501299277478,0.0112900376875999,0.9886935131195336,1.0009298877116726,0.997107102511694,1.0038713693261037,-0.0024221130803878,23.0,1,AlphaTauri,0.0006684314632974,1.0,6.0,5.0,2,Tyre Manager,1.0,High-Speed,train
2022,8,Baku,HAM,0.9959282703764738,0.0110626252456793,0.9752551020408164,0.9956465265228024,0.9936089188575395,1.0047957747251035,0.0001367289163453,15.333333333333334,2,Mercedes,0.0018036387691724,3.0,7.0,4.0,0,Aggressive,1.0,High-Speed,train
2022,8,Baku,LAT,1.0140750273323615,0.0113267620226687,0.998387390670554,1.0147858088834556,1.0213038312372498,1.0049865176822057,0.000319477987504,13.333333333333334,2,Williams,0.0066475936675691,3.0,18.0,15.0,0,Aggressive,1.0,High-Speed,train
2022,8,Baku,MAG,1.007147087151187,0.0060324422545833,0.9911534256559767,1.0119384168704155,1.010642948416168,0.9982721017173674,-0.0004437426640414,14.0,1,Haas F1 Team,0.0007365095272802,-1.0,16.0,17.0,0,Aggressive,1.0,High-Speed,train
2022,8,Baku,MSC,1.0056740680966263,0.0123919646455253,0.9877004373177845,1.0058450488997557,1.0073675175901282,1.0069503911673496,-0.0002472591417658,14.0,2,Haas F1 Team,-0.0007365095272802,6.0,20.0,14.0,0,Aggressive,1.0,High-Speed,train
2022,8,Baku,NOR,0.9989454263848396,0.0111320415845821,0.9839376822157436,0.9989800974290586,0.998702303144431,1.0037510647415788,-0.0003103439667591,22.0,1,McLaren,-0.0011800945145138,2.0,11.0,9.0,2,Tyre Manager,1.0,High-Speed,train
2022,8,Baku,OCO,1.0044310115350492,0.0105950028224406,0.986670918367347,1.0107776567095426,1.0089501452784264,0.991403704537768,3.993660368959733e-05,23.0,1,Alpine,0.0029425051711822,3.0,13.0,10.0,2,Tyre Manager,1.0,High-Speed,train
2022,8,Baku,PER,0.984726179432812,0.009039236649054,0.9661625364431488,0.9809802695172573,0.9823947321761566,0.9960038022076084,0.000368636184844,14.666666666666666,2,Red Bull Racing,0.0012973553869598,0.0,2.0,2.0,1,Frontrunner,1.0,High-Speed,train
2022,8,Baku,RIC,1.001305615413867,0.0096208869294973,0.9864795918367348,1.0027860458523794,1.0008440866660622,1.0042973042955332,-0.0001532380888581,23.0,1,McLaren,0.0011800945145137,4.0,12.0,8.0,2,Tyre Manager,1.0,High-Speed,train
2022,8,Baku,RUS,0.992320992838129,0.0119827259688316,0.976466836734694,0.986197138458752,0.9874590749550908,1.0096168525176974,-0.0014854433074889,15.333333333333334,2,Mercedes,-0.0018036387691723,2.0,5.0,3.0,1,Frontrunner,1.0,High-Speed,train
2022,8,Baku,STR,1.0090470116618075,0.0111753296986192,0.984311224489796,1.0124341945857838,1.0134314151396673,1.00078172801213,0.0003291121749176,18.5,1,Aston Martin,0.0050749109167476,3.0,19.0,16.0,2,Tyre Manager,1.0,High-Speed,train
2022,8,Baku,TSU,0.9988132670011528,0.0107268626798274,0.97961916909621,1.001648945243646,0.9976189992080708,1.0009974704582274,-0.0001746889770763,14.333333333333334,2,AlphaTauri,-0.0006684314632975,-5.0,8.0,13.0,0,Aggressive,1.0,High-Speed,train
2022,8,Baku,VER,0.9821314686588924,0.0106663240545526,0.9661989795918368,0.9807966585167074,0.9802619645917784,0.9875061503706096,-9.532454261787698e-05,14.666666666666666,2,Red Bull Racing,-0.0012973553869597,2.0,3.0,1.0,1,Frontrunner,1.0,High-Speed,train
2022,8,Baku,VET,0.9988971898283124,0.0081488109862367,0.985841836734694,1.0008631033233724,1.0046674288788755,0.9903535147788188,-0.0002509449085057,22.5,1,Aston Martin,-0.0050749109167474,3.0,9.0,6.0,2,Tyre Manager,1.0,High-Speed,train
2022,9,Montréal,ALB,1.0057558729024554,0.0096980135858816,0.9890376197424348,1.013534648272392,1.0056977676199388,1.0021328969166894,-0.0003046842546346,19.0,2,Williams,-0.0042714871125839,-1.0,12.0,13.0,0,Aggressive,0.0,High-Degradation,train
2022,9,Montréal,ALO,0.997153170318392,0.0142171245970984,0.9770982680961748,0.9937291353421456,0.9979211335944136,0.99787460607854,-0.0002207174918839,19.666666666666668,2,Alpine,0.0005479469730124,-7.0,2.0,9.0,1,Frontrunner,0.0,High-Degradation,train
2022,9,Montréal,BOT,0.9995976417635376,0.0128499866944118,0.9760451690668022,1.00469107175475,0.9970700766354926,0.9998428634067212,-0.0005373533608011,29.5,1,Alfa Romeo,-0.000370059976286,4.0,11.0,7.0,2,Tyre Manager,0.0,High-Degradation,train
2022,9,Montréal,GAS,1.0031437364068472,0.0120117689116389,0.9872486201865128,1.010465542662337,1.0015458022556432,1.0010748008492607,-0.0067194483886098,17.666666666666668,2,AlphaTauri,-0.0017915190433397,1.0,15.0,14.0,0,Aggressive,0.0,High-Degradation,train
2022,9,Montréal,HAM,0.9851588941903704,0.0111597398832453,0.9664023345809808,0.9812710972091364,0.98410655702886,0.9905394619465704,-0.0009991612273112,19.0,2,Mercedes,-0.0008273872526268,1.0,4.0,3.0,1,Frontrunner,0.0,High-Degradation,train
2022,9,Montréal,LAT,1.0142988471276233,0.0110979903946925,0.9965108164689463,1.0240896588193338,1.013765006874204,1.009651632934416,-0.0009625222525617,18.33333333333333,2,Williams,0.0042714871125839,2.0,18.0,16.0,0,Aggressive,0.0,High-Degradation,train
2022,9,Montréal,LEC,0.9945981094969232,0.0157324191907401,0.9630273425109434,0.9977550744336152,0.996857828988778,0.9923600238489688,-0.0008955778489876,28.0,1,Ferrari,0.006614153289671,14.0,19.0,5.0,2,Tyre Manager,0.0,High-Degradation,train
2022,9,Montréal,MAG,1.0084979744609892,0.0087800858915885,0.9902429740531624,1.0094974523154618,1.0077126015729994,1.0102535773453003,5.469856431345092e-05,28.0,1,Haas F1 Team,0.0,-12.0,5.0,17.0,2,Tyre Manager,0.0,High-Degradation,train
2022,9,Montréal,NOR,1.0045633536038283,0.0115289814930437,0.983251919050942,1.0070818222225086,1.0059682111244057,1.0034806295399517,0.0001292659305924,18.666666666666668,2,McLaren,0.0002260117460324,-1.0,14.0,15.0,0,Aggressive,0.0,High-Degradation,train
2022,9,Montréal,OCO,0.9960572763723672,0.0098261089307681,0.9783670621074668,0.9929488712920624,0.9981465123147604,0.998385435003769,-0.000468068812602,19.666666666666668,2,Alpine,-0.0005479469730124,1.0,7.0,6.0,1,Frontrunner,0.0,High-Degradation,train
2022,9,Montréal,RIC,1.0041113301117632,0.0074840516009627,0.9887965488802892,1.0088776349526458,1.004199989871297,1.0024960120933544,-0.0002520418164519,19.33333333333333,2,McLaren,-0.0002260117460326,-2.0,9.0,11.0,0,Aggressive,0.0,High-Degradation,train
2022,9,Montréal,RUS,0.986813668695624,0.010776148188682,0.9695870075493244,0.9771985991492688,0.9840014038987438,0.9976563844937946,-0.000775067852481,19.0,2,Mercedes,0.0008273872526269,4.0,8.0,4.0,1,Frontrunner,0.0,High-Degradation,train
2022,9,Montréal,SAI,0.9813698029175812,0.0108185642896536,0.9610987756137792,0.9793884792841568,0.980246732513134,0.9854532553734234,-0.0003670365396035,19.666666666666668,2,Ferrari,-0.0066141532896709,1.0,3.0,2.0,1,Frontrunner,0.0,High-Degradation,train
2022,9,Montréal,STR,1.0040790614485844,0.0116661038719245,0.982313011482586,1.0085096856313125,1.0033349558948774,1.0033692616912484,-0.0007648230600893,28.5,1,Aston Martin,0.0012895581187082,7.0,17.0,10.0,2,Tyre Manager,0.0,High-Degradation,train
2022,9,Montréal,TSU,1.0067267744935269,0.0088379194114267,0.9935799023028612,1.0147340080967209,1.0082059186010826,1.0017103009694557,-0.0024946715519232,20.5,1,AlphaTauri,0.0017915190433399,2.0,20.0,18.0,2,Tyre Manager,0.0,High-Degradation,train
2022,9,Montréal,VER,0.9820560269328412,0.0147145010509994,0.9622406902239422,0.9756356772238404,0.9812659825469408,0.9862594578949528,-0.0025196168483766,19.666666666666668,2,Red Bull Racing,0.0,0.0,1.0,1.0,1,Frontrunner,0.0,High-Degradation,train
2022,9,Montréal,VET,1.001499945211168,0.0085563590225571,0.9891010594429996,1.001374888807815,0.999447176885354,1.0050546242339284,-0.0058609664162204,18.33333333333333,2,Aston Martin,-0.0012895581187082,4.0,16.0,12.0,0,Aggressive,0.0,High-Degradation,train
2022,9,Montréal,ZHO,1.0003377617161098,0.0124467120777958,0.971617077967392,1.0066790228459743,1.0016164862434418,0.9966476316448633,-0.0003726148553834,19.33333333333333,2,Alfa Romeo,0.000370059976286,2.0,10.0,8.0,0,Aggressive,0.0,High-Degradation,train
2022,10,Silverstone,ALO,0.9955850151616752,0.0121269861897101,0.9739835842476822,0.9982463695340908,0.9925669919630866,0.9974507130333088,-0.0005570667683187,14.333333333333334,2,Alpine,-0.0064981543652372,2.0,7.0,5.0,1,Frontrunner,1.0,High-Speed,train
2022,10,Silverstone,HAM,0.98541863234372,0.0101869550772031,0.9622990558816026,0.9911292416325554,0.9830312290626432,0.9828011113988772,-0.0016988032047292,14.333333333333334,2,Mercedes,0.0,2.0,5.0,3.0,1,Frontrunner,1.0,High-Speed,train
2022,10,Silverstone,LAT,1.009414097781666,0.0087251036799908,0.9918133877689888,1.0073223955000812,1.0128945751159282,1.0071324172057554,0.0002147285124353,14.0,2,Williams,0.0,-2.0,10.0,12.0,0,Aggressive,1.0,High-Speed,train
2022,10,Silverstone,LEC,0.9858453944310268,0.0088969474218732,0.9705069320404864,0.9893965987653074,0.98211324438462,0.9877363504858984,-0.0002883659983799,21.5,1,Ferrari,0.0003732313851617,-1.0,3.0,4.0,1,Frontrunner,1.0,High-Speed,train
2022,10,Silverstone,MAG,1.006588273652576,0.0117862998976125,0.9851684103087522,1.0044168345859636,1.0115245420290395,1.0022311900973964,-0.0006060227101298,21.0,1,Haas F1 Team,0.0016182102253168,7.0,17.0,10.0,2,Tyre Manager,1.0,High-Speed,train
2022,10,Silverstone,MSC,1.0033518532019423,0.012691939159237,0.9792995662158712,0.998743390664642,1.0098335723286838,0.9995223497803918,-0.0004749196582347,14.0,2,Haas F1 Team,-0.0016182102253166,11.0,19.0,8.0,0,Aggressive,1.0,High-Speed,train
2022,10,Silverstone,NOR,0.9961087011992856,0.0111450469207516,0.9743663349493918,1.001890438516441,0.994236220376956,0.9926472247063356,-0.0008564638929463,14.333333333333334,2,McLaren,-0.0053710023815598,0.0,6.0,6.0,1,Frontrunner,1.0,High-Speed,train
2022,10,Silverstone,OCO,1.0085813238921495,0.0074838511060748,0.9944820107170196,1.0070766344675446,1.0089574371007692,1.0102380097784331,-0.0006745482248844,16.0,1,Alpine,0.0064981543652371,0.0,15.0,15.0,2,Tyre Manager,1.0,High-Speed,train
2022,10,Silverstone,PER,0.9880931894111572,0.010980169334655,0.966838904482436,0.9929046370155946,0.9850278760538788,0.9875297003211652,-0.0006529961539519,14.333333333333334,2,Red Bull Racing,-0.0054879910731064,2.0,4.0,2.0,1,Frontrunner,1.0,High-Speed,train
2022,10,Silverstone,RIC,1.0068507059624054,0.0106376081609827,0.984987666921834,1.0040920181830335,1.0107912918785036,1.004657366807652,-9.600748717683272e-05,10.0,3,McLaren,0.0053710023815598,1.0,14.0,13.0,0,Aggressive,1.0,High-Speed,train
2022,10,Silverstone,SAI,0.9850989316607032,0.0107099379582845,0.9655205409543252,0.9932373293202974,0.9792786483676064,0.9847719583848078,-7.247297484903566e-05,14.333333333333334,2,Ferrari,-0.0003732313851617,0.0,1.0,1.0,1,Frontrunner,1.0,High-Speed,train
2022,10,Silverstone,STR,1.006588779936573,0.0125872746422358,0.9821701964786936,0.9996729154928232,1.0126388190525852,1.006081956277913,-0.0013471066513934,14.0,2,Aston Martin,0.0018611765041649,9.0,20.0,11.0,0,Aggressive,1.0,High-Speed,train
2022,10,Silverstone,TSU,1.0171149305175842,0.0195489342896704,0.9976184400782512,1.0127921079522122,1.0191686686407064,1.0195503990273305,-0.0002741344014351,14.0,2,AlphaTauri,0.0,-1.0,13.0,14.0,0,Aggressive,1.0,High-Speed,train
2022,10,Silverstone,VER,0.9990691715573702,0.0092438085181084,0.9795759972782172,0.9960508723845176,1.0015943162560297,0.999280198672927,0.0001014366983842,10.0,3,Red Bull Racing,0.0054879910731063,-5.0,2.0,7.0,0,Aggressive,1.0,High-Speed,train
2022,10,Silverstone,VET,1.0028664269282428,0.0093961169513832,0.9831483371608404,1.0027229465966665,1.0035731068081843,1.00244821789049,-0.0008726562443488,14.333333333333334,2,Aston Martin,-0.0018611765041651,9.0,18.0,9.0,0,Aggressive,1.0,High-Speed,train
2022,11,Spielberg,ALB,1.004679379990522,0.0108854779101822,0.9797493988102772,0.9978862905071556,1.007507372329656,1.0084984754979207,-0.0003026542880226,21.0,2,Williams,-0.0061501267783174,3.0,15.0,12.0,0,Aggressive,1.0,High-Speed,train
2022,11,Spielberg,ALO,1.0008352054592249,0.0170990767979344,0.9641254974757064,0.9957493992083688,1.0025217812578775,1.004923795988168,0.000103506671985,21.33333333333333,2,Alpine,0.0008353606675154,9.0,19.0,10.0,0,Aggressive,1.0,High-Speed,train
2022,11,Spielberg,BOT,1.0023668113361404,0.0127554176803336,0.9740820430606536,0.997404310890316,1.0029374282273198,1.0079951990656373,-0.0021385287781052,21.0,2,Alfa Romeo,-0.0003619527097566,-11.0,0.0,11.0,0,Aggressive,1.0,High-Speed,train
2022,11,Spielberg,GAS,1.0043418699706932,0.0098350041192707,0.9858667679196726,1.0030713859382223,1.0050390923531838,1.0067714890232915,1.078965684574514e-05,21.0,2,AlphaTauri,-0.0013892153494736,-1.0,14.0,15.0,0,Aggressive,1.0,High-Speed,train
2022,11,Spielberg,HAM,0.9927832678961228,0.011869241718394,0.9703413070075518,0.995789634296844,0.9915633340135482,0.9945013748397,-0.0001169993824758,21.0,2,Mercedes,-0.0005749054603629,5.0,8.0,3.0,1,Frontrunner,1.0,High-Speed,train
2022,11,Spielberg,LAT,1.0169796335471568,0.0103982708799555,0.9969202210690632,1.0033886667474452,1.0211761916765698,1.0243773604838498,0.0007762872505732,14.0,2,Williams,0.0061501267783172,-2.0,17.0,19.0,0,Aggressive,1.0,High-Speed,train
2022,11,Spielberg,LEC,0.9844206672962528,0.0144845792175792,0.9504141529201648,0.9945858071812272,0.9826132904151558,0.9788521979037786,0.0002367290207437,16.25,3,Ferrari,-0.0030937336721413,1.0,2.0,1.0,1,Frontrunner,1.0,High-Speed,train
2022,11,Spielberg,MAG,1.0016875500991436,0.0099748143945895,0.9835323236158574,1.0026931881401226,1.0013396814038396,1.0037832704154963,0.0003713544664843,20.666666666666668,2,Haas F1 Team,0.000855116112066,-1.0,7.0,8.0,0,Aggressive,1.0,High-Speed,train
2022,11,Spielberg,MSC,0.9999773178750117,0.0112002823999161,0.9791306304405912,0.997348764672084,1.0021132000292738,1.001396269061719,0.000424658545974,20.666666666666668,2,Haas F1 Team,-0.000855116112066,3.0,9.0,6.0,0,Aggressive,1.0,High-Speed,train
2022,11,Spielberg,NOR,0.9996994618439026,0.0115195480151854,0.9746164339253822,1.00126496848979,1.0024176268733178,0.996835471347038,5.288519610310526e-05,20.666666666666668,2,McLaren,-0.0017441420009898,3.0,10.0,7.0,0,Aggressive,1.0,High-Speed,train
2022,11,Spielberg,OCO,0.9991644841241938,0.009377490546852,0.9782024778860624,1.0041915173382518,0.9977337838757048,0.9995554146968456,0.0002993263874626,21.0,2,Alpine,-0.0008353606675154,1.0,6.0,5.0,0,Aggressive,1.0,High-Speed,train
2022,11,Spielberg,RIC,1.0031877458458822,0.0103202068310314,0.9833354427709574,1.005116419053873,1.0033136277515309,1.003837689871719,1.986024014350907e-05,20.666666666666668,2,McLaren,0.0017441420009898,2.0,11.0,9.0,0,Aggressive,1.0,High-Speed,train
2022,11,Spielberg,RUS,0.9939330788168488,0.0109385815261361,0.9713960258195168,0.9997226597735506,0.995631619591791,0.9890981227642348,0.0001574832000949,21.0,2,Mercedes,0.000574905460363,0.0,4.0,4.0,1,Frontrunner,1.0,High-Speed,train
2022,11,Spielberg,SAI,0.9906081346405357,0.0124643091997175,0.9654052229675568,0.9989999279327226,0.9893193364487792,0.9846658702731914,-0.0002666981856676,17.333333333333332,2,Ferrari,0.0030937336721414,-15.0,3.0,18.0,1,Frontrunner,1.0,High-Speed,train
2022,11,Spielberg,STR,1.0052289498773068,0.0128067832326581,0.9844604761703863,1.005033410970646,1.0060063980217748,1.0066643777126307,0.0005018687999192,21.0,2,Aston Martin,0.0010354588075798,-1.0,12.0,13.0,0,Aggressive,1.0,High-Speed,train
2022,11,Spielberg,TSU,1.0071203006696403,0.0126841215996874,0.9847276716027508,1.0008284305146051,1.0093019394128544,1.0114836530532592,0.0004226742215912,21.0,2,AlphaTauri,0.0013892153494736,0.0,16.0,16.0,0,Aggressive,1.0,High-Speed,train
2022,11,Spielberg,VER,0.9847389219367452,0.0137474756538345,0.9460827743323632,0.994489503816794,0.9835479242209768,0.9788834847903068,0.0005898930275591,16.25,3,Red Bull Racing,0.0,-1.0,1.0,2.0,1,Frontrunner,1.0,High-Speed,train
2022,11,Spielberg,VET,1.0031580322621474,0.012298665891474,0.984404224500415,1.0025089605734767,1.0011516381111916,1.0090425753970385,-4.322490046741892e-05,20.666666666666668,2,Aston Martin,-0.0010354588075796,1.0,18.0,17.0,0,Aggressive,1.0,High-Speed,train
2022,11,Spielberg,ZHO,1.0030907167556538,0.0147880015194086,0.9756852156548398,0.9988242210464432,1.007660420692939,1.0022860194795855,0.0004413110010827,21.0,2,Alfa Romeo,0.0003619527097566,-1.0,13.0,14.0,0,Aggressive,1.0,High-Speed,train
2022,12,Le Castellet,ALB,1.0052840152886278,0.0069239454969692,0.9942668711348988,1.0025802798061807,1.00464253009642,1.0080522009743302,-4.122316279694813e-05,23.5,1,Williams,-0.0019104763676027,0.0,13.0,13.0,2,Tyre Manager,1.0,High-Speed,train
2022,12,Le Castellet,ALO,0.997463553239045,0.006192871703487,0.98385302342364,0.9960333764360212,1.0029683130736693,0.9952706615791364,-0.0001480980733122,23.5,1,Alpine,-0.0019039344780399,1.0,7.0,6.0,2,Tyre Manager,1.0,High-Speed,train
2022,12,Le Castellet,BOT,1.0044305808126694,0.0162177170476921,0.981878501769051,1.01464899584327,0.9992755894442624,1.002880510566062,0.0004116550943773,15.333333333333334,2,Alfa Romeo,-0.0022658688843384,-3.0,11.0,14.0,0,Aggressive,1.0,High-Speed,train
2022,12,Le Castellet,GAS,1.0050528476167873,0.0083856335945435,0.990127391727055,1.006404908161028,1.0028763539835308,1.0065470715947111,-0.0004445725734512,23.5,1,AlphaTauri,0.0,2.0,14.0,12.0,2,Tyre Manager,1.0,High-Speed,train
2022,12,Le Castellet,HAM,0.990437080506196,0.0112971896687649,0.9789217307634484,0.9828425081283156,0.9943033284842666,0.9896824355698816,-0.000509656483262,24.5,1,Mercedes,0.0001076085599462,2.0,4.0,2.0,1,Frontrunner,1.0,High-Speed,train
2022,12,Le Castellet,LAT,1.009104968023833,0.0067934229286009,0.9987872227400748,1.0112824658355226,1.0017272782849096,1.0137027500861924,-0.0002715802521106,11.333333333333334,2,Williams,0.0019104763676027,1.0,18.0,17.0,0,Aggressive,1.0,High-Speed,train
2022,12,Le Castellet,MAG,1.0044809064370317,0.0046304326453721,0.9949283860039492,1.0054827117512706,1.0018630377253166,1.0064791135715432,0.0006235841702147,10.333333333333334,2,Haas F1 Team,0.000320488317073,2.0,20.0,18.0,0,Aggressive,1.0,High-Speed,train
2022,12,Le Castellet,MSC,1.003839929802885,0.006411654798778,0.99295386434936,1.0006120917742765,1.003486005737775,1.006710302700508,0.000101170329726,14.666666666666666,2,Haas F1 Team,-0.0003204883170733,2.0,17.0,15.0,0,Aggressive,1.0,High-Speed,train
2022,12,Le Castellet,NOR,1.0002418303873315,0.0051714747068557,0.9921219592867668,1.002751682307145,1.0029830546072032,0.997688034438518,4.457053373053647e-05,23.5,1,McLaren,-0.0014509823239901,-2.0,5.0,7.0,2,Tyre Manager,1.0,High-Speed,train
2022,12,Le Castellet,OCO,1.0012714221951249,0.005577236758643,0.9891050505657956,1.0028642702244448,1.001852870369623,1.0007291676465686,-9.234964146593474e-05,23.5,1,Alpine,0.0019039344780399,2.0,10.0,8.0,2,Tyre Manager,1.0,High-Speed,train
2022,12,Le Castellet,PER,0.9918857934670396,0.0129372220404917,0.9800443014503212,0.991893669954402,0.9892979098962372,0.9909769222339369,-0.0006305446875529,24.0,1,Red Bull Racing,0.0027569050679245,-1.0,3.0,4.0,1,Frontrunner,1.0,High-Speed,train
2022,12,Le Castellet,RIC,1.003143795035312,0.0064007984867834,0.9936053562658488,1.0056831691986343,1.004753442586816,1.0013529279952371,5.732936690460755e-05,23.5,1,McLaren,0.0014509823239903,0.0,9.0,9.0,2,Tyre Manager,1.0,High-Speed,train
2022,12,Le Castellet,RUS,0.9902218633863034,0.0067206538835233,0.9777189764560844,0.9881026499330776,0.9924604075753232,0.9906636149203668,-8.825126225229404e-05,23.5,1,Mercedes,-0.0001076085599462,3.0,6.0,3.0,1,Frontrunner,1.0,High-Speed,train
2022,12,Le Castellet,SAI,0.9888019119338842,0.0150086746987586,0.9600084192801516,0.990700592785654,0.9893231128487404,0.9881158511162252,4.505230036346128e-05,15.0,2,Ferrari,0.0,14.0,19.0,5.0,1,Frontrunner,1.0,High-Speed,train
2022,12,Le Castellet,STR,1.003155097513732,0.0059862569379941,0.9941265497990398,1.0064301144111696,1.0037222372172476,1.0016582955905258,0.0001003909970898,23.5,1,Aston Martin,-0.0001605804952917,5.0,15.0,10.0,2,Tyre Manager,1.0,High-Speed,train
2022,12,Le Castellet,VER,0.9863719833311902,0.0104355330242716,0.9771476681600866,0.9858772485573352,0.981915999232036,0.9874980190905398,-0.0003093395247347,23.5,1,Red Bull Racing,-0.0027569050679246,1.0,2.0,1.0,1,Frontrunner,1.0,High-Speed,train
2022,12,Le Castellet,VET,1.003476258504315,0.0073805798144292,0.9927133134878872,1.0086734706737883,0.9992548505787632,1.0041668445565577,8.645086069314978e-05,23.5,1,Aston Martin,0.0001605804952915,1.0,12.0,11.0,2,Tyre Manager,1.0,High-Speed,train
2022,12,Le Castellet,ZHO,1.008962318581346,0.0116666920529979,0.9959607501177696,1.0112880051275974,1.0056608298743606,1.0106736593829748,-0.000473512393377,13.0,2,Alfa Romeo,0.0022658688843382,0.0,16.0,16.0,0,Aggressive,1.0,High-Speed,train
2022,13,Budapest,ALB,1.0061801783212083,0.0134233632188996,0.9796975273688184,1.002610068369634,1.0111619331531183,1.0071933639571722,0.0013884878548904,19.666666666666668,2,Williams,-0.0007399058487052,0.0,17.0,17.0,0,Aggressive,1.0,High-Speed,train
2022,13,Budapest,ALO,1.0048384713687193,0.0095575279550397,0.9906922423556058,1.008456451691779,1.0032065250315785,1.0052710540146228,5.451316165029009e-05,30.5,1,Alpine,-0.0002881538966141,-2.0,6.0,8.0,2,Tyre Manager,1.0,High-Speed,train
2022,13,Budapest,BOT,1.0070374433748583,0.0088430816943176,0.990963571158928,1.0095740802121314,1.0059436404187083,1.0081522537843004,6.268477197609119e-05,30.0,1,Alfa Romeo,0.0016224675978355,-12.0,8.0,20.0,2,Tyre Manager,1.0,High-Speed,train
2022,13,Budapest,GAS,1.0038876698754249,0.0119636772737566,0.981490656851642,0.9995685559606672,1.00918163022775,1.0054404344509529,-5.979702591794871e-05,20.0,2,AlphaTauri,-0.0025184534170827,-12.0,0.0,12.0,0,Aggressive,1.0,High-Speed,train
2022,13,Budapest,HAM,0.9873018893612808,0.0128522392411129,0.9601028690071725,0.99142726734298,0.9861296108642352,0.9864480736646576,0.0009917273967922,20.33333333333333,2,Mercedes,-0.0014260358293511,5.0,7.0,2.0,1,Frontrunner,1.0,High-Speed,train
2022,13,Budapest,LAT,1.0076599900186192,0.0142588943005396,0.9729850887127216,1.0010662741639185,1.0133632507981778,1.0115773483228592,0.0015356643285232,14.75,3,Williams,0.0007399058487054,1.0,19.0,18.0,0,Aggressive,1.0,High-Speed,train
2022,13,Budapest,LEC,0.9850595203818518,0.0104721311228098,0.9628869384673462,0.9891395088846816,0.9821739625897408,0.9864662274853756,0.0003819302950398,14.75,3,Ferrari,-0.0019664036878034,-3.0,3.0,6.0,1,Frontrunner,1.0,High-Speed,train
2022,13,Budapest,MAG,1.0070915391801192,0.0130180540855593,0.9851712910532276,1.0050746335735914,1.0107916438225006,1.0077926033785858,0.0002263677014477,14.75,3,Haas F1 Team,0.0006141405161952,-3.0,13.0,16.0,0,Aggressive,1.0,High-Speed,train
2022,13,Budapest,MSC,1.005863258147729,0.0147643461806365,0.9809244054360136,1.0053535520936914,1.0059539507599806,1.009306264127704,0.0005021089558637,20.0,2,Haas F1 Team,-0.000614140516195,1.0,15.0,14.0,0,Aggressive,1.0,High-Speed,train
2022,13,Budapest,NOR,0.996384748641956,0.0103970347990548,0.9796503397508496,1.0034712898097222,0.9923985836295144,0.995434891604919,0.0017404016225454,19.666666666666668,2,McLaren,-0.0039232705338119,-3.0,4.0,7.0,0,Aggressive,1.0,High-Speed,train
2022,13,Budapest,OCO,1.0054147791619477,0.0070974204390571,0.9926977161192904,1.0074148133255814,1.0039527126294383,1.0076795970113142,0.0001119495466025,30.5,1,Alpine,0.0002881538966141,-4.0,5.0,9.0,2,Tyre Manager,1.0,High-Speed,train
2022,13,Budapest,PER,0.9876252405794947,0.0130362286319374,0.9666383540958852,0.9893510544075376,0.986574761405448,0.9896551047654252,0.0003949129482575,20.33333333333333,2,Red Bull Racing,0.0005956469809206,6.0,11.0,5.0,1,Frontrunner,1.0,High-Speed,train
2022,13,Budapest,RIC,1.0042312897095802,0.0099939060739891,0.9861032465081164,1.0048847491334412,1.005748314176425,1.0043565844634017,0.0004512845610661,19.666666666666668,2,McLaren,0.0039232705338121,-6.0,9.0,15.0,0,Aggressive,1.0,High-Speed,train
2022,13,Budapest,RUS,0.9901539610199832,0.0109925383312333,0.9763825972064932,0.9953846237441384,0.9842341053135716,0.9909783612055308,-4.723982876029409e-05,20.666666666666668,2,Mercedes,0.0014260358293511,-2.0,1.0,3.0,1,Frontrunner,1.0,High-Speed,train
2022,13,Budapest,SAI,0.9889923277574586,0.0087638982230929,0.9673461683654208,0.9919646592804706,0.9852659974641363,0.9928979301605132,0.0009852675801587,20.33333333333333,2,Ferrari,0.0019664036878033,-2.0,2.0,4.0,1,Frontrunner,1.0,High-Speed,train
2022,13,Budapest,STR,1.0015497200201335,0.0135307256394997,0.9725014156285392,0.9987719588995692,1.0052816079791187,1.0031576074405324,0.0006987966259133,20.0,2,Aston Martin,0.0003330659368314,3.0,14.0,11.0,0,Aggressive,1.0,High-Speed,train
2022,13,Budapest,TSU,1.00892457670959,0.0114182925888063,0.9854898074745186,1.0086927165813473,1.012491189481764,1.0075417736814725,0.0003516306943809,13.5,3,AlphaTauri,0.0025184534170825,-3.0,16.0,19.0,0,Aggressive,1.0,High-Speed,train
2022,13,Budapest,VER,0.9864339466176536,0.0121863281444238,0.968832578331446,0.9861375701625216,0.9850444897008231,0.9914592748695488,0.0003067525685296,20.33333333333333,2,Red Bull Racing,-0.0005956469809207,9.0,10.0,1.0,1,Frontrunner,1.0,High-Speed,train
2022,13,Budapest,VET,1.0008835881464704,0.0121116365441952,0.9770668176670442,0.998885758479726,1.004841519201654,1.001209996290931,2.288222613848243e-05,20.0,2,Aston Martin,-0.0003330659368316,8.0,18.0,10.0,0,Aggressive,1.0,High-Speed,train
2022,13,Budapest,ZHO,1.0037925081791872,0.018720473844635,0.9676882785956964,1.0060589990056348,1.0051014483316238,1.0021414624929144,0.000986118970297,20.0,2,Alfa Romeo,-0.0016224675978355,-1.0,12.0,13.0,0,Aggressive,1.0,High-Speed,train
2022,14,Spa-Francorchamps,ALB,1.0040832023851518,0.0070329471597995,0.9887875315951968,0.999100112873032,1.0098101711820124,0.9998764470129038,0.0012925157760291,12.0,2,Williams,-0.0020099556712813,-4.0,6.0,10.0,0,Aggressive,1.0,High-Speed,train
2022,14,Spa-Francorchamps,ALO,0.9996693038053228,0.0111172103547474,0.9871520155330294,1.0057107559740115,0.995161030871832,0.9988829776499007,-0.0011753165374651,12.333333333333334,2,Alpine,0.0005108935780984,-2.0,3.0,5.0,0,Aggressive,1.0,High-Speed,train
2022,14,Spa-Francorchamps,GAS,1.0016372166879,0.0089062452431286,0.9883239896096626,0.9996421098997909,1.0031065361390274,1.0013816290235886,0.0022750863782201,12.0,2,AlphaTauri,-0.0008019665064191,-9.0,0.0,9.0,0,Aggressive,1.0,High-Speed,train
2022,14,Spa-Francorchamps,LAT,1.0081031137277148,0.0142768812756871,0.9817994175113918,1.0027431686252302,1.010244344395969,1.01025755193477,0.0013687840239149,11.666666666666666,2,Williams,0.0020099556712815,-7.0,11.0,18.0,0,Aggressive,1.0,High-Speed,train
2022,14,Spa-Francorchamps,LEC,0.9962955512602608,0.0129190513686028,0.9619283346598212,0.9998829974672394,0.991185589922052,1.0011336212027748,0.0001051411402817,12.0,2,Ferrari,0.0037538916423266,9.0,15.0,6.0,1,Frontrunner,1.0,High-Speed,train
2022,14,Spa-Francorchamps,MAG,1.006498083984812,0.0094034302227787,0.9912101944252516,1.005611992071358,1.0030698465355508,1.013228698511644,0.0019967858333829,11.666666666666666,2,Haas F1 Team,-5.335105871240309e-05,-4.0,12.0,16.0,0,Aggressive,1.0,High-Speed,train
2022,14,Spa-Francorchamps,MSC,1.0066047861022367,0.0140751924714843,0.9814145902026464,1.0095400325640664,1.0005268806712853,1.0137379584150794,0.001411569452536,11.666666666666666,2,Haas F1 Team,5.335105871240309e-05,2.0,19.0,17.0,0,Aggressive,1.0,High-Speed,train
2022,14,Spa-Francorchamps,NOR,1.0045882882278798,0.009557638964445,0.9767441860465116,0.9954102315273649,1.01384471113713,0.9989069618951768,0.0013307356315306,12.0,2,McLaren,-0.0008600307278774,5.0,17.0,12.0,0,Aggressive,1.0,High-Speed,train
2022,14,Spa-Francorchamps,OCO,0.998647516649126,0.0109895933946232,0.977085282979263,0.9983344345336416,0.9981239362105788,0.9999440855094892,0.0009827949274795,12.0,2,Alpine,-0.0005108935780984,9.0,16.0,7.0,0,Aggressive,1.0,High-Speed,train
2022,14,Spa-Francorchamps,PER,0.9877138917694468,0.0106083097062028,0.96875027331485,0.9972865736152408,0.9768747379441108,0.993056560992667,0.0011236659919203,12.333333333333334,2,Red Bull Racing,0.0023942085381076,0.0,2.0,2.0,1,Frontrunner,1.0,High-Speed,train
2022,14,Spa-Francorchamps,RIC,1.006308349683635,0.0080145536717742,0.9890061834751654,1.00113389219249,1.009362973081385,1.0067485182660016,0.0010254358996079,12.0,2,McLaren,0.0008600307278776,-8.0,7.0,15.0,0,Aggressive,1.0,High-Speed,train
2022,14,Spa-Francorchamps,RUS,0.9901358454582696,0.0110081480861182,0.969003909495614,1.0062097373637269,0.9752076010052398,0.9957723380339532,0.0002049592137018,12.333333333333334,2,Mercedes,0.0,1.0,5.0,4.0,1,Frontrunner,1.0,High-Speed,train
2022,14,Spa-Francorchamps,SAI,0.9887877679756076,0.0074984677139249,0.9793592625309392,1.0032863946701909,0.9757814209955882,0.9937690685718348,0.0008956156797628,12.333333333333334,2,Ferrari,-0.0037538916423266,-2.0,1.0,3.0,1,Frontrunner,1.0,High-Speed,train
2022,14,Spa-Francorchamps,STR,1.0041320346383449,0.0091629741133512,0.9872569684354146,0.9965974631097898,1.0091499441679948,1.0037796391892038,0.0016242282725419,12.0,2,Aston Martin,0.0024566753447168,-2.0,9.0,11.0,0,Aggressive,1.0,High-Speed,train
2022,14,Spa-Francorchamps,TSU,1.0032411497007383,0.0108261257925481,0.9833737110471676,0.9942161174430127,1.012089526349454,0.9980781648503476,0.000510942723,12.0,2,AlphaTauri,0.0008019665064193,-13.0,0.0,13.0,0,Aggressive,1.0,High-Speed,train
2022,14,Spa-Francorchamps,VER,0.9829254746932315,0.0093502757092306,0.956418307284606,0.9932800971809274,0.972484578441257,0.9895376773481382,0.0012445331047358,12.0,2,Red Bull Racing,-0.0023942085381075,13.0,14.0,1.0,1,Frontrunner,1.0,High-Speed,train
2022,14,Spa-Francorchamps,VET,0.9992186839489112,0.0087966909560899,0.9840646509878692,1.0020372205704218,0.9966760984811528,1.0005916113834687,0.0006780041421058,12.0,2,Aston Martin,-0.0024566753447168,2.0,10.0,8.0,0,Aggressive,1.0,High-Speed,train
2022,14,Spa-Francorchamps,ZHO,1.0050248631482177,0.0115253504937073,0.9823329280985156,0.99095639246779,1.0165338623822375,1.000722379143535,0.0016260128966427,12.0,2,Alfa Romeo,0.0,4.0,18.0,14.0,0,Aggressive,1.0,High-Speed,train
2022,15,Zandvoort,ALB,1.0058204361193823,0.0127704254310704,0.9818217268384624,1.0020287144185624,1.0146959288971782,1.0004269265389196,7.770912436858262e-06,14.25,3,Williams,-0.0058187258025803,3.0,15.0,12.0,0,Aggressive,0.0,High-Degradation,train
2022,15,Zandvoort,ALO,0.9969295594622992,0.0137580008584184,0.9637539401423326,0.9967946046300152,0.9976204042371998,0.9969390307526282,0.001447454298925,15.0,3,Alpine,-0.0015559094010983,7.0,13.0,6.0,0,Aggressive,0.0,High-Degradation,train
2022,15,Zandvoort,BOT,1.0129318269623082,0.0114220619506338,0.9988496409189872,1.021877854818407,1.009584142563355,1.0073854905912536,0.0003033097754987,15.0,2,Alfa Romeo,0.0029995003974587,-3.0,16.0,19.0,0,Aggressive,0.0,High-Degradation,train
2022,15,Zandvoort,GAS,1.0015869262911845,0.0126528315116732,0.977025314398986,1.0027201569904245,1.0009012531982764,1.0017699389836825,0.0006117522349654,14.5,3,AlphaTauri,-0.0045307530589753,0.0,11.0,11.0,0,Aggressive,0.0,High-Degradation,train
2022,15,Zandvoort,HAM,0.9883984949548598,0.0133715235460764,0.9599844019107658,0.991785576528302,0.9820855380530532,0.992586203442338,-0.0005276687782599,15.25,3,Mercedes,0.0008503440084274,0.0,4.0,4.0,1,Frontrunner,0.0,High-Degradation,train
2022,15,Zandvoort,LAT,1.017457887724543,0.0160038922965937,0.9887368797322328,1.0169130437961686,1.0226534962767626,1.0126900622409991,-0.0004310224674098,14.25,3,Williams,0.0058187258025803,2.0,20.0,18.0,0,Aggressive,0.0,High-Degradation,train
2022,15,Zandvoort,LEC,0.9903475990857786,0.0128449675629609,0.9672505118123028,0.9919682093415884,0.9878704333388474,0.988914617325243,-0.0010327896543266,15.0,3,Ferrari,-0.0021272977393602,-1.0,2.0,3.0,1,Frontrunner,0.0,High-Degradation,train
2022,15,Zandvoort,MAG,1.004586499557313,0.0129544336253215,0.9796769895687778,1.0090560960807655,1.0049132609677742,0.9998145596619492,0.0004324027156015,11.4,4,Haas F1 Team,0.0006765167939644,3.0,18.0,15.0,0,Aggressive,0.0,High-Degradation,train
2022,15,Zandvoort,MSC,1.0032334659693845,0.0125973031597503,0.97790920612225,1.0035981327337316,1.004537321832954,1.0019665988707582,-0.0005492701054833,11.6,4,Haas F1 Team,-0.0006765167939641,-5.0,8.0,13.0,0,Aggressive,0.0,High-Degradation,train
2022,15,Zandvoort,NOR,0.997044162090144,0.0123118532238211,0.9710590452669547,0.9974450296164388,0.997684734194742,0.9965059354073312,0.0003025188795126,15.0,3,McLaren,-0.0048713998052477,0.0,7.0,7.0,0,Aggressive,0.0,High-Degradation,train
2022,15,Zandvoort,OCO,1.000041378264496,0.011553505289674,0.9759724433756864,1.0053884236982027,0.997077581928796,0.9981118186431108,-7.1285979087176e-05,20.0,2,Alpine,0.0015559094010983,3.0,12.0,9.0,0,Aggressive,0.0,High-Degradation,train
2022,15,Zandvoort,PER,0.9915910216252746,0.0125564969123245,0.9671335261430474,0.994084204401912,0.988285094172516,0.993284805432334,0.0004486958029147,14.75,3,Red Bull Racing,0.0034411951840438,0.0,5.0,5.0,1,Frontrunner,0.0,High-Degradation,train
2022,15,Zandvoort,RIC,1.0067869617006395,0.0152210951379908,0.9823806583693496,1.0049262016966358,1.010486733768411,1.0052462351830451,3.86562755560801e-05,11.6,4,McLaren,0.0048713998052478,0.0,17.0,17.0,0,Aggressive,0.0,High-Degradation,train
2022,15,Zandvoort,RUS,0.986697806938005,0.0161083374905594,0.9576056933025704,0.988981682582014,0.9814427341832794,0.9908989114519898,-0.0013886736654652,15.5,3,Mercedes,-0.0008503440084273,4.0,6.0,2.0,1,Frontrunner,0.0,High-Degradation,train
2022,15,Zandvoort,SAI,0.994602194564499,0.0133911215335754,0.970240145582166,0.9955278332017926,0.9940148632835236,0.9914131343667588,-0.000168048920548,15.0,3,Ferrari,0.0021272977393601,-5.0,3.0,8.0,1,Frontrunner,0.0,High-Degradation,train
2022,15,Zandvoort,STR,0.9968115802365932,0.0115358701251775,0.9754395086601892,0.993789497476473,0.9993072645951364,0.9979831271731472,-6.37742551640274e-05,14.5,3,Aston Martin,-0.003852341155359,0.0,10.0,10.0,0,Aggressive,0.0,High-Degradation,train
2022,15,Zandvoort,TSU,1.010648432409135,0.0065817943434978,1.0026711727813342,1.0136359919994735,1.0113046599073454,1.0071734942940418,0.0004434976917347,19.0,1,AlphaTauri,0.0045307530589751,-11.0,9.0,20.0,2,Tyre Manager,0.0,High-Degradation,train
2022,15,Zandvoort,VER,0.984708631257187,0.0144198748783617,0.9573587235563644,0.9860910710924964,0.9802302478867462,0.9863819109726938,0.0003288809919775,15.5,3,Red Bull Racing,-0.0034411951840437,0.0,1.0,1.0,1,Frontrunner,0.0,High-Degradation,train
2022,15,Zandvoort,VET,1.0045162625473116,0.0145849965240818,0.9730867968673836,1.0031407849369949,1.007428417202508,1.0033435682858654,-0.0004553439252439,11.4,4,Aston Martin,0.0038523411553592,5.0,19.0,14.0,0,Aggressive,0.0,High-Degradation,train
2022,15,Zandvoort,ZHO,1.0069328261673909,0.0105445633012469,0.9870990803626556,1.0107052574413338,1.0083590250093593,1.0016689630424551,0.0005045669232785,14.25,3,Alfa Romeo,-0.0029995003974585,-2.0,14.0,16.0,0,Aggressive,0.0,High-Degradation,train
2022,16,Monza,ALO,1.005954258513545,0.0036321433526607,1.0002351389326989,1.0043048639009489,1.0119672775336692,1.0043692187550195,6.741403015326372e-05,28.0,0,Alpine,0.0018634282491707,-13.0,6.0,19.0,2,Tyre Manager,1.0,High-Speed,train
2022,16,Monza,BOT,1.003730190314262,0.0108146633175459,0.9830642617497778,0.9996514320262178,1.006893186711312,1.007465970658461,-0.0002440335171975,20.5,1,Alfa Romeo,0.0010477074387025,2.0,15.0,13.0,2,Tyre Manager,1.0,High-Speed,train
2022,16,Monza,DEV,1.001672736309848,0.0048720352062627,0.9935938978579416,0.9945540115404296,1.0067326355398376,1.0063997851636028,0.0001034458361912,21.0,1,Williams,-0.0019955402801732,-1.0,8.0,9.0,2,Tyre Manager,1.0,High-Speed,train
2022,16,Monza,GAS,1.0031128233410402,0.0093280342451505,0.9946720958908036,1.0014184900173764,1.0032608927425657,1.005429856607854,-0.0003816558415649,21.5,1,AlphaTauri,-0.0001079950952542,-3.0,5.0,8.0,2,Tyre Manager,1.0,High-Speed,train
2022,16,Monza,HAM,0.9943001339554546,0.0149274101911408,0.9684741777306224,0.9987875287708612,0.9964006874734556,0.9907524793092286,-0.0007737687344362,21.0,1,Mercedes,0.0027535891268678,14.0,19.0,5.0,1,Frontrunner,1.0,High-Speed,train
2022,16,Monza,LAT,1.0056638168701943,0.0086752677165558,0.9955897112379204,1.0004652309521278,1.0110098953309756,1.008232649366076,-0.0006768482370116,21.0,1,Williams,0.0019955402801732,-5.0,10.0,15.0,2,Tyre Manager,1.0,High-Speed,train
2022,16,Monza,LEC,0.980171105919886,0.0078480858293936,0.9673500989304046,0.99165201737988,0.9737853067918144,0.9770595900311422,-0.0003418024291962,14.333333333333334,2,Ferrari,-0.004133333803319,-1.0,1.0,2.0,1,Frontrunner,1.0,High-Speed,train
2022,16,Monza,MAG,1.0085384387809984,0.0086552945081434,0.9955897112379204,1.0179949297631208,1.0065979909611549,1.004379164140388,-5.70882920939486e-05,20.5,1,Haas F1 Team,0.0025896555855089,0.0,16.0,16.0,2,Tyre Manager,1.0,High-Speed,train
2022,16,Monza,MSC,1.0033591276099807,0.0117560481785995,0.9783844234794826,1.0131961788580817,0.9993331666249896,1.0009769784018576,-0.0004727209480318,21.0,1,Haas F1 Team,-0.0025896555855087,5.0,17.0,12.0,2,Tyre Manager,1.0,High-Speed,train
2022,16,Monza,NOR,0.9954244858554784,0.0125417766863597,0.9717317122128868,0.9987630429312756,0.9962085759535124,0.9943671346442636,-0.0003825301214721,21.0,1,McLaren,-0.0036421955585778,-4.0,3.0,7.0,2,Tyre Manager,1.0,High-Speed,train
2022,16,Monza,OCO,1.0022274020152036,0.0067282693131438,0.993238321910934,1.0048178000233037,0.999976184522321,1.0050702378275165,-0.0001209415953051,21.0,1,Alpine,-0.0018634282491707,3.0,14.0,11.0,2,Tyre Manager,1.0,High-Speed,train
2022,16,Monza,PER,0.9906875277104392,0.0117946584556641,0.9638402202276832,1.0044200512656842,0.9858755287112374,0.9852821479787072,-0.0032619293047144,13.0,2,Red Bull Racing,0.0045497658937855,7.0,13.0,6.0,1,Frontrunner,1.0,High-Speed,train
2022,16,Monza,RIC,1.0027088769726342,0.0086310619161981,0.9933530238293234,1.006884001248963,1.0022966058975062,1.0000683720129462,-0.0002835603021491,21.0,1,McLaren,0.0036421955585779,-13.0,4.0,17.0,2,Tyre Manager,1.0,High-Speed,train
2022,16,Monza,RUS,0.9887929557017188,0.0081672285348896,0.978269721561093,0.9982437742642004,0.9857169718786286,0.9840242249570642,-0.0002163014844577,21.5,1,Mercedes,-0.0027535891268679,-1.0,2.0,3.0,1,Frontrunner,1.0,High-Speed,train
2022,16,Monza,SAI,0.9884377735265242,0.0130974355539603,0.9683135950448772,0.9925436396765168,0.9887209897712524,0.987130410141464,-0.0005333900285095,21.0,1,Ferrari,0.004133333803319,14.0,18.0,4.0,1,Frontrunner,1.0,High-Speed,train
2022,16,Monza,STR,1.0086613442727477,0.0047433999795097,1.0032632695781836,1.0043232655309011,1.00888653535933,1.0157135457847053,-9.438358031977586e-05,17.0,1,Aston Martin,0.0,-6.0,12.0,18.0,2,Tyre Manager,1.0,High-Speed,train
2022,16,Monza,TSU,1.003328813531549,0.0064826559126419,0.996266452556419,1.002687531979351,1.0045098576231362,1.0057663143448603,-0.000381007366434,21.0,1,AlphaTauri,0.0001079950952544,6.0,20.0,14.0,2,Tyre Manager,1.0,High-Speed,train
2022,16,Monza,VER,0.981587995922868,0.0121865220218792,0.9720414073925386,0.9967853057629456,0.9739775853054176,0.9752798104035842,-0.0002980159183655,22.0,1,Red Bull Racing,-0.0045497658937855,6.0,7.0,1.0,1,Frontrunner,1.0,High-Speed,train
2022,16,Monza,ZHO,1.001634775436857,0.0051295991393839,0.9905772374042956,0.9991117550605476,1.0039533692947047,1.0047226114484409,6.714765844751259e-05,21.0,1,Alfa Romeo,-0.0010477074387025,-1.0,9.0,10.0,2,Tyre Manager,1.0,High-Speed,train
2022,17,Marina Bay,BOT,0.9985978205583602,0.0414103920117834,0.9400928629955668,0.9955890200848686,1.000553595344838,1.003147494274664,-0.0015883787393138,21.5,1,Alfa Romeo,0.0,4.0,15.0,11.0,1,Frontrunner,0.0,High-Degradation,train
2022,17,Marina Bay,GAS,0.9941757215408916,0.0449036058879313,0.9292098241485808,0.987987165642777,0.9949930882849152,0.9984242468196488,-0.0027070454891912,22.0,1,AlphaTauri,0.0,-3.0,7.0,10.0,1,Frontrunner,0.0,High-Degradation,train
2022,17,Marina Bay,HAM,0.9882000575568816,0.0450896381378615,0.929655230371662,0.9784310969444432,0.994133205620803,0.9897721193905832,-0.0015576458167248,21.5,1,Mercedes,-0.008478659748942,-6.0,3.0,9.0,1,Frontrunner,0.0,High-Degradation,train
2022,17,Marina Bay,LEC,0.9697781421635426,0.0414236750626312,0.9139483580897956,0.9714213168048822,0.9694585979280298,0.9702293760697672,-0.0016756053419695,21.5,1,Ferrari,-0.0033276232477031,-1.0,1.0,2.0,1,Frontrunner,0.0,High-Degradation,train
2022,17,Marina Bay,MAG,0.996214047103809,0.0394742666005674,0.9417988528688782,0.9969182963120816,0.998166205626504,0.9979290310363306,-0.004335238696869,14.0,2,Haas F1 Team,-0.0017651245697489,-3.0,9.0,12.0,1,Frontrunner,0.0,High-Degradation,train
2022,17,Marina Bay,MSC,0.999744296243307,0.0426114531632559,0.9268651385591528,0.9981250778959688,1.0039622564871498,1.000728485001788,-0.0033107430550124,13.666666666666666,2,Haas F1 Team,0.0017651245697489,-1.0,12.0,13.0,1,Frontrunner,0.0,High-Degradation,train
2022,17,Marina Bay,NOR,0.9830798616281078,0.0465662646577256,0.9178057440594996,0.9811978290538608,0.9844965569200204,0.9837146372239416,-0.0020628812702312,23.0,1,McLaren,-0.0049263243664423,2.0,6.0,4.0,1,Frontrunner,0.0,High-Degradation,train
2022,17,Marina Bay,PER,0.9681372202602532,0.0417390168865181,0.9090068701808938,0.9692781449083664,0.9674214305716488,0.9699024549443376,-0.0018705507670255,22.0,1,Red Bull Racing,-0.006108041659652,1.0,2.0,1.0,1,Frontrunner,0.0,High-Degradation,train
2022,17,Marina Bay,RIC,0.9929325103609926,0.0429881238919473,0.932882324516251,0.9874548237037732,0.9961866073156752,0.9978957469809172,-0.0021048226580077,23.0,1,McLaren,0.0049263243664424,11.0,16.0,5.0,1,Frontrunner,0.0,High-Degradation,train
2022,17,Marina Bay,RUS,1.0051573770547657,0.0511388971790601,0.8946614282412756,0.9969075941082158,1.0110307972138977,1.0093775103747185,-0.0025885473490736,7.4,4,Mercedes,0.008478659748942,-14.0,0.0,14.0,1,Frontrunner,0.0,High-Degradation,train
2022,17,Marina Bay,SAI,0.976433388658949,0.0451887292552591,0.9110994390402756,0.978370255114958,0.9765442018280178,0.976023607727564,-0.0022061840741859,22.0,1,Ferrari,0.0033276232477031,1.0,4.0,3.0,1,Frontrunner,0.0,High-Degradation,train
2022,17,Marina Bay,STR,0.9948186276912876,0.0498607118581745,0.926806311322142,0.989490791368152,0.9943209043401702,0.9990993568177452,-0.0028951627214312,22.5,1,Aston Martin,0.0010335873388166,5.0,11.0,6.0,1,Frontrunner,0.0,High-Degradation,train
2022,17,Marina Bay,VER,0.9803533035795572,0.0450729906661502,0.917217471689392,0.9764617688888486,0.9853628170979296,0.9821032134554274,-0.0008542287047343,21.0,1,Red Bull Racing,0.0061080416596521,1.0,8.0,7.0,1,Frontrunner,0.0,High-Degradation,train
2022,17,Marina Bay,VET,0.9927514530136544,0.0465998287042735,0.930050213248734,0.9857676514853472,0.9950044676297222,0.9957584328618162,-0.0025533417510142,22.0,1,Aston Martin,-0.0010335873388166,5.0,13.0,8.0,1,Frontrunner,0.0,High-Degradation,train
2022,18,Suzuka,ALO,0.9884807697009708,0.0192558713175478,0.9573461453825278,0.9857874599037972,0.9879890695387712,0.9969860785533178,0.0047128836651502,6.0,2,Alpine,-0.0048621517117078,0.0,7.0,7.0,1,Frontrunner,1.0,High-Speed,train
2022,18,Suzuka,BOT,1.011053798032086,0.0097046051131915,0.9885938531504438,1.0157123700123978,1.0079528415605798,1.0117754799379446,0.0004589108170491,21.0,0,Alfa Romeo,0.0052928366510298,-3.0,12.0,15.0,2,Tyre Manager,1.0,High-Speed,train
2022,18,Suzuka,GAS,0.999303670831398,0.0154966497112381,0.9662858505097924,0.999131307508708,1.0000880382337471,1.0001009956040334,0.0047641096708616,9.0,1,AlphaTauri,0.0013590389333073,-1.0,17.0,18.0,0,Aggressive,1.0,High-Speed,train
2022,18,Suzuka,HAM,0.997888963404624,0.01667730018481,0.9675970072617912,0.9969601787024552,0.9961759719323005,1.0059184942694488,0.0012119530837656,10.5,1,Mercedes,0.0018753296448044,1.0,6.0,5.0,0,Aggressive,1.0,High-Speed,train
2022,18,Suzuka,LAT,1.0065549502210545,0.0083648087089894,0.9936459326633904,1.0112328149546983,1.00347153361148,1.0071890507234718,0.0009849841635885,22.0,0,Williams,0.0,11.0,20.0,9.0,2,Tyre Manager,1.0,High-Speed,train
2022,18,Suzuka,LEC,0.993962915614423,0.0147145910525773,0.9580521528643732,0.9948818228807094,0.997112868609061,0.9871857081348544,0.0019788339770426,10.5,1,Ferrari,0.0,-1.0,2.0,3.0,1,Frontrunner,1.0,High-Speed,train
2022,18,Suzuka,MAG,1.0101399178464023,0.0088585024641393,0.9909044230910292,1.0124307365331575,1.0107223708582014,1.006774147251591,0.0008370748995278,20.0,0,Haas F1 Team,-0.0020740115895254,4.0,18.0,14.0,2,Tyre Manager,1.0,High-Speed,train
2022,18,Suzuka,MSC,1.014287941025453,0.0218484846498435,0.9769034695224824,1.011920906813754,1.0114447417164023,1.0277017652968474,0.0010500850013591,10.0,1,Haas F1 Team,0.0020740115895252,-2.0,15.0,17.0,0,Aggressive,1.0,High-Speed,train
2022,18,Suzuka,NOR,1.005912648929593,0.006255800817122,0.9918488227096016,1.005324205435533,1.0057184017875518,1.009786701840474,0.0006570430229932,21.0,0,McLaren,-0.0001826581509154,0.0,10.0,10.0,2,Tyre Manager,1.0,High-Speed,train
2022,18,Suzuka,OCO,0.9982050731243866,0.0145853445831712,0.9770318345191814,0.9933191402715478,1.0007908740775586,1.0037246875021355,0.0010446442703987,10.5,1,Alpine,0.0048621517117078,1.0,5.0,4.0,0,Aggressive,1.0,High-Speed,train
2022,18,Suzuka,PER,0.9932892176895698,0.0151603969634071,0.9730066749798284,0.9947444706698813,0.9944805417536434,0.990049275223652,0.0015214216499217,10.5,1,Red Bull Racing,0.0049614817686776,2.0,4.0,2.0,1,Frontrunner,1.0,High-Speed,train
2022,18,Suzuka,RIC,1.006277965231424,0.0132654243389648,0.988804738502164,1.0094476633858762,1.0069427865816012,1.0010500885040423,0.0005665915136259,10.0,1,McLaren,0.0001826581509152,0.0,11.0,11.0,0,Aggressive,1.0,High-Speed,train
2022,18,Suzuka,RUS,0.9941383041150152,0.0056564580181496,0.9811120076285484,0.9961174505983854,0.9939781848116896,0.9930512366645936,-0.0002014682418655,20.0,0,Mercedes,-0.0018753296448044,0.0,8.0,8.0,2,Tyre Manager,1.0,High-Speed,train
2022,18,Suzuka,STR,0.9956391558065804,0.0118722180321118,0.9646171055527032,0.9938924451866282,0.9966282499828496,0.9989289150414348,0.0032744287241646,9.0,1,Aston Martin,-0.000989503336749,7.0,19.0,12.0,1,Frontrunner,1.0,High-Speed,train
2022,18,Suzuka,TSU,0.9965855929647832,0.0120037420959,0.9709253282476344,0.9962694015017978,0.9976023873224942,0.9971083363897796,0.0014949312497082,9.0,1,AlphaTauri,-0.0013590389333073,0.0,13.0,13.0,1,Frontrunner,1.0,High-Speed,train
2022,18,Suzuka,VER,0.9833662541522148,0.0127468875025649,0.96192144062202,0.9847936644485488,0.981469830162977,0.9873337843964072,0.0016066857895122,10.5,1,Red Bull Racing,-0.0049614817686775,0.0,1.0,1.0,1,Frontrunner,1.0,High-Speed,train
2022,18,Suzuka,VET,0.9976181624800784,0.0091187210721162,0.9807452504951222,0.9939114853721536,0.9966715934816364,1.0091178734674886,0.0005501098138368,22.0,0,Aston Martin,0.0009895033367489,3.0,9.0,6.0,2,Tyre Manager,1.0,High-Speed,train
2022,18,Suzuka,ZHO,1.000468124730026,0.0238726629082861,0.957336976454192,0.9995403520313064,1.0034963755688184,0.9974804254572712,0.0072105325662869,6.0,2,Alfa Romeo,-0.00529283665103,-2.0,14.0,16.0,0,Aggressive,1.0,High-Speed,train
2022,19,Austin,ALB,1.0075986886036905,0.0083142201257169,0.9932825404210772,1.0106009517660282,1.0029033517822756,1.0129744692128742,0.0008021826878367,15.0,2,Williams,-0.002645087218194,-5.0,8.0,13.0,0,Aggressive,1.0,High-Speed,train
2022,19,Austin,ALO,1.003450197454662,0.0100850838243704,0.9868171067426622,1.0051088862872122,1.002294499441718,1.0056200436947431,-0.000476556707814,23.5,1,Alpine,-0.0003312818360869,7.0,14.0,7.0,2,Tyre Manager,1.0,High-Speed,train
2022,19,Austin,GAS,1.00115575741673,0.0092019976612232,0.9855569772401226,1.0029530662671406,1.0006014774812355,1.0024763103523604,9.832993848433908e-05,14.333333333333334,2,AlphaTauri,-0.0007627277588269,-3.0,11.0,14.0,0,Aggressive,1.0,High-Speed,train
2022,19,Austin,HAM,0.9843935604738792,0.0097373236593297,0.9676825249117909,0.9822499028157572,0.9906435583565628,0.9799691606723612,0.0001121360512177,14.666666666666666,2,Mercedes,-0.0024657866237778,1.0,3.0,2.0,1,Frontrunner,1.0,High-Speed,train
2022,19,Austin,LAT,1.0128888630400783,0.0065750097209862,1.0031115505408863,1.0086169101880411,1.0121951547960517,1.0193861224810308,-0.0010178271086403,15.0,2,Williams,0.002645087218194,0.0,17.0,17.0,0,Aggressive,1.0,High-Speed,train
2022,19,Austin,LEC,0.9875611216660422,0.0129937079517755,0.9667228878290876,0.9881268383671712,0.9899971720599522,0.9862311087553288,-0.0002885287826264,15.0,2,Ferrari,0.0,9.0,12.0,3.0,1,Frontrunner,1.0,High-Speed,train
2022,19,Austin,MAG,1.0079247915114709,0.0098737444873828,0.994009538211004,1.0068413589301717,1.0110305133871589,1.0071782431004097,-0.0003122172709733,23.5,1,Haas F1 Team,0.0007456190162182,4.0,13.0,9.0,2,Tyre Manager,1.0,High-Speed,train
2022,19,Austin,MSC,1.0064335534790343,0.0099878441317776,0.991818851537358,1.007088026400746,1.0054404179964718,1.0092366284833671,-0.0003565506615383,15.0,2,Haas F1 Team,-0.000745619016218,1.0,16.0,15.0,0,Aggressive,1.0,High-Speed,train
2022,19,Austin,NOR,1.0000872397347913,0.0128357178493293,0.9821449342793998,0.9985893686277584,1.0009993279051577,1.000451078707211,-0.0005423189935228,14.666666666666666,2,McLaren,-0.0036934869113345,0.0,6.0,6.0,0,Aggressive,1.0,High-Speed,train
2022,19,Austin,OCO,1.004112761126836,0.012480641207812,0.9813791632740102,1.000121959968434,1.008570004982561,1.0041029869352258,5.074915340205563e-05,15.0,2,Alpine,0.0003312818360869,-11.0,0.0,11.0,0,Aggressive,1.0,High-Speed,train
2022,19,Austin,PER,0.9869116164553527,0.0149529501341787,0.9650944127796518,0.9862140188896136,0.9912429347406924,0.9816965110333584,-0.0001555022615267,14.666666666666666,2,Red Bull Racing,0.0030417146925812,5.0,9.0,4.0,1,Frontrunner,1.0,High-Speed,train
2022,19,Austin,RIC,1.0074742135574604,0.0097376146273826,0.9927881819239268,1.0070957010362425,1.01116651117694,1.0054354190449906,0.0001333824616942,14.333333333333334,2,McLaren,0.0036934869113345,-1.0,15.0,16.0,0,Aggressive,1.0,High-Speed,train
2022,19,Austin,RUS,0.9893251337214348,0.0114612365168838,0.9575821022837424,0.9912169575099868,0.992331088295214,0.9846222124999474,-0.000246665274476,10.5,3,Mercedes,0.0024657866237779,-1.0,4.0,5.0,1,Frontrunner,1.0,High-Speed,train
2022,19,Austin,TSU,1.002681212934384,0.0091055851439906,0.9907138148966694,1.0033034300615475,0.9995118280236645,1.008146622774248,0.0001855126642622,14.333333333333334,2,AlphaTauri,0.0007627277588271,9.0,19.0,10.0,0,Aggressive,1.0,High-Speed,train
2022,19,Austin,VER,0.98082818707019,0.0100239419947104,0.9648811600946066,0.9832884812063194,0.983117748812816,0.9780490645136248,0.0002484235467281,14.666666666666666,2,Red Bull Racing,-0.0030417146925814,1.0,2.0,1.0,1,Frontrunner,1.0,High-Speed,train
2022,19,Austin,VET,0.998242351140354,0.0098165039098768,0.9842386879143888,1.002339558871591,0.9961011313516674,0.99801294911895,-0.0002482450733892,15.333333333333334,2,Aston Martin,0.0,2.0,10.0,8.0,0,Aggressive,1.0,High-Speed,train
2022,19,Austin,ZHO,1.007112946376643,0.0085684112407649,0.992536156023419,1.0040996086121272,1.005021344214169,1.014262951074989,-0.0002018757093905,15.0,2,Alfa Romeo,0.0,6.0,18.0,12.0,0,Aggressive,1.0,High-Speed,train
2022,20,Mexico City,ALB,1.0033979322163658,0.0117250886664278,0.9853002341029816,0.9963759616947636,1.0101258044694543,1.0063971983964652,-3.862587117152208e-05,33.0,1,Williams,-0.0059731103166462,5.0,17.0,12.0,2,Tyre Manager,1.0,High-Speed,train
2022,20,Mexico City,ALO,1.0032612010948572,0.0098080738261519,0.984729830899217,1.0142210452456937,0.9979956294150532,1.000013746964212,0.0007709653151688,30.0,1,Alpine,0.000154448190716,-10.0,9.0,19.0,2,Tyre Manager,1.0,High-Speed,train
2022,20,Mexico City,BOT,1.0036496442362088,0.0084275335129135,0.9906358807381968,1.0052156315651937,1.0033061211289598,1.005685549996598,-4.604957718343994e-05,33.0,1,Alfa Romeo,-0.0010068480793725,-4.0,6.0,10.0,2,Tyre Manager,1.0,High-Speed,train
2022,20,Mexico City,GAS,1.002353993524627,0.0127055624130737,0.9777305082530214,0.996525655824902,1.0110599823513375,1.0007658031073692,6.115005220136989e-05,33.0,1,AlphaTauri,-0.0012131166621569,3.0,14.0,11.0,2,Tyre Manager,1.0,High-Speed,train
2022,20,Mexico City,HAM,0.9860474693944806,0.0073320215235321,0.9751755772361588,0.9921053064768688,0.9824044892172772,0.984628705439489,-5.293805127569274e-05,33.5,1,Mercedes,2.2685987183357348e-05,1.0,3.0,2.0,1,Frontrunner,1.0,High-Speed,train
2022,20,Mexico City,LAT,1.0153441528496585,0.0098293921010234,0.9947475371653338,1.0037970635457805,1.023513124050185,1.0223284696672494,0.0002928853788809,20.666666666666668,2,Williams,0.0059731103166464,0.0,18.0,18.0,0,Aggressive,1.0,High-Speed,train
2022,20,Mexico City,LEC,0.9941072524745408,0.0083805399075626,0.9816044966785896,0.9986774216106268,0.9920050608369952,0.9946968178855528,0.0003530561333126,33.5,1,Ferrari,0.0009621119959022,1.0,7.0,6.0,2,Tyre Manager,1.0,High-Speed,train
2022,20,Mexico City,MAG,1.009473812185604,0.0123784309732514,0.9898872265332556,1.0063964147484212,1.0131858749574862,1.0117032488658757,-0.0003262906002685,32.5,1,Haas F1 Team,6.609968167148317e-05,2.0,19.0,17.0,2,Tyre Manager,1.0,High-Speed,train
2022,20,Mexico City,MSC,1.009341612822261,0.0116967478957784,0.9939394659600006,1.0051389840552605,1.0140038900978068,1.011661313682117,-3.65095354665305e-05,33.0,1,Haas F1 Team,-6.609968167148317e-05,-1.0,15.0,16.0,2,Tyre Manager,1.0,High-Speed,train
2022,20,Mexico City,NOR,1.0034380837045096,0.0083564179478785,0.9910993333412556,1.0039476039679749,1.0056290916483015,1.0030902897832283,-7.257066223556586e-05,33.0,1,McLaren,0.0014640058044177,-1.0,8.0,9.0,2,Tyre Manager,1.0,High-Speed,train
2022,20,Mexico City,OCO,1.0029523047134248,0.0089629012207498,0.9896376751316086,1.0018956112355992,1.0048261237161984,1.0051932975912263,-1.1720071594395115e-05,33.0,1,Alpine,-0.0001544481907163,2.0,10.0,8.0,2,Tyre Manager,1.0,High-Speed,train
2022,20,Mexico City,PER,0.9863734647578264,0.0098313115676814,0.9717650414136494,0.9873480167328202,0.9839805394433532,0.9895899232700536,-0.0002406475892447,33.5,1,Red Bull Racing,0.0013014096727685,1.0,4.0,3.0,1,Frontrunner,1.0,High-Speed,train
2022,20,Mexico City,RIC,1.000510072095674,0.0122329929599418,0.9747002412330216,0.997417615995738,1.0051044366519286,1.0014014853771076,-0.0001644545824236,32.5,1,McLaren,-0.0014640058044177,4.0,11.0,7.0,2,Tyre Manager,1.0,High-Speed,train
2022,20,Mexico City,RUS,0.986002097420114,0.006929761514325,0.9524901664864353,0.9955163135737082,0.9814853636225034,0.9835179626999038,-3.5941295668850873e-05,21.33333333333333,2,Mercedes,-2.2685987183357348e-05,-2.0,2.0,4.0,1,Frontrunner,1.0,High-Speed,train
2022,20,Mexico City,SAI,0.9921830284827364,0.0073581083126434,0.9768036030469038,0.996278538049212,0.9899343046924244,0.993626469677001,0.0002251508427798,33.5,1,Ferrari,-0.0009621119959022,0.0,5.0,5.0,2,Tyre Manager,1.0,High-Speed,train
2022,20,Mexico City,STR,1.003960328754263,0.0133761577955173,0.9799408206676092,1.0073286947443472,1.0058607447781671,1.0001926006965127,0.0003753272946129,21.33333333333333,2,Aston Martin,-0.0011905428256131,5.0,20.0,15.0,0,Aggressive,1.0,High-Speed,train
2022,20,Mexico City,TSU,1.0047802268489407,0.0062563953710921,0.9911112167413342,0.9971355481354862,1.0131979291647055,1.0060855220559082,-0.0002018050822862,23.0,1,AlphaTauri,0.0012131166621567,-7.0,13.0,20.0,2,Tyre Manager,1.0,High-Speed,train
2022,20,Mexico City,VER,0.9837706454122892,0.0064526788833409,0.974985442834904,0.9939448467152682,0.9781983511319754,0.980185221534722,1.1524066001217302e-05,33.5,1,Red Bull Racing,-0.0013014096727685,0.0,1.0,1.0,1,Frontrunner,1.0,High-Speed,train
2022,20,Mexico City,VET,1.0063414144054896,0.0110723946373815,0.9873441789164716,1.0061544349586722,1.0109347784908085,1.003333985966988,2.431304666714867e-05,33.0,1,Aston Martin,0.0011905428256133,2.0,16.0,14.0,2,Tyre Manager,1.0,High-Speed,train
2022,20,Mexico City,ZHO,1.0056633403949538,0.0090604501886039,0.977528490451688,1.0056307627095973,1.0092050247866684,1.0040254999243223,0.0001080564381644,33.0,1,Alfa Romeo,0.0010068480793723,-1.0,12.0,13.0,2,Tyre Manager,1.0,High-Speed,train
2022,21,São Paulo,ALB,1.01088705390012,0.0110328796851074,0.9860078762746785,1.0085232534768884,1.0171431657995085,1.0025028963647888,0.0003204758975588,17.333333333333332,2,Williams,-0.0004678168114127,4.0,19.0,15.0,0,Aggressive,1.0,High-Speed,train
2022,21,São Paulo,ALO,0.9941000664046592,0.0135013376558371,0.9671126411600552,0.9980610608204236,0.9918091979125911,0.9978457603777297,0.0003302613520443,13.0,3,Alpine,-0.0030485205403051,12.0,17.0,5.0,1,Frontrunner,1.0,High-Speed,train
2022,21,São Paulo,BOT,1.0007249844019268,0.0088466792512153,0.9846777769084316,1.0023350029754048,1.0009503705131126,1.001447089426629,0.0001027954282002,17.333333333333332,2,Alfa Romeo,-0.0024177013555777,5.0,14.0,9.0,0,Aggressive,1.0,High-Speed,train
2022,21,São Paulo,GAS,1.0042385537888148,0.0107502067733277,0.9822783819732416,1.0078365830294047,1.0056165961727508,1.0001769370586626,-0.0002076281404483,13.25,3,AlphaTauri,-0.0017190135009046,-4.0,10.0,14.0,0,Aggressive,1.0,High-Speed,train
2022,21,São Paulo,HAM,0.98738546161534,0.0131527741155698,0.9642177190099886,0.9890256904979864,0.9861303877236984,0.9913590374624008,0.0002809153991061,17.666666666666668,2,Mercedes,0.0002742836721165,0.0,2.0,2.0,1,Frontrunner,1.0,High-Speed,train
2022,21,São Paulo,LAT,1.0118226875229457,0.0131996476224947,0.9887202357666326,1.0057153385064652,1.019835638942904,1.0036483266662295,0.0007424629777178,13.0,3,Williams,0.0004678168114127,2.0,18.0,16.0,0,Aggressive,1.0,High-Speed,train
2022,21,São Paulo,LEC,0.9899217230642092,0.0112817341158386,0.9682732180580548,0.9909319124955172,0.9882146537604896,0.995617070357555,0.0007548643830652,17.0,2,Ferrari,0.0010378314942688,1.0,5.0,4.0,1,Frontrunner,1.0,High-Speed,train
2022,21,São Paulo,MSC,1.0065555248824043,0.0130413497327924,0.981287327543489,1.0130757935905703,1.0045657522271352,1.006823336389519,0.0005291733803636,17.666666666666668,2,Haas F1 Team,0.0,-1.0,12.0,13.0,0,Aggressive,1.0,High-Speed,train
2022,21,São Paulo,NOR,1.007822809900112,0.0086859189750922,0.9891636022220484,1.0100210051744454,1.008420633113186,1.0070772946859905,-0.0004200571721039,13.333333333333334,2,McLaren,0.0,-12.0,6.0,18.0,0,Aggressive,1.0,High-Speed,train
2022,21,São Paulo,OCO,1.0001971074852696,0.0108833250214233,0.979226977544793,1.0015379492171337,1.0003007316831047,1.0014897151725797,0.0001191920871357,17.333333333333332,2,Alpine,0.0030485205403052,8.0,16.0,8.0,0,Aggressive,1.0,High-Speed,train
2022,21,São Paulo,PER,0.992519036262353,0.0085151736447692,0.9686644237540096,0.9962372844692636,0.992252671710654,0.9919821498110784,0.0003986178565694,18.0,2,Red Bull Racing,0.0007857424643753,-3.0,4.0,7.0,1,Frontrunner,1.0,High-Speed,train
2022,21,São Paulo,RUS,0.9868368942711068,0.0116852096743049,0.9621704092011578,0.9914394901074548,0.9819182146796712,0.9957511077431512,0.0001673149711098,18.0,2,Mercedes,-0.0002742836721166,0.0,1.0,1.0,1,Frontrunner,1.0,High-Speed,train
2022,21,São Paulo,SAI,0.9878460600756716,0.0121596684285242,0.9643611610985056,0.9914081815818584,0.9839317796502944,0.9956616463010324,0.0001632755861229,13.5,3,Ferrari,-0.0010378314942688,4.0,7.0,3.0,1,Frontrunner,1.0,High-Speed,train
2022,21,São Paulo,STR,1.0052251037698186,0.0143293701196177,0.97581044780012,1.0065862847639575,1.0046798326802882,1.007967735589219,0.0004623001429424,17.333333333333332,2,Aston Martin,0.0011013661084595,5.0,15.0,10.0,0,Aggressive,1.0,High-Speed,train
2022,21,São Paulo,TSU,1.007676580790624,0.0117570790035777,0.9846386563388362,1.006941451717733,1.0117654997422438,1.0023435802283402,0.0004983138264799,12.75,3,AlphaTauri,0.0017190135009046,-17.0,0.0,17.0,0,Aggressive,1.0,High-Speed,train
2022,21,São Paulo,VER,0.9909475513336022,0.0120568591368016,0.9675168870458752,0.98921312466787,0.9938699131566896,0.9892928583766556,0.0005012722402532,17.0,2,Red Bull Racing,-0.0007857424643754,-3.0,3.0,6.0,1,Frontrunner,1.0,High-Speed,train
2022,21,São Paulo,VET,1.0030223715528994,0.0090837415699322,0.985173304123308,1.0038975086683803,1.0043294197632189,1.0021371851994831,0.0001559015912349,17.666666666666668,2,Aston Martin,-0.0011013661084595,-2.0,9.0,11.0,0,Aggressive,1.0,High-Speed,train
2022,21,São Paulo,ZHO,1.0055603871130825,0.0099785463334539,0.9884724721591946,1.0062641134673511,1.0086224347782078,1.0009312086038429,0.0003302144027434,17.333333333333332,2,Alfa Romeo,0.0024177013555779,1.0,13.0,12.0,0,Aggressive,1.0,High-Speed,train
2022,22,Yas Island,ALB,1.0056951333416508,0.0116913422475221,0.9856112742734404,1.0071033040952757,0.9955589804105748,1.0183204672769504,0.0007740216601392,17.333333333333332,2,Williams,-0.0028476281376903,6.0,19.0,13.0,0,Aggressive,1.0,High-Speed,train
2022,22,Yas Island,BOT,1.0112571860423962,0.0116211585501979,0.9901372024722748,1.008510843489687,1.0093027277296531,1.016717650154595,-3.450491587549108e-05,27.0,1,Alfa Romeo,0.0030734330078452,3.0,18.0,15.0,2,Tyre Manager,1.0,High-Speed,train
2022,22,Yas Island,GAS,1.0099419434338122,0.0091786283373196,0.9974356726427914,1.0099473999332953,1.0039273644235036,1.018583755454685,6.724906818472392e-05,27.0,1,AlphaTauri,0.0041183669872293,3.0,17.0,14.0,2,Tyre Manager,1.0,High-Speed,train
2022,22,Yas Island,HAM,0.9955267576853952,0.0109931282359864,0.9839565160215666,0.993069073132128,0.9982920673385258,0.9935037801156804,3.258053758477113e-06,26.0,1,Mercedes,0.0024482076683672,-13.0,5.0,18.0,2,Tyre Manager,1.0,High-Speed,train
2022,22,Yas Island,LAT,1.011390389617031,0.0110725304066201,0.9896659799237276,1.0116281960869409,0.9998460788589312,1.0262889776988355,0.0007977951124402,16.0,2,Williams,0.0028476281376901,1.0,20.0,19.0,0,Aggressive,1.0,High-Speed,train
2022,22,Yas Island,LEC,0.9921398983035988,0.0086584315302968,0.9832003682111076,0.9951680195685836,0.99538923724745,0.986962382643999,-5.16951569213997e-05,28.0,1,Ferrari,0.0005008007942188,1.0,3.0,2.0,2,Tyre Manager,1.0,High-Speed,train
2022,22,Yas Island,MAG,1.016121209316975,0.010711291344136,0.9989698855915488,1.016417931439088,1.0135863910908165,1.0205989737517267,0.0003519941722184,27.0,1,Haas F1 Team,0.0038047752939094,-1.0,16.0,17.0,2,Tyre Manager,1.0,High-Speed,train
2022,22,Yas Island,MSC,1.008511658729156,0.0120762824219202,0.984449655897953,1.009108276054265,1.0097111161747478,1.0085036975121606,0.0004892227335053,17.0,2,Haas F1 Team,-0.0038047752939094,-4.0,12.0,16.0,0,Aggressive,1.0,High-Speed,train
2022,22,Yas Island,NOR,0.9970196492902846,0.0133027381260309,0.968647262525753,0.990560920039058,1.0030665461901191,0.9930794026708768,0.0007256885452979,18.0,2,McLaren,-0.0037525417089699,1.0,7.0,6.0,1,Frontrunner,1.0,High-Speed,train
2022,22,Yas Island,OCO,0.9958803694351696,0.0111241772366687,0.9789703239381056,0.9934288773206196,0.9997570175697592,0.9944250812694796,0.0004583476360952,17.666666666666668,2,Alpine,0.0,1.0,8.0,7.0,1,Frontrunner,1.0,High-Speed,train
2022,22,Yas Island,PER,0.9878371006784632,0.0100292208090896,0.9750142462630956,0.9916847662543168,0.9904559391232384,0.982973707870096,6.457215644937e-05,18.0,2,Red Bull Racing,-0.0012451564444945,-1.0,2.0,3.0,1,Frontrunner,1.0,High-Speed,train
2022,22,Yas Island,RIC,1.0045247327082245,0.007929640062927,0.9948823039495024,1.0036582599347057,1.0023969719513703,1.0091479627536464,0.0003874937998185,27.5,1,McLaren,0.0037525417089698,4.0,13.0,9.0,2,Tyre Manager,1.0,High-Speed,train
2022,22,Yas Island,RUS,0.9906303423486608,0.0103845936666878,0.9735238679700172,0.989721617765368,0.9964573936116916,0.9860735949596166,0.000627340136521,17.666666666666668,2,Mercedes,-0.0024482076683673,1.0,6.0,5.0,1,Frontrunner,1.0,High-Speed,train
2022,22,Yas Island,SAI,0.9911382967151608,0.0115651472379464,0.973995090518564,0.9915005291698482,0.992495394242399,0.9890977567265308,-0.0002499039187602,18.0,2,Ferrari,-0.0005008007942189,0.0,4.0,4.0,1,Frontrunner,1.0,High-Speed,train
2022,22,Yas Island,STR,0.9995165781840706,0.0093391224647466,0.982115460483058,0.9980225219600368,1.0029375704564345,0.9980707575097466,0.0002586285756872,17.666666666666668,2,Aston Martin,-0.0026844967198821,6.0,14.0,8.0,0,Aggressive,1.0,High-Speed,train
2022,22,Yas Island,TSU,1.0017052094593533,0.0092435685161786,0.980679875509578,1.0011739996438085,0.9978847943821688,1.0080939933197046,0.0007524122256142,17.666666666666668,2,AlphaTauri,-0.0041183669872295,0.0,11.0,11.0,0,Aggressive,1.0,High-Speed,train
2022,22,Yas Island,VER,0.990327413567452,0.0064553173773214,0.9796168851093676,0.9974513497785712,0.9913382710258112,0.985827412670219,0.0001318887413669,28.0,1,Red Bull Racing,0.0012451564444945,0.0,1.0,1.0,2,Tyre Manager,1.0,High-Speed,train
2022,22,Yas Island,VET,1.004885571623835,0.0097831032770039,0.9896988559154868,1.002661090672374,0.9991165859358052,1.01445233866193,0.0004004552960873,27.5,1,Aston Martin,0.0026844967198822,-1.0,9.0,10.0,2,Tyre Manager,1.0,High-Speed,train
2022,22,Yas Island,ZHO,1.0051103200267055,0.0093141417450688,0.981896287204664,1.0017515710935478,1.0059683909123378,1.0076490413080113,0.0002651127338805,17.333333333333332,2,Alfa Romeo,-0.0030734330078454,3.0,15.0,12.0,0,Aggressive,1.0,High-Speed,train
2023,1,Sakhir,ALB,1.003823412758947,0.0117125617135458,0.9879285271175926,0.9998977407087848,1.0069504438386805,1.0021054375284717,0.000838266191123,12.5,3,Williams,-0.0009507620969488,5.0,15.0,10.0,0,Aggressive,1.0,High-Speed,train
2023,1,Sakhir,ALO,0.9981106231633412,0.0125185786655755,0.9778808310705678,1.0005419993069928,0.9960579651352164,0.9973682436904028,0.0005360017123236,17.0,2,Aston Martin,-0.0013561558090809,2.0,5.0,3.0,0,Aggressive,1.0,High-Speed,train
2023,1,Sakhir,BOT,1.003904567227019,0.0109712801901373,0.9903184143352556,1.0074547023295946,1.0006332564478926,1.0038712883588026,0.0005728683134979,16.666666666666668,2,Alfa Romeo,-0.0027040475753083,4.0,12.0,8.0,0,Aggressive,1.0,High-Speed,train
2023,1,Sakhir,DEV,1.0112369321527312,0.010937676782791,0.9936744261728244,1.0088368201273414,1.0120610766148914,1.011626069237485,0.0009365727581438,16.333333333333332,2,AlphaTauri,0.003989885059189,5.0,19.0,14.0,0,Aggressive,1.0,High-Speed,train
2023,1,Sakhir,GAS,0.999773011562986,0.0154692782905318,0.9668161617394312,0.9983849423193684,0.9986584655529928,1.0023108460678347,0.00088021531691,12.5,3,Alpine,-0.0051301916486153,11.0,20.0,9.0,0,Aggressive,1.0,High-Speed,train
2023,1,Sakhir,HAM,1.0009420692903013,0.0107081888745963,0.981847026878604,0.9959008561082694,1.0034195202993694,0.9992067815399908,0.0001287173829264,17.333333333333332,2,Mercedes,-0.0002927920538278,2.0,7.0,5.0,0,Aggressive,1.0,High-Speed,train
2023,1,Sakhir,HUL,1.0055597306805688,0.0151876695223694,0.982558908177482,1.003826897454409,1.002967958693927,1.011162919634247,0.0011976518759095,12.25,3,Haas F1 Team,-0.0010806897735449,-5.0,10.0,15.0,0,Aggressive,1.0,High-Speed,train
2023,1,Sakhir,LEC,1.000841182187858,0.0071087093984486,0.9881929401714616,1.0018985640464602,1.0000712272047982,0.9969851327287036,-0.0003934429841991,11.666666666666666,2,Ferrari,0.0001215618340428,-16.0,3.0,19.0,0,Aggressive,1.0,High-Speed,train
2023,1,Sakhir,MAG,1.0077211102276586,0.0166147379727332,0.98108429691552,1.007152280910447,1.0065968373789718,1.0092046757826003,0.0009079844934636,12.25,3,Haas F1 Team,0.0010806897735449,4.0,17.0,13.0,0,Aggressive,1.0,High-Speed,train
2023,1,Sakhir,NOR,1.0013550548905128,0.0157444307560175,0.9687382412464024,1.0037318405970947,0.9969081028616952,1.0049352189384733,-0.0004867354412117,6.833333333333333,5,McLaren,0.0,-6.0,11.0,17.0,0,Aggressive,1.0,High-Speed,train
2023,1,Sakhir,OCO,1.010033394860217,0.012675126243222,0.9843996298217246,1.0092402853673346,1.0093689569208546,1.0109873897378558,0.0011997999130744,8.0,3,Alpine,0.0051301916486155,-9.0,9.0,18.0,0,Aggressive,1.0,High-Speed,train
2023,1,Sakhir,PER,0.9942241899658238,0.0102254722118021,0.979792740844698,0.9956578148467709,0.9925088089335128,0.9920519497814448,4.1531849021097255e-05,17.0,2,Red Bull Racing,0.0013585566636576,0.0,2.0,2.0,1,Frontrunner,1.0,High-Speed,train
2023,1,Sakhir,RUS,1.0015276533979571,0.0121275662390284,0.9868200262379108,0.9969788770651584,1.003777117193421,0.998997967514334,0.0003707403412155,17.0,2,Mercedes,0.000292792053828,-1.0,6.0,7.0,0,Aggressive,1.0,High-Speed,train
2023,1,Sakhir,SAI,1.000598058519772,0.0097666405802306,0.9877861508578168,1.0010301119776834,1.0006012835746534,0.9966113006552813,0.0003415758953268,17.333333333333332,2,Ferrari,-0.0001215618340431,0.0,4.0,4.0,0,Aggressive,1.0,High-Speed,train
2023,1,Sakhir,SAR,1.005724936952845,0.0139828467950593,0.9766706328624748,1.0001773885663938,1.008122659142639,1.0074027871802218,0.0008291072486688,12.25,3,Williams,0.0009507620969491,4.0,16.0,12.0,0,Aggressive,1.0,High-Speed,train
2023,1,Sakhir,STR,1.0008229347815034,0.0117735641114999,0.981847026878604,0.9993135845077176,1.0008545933226158,1.00147927278751,0.0007125187939107,16.666666666666668,2,Aston Martin,0.0013561558090811,2.0,8.0,6.0,0,Aggressive,1.0,High-Speed,train
2023,1,Sakhir,TSU,1.0032571620343531,0.0124174903593327,0.9827724725671456,0.9980621864314704,1.002097807600009,1.010803826562306,0.0006869219652147,12.5,3,AlphaTauri,-0.003989885059189,3.0,14.0,11.0,0,Aggressive,1.0,High-Speed,train
2023,1,Sakhir,VER,0.9915070766385083,0.0064644491034189,0.9786944096978571,0.995471830760873,0.9885644898904552,0.9890588446419276,0.0001125752855068,17.0,2,Red Bull Racing,-0.0013585566636578,0.0,1.0,1.0,1,Frontrunner,1.0,High-Speed,train
2023,1,Sakhir,ZHO,1.0093126623776358,0.0142148432923381,0.9559142081337524,1.0066978475915014,1.009703626702596,1.010752403937232,0.0007779773185763,11.75,3,Alfa Romeo,0.0027040475753083,-3.0,13.0,16.0,0,Aggressive,1.0,High-Speed,train
2023,2,Jeddah,ALO,0.9893461544570472,0.0109279980003766,0.9698346108149596,0.9882886443147246,0.9873975362818412,0.9952130674462338,-0.0008358123619645,23.5,1,Aston Martin,0.0,-1.0,2.0,3.0,1,Frontrunner,0.0,High-Degradation,train
2023,2,Jeddah,BOT,1.0140551893091083,0.0114263396250017,0.9923771672502076,1.016066645771598,1.01628630185083,1.013348114560064,-0.0001059036485494,10.0,3,Alfa Romeo,0.0048724174979648,-4.0,14.0,18.0,0,Aggressive,0.0,High-Degradation,train
2023,2,Jeddah,DEV,1.0077627891273286,0.0145340866786632,0.9842286218969812,1.014094040473115,1.0075092095656877,1.00445437268696,-0.0014669198197155,22.5,1,AlphaTauri,0.0017625391217794,4.0,18.0,14.0,2,Tyre Manager,0.0,High-Degradation,train
2023,2,Jeddah,GAS,0.9999540307118856,0.012256176019508,0.981947029198078,1.0031448624636214,1.0014973523187187,0.9984988745435948,-0.0006027145080292,21.5,1,Alpine,-0.0003701886123697,0.0,9.0,9.0,2,Tyre Manager,0.0,High-Degradation,train
2023,2,Jeddah,HAM,0.9949901874599714,0.0136936131961274,0.9772051015151036,0.9983356210543006,0.9927830637522688,0.9970746797441142,-0.0008585020710321,23.0,1,Mercedes,0.0013700430322756,2.0,7.0,5.0,2,Tyre Manager,0.0,High-Degradation,train
2023,2,Jeddah,HUL,1.0043844431126392,0.0117573991056247,0.9860265590007254,1.0110991247925956,1.0014545819330891,1.0032829365611666,-0.0011833420418357,21.5,1,Haas F1 Team,0.0011466647692108,-2.0,10.0,12.0,2,Tyre Manager,0.0,High-Degradation,train
2023,2,Jeddah,LEC,0.9955928556613032,0.011816384804871,0.9784142405030016,0.9954112874816088,0.9980248388484334,0.9971811604525904,-0.0009578671019567,22.0,1,Ferrari,0.0002786276798201,5.0,12.0,7.0,2,Tyre Manager,0.0,High-Degradation,train
2023,2,Jeddah,MAG,1.0020911135742172,0.0122339811802513,0.9817577726608416,1.0061896671455304,1.0004607536997356,1.002746377255468,-0.0008684773990615,21.5,1,Haas F1 Team,-0.0011466647692111,3.0,13.0,10.0,2,Tyre Manager,0.0,High-Degradation,train
2023,2,Jeddah,NOR,1.006399022712496,0.0089267244790925,0.9896224332082136,1.0082365445475798,1.0074408806344637,1.0070520330712824,-0.0002196101312634,21.5,1,McLaren,0.0003235049750527,2.0,19.0,17.0,2,Tyre Manager,0.0,High-Degradation,train
2023,2,Jeddah,OCO,1.000694407936625,0.0140576785088709,0.9801596063464024,0.9972827776281163,1.003734355813405,1.0024005601306971,-0.0008509514972907,22.5,1,Alpine,0.0003701886123694,-2.0,6.0,8.0,2,Tyre Manager,0.0,High-Degradation,train
2023,2,Jeddah,PER,0.9835085074840222,0.0115564688334337,0.9692878697073884,0.9790871745572396,0.9858522430763286,0.9881858958579698,-0.0007945907963135,23.5,1,Red Bull Racing,-0.0016051960791778,0.0,1.0,1.0,1,Frontrunner,0.0,High-Degradation,train
2023,2,Jeddah,PIA,1.0057520127623905,0.0099008106019023,0.9913572847995458,1.010167566363429,1.0051267553399268,1.0050481475980757,-0.0003413640554671,44.0,0,McLaren,-0.0003235049750527,-7.0,8.0,15.0,2,Tyre Manager,0.0,High-Degradation,train
2023,2,Jeddah,RUS,0.99225010139542,0.0129343972820586,0.9718638614642148,0.9904826265349204,0.9917274876855,0.9962672141230116,-0.0010251611445691,23.5,1,Mercedes,-0.0013700430322757,-1.0,3.0,4.0,1,Frontrunner,0.0,High-Degradation,train
2023,2,Jeddah,SAI,0.995035600301663,0.0140696958078578,0.9759539055189308,0.9950262668242852,0.9966280146096568,0.994504778387684,-0.0011684955282717,22.0,1,Ferrari,-0.00027862767982,-2.0,4.0,6.0,2,Tyre Manager,0.0,High-Degradation,train
2023,2,Jeddah,SAR,1.0100366713747149,0.011391779908303,0.9932708786760452,1.020378390699795,1.0052376095812918,1.0065763492963171,-0.000968829307637,22.5,1,Williams,0.0,4.0,20.0,16.0,2,Tyre Manager,0.0,High-Degradation,train
2023,2,Jeddah,TSU,1.0042377108837697,0.0118484912610514,0.987614211063096,1.0046640326216347,1.0080642914068203,1.0037571729699892,-0.0011411240322241,22.5,1,AlphaTauri,-0.0017625391217794,5.0,16.0,11.0,2,Tyre Manager,0.0,High-Degradation,train
2023,2,Jeddah,VER,0.986718899642378,0.015704234620394,0.9663228506240208,0.9860426308956304,0.9879969730738783,0.9900027397697144,-0.0012270693462022,23.0,1,Red Bull Racing,0.0016051960791779,13.0,15.0,2.0,1,Frontrunner,0.0,High-Degradation,train
2023,2,Jeddah,ZHO,1.0043103543131786,0.0103526192789759,0.9872251837365548,1.007685232796688,1.0047883390820622,1.0037186971533667,0.0004951770244699,14.333333333333334,2,Alfa Romeo,-0.0048724174979648,-2.0,11.0,13.0,0,Aggressive,0.0,High-Degradation,train
2023,3,Melbourne,ALO,0.9963631614942624,0.0169936602240884,0.9750884505403964,0.9959267637221352,1.0038060561927302,0.9946701295768284,-0.0056594176360391,22.5,1,Aston Martin,-0.0001930166542073,1.0,4.0,3.0,2,Tyre Manager,0.0,High-Degradation,train
2023,3,Melbourne,BOT,1.0122489486812165,0.0121300243944359,0.9963771627974604,1.0128252961100026,1.0114043666569292,1.0140468451387188,-0.0064982856090321,21.5,1,Alfa Romeo,0.0018705922663966,8.0,19.0,11.0,2,Tyre Manager,0.0,High-Degradation,train
2023,3,Melbourne,DEV,1.016626219187118,0.01411383487478,0.983654824795231,1.0191786170515265,1.011506440569594,1.0190388909506911,-0.002716739905436,13.666666666666666,2,AlphaTauri,0.0032324868837207,0.0,15.0,15.0,0,Aggressive,0.0,High-Degradation,train
2023,3,Melbourne,GAS,0.9988704717900666,0.0173300657024157,0.9813769204672128,1.0009945285462944,0.9936610231203348,1.0016448823269248,-0.0039537770306028,22.5,1,Alpine,-0.0008459222673103,-4.0,9.0,13.0,2,Tyre Manager,0.0,High-Degradation,train
2023,3,Melbourne,HAM,0.9945720778276634,0.0120304126847716,0.9767484127368778,0.9913464732587752,1.0051338066630258,0.9935262913412702,-0.0016728104371198,22.0,1,Mercedes,0.0,1.0,3.0,2.0,2,Tyre Manager,0.0,High-Degradation,train
2023,3,Melbourne,HUL,1.000503661389742,0.0112331385679889,0.9829399505646296,1.0026322033630193,0.9938930539695152,1.0040016373542613,-0.0041620571962649,22.0,1,Haas F1 Team,-0.0035621938018992,3.0,10.0,7.0,2,Tyre Manager,0.0,High-Degradation,train
2023,3,Melbourne,MAG,1.0076280489935403,0.0119859366031576,0.989737314011535,1.009847807349436,1.0009817992455514,1.0110833258380936,-0.0047559557776798,21.5,1,Haas F1 Team,0.003562193801899,-3.0,14.0,17.0,2,Tyre Manager,0.0,High-Degradation,train
2023,3,Melbourne,NOR,0.9995249776395272,0.0124953204766688,0.9835336596714004,1.0009135200974422,1.0018693212849412,0.9989926934990876,-0.0051502283896651,22.0,1,McLaren,-0.0023899820675616,7.0,13.0,6.0,2,Tyre Manager,0.0,High-Degradation,train
2023,3,Melbourne,OCO,1.0005623163246873,0.0146106591936556,0.9838971550428924,1.0034065203979945,0.9942852887145626,1.0033074299440785,-0.0054201170860167,22.0,1,Alpine,0.0008459222673102,-3.0,11.0,14.0,2,Tyre Manager,0.0,High-Degradation,train
2023,3,Melbourne,PER,0.9960736992373206,0.0154983738585644,0.9721683710560752,1.002520682727747,0.9846966386971848,0.9985243280559882,-0.0051133048992431,22.0,1,Red Bull Racing,0.0012918833564158,15.0,20.0,5.0,2,Tyre Manager,0.0,High-Degradation,train
2023,3,Melbourne,PIA,1.0043049417746506,0.0131812804998719,0.9854965346774583,1.0059493490674976,1.0085435181967133,1.002594616235471,-0.004594155342166,22.0,1,McLaren,0.0023899820675616,8.0,16.0,8.0,2,Tyre Manager,0.0,High-Degradation,train
2023,3,Melbourne,SAI,0.9941733344201478,0.0105268652854745,0.9749794019289488,0.9951136561367986,0.9965195372623008,0.9939940151878724,-0.0036409085482158,22.0,1,Ferrari,0.0,-7.0,5.0,12.0,2,Tyre Manager,0.0,High-Degradation,train
2023,3,Melbourne,SAR,1.0143001443342596,0.0143630610468675,0.9869626326758106,1.0221850636811571,0.9972705838472912,1.0185390090357442,-0.003047994183471,13.666666666666666,2,Williams,0.0,2.0,18.0,16.0,0,Aggressive,0.0,High-Degradation,train
2023,3,Melbourne,STR,0.996749194802677,0.0115640875005588,0.9806378132118452,0.9978368160463166,0.9955823941214438,0.9982708974395168,-0.0043535388784794,22.0,1,Aston Martin,0.0001930166542073,2.0,6.0,4.0,2,Tyre Manager,0.0,High-Degradation,train
2023,3,Melbourne,TSU,1.010161245419677,0.0109390849975187,0.9909974312993748,1.0108287033477528,1.0107629583529143,1.011133877673749,-0.0039395044133529,21.5,1,AlphaTauri,-0.0032324868837205,2.0,12.0,10.0,2,Tyre Manager,0.0,High-Degradation,train
2023,3,Melbourne,VER,0.9934899325244888,0.0150825042579875,0.9734648378810644,0.9930205131179553,1.0008410704533046,0.9918659251522084,-0.0020629623965103,22.5,1,Red Bull Racing,-0.0012918833564158,0.0,1.0,1.0,2,Tyre Manager,0.0,High-Degradation,train
2023,3,Melbourne,ZHO,1.0085077641484232,0.0122618614800624,0.9913609266708672,1.009572638505024,1.0021287135000572,1.0127633537269505,-0.0014112073906081,21.5,1,Alfa Romeo,-0.0018705922663964,8.0,17.0,9.0,2,Tyre Manager,0.0,High-Degradation,train
2023,4,Baku,ALB,1.005504267992601,0.0101628477718499,0.9886596975919356,1.010279154802508,1.0062055888306691,0.9979241964544774,-0.0014668320109599,22.0,1,Williams,-0.0009180258901337,0.0,12.0,12.0,2,Tyre Manager,1.0,High-Speed,train
2023,4,Baku,ALO,0.9917985614368158,0.0113827985339298,0.9729419451185364,0.9894776120653588,0.9895937111896604,0.9998558030470828,-0.0004637591371623,23.5,1,Aston Martin,-0.0029589441534042,2.0,6.0,4.0,1,Frontrunner,1.0,High-Speed,train
2023,4,Baku,BOT,1.0082695538547697,0.0096387358716938,0.9921971252566736,1.0114298091312452,1.0055971089526252,1.0089178060601285,-0.0012287202902408,10.0,3,Alfa Romeo,-0.0021361029397564,-5.0,13.0,18.0,0,Aggressive,1.0,High-Speed,train
2023,4,Baku,GAS,1.001225810466057,0.0131204553469115,0.9850662684338248,1.0048095375617758,1.0018370401399814,0.9955850262402924,-0.002008575276968,14.0,2,Alpine,-0.0020611660755396,3.0,17.0,14.0,0,Aggressive,1.0,High-Speed,train
2023,4,Baku,HAM,0.995786406156016,0.0086691147353855,0.9832555534814262,0.996293476390092,0.994737672704318,0.9976139502913608,-0.0003038856248626,22.5,1,Mercedes,-0.0010717026528115,-1.0,5.0,6.0,2,Tyre Manager,1.0,High-Speed,train
2023,4,Baku,HUL,1.0080535791031948,0.0098412186663654,0.9961825648683964,1.012005541488814,1.0106630879748708,0.9984284754745958,-0.0004161297462531,43.0,0,Haas F1 Team,0.0008960828776802,3.0,20.0,17.0,2,Tyre Manager,1.0,High-Speed,train
2023,4,Baku,LEC,0.9920606216165764,0.0108658340482188,0.9759286914317716,0.9910590146370511,0.9858425730779804,1.0025135610806837,-0.0012573521167294,24.0,1,Ferrari,-0.0025964859062908,-2.0,1.0,3.0,1,Frontrunner,1.0,High-Speed,train
2023,4,Baku,MAG,1.0062614133478345,0.0107264514977137,0.9879596789247712,1.011719690838505,1.0080353905792452,0.99581132637905,-0.0006938899764199,23.0,1,Haas F1 Team,-0.0008960828776802,3.0,16.0,13.0,2,Tyre Manager,1.0,High-Speed,train
2023,4,Baku,NOR,1.003456329205816,0.0092390855973341,0.986914317715139,1.007193094535897,1.0022256839447343,1.0007556553756167,-0.0004487451430334,22.5,1,McLaren,-0.0008586164991333,-2.0,7.0,9.0,2,Tyre Manager,1.0,High-Speed,train
2023,4,Baku,OCO,1.0053481426171365,0.0101732794324569,0.9885010266940452,1.0073852150107765,1.003751259965179,1.005829802019565,-0.0006304408140481,44.0,0,Alpine,0.0020611660755398,4.0,19.0,15.0,2,Tyre Manager,1.0,High-Speed,train
2023,4,Baku,PER,0.9873580517702694,0.0108848213165929,0.9761900317341796,0.9848859027261458,0.979309844527933,1.0015744644522375,-0.0017019022510116,24.0,1,Red Bull Racing,-4.025521058936832e-06,2.0,3.0,1.0,1,Frontrunner,1.0,High-Speed,train
2023,4,Baku,PIA,1.005173562204083,0.0101442051926711,0.9859156244166511,1.0071948713420005,1.0063857326124808,1.0008471570983883,-0.0006722727326855,22.0,1,McLaren,0.0008586164991335,-1.0,10.0,11.0,2,Tyre Manager,1.0,High-Speed,train
2023,4,Baku,RUS,0.9979298114616392,0.0107232233739372,0.9648123949972,0.9971242791007028,0.9978257328161112,1.0001041981340653,-0.0007698231429962,15.0,2,Mercedes,0.0010717026528115,3.0,11.0,8.0,1,Frontrunner,1.0,High-Speed,train
2023,4,Baku,SAI,0.997253593429158,0.0112119586729448,0.9816595109202912,0.9956881503175932,0.9936968332875166,1.0021720713976123,-0.0017139104530908,24.0,1,Ferrari,0.0025964859062908,-1.0,4.0,5.0,2,Tyre Manager,1.0,High-Speed,train
2023,4,Baku,SAR,1.0073403197728683,0.0084746355072612,0.9940358409557588,1.0087725993038337,1.0114718098107869,0.9988783988226853,-0.0004718873110205,21.5,1,Williams,0.0009180258901337,-2.0,14.0,16.0,2,Tyre Manager,1.0,High-Speed,train
2023,4,Baku,STR,0.9977164497436244,0.008060850759107,0.9858782900877356,0.9962903233915192,0.997924103791886,1.0002858788427018,-0.0003099148795139,23.5,1,Aston Martin,0.0029589441534042,2.0,9.0,7.0,2,Tyre Manager,1.0,High-Speed,train
2023,4,Baku,TSU,1.0043167817808474,0.0096540741350877,0.9868116483106216,1.007522453392652,1.0051950134535124,0.9987865773062196,-0.0010083452901998,22.0,1,AlphaTauri,0.0,-2.0,8.0,10.0,2,Tyre Manager,1.0,High-Speed,train
2023,4,Baku,VER,0.9873661028123872,0.0103303509056692,0.9728579428784768,0.9855367349012096,0.9792639463766618,1.0014260407960005,-0.001576470736743,23.5,1,Red Bull Racing,4.0255210588258095e-06,0.0,2.0,2.0,1,Frontrunner,1.0,High-Speed,train
2023,4,Baku,ZHO,1.0125417597342825,0.00650762364492,1.0038547694605189,1.016290339956961,1.0130001548295768,1.0069253564241951,-0.0005815791451408,14.5,1,Alfa Romeo,0.0021361029397566,-4.0,15.0,19.0,0,Aggressive,1.0,High-Speed,train
2023,5,Miami,ALB,1.0022450620910277,0.0088645547860242,0.9900885509019473,1.0084607489516435,0.9994603652475216,1.001413671013455,-0.0001384577142545,27.0,1,Williams,-0.0021499138609661,-3.0,11.0,14.0,2,Tyre Manager,1.0,High-Speed,train
2023,5,Miami,ALO,0.995645312309374,0.0109562828022723,0.9757199139822036,0.9941661534852352,0.9967967900769172,0.9959357380684232,-0.0006925702070864,27.5,1,Aston Martin,-0.0025087035920102,-1.0,2.0,3.0,2,Tyre Manager,1.0,High-Speed,train
2023,5,Miami,BOT,1.00215523565367,0.0079096733439726,0.9899376424871862,1.0017888038473943,1.0034197906048852,1.0038422120163464,-0.0007368614574123,27.0,1,Alfa Romeo,-0.0004800724041007,-3.0,10.0,13.0,2,Tyre Manager,1.0,High-Speed,train
2023,5,Miami,DEV,1.0040743275842416,0.0092733422657033,0.986962590881898,1.0034790768599162,1.0053369140676365,1.006048482197608,-0.0007442211100478,27.0,1,AlphaTauri,0.0016747640209586,-3.0,15.0,18.0,2,Tyre Manager,1.0,High-Speed,train
2023,5,Miami,GAS,0.9998065737382228,0.0076456847283679,0.9913712724274156,1.0021700243394622,0.998746637801993,1.001318616289092,-0.0001258646066049,27.0,1,Alpine,-0.000224665900547,-3.0,5.0,8.0,2,Tyre Manager,1.0,High-Speed,train
2023,5,Miami,HAM,0.998514470340408,0.0113973979810717,0.9773367898546428,1.0005448520571243,0.9986835226262646,0.998758571005879,-0.0004038390829289,27.0,1,Mercedes,0.0015684694034187,7.0,13.0,6.0,2,Tyre Manager,1.0,High-Speed,train
2023,5,Miami,HUL,1.0024568528688869,0.0094232487005844,0.9798375578706822,1.0058350195008945,1.0038542333978162,0.9994010837667971,-7.647536320797807e-06,27.0,1,Haas F1 Team,0.000771908518361,-3.0,12.0,15.0,2,Tyre Manager,1.0,High-Speed,train
2023,5,Miami,LEC,0.9990602158509329,0.0092047242630489,0.9855828568040832,1.0046139409401482,0.998170711823471,0.996450813825674,-0.0005822094303002,27.0,1,Ferrari,0.0011102547657415,0.0,7.0,7.0,2,Tyre Manager,1.0,High-Speed,train
2023,5,Miami,MAG,1.000913035832165,0.007428687382959,0.9883531041321958,1.0016152019002378,1.0033598311879433,0.9996876773342368,-0.0004189614752297,27.0,1,Haas F1 Team,-0.0007719085183608,-6.0,4.0,10.0,2,Tyre Manager,1.0,High-Speed,train
2023,5,Miami,NOR,1.0038405792328062,0.0053025563846542,0.9960063165950748,1.0004897217090407,1.0067065133809432,1.00699331186383,-0.0001017215957677,27.0,1,McLaren,-0.0031761743167399,-1.0,16.0,17.0,2,Tyre Manager,1.0,High-Speed,train
2023,5,Miami,OCO,1.000255905539317,0.0095073956773655,0.982446117611551,1.003612797278672,1.001244946841243,0.9977744329949956,-0.0002920325801009,27.0,1,Alpine,0.0002246659005471,-1.0,8.0,9.0,2,Tyre Manager,1.0,High-Speed,train
2023,5,Miami,PER,0.9914753404381146,0.0108822054730558,0.9761618600540036,0.987084836221812,0.9925607863691872,0.9957140000210511,-0.0006782452393159,27.5,1,Red Bull Racing,0.0012393398929134,-1.0,1.0,2.0,1,Frontrunner,1.0,High-Speed,train
2023,5,Miami,PIA,1.0101929278662862,0.0094565848238513,0.9917485434643182,1.007112146879995,1.0101967925224948,1.016924406695488,-0.0044805967422351,26.5,1,McLaren,0.0031761743167399,0.0,19.0,19.0,2,Tyre Manager,1.0,High-Speed,train
2023,5,Miami,RUS,0.9953775315335708,0.0086700072907414,0.981066383533736,0.9961684408081872,0.9947730115300903,0.9981739487161896,-0.0006707301892174,27.0,1,Mercedes,-0.0015684694034187,2.0,6.0,4.0,2,Tyre Manager,1.0,High-Speed,train
2023,5,Miami,SAI,0.9968397063194496,0.0078335300410947,0.9848067563853122,0.9984997507404474,0.9965623267619916,0.998136784463055,-0.0005264062579125,27.0,1,Ferrari,-0.0011102547657416,-2.0,3.0,5.0,2,Tyre Manager,1.0,High-Speed,train
2023,5,Miami,SAR,1.00654488981296,0.0054088580192136,0.9958230706628652,1.0114581932804494,1.003585061066612,1.0075512476306778,-0.0001541477290525,53.0,0,Williams,0.0021499138609661,0.0,20.0,20.0,2,Tyre Manager,1.0,High-Speed,train
2023,5,Miami,STR,1.0006627194933946,0.0116381774236555,0.979417170143848,1.0058707955778423,1.0021059430301384,0.9953094424361452,-0.0004047392199149,27.0,1,Aston Martin,0.0025087035920103,6.0,18.0,12.0,2,Tyre Manager,1.0,High-Speed,train
2023,5,Miami,TSU,1.0007247995423243,0.0100869635106752,0.9813143045008434,1.0065071405530628,0.999745961417693,0.9979631130493696,-0.0005237391052423,27.0,1,AlphaTauri,-0.0016747640209586,6.0,17.0,11.0,2,Tyre Manager,1.0,High-Speed,train
2023,5,Miami,VER,0.9889966606522876,0.0099469531177757,0.9669780050985486,0.9902202281458024,0.9877614414664598,0.9921040256033116,-0.000810658393662,27.0,1,Red Bull Racing,-0.0012393398929134,8.0,9.0,1.0,1,Frontrunner,1.0,High-Speed,train
2023,5,Miami,ZHO,1.0031153804618715,0.0104061164172934,0.9888381668939276,1.0055095158499752,1.0044401526124949,1.0013593540281047,-0.0001170391642402,27.0,1,Alfa Romeo,0.0004800724041007,-2.0,14.0,16.0,2,Tyre Manager,1.0,High-Speed,train
2023,6,Monaco,ALB,1.0703276067231888,0.1087528570545794,0.968300876461822,1.0728976821900449,1.075983391543324,1.0498255660874145,-0.0040790447915529,24.0,2,Williams,-0.00259061794925,-1.0,13.0,14.0,3,Backmarker,0.0,High-Degradation,train
2023,6,Monaco,ALO,1.0464371532250594,0.104723202288625,0.9683261347275895,1.0408542795824087,1.0550205000401958,1.0318963665086889,-0.0057070654526958,37.5,1,Aston Martin,0.0174613016129134,0.0,2.0,2.0,3,Backmarker,0.0,High-Degradation,train
2023,6,Monaco,BOT,1.0708162629553857,0.1053631549642065,0.9828496375438862,1.07151301464895,1.080692445802181,1.044224960505529,-0.0048075512343651,37.5,1,Alfa Romeo,0.0014051559136616,4.0,15.0,11.0,3,Backmarker,0.0,High-Degradation,train
2023,6,Monaco,DEV,1.0673108889749037,0.106776980826734,0.9795281755954636,1.066870043432111,1.0732631095602394,1.0495920327910846,-0.0065024861022308,37.0,1,AlphaTauri,-0.000558260509152,0.0,12.0,12.0,3,Backmarker,0.0,High-Degradation,train
2023,6,Monaco,GAS,1.0575830433752689,0.112089084196564,0.9576797757066,1.0578761197135431,1.0617507128480677,1.0436409632381194,0.0152009113356186,24.666666666666668,2,Alpine,0.0016031318884239,0.0,7.0,7.0,3,Backmarker,0.0,High-Degradation,train
2023,6,Monaco,HAM,1.0551582498615917,0.1118264638117069,0.9553939026546436,1.0578715104840215,1.0621964918532163,1.0343672345331112,-0.0036295173184695,24.666666666666668,2,Mercedes,-1.2456223347445672e-05,1.0,5.0,4.0,3,Backmarker,0.0,High-Degradation,train
2023,6,Monaco,HUL,1.066954610896416,0.1081775564832777,0.972329569851734,1.062647293102975,1.0778121040199988,1.0500270819228164,-0.004709220882315,23.33333333333333,2,Haas F1 Team,0.0018647400438716,1.0,18.0,17.0,3,Backmarker,0.0,High-Degradation,train
2023,6,Monaco,LEC,1.0558315191754608,0.1096593901969097,0.9569472859993432,1.0515568660399868,1.0646690987152438,1.0383783783783782,0.0057042550522527,24.666666666666668,2,Ferrari,0.0006246300858712,0.0,6.0,6.0,3,Backmarker,0.0,High-Degradation,train
2023,6,Monaco,MAG,1.0632251308086724,0.1111944842898015,0.9895051905736152,1.052411044751009,1.070945599139184,1.050269777615749,-0.0002580181875147,32.5,1,Haas F1 Team,-0.0018647400438718,-2.0,17.0,19.0,3,Backmarker,0.0,High-Degradation,train
2023,6,Monaco,NOR,1.0582483288889166,0.0994605404145291,0.9831022202015608,1.0585871573842636,1.0680185056500378,1.0333097448548985,-0.006429392156666,24.33333333333333,2,McLaren,-0.0019775169140994,1.0,10.0,9.0,3,Backmarker,0.0,High-Degradation,train
2023,6,Monaco,OCO,1.054376779598421,0.1113960363569367,0.9664822813265642,1.0581105319577635,1.0595399241994627,1.0365069809145635,-0.0033766240800653,24.666666666666668,2,Alpine,-0.0016031318884242,0.0,3.0,3.0,3,Backmarker,0.0,High-Degradation,train
2023,6,Monaco,PER,1.0586588779359865,0.1094077287038838,0.9632113359096764,1.056968211241428,1.065905863035857,1.0455522045095504,0.0033761133617996,13.2,4,Red Bull Racing,0.0062771171351472,4.0,20.0,16.0,3,Backmarker,0.0,High-Degradation,train
2023,6,Monaco,PIA,1.0622033627171157,0.1040813248228711,0.9789219772170444,1.0552453530246262,1.0705590838849142,1.046705213270142,-0.0064853113174838,37.5,1,McLaren,0.0019775169140996,1.0,11.0,10.0,3,Backmarker,0.0,High-Degradation,train
2023,6,Monaco,RUS,1.055183162308286,0.10786939328791,0.9698921472051728,1.0563731333717872,1.059389117137244,1.0401166126216013,-0.0058654485562397,38.0,1,Mercedes,1.2456223347223627e-05,3.0,8.0,5.0,3,Backmarker,0.0,High-Degradation,train
2023,6,Monaco,SAI,1.0545822590037184,0.1092344635917269,0.9654845798287488,1.0540228038338255,1.0603413124516108,1.0395375944665042,-0.0021753380585091,24.666666666666668,2,Ferrari,-0.0006246300858712,-4.0,4.0,8.0,3,Backmarker,0.0,High-Degradation,train
2023,6,Monaco,SAR,1.075508842621689,0.1106135846368557,0.976257230178576,1.076093288604086,1.083057083272251,1.0529376916643434,-0.002815639584669,17.0,3,Williams,0.00259061794925,-2.0,16.0,18.0,3,Backmarker,0.0,High-Degradation,train
2023,6,Monaco,STR,1.0115145499992324,0.0476184854796857,0.9821550352352808,1.000773889636608,1.0120457111751098,1.0092417061611374,-0.0008636580342525,25.5,1,Aston Martin,-0.0174613016129134,-6.0,14.0,20.0,2,Tyre Manager,0.0,High-Degradation,train
2023,6,Monaco,TSU,1.0684274099932078,0.116893273930371,0.9810310424086284,1.0685104627315258,1.072144576951046,1.0549139777965333,-0.0049696154902728,36.5,1,AlphaTauri,0.000558260509152,-6.0,9.0,15.0,3,Backmarker,0.0,High-Degradation,train
2023,6,Monaco,VER,1.0461046436656922,0.1073799686433509,0.967442095425728,1.047733128244568,1.053818070781907,1.0264492392117734,-0.0058427113082311,38.0,1,Red Bull Racing,-0.006277117135147,0.0,1.0,1.0,3,Backmarker,0.0,High-Degradation,train
2023,6,Monaco,ZHO,1.0680059511280622,0.110986361780771,0.9715086762142912,1.063439322566173,1.073532170324517,1.0607609268035807,-0.0054743145911534,36.0,1,Alfa Romeo,-0.0014051559136616,6.0,19.0,13.0,3,Backmarker,0.0,High-Degradation,train
2023,7,Barcelona,ALB,1.0058283241463597,0.0147363995389523,0.9868680318260044,1.0071493643919325,1.007749046908669,1.0045097795801263,7.137000929063472e-06,20.0,2,Williams,-0.0022000931168366,2.0,18.0,16.0,0,Aggressive,1.0,High-Speed,train
2023,7,Barcelona,ALO,0.9991895891233208,0.0136388977643523,0.9737734766667496,1.0011021786466847,0.9993896275403312,0.9995631309670951,-8.432176889554566e-05,20.33333333333333,2,Aston Martin,0.0002662866213103,1.0,8.0,7.0,0,Aggressive,1.0,High-Speed,train
2023,7,Barcelona,BOT,1.0097785149527347,0.0155609311477621,0.9757563664480084,1.014892990791742,1.0099960633184153,1.007004331153963,-0.0016197347769376,20.0,2,Alfa Romeo,0.0051441975276336,-3.0,16.0,19.0,0,Aggressive,1.0,High-Speed,train
2023,7,Barcelona,DEV,1.0024682197224786,0.0142901741249243,0.9801461601775868,1.0034184081066306,1.003868825625725,1.0021986813429336,-0.0002730172495468,20.0,2,AlphaTauri,0.0014167794168178,0.0,14.0,14.0,0,Aggressive,1.0,High-Speed,train
2023,7,Barcelona,GAS,0.9994731511530772,0.0146072090808529,0.977415010101514,0.9951887386154734,1.0037320352813623,1.0005420160827498,-9.40522528063728e-06,20.33333333333333,2,Alpine,-0.0001892117220905,0.0,10.0,10.0,0,Aggressive,1.0,High-Speed,train
2023,7,Barcelona,HAM,0.9916043559380178,0.0132491952904781,0.9562267727533484,0.9949826401693452,0.9918114305744632,0.9905069173191436,0.00014464847021,20.33333333333333,2,Mercedes,-0.0008504816465652,2.0,4.0,2.0,1,Frontrunner,1.0,High-Speed,train
2023,7,Barcelona,HUL,0.9998157301515356,0.0151293806347783,0.9824158830718578,0.998853861132336,1.0022232248495344,1.0000806205355486,0.0012327326956613,14.5,3,Haas F1 Team,-0.0017887291357938,-8.0,7.0,15.0,0,Aggressive,1.0,High-Speed,train
2023,7,Barcelona,LEC,0.999181002529774,0.0144078131497758,0.9771905320130696,0.997055342602479,0.9987237203577044,1.004403965468352,-5.204838152473323e-05,20.33333333333333,2,Ferrari,0.0011379116003732,8.0,19.0,11.0,0,Aggressive,1.0,High-Speed,train
2023,7,Barcelona,MAG,1.003393188423123,0.0158782027904227,0.9735988825979596,0.9980259733481028,1.007512024383134,1.005724058023955,0.0011616116119056,14.5,3,Haas F1 Team,0.0017887291357936,-1.0,17.0,18.0,0,Aggressive,1.0,High-Speed,train
2023,7,Barcelona,NOR,1.0004665001329536,0.0144419642160287,0.9625371012396178,1.0032482965684788,1.0004725071429172,1.000246178620474,0.0009096260689858,19.666666666666668,2,McLaren,-0.0010903392550174,-14.0,3.0,17.0,0,Aggressive,1.0,High-Speed,train
2023,7,Barcelona,OCO,0.9998515745972584,0.0114444808540979,0.9845359539071658,1.0012469300636977,1.0017001777111134,0.9985408302953748,0.0002225965326804,20.33333333333333,2,Alpine,0.0001892117220905,-2.0,6.0,8.0,0,Aggressive,1.0,High-Speed,train
2023,7,Barcelona,PER,0.9938732610614746,0.0176059665477669,0.9561020627042126,0.9941168888371152,0.9971901468154656,0.9917259447292835,0.0003894390638336,20.33333333333333,2,Red Bull Racing,0.0025628640539249,7.0,11.0,4.0,1,Frontrunner,1.0,High-Speed,train
2023,7,Barcelona,PIA,1.0026471786429885,0.0130683165835884,0.981206195595241,1.0052950987399965,1.002638094646113,1.0025842092195647,-0.0002125198084494,20.0,2,McLaren,0.0010903392550174,-4.0,9.0,13.0,0,Aggressive,1.0,High-Speed,train
2023,7,Barcelona,RUS,0.993305319231148,0.014217594572691,0.971179507644726,0.9955133953650596,0.9940791833440664,0.9926091799479828,0.0001201399331984,20.33333333333333,2,Mercedes,0.000850481646565,9.0,12.0,3.0,1,Frontrunner,1.0,High-Speed,train
2023,7,Barcelona,SAI,0.9969051793290274,0.0144935486987132,0.977764198239094,0.9997125650433598,0.9952619463916202,0.9957992167080918,-0.0004647567156798,20.666666666666668,2,Ferrari,-0.0011379116003732,-3.0,2.0,5.0,1,Frontrunner,1.0,High-Speed,train
2023,7,Barcelona,SAR,1.010228510380033,0.0138938916669701,0.988289726386152,1.0071423565852358,1.013547364495276,1.0113968661204449,0.0006298514010293,20.0,2,Williams,0.0022000931168366,0.0,20.0,20.0,0,Aggressive,1.0,High-Speed,train
2023,7,Barcelona,STR,0.9986570158807,0.0106096946442874,0.9817424488065248,1.0022202110199945,0.9992067195995792,0.9969392032974116,0.0001975247168406,20.33333333333333,2,Aston Martin,-0.0002662866213104,-1.0,5.0,6.0,0,Aggressive,1.0,High-Speed,train
2023,7,Barcelona,TSU,0.999634660888843,0.0107915762545061,0.9840121717007956,0.9992996788586418,1.000721951398456,1.0010399382413715,-0.0004104215711,20.33333333333333,2,AlphaTauri,-0.0014167794168177,3.0,15.0,12.0,0,Aggressive,1.0,High-Speed,train
2023,7,Barcelona,VER,0.9887475329536248,0.0147914637717505,0.9519118050532512,0.9925439234389076,0.9874570908390944,0.986342448601474,-3.3634334016378e-05,20.666666666666668,2,Red Bull Racing,-0.0025628640539248,0.0,1.0,1.0,1,Frontrunner,1.0,High-Speed,train
2023,7,Barcelona,ZHO,0.9994901198974676,0.0125105984230639,0.9821290499588456,0.999252806971228,1.00195441465383,0.9989654887031366,-0.0002063267353321,20.33333333333333,2,Alfa Romeo,-0.0051441975276333,4.0,13.0,9.0,0,Aggressive,1.0,High-Speed,train
2023,8,Montréal,ALB,1.007081521237585,0.0091728921802302,0.9934323963035434,1.0167532426951011,1.0047283341138982,1.000903017857607,-0.0003817683439835,31.0,1,Williams,0.0,2.0,9.0,7.0,2,Tyre Manager,0.0,High-Degradation,train
2023,8,Montréal,ALO,0.9933138640453748,0.016079711922925,0.9787343962906278,0.9843619911692132,0.990960863411136,0.9967435210938108,-0.0014970286984391,20.666666666666668,2,Aston Martin,-0.0047257530713159,0.0,2.0,2.0,1,Frontrunner,0.0,High-Degradation,train
2023,8,Montréal,BOT,1.00474628298601,0.0107593385011895,0.9896610289891572,1.0062710457124409,1.0034758260471566,1.0033994090787,-0.0002124199772363,30.0,1,Alfa Romeo,-0.0024530944216945,4.0,14.0,10.0,2,Tyre Manager,0.0,High-Degradation,train
2023,8,Montréal,DEV,1.009587144722142,0.0120109934739929,0.9900614138752736,1.0117334019582376,1.0105961752310022,1.0059804628412288,-0.0005948343462023,19.0,2,AlphaTauri,0.0031056184186863,-1.0,17.0,18.0,0,Aggressive,0.0,High-Degradation,train
2023,8,Montréal,GAS,1.0023568818880173,0.0116006246284362,0.9870779006916326,1.0013329282588743,1.0040009274687414,1.0004679207535636,-0.0006345098958795,19.33333333333333,2,Alpine,-0.0002553540599883,3.0,15.0,12.0,0,Aggressive,0.0,High-Degradation,train
2023,8,Montréal,HAM,0.9939573546349758,0.0151577096774468,0.973787705600868,0.9850259259735382,0.9908064874385508,0.9983499259182242,-0.0011915200913854,20.666666666666668,2,Mercedes,-0.0069249349347388,0.0,3.0,3.0,1,Frontrunner,0.0,High-Degradation,train
2023,8,Montréal,HUL,1.0104801674304955,0.009239848745012,0.9975008233721449,1.0147592648044153,1.0076133089333257,1.0084753957306165,-4.95243965622441e-05,19.666666666666668,2,Haas F1 Team,0.0013329322225903,-10.0,5.0,15.0,0,Aggressive,0.0,High-Degradation,train
2023,8,Montréal,LEC,0.9952990240962464,0.0130389380015938,0.9803875984010436,0.993293351048344,0.9968708032002354,0.9941628247975588,-0.0002764214174107,30.5,1,Ferrari,3.890572333364872e-05,6.0,10.0,4.0,2,Tyre Manager,0.0,High-Degradation,train
2023,8,Montréal,MAG,1.0078143029853146,0.0133091755599668,0.9832161238868332,1.0092586972759636,1.0082913804714522,1.0051248992747783,-0.000272291234173,19.0,2,Haas F1 Team,-0.0013329322225905,-4.0,13.0,17.0,0,Aggressive,0.0,High-Degradation,train
2023,8,Montréal,NOR,1.0042440586196504,0.0111285061730976,0.9864192029757638,1.010494404572227,1.0046241140480183,0.9982784903766132,-0.000211833309825,20.33333333333333,2,McLaren,3.6417874358596336e-05,-6.0,7.0,13.0,0,Aggressive,0.0,High-Degradation,train
2023,8,Montréal,OCO,1.002867590007994,0.0085345716557995,0.9916887847027142,0.999751213495874,1.0048604672179149,1.0021616623294274,-0.000467404830172,20.33333333333333,2,Alpine,0.0002553540599883,-2.0,6.0,8.0,0,Aggressive,0.0,High-Degradation,train
2023,8,Montréal,PER,0.9975141843805804,0.0125158971795859,0.9619698936396924,0.995944748692124,0.9975991649996137,0.9972569396204396,-0.0002174640057256,19.33333333333333,2,Red Bull Racing,0.0034021401562744,6.0,12.0,6.0,1,Frontrunner,0.0,High-Degradation,train
2023,8,Montréal,PIA,1.0041712228709332,0.0116034752740906,0.9893123066689916,1.0067497517806383,1.0064136451915209,0.999285082099312,-0.0005760048467686,20.33333333333333,2,McLaren,-3.6417874358596336e-05,-3.0,8.0,11.0,0,Aggressive,0.0,High-Degradation,train
2023,8,Montréal,RUS,1.0078072245044536,0.0078161981655675,0.9957572117713156,1.0087281420408851,1.007700418514366,1.0059496198717723,-0.0006816215633205,23.0,1,Mercedes,0.0069249349347388,-15.0,4.0,19.0,2,Tyre Manager,0.0,High-Degradation,train
2023,8,Montréal,SAI,0.9952212126495792,0.0120860114585112,0.980439260966994,0.9974668265756416,0.9955071380974498,0.9921407467096428,-0.0003185439146525,30.0,1,Ferrari,-3.890572333364872e-05,6.0,11.0,5.0,2,Tyre Manager,0.0,High-Degradation,train
2023,8,Montréal,STR,1.0027653701880068,0.0104821408589847,0.9888731748584122,1.0040256094119049,1.0033721705066334,1.000107622338464,-0.0005180970869795,19.666666666666668,2,Aston Martin,0.004725753071316,7.0,16.0,9.0,0,Aggressive,0.0,High-Degradation,train
2023,8,Montréal,TSU,1.0033759078847693,0.0100935794743613,0.99019057029015,1.0067705918638752,1.0037650713227926,0.999399609391005,2.8995915428312665e-05,29.5,1,AlphaTauri,-0.0031056184186863,5.0,19.0,14.0,2,Tyre Manager,0.0,High-Degradation,train
2023,8,Montréal,VER,0.9907099040680312,0.0134094870941665,0.9763450026154172,0.9824473181344188,0.9883397287542512,0.9942803670297106,-0.0011520603228115,20.666666666666668,2,Red Bull Racing,-0.0034021401562746,0.0,1.0,1.0,1,Frontrunner,0.0,High-Degradation,train
2023,8,Montréal,ZHO,1.009652471829399,0.0104302586682181,0.9956668022809024,1.0135818385518751,1.0070061608080068,1.0077171226047883,-0.0007238249031485,19.666666666666668,2,Alfa Romeo,0.0024530944216945,4.0,20.0,16.0,0,Aggressive,0.0,High-Degradation,train
2023,9,Spielberg,ALB,1.003431181269954,0.0108775693833861,0.9870166725789288,0.9957285450412048,1.0067348454833596,1.0051340855803048,-0.0001974445034713,21.33333333333333,2,Williams,-0.0019114976604335,-1.0,10.0,11.0,0,Aggressive,1.0,High-Speed,train
2023,9,Spielberg,ALO,0.9955670422360736,0.009563925188721,0.9806030507272084,0.999052761201099,0.9924337785827486,0.9975600588027318,-0.0002105037238063,21.0,2,Aston Martin,-0.0002601986058508,2.0,7.0,5.0,1,Frontrunner,1.0,High-Speed,train
2023,9,Spielberg,BOT,1.0076324697422456,0.0127146403885962,0.992408655551614,0.9991744573044156,1.008115716242714,1.0141323742722594,0.0006204038861853,19.666666666666668,2,Alfa Romeo,0.0003877431957814,-1.0,14.0,15.0,0,Aggressive,1.0,High-Speed,train
2023,9,Spielberg,DEV,1.0086385708221146,0.0104378683043039,0.9911599858105712,1.0037492022230607,1.0084019640955026,1.0132592777660332,-0.000429325855003,20.33333333333333,2,AlphaTauri,-0.0004791064536699,3.0,20.0,17.0,0,Aggressive,1.0,High-Speed,train
2023,9,Spielberg,GAS,1.000599059950337,0.0124000136359506,0.9797233061369282,1.0067934782608696,0.9976976030110934,1.0000153868698711,-0.0001199084432317,21.33333333333333,2,Alpine,-0.0022802433318129,-1.0,9.0,10.0,0,Aggressive,1.0,High-Speed,train
2023,9,Spielberg,HAM,0.9970233731425646,0.0086028280359278,0.9813409010287336,0.99571306783583,0.9977933740849748,0.9971990546902622,0.0003760580757461,21.0,2,Mercedes,-0.0014132646525559,-3.0,5.0,8.0,0,Aggressive,1.0,High-Speed,train
2023,9,Spielberg,LEC,0.9912604379578488,0.0092446277383879,0.9765164952110678,0.9975263535365836,0.9877116192488616,0.9915733452427472,0.0004763647085164,21.0,2,Ferrari,-0.0003531591186787,0.0,2.0,2.0,1,Frontrunner,1.0,High-Speed,train
2023,9,Spielberg,MAG,1.0161163998394966,0.012199472862875,0.9957573607662292,1.0054486417993191,1.0197287677638929,1.0198120423577346,0.0005035793278442,30.5,1,Haas F1 Team,0.0,1.0,19.0,18.0,2,Tyre Manager,1.0,High-Speed,train
2023,9,Spielberg,NOR,0.9955387548776162,0.0093470970261412,0.9753671514721534,0.9956459576584258,0.997806061806656,0.9923292790152404,0.0002003759915418,21.33333333333333,2,McLaren,-0.0056356125103462,0.0,4.0,4.0,1,Frontrunner,1.0,High-Speed,train
2023,9,Spielberg,OCO,1.005159546613963,0.0096935464707074,0.9903795672224194,1.0015778291993125,1.0057042235806104,1.0075446137814252,-0.0003389405739551,21.0,2,Alpine,0.0022802433318129,-2.0,12.0,14.0,0,Aggressive,1.0,High-Speed,train
2023,9,Spielberg,PER,0.99094574869591,0.012919717636377,0.966456190138347,0.9903260520173858,0.9921862253513808,0.9898541310322296,-0.0002014709690008,20.33333333333333,2,Red Bull Racing,0.0037487986148846,12.0,15.0,3.0,1,Frontrunner,1.0,High-Speed,train
2023,9,Spielberg,PIA,1.006809979898309,0.0103169517378179,0.991301880099326,1.004188689968741,1.007304807184363,1.0084767487299726,0.0004934251045482,15.0,3,McLaren,0.0056356125103464,-3.0,13.0,16.0,0,Aggressive,1.0,High-Speed,train
2023,9,Spielberg,RUS,0.9998499024476766,0.0109947395248274,0.9830862007804186,1.0010780761579994,1.000592313787639,0.997972596717468,-0.0002393345905669,21.33333333333333,2,Mercedes,0.0014132646525559,4.0,11.0,7.0,0,Aggressive,1.0,High-Speed,train
2023,9,Spielberg,SAI,0.991966756195206,0.0076905998734233,0.9773678609435972,0.9932087488779732,0.9907770482730864,0.9929347401328644,0.0004719493608779,21.0,2,Ferrari,0.0003531591186786,-3.0,3.0,6.0,1,Frontrunner,1.0,High-Speed,train
2023,9,Spielberg,SAR,1.007254176590821,0.0107760937552197,0.9877403334515787,0.9988939859357592,1.0093004301562147,1.011360836636335,-0.0001518311625441,21.0,2,Williams,0.0019114976604335,5.0,18.0,13.0,0,Aggressive,1.0,High-Speed,train
2023,9,Spielberg,STR,0.9960874394477752,0.0143786262940779,0.9714508691025188,0.9961781243740072,0.9938931178717102,0.9994926296773202,-0.000198064946423,15.25,3,Aston Martin,0.0002601986058508,-3.0,6.0,9.0,0,Aggressive,1.0,High-Speed,train
2023,9,Spielberg,TSU,1.0095967837294548,0.0128963826587213,0.987868038311458,1.0050904613052951,1.0076011621764396,1.0165041031652988,0.0008217747720886,20.0,2,AlphaTauri,0.0004791064536702,-3.0,16.0,19.0,0,Aggressive,1.0,High-Speed,train
2023,9,Spielberg,VER,0.9834481514661408,0.0099669158307337,0.950862007804186,0.9924487407343188,0.9813822557683524,0.9793089196653884,0.0003482588248185,14.75,3,Red Bull Racing,-0.0037487986148846,0.0,1.0,1.0,1,Frontrunner,1.0,High-Speed,train
2023,9,Spielberg,ZHO,1.0068569833506826,0.0102149748918933,0.9902234835047892,1.006669182284461,1.008259073549661,1.0051736398055082,-0.0017542367653844,20.33333333333333,2,Alfa Romeo,-0.0003877431957814,5.0,17.0,12.0,0,Aggressive,1.0,High-Speed,train
2023,10,Silverstone,ALB,0.9996448024466884,0.0099430024572941,0.9803970010096886,0.9954238236292104,1.0056948874741485,0.9980291766770576,-0.0003928643647142,22.0,1,Williams,-0.0014360013406718,0.0,8.0,8.0,2,Tyre Manager,1.0,High-Speed,train
2023,10,Silverstone,ALO,0.9985948335966596,0.0092762209753339,0.981095190014823,0.9967306475427123,0.9987133168383252,1.0029305824366734,-0.0003030628067992,22.0,1,Aston Martin,-0.0016686819413329,2.0,9.0,7.0,2,Tyre Manager,1.0,High-Speed,train
2023,10,Silverstone,BOT,1.0049442034688765,0.0115937382745764,0.9866162538400396,1.0027894194644926,1.0068141628219276,1.007067719187752,-0.0006400432442914,22.0,1,Alfa Romeo,0.0003692229451646,8.0,20.0,12.0,2,Tyre Manager,1.0,High-Speed,train
2023,10,Silverstone,DEV,1.0050443516253738,0.0096148012548293,0.991997679864229,1.0006837261956802,1.0099421880411363,1.0052895637685269,0.0001374273609982,14.0,2,AlphaTauri,0.0009668511113225,1.0,18.0,17.0,0,Aggressive,1.0,High-Speed,train
2023,10,Silverstone,GAS,1.0032588121000332,0.0092891252055369,0.9832542052460848,0.9993088013868806,1.0041505453546242,1.0088880672210765,0.0018912270739229,18.0,1,Alpine,0.0,-8.0,10.0,18.0,2,Tyre Manager,1.0,High-Speed,train
2023,10,Silverstone,HAM,0.9944017936133772,0.010854871517887,0.9725772841521836,0.9933619458990184,0.9963907600556496,0.9950357897269508,-2.750328340468173e-05,22.0,1,Mercedes,4.019876090177732e-05,4.0,7.0,3.0,1,Frontrunner,1.0,High-Speed,train
2023,10,Silverstone,HUL,1.002333434609101,0.0102239249769855,0.9857999097724978,1.0019294849316036,1.0034335149810278,1.0035510876595997,0.0003365468246327,14.0,2,Haas F1 Team,-0.0054918575305695,-2.0,11.0,13.0,0,Aggressive,1.0,High-Speed,train
2023,10,Silverstone,LEC,0.9960684030857396,0.0078898897104132,0.980203656362113,0.9933861099502176,0.9982835590791874,0.998276350979422,-0.0001819479360697,14.0,2,Ferrari,-0.0004033128428927,-5.0,4.0,9.0,0,Aggressive,1.0,High-Speed,train
2023,10,Silverstone,MAG,1.01331714967024,0.0064900791641972,1.0027712732819178,1.0098546241187216,1.019048632070663,1.011322150001946,-0.0006286628338179,30.0,0,Haas F1 Team,0.0054918575305693,0.0,19.0,19.0,2,Tyre Manager,1.0,High-Speed,train
2023,10,Silverstone,NOR,0.9929583318933672,0.0116337270558692,0.9725558014135642,0.99744667496105,0.9900818162005672,0.99173264922437,-2.895243355304739e-05,23.0,1,McLaren,-0.0005532185323876,0.0,2.0,2.0,1,Frontrunner,1.0,High-Speed,train
2023,10,Silverstone,PER,0.9961937190610204,0.0116317551377898,0.9765408494274852,0.997351561761932,0.9972293819736348,0.99568346390438,-0.0004867226731649,21.0,1,Red Bull Racing,0.0030562197932347,9.0,15.0,6.0,2,Tyre Manager,1.0,High-Speed,train
2023,10,Silverstone,PIA,0.9940647689581424,0.0127271545398027,0.9758534017916604,0.9960529623598324,0.9903573605172176,0.996309735979124,-0.0003262504320281,21.5,1,McLaren,0.0005532185323875,-1.0,3.0,4.0,1,Frontrunner,1.0,High-Speed,train
2023,10,Silverstone,RUS,0.9943213960915736,0.0094583081237988,0.9787965369825344,0.9913693578578074,0.997602934221248,0.9952766456678028,-0.000213173028386,21.0,1,Mercedes,-4.01987609016663e-05,1.0,6.0,5.0,2,Tyre Manager,1.0,High-Speed,train
2023,10,Silverstone,SAI,0.996875028771525,0.0092010589120636,0.9813959483554964,0.995884832967452,0.9993776239671124,0.9967056063074434,-0.0002933811574996,21.0,1,Ferrari,0.0004033128428927,-5.0,5.0,10.0,2,Tyre Manager,1.0,High-Speed,train
2023,10,Silverstone,SAR,1.0025168051280322,0.011242005609293,0.9849728243356464,0.997630176183591,1.008737323757733,1.0014289606396407,-0.0004437713910858,21.0,1,Williams,0.0014360013406717,3.0,14.0,11.0,2,Tyre Manager,1.0,High-Speed,train
2023,10,Silverstone,STR,1.0019321974793254,0.01042502856765,0.9829212227974822,0.9962988073761102,1.0051467607564826,1.006106993217771,-0.0003321333960682,21.5,1,Aston Martin,0.0016686819413329,-2.0,12.0,14.0,2,Tyre Manager,1.0,High-Speed,train
2023,10,Silverstone,TSU,1.0031106494027284,0.0086061487609851,0.9891082515199038,1.000162525079301,1.003750717821798,1.0079482460481175,-0.0001932280360419,14.0,2,AlphaTauri,-0.0009668511113227,0.0,16.0,16.0,0,Aggressive,1.0,High-Speed,train
2023,10,Silverstone,VER,0.9900812794745508,0.0121076219710541,0.9696771144385486,0.9947902305614402,0.9879429061313302,0.9871653419388468,0.0001338784119667,23.0,1,Red Bull Racing,-0.0030562197932347,0.0,1.0,1.0,1,Frontrunner,1.0,High-Speed,train
2023,10,Silverstone,ZHO,1.0042057575785477,0.0105814707719749,0.9857247201873296,1.0008942882442329,1.006878426471305,1.0064914846178226,-0.0002155237579899,14.0,2,Alfa Romeo,-0.0003692229451643,2.0,17.0,15.0,0,Aggressive,1.0,High-Speed,train
2023,11,Budapest,ALB,1.0048392567871165,0.0096768943560117,0.9938395686515632,1.0029257486459346,1.0076350834320695,1.0025970672734137,-0.0011307856714573,21.33333333333333,2,Williams,-0.0018019176283396,5.0,16.0,11.0,0,Aggressive,1.0,High-Speed,train
2023,11,Budapest,ALO,0.9983204115564708,0.0130536501313957,0.9783971054249634,0.9996583335338418,0.9971700692672256,0.9969725028148884,-0.0003001805623302,21.666666666666668,2,Aston Martin,-0.0018976945906811,-1.0,8.0,9.0,0,Aggressive,1.0,High-Speed,train
2023,11,Budapest,BOT,1.0046811075178548,0.0098387106824384,0.9891098708792508,1.0018695569859903,1.0069074183780935,1.0043087855974495,-0.0005841522997889,21.33333333333333,2,Alfa Romeo,-0.0019394532173766,-5.0,7.0,12.0,0,Aggressive,1.0,High-Speed,train
2023,11,Budapest,HAM,0.9925087044630156,0.0137527879916416,0.96487016979615,0.9997064555713292,0.9874220237371896,0.9887191531783236,-2.1338291358583657e-05,21.666666666666668,2,Mercedes,-0.0021975813053238,-3.0,1.0,4.0,1,Frontrunner,1.0,High-Speed,train
2023,11,Budapest,HUL,1.009179678262309,0.0096134784048359,0.9881875798136498,1.0029113436939237,1.0155859169299633,1.00787901585371,0.0002029540138432,21.33333333333333,2,Haas F1 Team,-0.0025469237750082,-4.0,10.0,14.0,0,Aggressive,1.0,High-Speed,train
2023,11,Budapest,LEC,0.9968170953106864,0.0113064868204098,0.9751336139620678,0.9980824634430812,0.9916772997934136,1.000647182369281,0.0002654459252773,21.666666666666668,2,Ferrari,-0.0005928494246141,-1.0,6.0,7.0,1,Frontrunner,1.0,High-Speed,train
2023,11,Budapest,MAG,1.0142735258123257,0.0138941974201319,0.9916284349430072,1.0082900498822909,1.0179910684899949,1.016030648408338,0.0003035348120009,21.33333333333333,2,Haas F1 Team,0.0025469237750084,2.0,19.0,17.0,0,Aggressive,1.0,High-Speed,train
2023,11,Budapest,NOR,0.992680428874441,0.0101200139975199,0.9716927588327106,0.998849376756296,0.9850179244136592,0.9934836542897608,0.0002316298018776,21.666666666666668,2,McLaren,-0.0027956303656299,1.0,3.0,2.0,1,Frontrunner,1.0,High-Speed,train
2023,11,Budapest,PER,0.9924155657991915,0.0138498278655814,0.973076195431112,0.9931112036967856,0.9916924899744805,0.9913478879464704,-0.0001134297826069,21.666666666666668,2,Red Bull Racing,0.0025865148819554,6.0,9.0,3.0,1,Frontrunner,1.0,High-Speed,train
2023,11,Budapest,PIA,0.9982716896057008,0.0098517558363277,0.9782906872250864,1.0013841417624572,0.9922901008505272,0.9983382455177112,-1.20860847153083e-05,22.0,2,McLaren,0.0027956303656297,-1.0,4.0,5.0,0,Aggressive,1.0,High-Speed,train
2023,11,Budapest,RIC,1.0054607686350092,0.0122351253771442,0.9924561320531616,1.0018690425234182,1.0099049869997367,1.0032550171958228,0.0002821333055311,21.33333333333333,2,AlphaTauri,-0.0012558640862223,0.0,13.0,13.0,0,Aggressive,1.0,High-Speed,train
2023,11,Budapest,RUS,0.9969038670736632,0.0162227319612018,0.971456273944095,1.0002955706197232,0.9947122979705918,0.9942682741911026,7.064317956289032e-05,21.666666666666668,2,Mercedes,0.0021975813053238,12.0,18.0,6.0,1,Frontrunner,1.0,High-Speed,train
2023,11,Budapest,SAI,0.9980027941599148,0.012004085676563,0.9764934020716076,0.9969103119194488,0.9970201928140316,0.9995373581667252,0.0001096657043069,21.666666666666668,2,Ferrari,0.0005928494246141,3.0,11.0,8.0,0,Aggressive,1.0,High-Speed,train
2023,11,Budapest,SAR,1.0084430920437957,0.011348429175586,0.9872771129924796,1.005526373814105,1.0093491829176704,1.0098829570214445,-0.0002041447203146,20.33333333333333,2,Williams,0.0018019176283394,2.0,20.0,18.0,0,Aggressive,1.0,High-Speed,train
2023,11,Budapest,STR,1.0021158007378328,0.0107771923784087,0.9864375916378942,1.000555619577565,1.0014877279160084,1.003789765339932,-0.0002774418531243,21.33333333333333,2,Aston Martin,0.001897694590681,4.0,14.0,10.0,0,Aggressive,1.0,High-Speed,train
2023,11,Budapest,TSU,1.007972496807454,0.0097634596886811,0.9845930095066926,1.0035662545478492,1.0129848357688256,1.0060775175103804,-0.0002309749145551,21.33333333333333,2,AlphaTauri,0.0012558640862223,2.0,17.0,15.0,0,Aggressive,1.0,High-Speed,train
2023,11,Budapest,VER,0.9872425360352806,0.0139072042698582,0.9518989736555834,0.9904239678139556,0.9825880247977404,0.9855036545889208,-0.0004724381679039,22.0,2,Red Bull Racing,-0.0025865148819554,1.0,2.0,1.0,1,Frontrunner,1.0,High-Speed,train
2023,11,Budapest,ZHO,1.0085600139526083,0.0104196797833267,0.9901977013668826,1.0035960933770147,1.0135679963138493,1.007380310783039,-0.0006181080811626,21.33333333333333,2,Alfa Romeo,0.0019394532173768,-11.0,5.0,16.0,0,Aggressive,1.0,High-Speed,train
2023,12,Spa-Francorchamps,ALB,1.0041952865018196,0.0147892974573155,0.9736814112224093,0.9847305830034566,1.020937180911655,0.9942750370043252,0.0019831025134189,9.25,3,Williams,-0.0011449531261604,1.0,15.0,14.0,0,Aggressive,1.0,High-Speed,train
2023,12,Spa-Francorchamps,ALO,1.000728880418403,0.0145310083099269,0.9834057264426912,1.0071999314292246,0.9924549560778136,1.0011224238443224,-0.001135579395694,13.333333333333334,2,Aston Martin,-0.0025718588993797,4.0,9.0,5.0,0,Aggressive,1.0,High-Speed,train
2023,12,Spa-Francorchamps,BOT,1.0057005311858602,0.0140121536707724,0.9796560588600302,0.998923819773145,1.009425136954028,1.0037513079470548,0.0009625400383553,13.0,2,Alfa Romeo,-0.0009254271420746,1.0,13.0,12.0,0,Aggressive,1.0,High-Speed,train
2023,12,Spa-Francorchamps,GAS,1.0075218206308472,0.0145301941274444,0.9831663859586915,0.9965537494300288,1.011996067054627,1.008780007169478,0.0004530421919931,20.5,1,Alpine,0.0021123476084443,1.0,12.0,11.0,2,Tyre Manager,1.0,High-Speed,train
2023,12,Spa-Francorchamps,HAM,0.996471010875296,0.0148442739331938,0.9512011346511836,0.9985352134355476,0.9911048323064094,0.9977830692175056,0.0005577751149952,9.5,3,Mercedes,-0.0035336034244362,-1.0,3.0,4.0,1,Frontrunner,1.0,High-Speed,train
2023,12,Spa-Francorchamps,HUL,1.0105971238229017,0.0142944860513139,0.9742664657388528,1.0002849179214164,1.016343466154516,1.0090550990460672,0.0009839623920589,13.0,2,Haas F1 Team,0.0008794001259206,2.0,20.0,18.0,0,Aggressive,1.0,High-Speed,train
2023,12,Spa-Francorchamps,LEC,0.9971385515468488,0.0123386660811105,0.978955766332772,1.0047134471735188,0.9869514712187536,1.0010452418096725,0.0004235193934688,13.333333333333334,2,Ferrari,0.0,-2.0,1.0,3.0,0,Aggressive,1.0,High-Speed,train
2023,12,Spa-Francorchamps,MAG,1.00883832357106,0.011665955612419,0.9838932718730607,1.0018785535375854,1.0140588323874955,1.004610289674745,-0.0004186194327128,13.0,2,Haas F1 Team,-0.0008794001259206,1.0,16.0,15.0,0,Aggressive,1.0,High-Speed,train
2023,12,Spa-Francorchamps,NOR,1.003782687704991,0.0135427022879984,0.9900008864462372,1.0144054183610949,0.9915291501729966,1.006438131209459,-0.0012045922736464,13.333333333333334,2,McLaren,0.0,0.0,7.0,7.0,0,Aggressive,1.0,High-Speed,train
2023,12,Spa-Francorchamps,OCO,1.0032971254139589,0.0153923302058705,0.9789823597198828,0.9935905372329789,1.0064133883220343,1.0054659028466402,0.0014831533133923,13.0,2,Alpine,-0.0021123476084441,6.0,14.0,8.0,0,Aggressive,1.0,High-Speed,train
2023,12,Spa-Francorchamps,PER,0.9945117897349526,0.0112309804519547,0.9778211151493662,1.0119006803109811,0.9803302390044968,0.994849330815338,7.975507044738501e-05,13.333333333333334,2,Red Bull Racing,0.001972786100523,0.0,2.0,2.0,1,Frontrunner,1.0,High-Speed,train
2023,12,Spa-Francorchamps,RIC,1.0062896769926288,0.0128195890907738,0.9839021363354312,0.9941500557137553,1.0142638767340886,1.0030304370069545,-0.0006296876600927,13.0,2,AlphaTauri,0.0006727899645193,3.0,19.0,16.0,0,Aggressive,1.0,High-Speed,train
2023,12,Spa-Francorchamps,RUS,1.0035382177241683,0.0155265845558806,0.9804361315486216,1.0050353759697062,0.9990965315322656,1.0062654829684845,0.0004026398768839,20.5,1,Mercedes,0.0035336034244362,2.0,8.0,6.0,2,Tyre Manager,1.0,High-Speed,train
2023,12,Spa-Francorchamps,SAR,1.0064851927541405,0.0162662026306831,0.9771828738587004,0.9860364264227084,1.0195811270284556,1.0036070063001667,0.0017011942346575,9.25,3,Williams,0.0011449531261604,1.0,18.0,17.0,0,Aggressive,1.0,High-Speed,train
2023,12,Spa-Francorchamps,STR,1.005872598217162,0.0136801735823132,0.9865880684336494,1.0096117551493704,1.0028251933215806,1.0039175790394903,0.0003305737894642,20.5,1,Aston Martin,0.0025718588993797,1.0,10.0,9.0,2,Tyre Manager,1.0,High-Speed,train
2023,12,Spa-Francorchamps,TSU,1.00494409706359,0.0129280570159683,0.9874479212835742,0.9972555816928728,1.0112173574897052,0.9997671485806802,0.0006981552809423,13.0,2,AlphaTauri,-0.0006727899645195,1.0,11.0,10.0,0,Aggressive,1.0,High-Speed,train
2023,12,Spa-Francorchamps,VER,0.9905662175339064,0.0144105895922109,0.965534970304051,1.008097541928172,0.974813791865671,0.9922087199277444,-0.0003687421522719,13.333333333333334,2,Red Bull Racing,-0.0019727861005229,5.0,6.0,1.0,1,Frontrunner,1.0,High-Speed,train
2023,12,Spa-Francorchamps,ZHO,1.0075513854700098,0.0155277754291425,0.9767573796649234,0.9930532407627864,1.0173543705764945,1.0037790985323625,0.0011132561768332,13.0,2,Alfa Romeo,0.0009254271420748,4.0,17.0,13.0,0,Aggressive,1.0,High-Speed,train
2023,13,Zandvoort,ALB,1.0177260463527462,0.0584533907865491,0.9700901464228022,1.0074092271198485,1.0140520144180936,1.0281954826937076,-0.0059799682789604,18.0,2,Williams,0.0,-4.0,4.0,8.0,0,Aggressive,0.0,High-Degradation,train
2023,13,Zandvoort,ALO,1.0127116395223843,0.0532211004315014,0.9618701474649576,1.004220645279581,1.0059453959111675,1.0250614932189095,-0.0042680893490734,10.8,4,Aston Martin,-0.0032325187267221,3.0,5.0,2.0,0,Aggressive,0.0,High-Degradation,train
2023,13,Zandvoort,BOT,1.02871063774981,0.0526095513438782,0.9730863425564064,1.0300974336643194,1.017969994636596,1.04007616439878,-0.0096960918426058,10.6,4,Alfa Romeo,0.0050173099557937,4.0,18.0,14.0,3,Backmarker,0.0,High-Degradation,train
2023,13,Zandvoort,GAS,1.0183947625912608,0.0535185624062067,0.9697384190505964,1.0221872153051927,1.0073344627551792,1.0273921423371593,-0.0052076129637739,10.8,4,Alpine,0.0003828131460557,9.0,12.0,3.0,0,Aggressive,0.0,High-Degradation,train
2023,13,Zandvoort,HAM,1.0143063355018176,0.0463237040420608,0.962742952425616,1.014136192155855,1.0108633975802173,1.0188136501994849,-0.0051807542426508,10.4,4,Mercedes,-0.0007325148406904,7.0,13.0,6.0,0,Aggressive,0.0,High-Degradation,train
2023,13,Zandvoort,HUL,1.0231252759007514,0.0519794618517056,0.9701422541816476,1.0168396083172424,1.0178470473129622,1.0367801181838825,-0.0091935090164728,10.6,4,Haas F1 Team,-0.0035475265364497,2.0,14.0,12.0,3,Backmarker,0.0,High-Degradation,train
2023,13,Zandvoort,LAW,1.035215195394446,0.0549302192605038,0.974675629201188,1.040575688047598,1.0220474533435566,1.0449205158054409,-0.0040875492291067,9.0,5,AlphaTauri,0.0012292451212387,6.0,19.0,13.0,3,Backmarker,0.0,High-Degradation,train
2023,13,Zandvoort,MAG,1.030220328973651,0.0516260942777134,0.9833906518680632,1.033932106263567,1.0214990126032903,1.036546374064774,-0.0058213085921776,10.8,4,Haas F1 Team,0.0035475265364495,-16.0,0.0,16.0,3,Backmarker,0.0,High-Degradation,train
2023,13,Zandvoort,NOR,1.018550607940239,0.0507468311087509,0.969074045125319,1.0195964925599756,1.0115187137223376,1.020847185985228,-0.0021589469459817,8.833333333333334,5,McLaren,-0.0008864463786582,-5.0,2.0,7.0,0,Aggressive,0.0,High-Degradation,train
2023,13,Zandvoort,OCO,1.0176291362991494,0.0479132980888622,0.971418894273357,1.018653060522893,1.0093139504805482,1.0265374605658908,-0.0042731257195293,13.25,3,Alpine,-0.0003828131460557,6.0,16.0,10.0,0,Aggressive,0.0,High-Degradation,train
2023,13,Zandvoort,PER,1.0164723240253433,0.0537730637794474,0.9670027617112186,1.0150649244750367,1.0073242938910212,1.0291383252678603,-0.0032847735609185,10.8,4,Red Bull Racing,0.0038952962133098,3.0,7.0,4.0,0,Aggressive,0.0,High-Degradation,train
2023,13,Zandvoort,PIA,1.0203235006975555,0.0618770950718083,0.9678885936115889,1.0059501214697844,1.0141917819384167,1.0374164552350362,-0.0094104164617604,10.6,4,McLaren,0.0008864463786584,-1.0,8.0,9.0,3,Backmarker,0.0,High-Degradation,train
2023,13,Zandvoort,RUS,1.0157713651831988,0.0446221922043896,0.97863581887343,1.0168926361920412,1.0037023269959406,1.0232187935019348,-0.0027863826518417,8.666666666666666,5,Mercedes,0.0007325148406907,-14.0,3.0,17.0,0,Aggressive,0.0,High-Degradation,train
2023,13,Zandvoort,SAI,1.0200390518703788,0.0563574122865507,0.9761607003282788,1.0196965833758285,1.0126270175873897,1.0236809023067572,-0.0034931879539957,9.0,5,Ferrari,0.0,1.0,6.0,5.0,0,Aggressive,0.0,High-Degradation,train
2023,13,Zandvoort,STR,1.0191766769758288,0.0455801717682618,0.9792480850398624,1.0185479597244302,1.0124003914893067,1.028150302462313,-0.0044585631884025,8.5,5,Aston Martin,0.0032325187267223,0.0,11.0,11.0,0,Aggressive,0.0,High-Degradation,train
2023,13,Zandvoort,TSU,1.0327567051519684,0.052962498682943,0.9933432338075138,1.0373560257689471,1.023206146991222,1.0390517731900102,-0.0086720592197167,14.0,3,AlphaTauri,-0.0012292451212387,2.0,17.0,15.0,3,Backmarker,0.0,High-Degradation,train
2023,13,Zandvoort,VER,1.0086817315987238,0.0511120979861707,0.9625475483299462,1.0057991795059846,0.99919462595867,1.018874489694474,-0.0034202349316256,10.8,4,Red Bull Racing,-0.0038952962133096,0.0,1.0,1.0,0,Aggressive,0.0,High-Degradation,train
2023,13,Zandvoort,ZHO,1.0186760178382226,0.0452376954560117,0.9824527122088478,1.022974870938354,1.008705056162637,1.0258076096054494,-0.0023997737355715,12.0,3,Alfa Romeo,-0.0050173099557935,-3.0,15.0,18.0,0,Aggressive,0.0,High-Degradation,train
2023,14,Monza,ALB,1.000279322114454,0.0046610452738769,0.9933595119959984,1.000344419663929,1.0028703055361052,0.9999294844953124,0.0005779905544892,24.0,1,Williams,-0.0027904840915957,-1.0,6.0,7.0,2,Tyre Manager,1.0,High-Speed,train
2023,14,Monza,ALO,1.0000134151272808,0.0050881940306481,0.9900938867264982,0.997390670725951,1.0041442988452092,1.0007007932630796,4.651405582296048e-05,24.0,1,Aston Martin,-0.0030075437732408,1.0,10.0,9.0,2,Tyre Manager,1.0,High-Speed,train
2023,14,Monza,BOT,1.004036648496713,0.0076414137827113,0.9887485411049084,1.0003351771844513,1.0070432477260909,1.0069736570531715,0.0003943452034333,23.5,1,Alfa Romeo,0.0012796617876515,4.0,14.0,10.0,2,Tyre Manager,1.0,High-Speed,train
2023,14,Monza,GAS,1.001083814521173,0.0067669902113749,0.986103844583834,1.001419962868561,0.9990886154735308,1.0052682593962516,-0.000560762209124,15.0,2,Alpine,-0.0040597825526504,2.0,17.0,15.0,0,Aggressive,1.0,High-Speed,train
2023,14,Monza,HAM,0.9983741344847346,0.0072971154706227,0.984080076811186,0.9998023458887944,1.0000597401442657,0.9976235547956356,0.0001125868883468,24.0,1,Mercedes,0.0014612833168889,2.0,8.0,6.0,2,Tyre Manager,1.0,High-Speed,train
2023,14,Monza,HUL,1.0040563512003666,0.0084371329822893,0.9876676651354258,1.007538783473363,1.0030068279743185,1.0041570707423175,0.0004861658907857,15.0,2,Haas F1 Team,-0.0007341268700524,-4.0,13.0,17.0,0,Aggressive,1.0,High-Speed,train
2023,14,Monza,LAW,0.9998961285859116,0.0068215857137269,0.9870697337480524,0.996863494760691,0.9999481325879246,1.0052558525445678,0.0001919819729456,15.0,2,AlphaTauri,0.0,1.0,12.0,11.0,0,Aggressive,1.0,High-Speed,train
2023,14,Monza,LEC,0.9939372620257132,0.0076940152813495,0.9840570794501332,0.996218758850184,0.9958831186770998,0.9905792591305486,0.0005046495393118,24.5,1,Ferrari,0.0002183575965269,-1.0,3.0,4.0,2,Tyre Manager,1.0,High-Speed,train
2023,14,Monza,MAG,1.0055246049404718,0.0099423955508713,0.9920831584575672,1.00875106202209,0.9999310904382424,1.0106365490342042,-0.0002576430454614,15.0,2,Haas F1 Team,0.0007341268700526,1.0,19.0,18.0,0,Aggressive,1.0,High-Speed,train
2023,14,Monza,NOR,1.00066069501858,0.0054284717940022,0.9905423352670282,1.0036529134806005,1.004251970035455,0.9963797194500662,0.0004251621638703,24.0,1,McLaren,0.0008595367848206,1.0,9.0,8.0,2,Tyre Manager,1.0,High-Speed,train
2023,14,Monza,OCO,1.0092033796264737,0.0074584949227031,0.9999597546181576,1.0096421491281302,1.0068410999490325,1.013690517731274,0.0004930360814523,17.5,1,Alpine,0.0040597825526504,-1.0,18.0,19.0,2,Tyre Manager,1.0,High-Speed,train
2023,14,Monza,PER,0.9928864234257692,0.0082040819228976,0.9833901559796014,0.9995833038327196,0.9957463429505043,0.9841003188909032,-1.565335026496553e-05,24.5,1,Red Bull Racing,0.0007522249066818,3.0,5.0,2.0,2,Tyre Manager,1.0,High-Speed,train
2023,14,Monza,PIA,0.9989416214489388,0.0093821334329782,0.9782157497427172,1.0029162339910005,0.9977514993628526,0.9967700042783412,0.0003368392146044,15.333333333333334,2,McLaren,-0.0008595367848206,-5.0,7.0,12.0,0,Aggressive,1.0,High-Speed,train
2023,14,Monza,RUS,0.9954515678509565,0.0066071666649247,0.9871272271506843,0.999761782545077,0.9956578810377806,0.9919486812102188,0.0001518247163549,24.5,1,Mercedes,-0.0014612833168891,-1.0,4.0,5.0,2,Tyre Manager,1.0,High-Speed,train
2023,14,Monza,SAI,0.9935005468326592,0.006921936181479,0.9831486836885468,0.9996614804587934,0.9941152413751336,0.9883958747851154,0.0007363258418197,24.5,1,Ferrari,-0.0002183575965269,-2.0,1.0,3.0,2,Tyre Manager,1.0,High-Speed,train
2023,14,Monza,SAR,1.0058602902976457,0.0062346060925265,0.9985454169134091,1.002253595810963,1.008856557676523,1.008719113002496,0.0004275960186637,23.5,1,Williams,0.0027904840915957,2.0,15.0,13.0,2,Tyre Manager,1.0,High-Speed,train
2023,14,Monza,STR,1.0060285026737623,0.0073408033194478,0.99598121115602,0.9972001950973912,1.0088611768715798,1.0142058451779994,0.0002704242571809,22.5,1,Aston Martin,0.0030075437732408,4.0,20.0,16.0,2,Tyre Manager,1.0,High-Speed,train
2023,14,Monza,VER,0.9913819736124057,0.0081130319716991,0.9801475280711538,0.998224800575852,0.9886401294538022,0.9887939543184152,0.0003387917931965,24.5,1,Red Bull Racing,-0.0007522249066818,1.0,2.0,1.0,1,Frontrunner,1.0,High-Speed,train
2023,14,Monza,ZHO,1.00147732492141,0.0068800099452123,0.9886910477022762,0.998855376191825,1.002597075418922,1.0053186622312171,-4.012704132598312e-05,15.0,2,Alfa Romeo,-0.0012796617876513,2.0,16.0,14.0,0,Aggressive,1.0,High-Speed,train
2023,15,Marina Bay,ALB,1.0010087378372663,0.0136084907884376,0.9694983790567154,1.0003470978074265,1.0032821204684756,1.0013518968863742,-0.000205746360989,18.33333333333333,2,Williams,0.0013774283025163,3.0,14.0,11.0,0,Aggressive,0.0,High-Degradation,train
2023,15,Marina Bay,ALO,0.9990202593472364,0.0152969438402147,0.9606740733732052,0.9986557143564376,1.0015291922806375,0.9986895133436752,0.0002839609044083,18.0,2,Aston Martin,0.0,-8.0,7.0,15.0,1,Frontrunner,0.0,High-Degradation,train
2023,15,Marina Bay,BOT,1.0061081496774118,0.0144531311934769,0.9767988486571816,1.009903430131692,1.004265061882443,1.008134434277459,-0.0003612046351234,21.0,1,Alfa Romeo,-0.0003016437325038,-1.0,16.0,17.0,2,Tyre Manager,0.0,High-Degradation,train
2023,15,Marina Bay,GAS,1.0008408714024497,0.0119689589191169,0.9788107106753182,0.9969309574478028,1.004950142261874,1.0017465500146945,-0.0006133064285474,27.5,1,Alpine,-0.0017358421548472,6.0,12.0,6.0,2,Tyre Manager,0.0,High-Degradation,train
2023,15,Marina Bay,HAM,0.9906716616998524,0.0180307045782208,0.9548078024391335,0.9927259017844068,0.990021051162466,0.9897541399592982,-1.5693008585520966e-05,18.666666666666668,2,Mercedes,-0.0001051994681514,2.0,5.0,3.0,1,Frontrunner,0.0,High-Degradation,train
2023,15,Marina Bay,HUL,1.0088560862221403,0.01015507502281,0.9952043982092434,1.001947985181354,1.0146503825898114,1.0103210512887588,-0.0002032558552432,27.5,1,Haas F1 Team,0.0037415925309396,-4.0,9.0,13.0,2,Tyre Manager,0.0,High-Degradation,train
2023,15,Marina Bay,LAW,1.005552902147178,0.008885130204334,0.9862904551090836,1.0065094859898989,1.0051400362236476,1.0083355132912843,-0.0003188916323218,27.5,1,AlphaTauri,0.0,1.0,10.0,9.0,2,Tyre Manager,0.0,High-Degradation,train
2023,15,Marina Bay,LEC,0.996858244116833,0.0116207506322943,0.9787907912493962,0.9977030475436752,0.9969573842726048,0.9970253954720544,-0.0005954683981932,28.0,1,Ferrari,0.0020754690759587,-1.0,3.0,4.0,2,Tyre Manager,0.0,High-Degradation,train
2023,15,Marina Bay,MAG,1.0013729011602612,0.0132273554568433,0.977117559471936,1.0017080701798116,1.0014673432079604,1.004011768543368,-0.0001825992537852,18.33333333333333,2,Haas F1 Team,-0.0037415925309394,-4.0,6.0,10.0,0,Aggressive,0.0,High-Degradation,train
2023,15,Marina Bay,NOR,0.9926758760812512,0.0096472305788754,0.9765100169813106,0.991194140198493,0.995972116763338,0.9922808727029124,-0.0005680174913951,28.0,1,McLaren,-0.0043711482507801,2.0,4.0,2.0,2,Tyre Manager,0.0,High-Degradation,train
2023,15,Marina Bay,OCO,1.0043125557121442,0.0084107044652715,0.9952741161999712,0.9997591830623618,1.0100646470854333,1.0033870512367458,-0.0007826971038813,19.0,1,Alpine,0.0017358421548472,-10.0,8.0,18.0,2,Tyre Manager,0.0,High-Degradation,train
2023,15,Marina Bay,PER,0.9992063584283056,0.0156093738273821,0.9671678062238246,0.999605853926038,1.0001490424025636,1.00047630137509,0.0001888350908194,27.0,1,Red Bull Racing,0.0033260917311349,5.0,13.0,8.0,2,Tyre Manager,0.0,High-Degradation,train
2023,15,Marina Bay,PIA,1.0014181725828113,0.0118383391658025,0.9809520489619488,0.9979093121294168,1.0043517013801146,1.003705605560023,-0.0007065909733063,27.5,1,McLaren,0.0043711482507799,10.0,17.0,7.0,2,Tyre Manager,0.0,High-Degradation,train
2023,15,Marina Bay,RUS,0.9908820606361554,0.0163522643251282,0.958851445901329,0.9906962831869436,0.9888945564385488,0.9942905863187222,9.89275368166622e-05,18.666666666666668,2,Mercedes,0.0001051994681514,-14.0,2.0,16.0,1,Frontrunner,0.0,High-Degradation,train
2023,15,Marina Bay,SAI,0.9927073059649156,0.0103109490052679,0.972725326056103,0.995109283731315,0.9921424908848692,0.9927821436428826,-0.0008689044825762,28.5,1,Ferrari,-0.0020754690759586,0.0,1.0,1.0,2,Tyre Manager,0.0,High-Degradation,train
2023,15,Marina Bay,SAR,0.9982538812322336,0.0116624025564815,0.9813404777674308,1.000068547143298,0.9973349291756848,1.0008971738056252,0.0004405647508082,18.33333333333333,2,Williams,-0.0013774283025163,4.0,18.0,14.0,0,Aggressive,0.0,High-Degradation,train
2023,15,Marina Bay,VER,0.9925541749660356,0.0167201311876818,0.9618592792155728,0.995420921493474,0.9923293715834104,0.993029009375312,-0.0002360175388375,26.5,1,Red Bull Racing,-0.0033260917311349,6.0,11.0,5.0,1,Frontrunner,0.0,High-Degradation,train
2023,15,Marina Bay,ZHO,1.0067114371424193,0.0098972320158267,0.9891588524418724,1.0077432405079991,1.008075720107536,1.0067055567509016,0.0002180864482561,26.5,1,Alfa Romeo,0.0003016437325036,7.0,19.0,12.0,2,Tyre Manager,0.0,High-Degradation,train
2023,16,Suzuka,ALO,1.0025915071367957,0.0103009855176898,0.9866822311323148,1.002942204918375,1.0014053934226526,1.0054094673020957,0.001389940313962,14.333333333333334,2,Aston Martin,0.0,2.0,10.0,8.0,0,Aggressive,1.0,High-Speed,train
2023,16,Suzuka,GAS,1.0014261787545045,0.0122978602036784,0.9782368167284168,1.003169883303411,1.0012906259400067,0.999205597405787,0.0005330857934648,14.0,2,Alpine,-0.0028215105426698,2.0,12.0,10.0,0,Aggressive,1.0,High-Speed,train
2023,16,Suzuka,HAM,0.9967833693992144,0.0104238658810226,0.9705222554940872,0.996653516198792,0.9978548224255278,0.995288773430548,0.0003488583767183,14.666666666666666,2,Mercedes,-0.0034629214186399,2.0,7.0,5.0,1,Frontrunner,1.0,High-Speed,train
2023,16,Suzuka,HUL,1.00313150281683,0.0109620231970214,0.9871593158402274,1.0054876851436263,1.00325135116645,0.9991737711819808,3.712758083921903e-05,10.0,3,Haas F1 Team,-0.0028981511814074,4.0,18.0,14.0,0,Aggressive,1.0,High-Speed,train
2023,16,Suzuka,LAW,1.0076671911214876,0.0091832433264696,0.9974826168603764,1.0118813851842352,1.0063233612525533,1.0036048836964528,0.0010200468526901,14.0,2,AlphaTauri,-0.0002862749931722,0.0,11.0,11.0,0,Aggressive,1.0,High-Speed,train
2023,16,Suzuka,LEC,0.9966691735914694,0.0092431550828268,0.9781454600822208,0.9973503549861268,0.9964715223660288,0.9965816995340208,0.0006591445910166,14.666666666666666,2,Ferrari,-0.0005883967831388,0.0,4.0,4.0,0,Aggressive,1.0,High-Speed,train
2023,16,Suzuka,MAG,1.0089278051796449,0.0110152718618198,0.9931685530122316,1.0126049402236,1.005647741007254,1.0103422127814297,0.0009118476230342,14.666666666666666,2,Haas F1 Team,0.0028981511814074,0.0,15.0,15.0,0,Aggressive,1.0,High-Speed,train
2023,16,Suzuka,NOR,0.9900693479996124,0.0111867118102342,0.966827386692382,0.9872337604047656,0.9892777401158054,0.9979451923720948,0.0008694855107062,14.666666666666666,2,McLaren,-0.0029196138413009,1.0,3.0,2.0,1,Frontrunner,1.0,High-Speed,train
2023,16,Suzuka,OCO,1.007069199839844,0.0129924830182889,0.9886616251332284,1.0083345800917611,1.006235256259201,1.007361798173292,0.0003152216838247,22.5,1,Alpine,0.0028215105426696,5.0,14.0,9.0,2,Tyre Manager,1.0,High-Speed,train
2023,16,Suzuka,PIA,0.9959085756822144,0.0095573620257963,0.9778003349743694,0.9936240773987628,0.995519676480202,1.00182553883217,0.0005815377097751,15.0,2,McLaren,0.0029196138413009,-1.0,2.0,3.0,0,Aggressive,1.0,High-Speed,train
2023,16,Suzuka,RUS,1.0037092122364946,0.0081062064417625,0.9912500634421154,1.0068178713605491,1.0029586356168567,1.000348933521872,0.0002721337450983,23.0,1,Mercedes,0.0034629214186401,1.0,8.0,7.0,2,Tyre Manager,1.0,High-Speed,train
2023,16,Suzuka,SAI,0.9978459671577472,0.0105247096780116,0.976369080850632,1.000555303370328,0.9979880214196424,0.993170575346136,0.0007146276389036,14.666666666666666,2,Ferrari,0.0005883967831389,0.0,6.0,6.0,0,Aggressive,1.0,High-Speed,train
2023,16,Suzuka,TSU,1.008239741107832,0.0112909788122836,0.9924173983657312,1.012569328674019,1.0076188738704988,1.002292991715158,0.0002549145427515,14.0,2,AlphaTauri,0.0002862749931722,-3.0,9.0,12.0,0,Aggressive,1.0,High-Speed,train
2023,16,Suzuka,VER,0.986821573087624,0.01046393370717,0.9560270009643204,0.984716725150971,0.9872963402928512,0.9904017280477654,0.0009630166204639,14.666666666666666,2,Red Bull Racing,0.0,0.0,1.0,1.0,1,Frontrunner,1.0,High-Speed,train
2023,16,Suzuka,ZHO,1.0077839246138491,0.0109771055884994,0.9926508653504542,1.0032887706249465,1.0101518019353417,1.011495030598283,0.0005196062357891,14.0,2,Alfa Romeo,0.0,6.0,19.0,13.0,0,Aggressive,1.0,High-Speed,train
2023,17,Lusail,ALB,1.0042225725693623,0.0185174333576485,0.982229072693066,1.0039554906101174,1.005536033731416,1.0046049972991336,-0.0013943991724665,11.75,3,Williams,-0.0063758596988363,0.0,13.0,13.0,0,Aggressive,0.0,High-Degradation,train
2023,17,Lusail,ALO,0.9964713395506614,0.0158198730644658,0.9751909694675522,0.9934147499993328,0.9985387984568304,0.9994824215969216,-0.0010665698854492,11.5,3,Aston Martin,-0.0052839721238616,-2.0,4.0,6.0,0,Aggressive,0.0,High-Degradation,train
2023,17,Lusail,BOT,1.00609624218933,0.0194930016971835,0.9820704036992544,1.006886265062706,1.001497279462188,1.011908316318013,-0.0003715694708495,16.0,2,Alfa Romeo,0.0008465285209526,1.0,9.0,8.0,0,Aggressive,0.0,High-Degradation,train
2023,17,Lusail,GAS,1.0011813364752045,0.0172798393712954,0.972334927578938,1.006102999460674,0.9975925608335836,1.0006450930712742,-0.0014034423120923,11.75,3,Alpine,0.0003402461250281,-5.0,7.0,12.0,0,Aggressive,0.0,High-Degradation,train
2023,17,Lusail,HUL,1.0057569250146106,0.0165664555932067,0.9797130357911916,1.0066639714574677,1.0048821580913028,1.0071673721254717,-0.0004029084137634,11.5,3,Haas F1 Team,-0.0028672600611647,-2.0,14.0,16.0,0,Aggressive,0.0,High-Degradation,train
2023,17,Lusail,LAW,1.0168292822904668,0.0175511426524581,0.9872951469954894,1.0258040589157855,1.014140386352726,1.0102009952630333,-0.0009727079171764,15.666666666666666,2,AlphaTauri,0.0038627627901479,0.0,17.0,17.0,0,Aggressive,0.0,High-Degradation,train
2023,17,Lusail,LEC,0.9960535307709336,0.01879830800484,0.9632567944329852,0.9959648511108412,0.996048355442786,0.9977056982128378,-0.0010893483364162,11.75,3,Ferrari,0.0,0.0,5.0,5.0,1,Frontrunner,0.0,High-Degradation,train
2023,17,Lusail,MAG,1.01149144513694,0.0203517944442819,0.9867738060158217,1.0115230271190732,1.0106400917912426,1.013983027576704,-0.0003773539472229,15.666666666666666,2,Haas F1 Team,0.0028672600611647,4.0,18.0,14.0,0,Aggressive,0.0,High-Degradation,train
2023,17,Lusail,NOR,0.9895280875467026,0.0226932878754293,0.961556769499286,0.9869530185917202,0.997494254077757,0.985185810575428,-0.001523243734792,11.75,3,McLaren,0.0005142274001578,7.0,10.0,3.0,1,Frontrunner,0.0,High-Degradation,train
2023,17,Lusail,OCO,1.0005008442251482,0.0155156693519867,0.9797810367885396,1.0038804028880697,0.9996433689222928,0.9987794871878944,-0.0011895689122121,11.75,3,Alpine,-0.0003402461250281,1.0,8.0,7.0,0,Aggressive,0.0,High-Degradation,train
2023,17,Lusail,PER,1.002215337456155,0.0199025890939045,0.9771743318902012,1.0027194814115443,1.0063870688585006,0.9983614472052388,-0.0013671407473683,11.75,3,Red Bull Racing,0.0067515103696698,10.0,20.0,10.0,0,Aggressive,0.0,High-Degradation,train
2023,17,Lusail,PIA,0.988499632746387,0.0189646203327823,0.9624521159643676,0.9834937598838296,0.9949906608581964,0.9888924317549728,-0.0007329121646298,11.75,3,McLaren,-0.0005142274001578,4.0,6.0,2.0,1,Frontrunner,0.0,High-Degradation,train
2023,17,Lusail,RUS,0.995880152341525,0.0217596823862378,0.972074257089104,0.9953125673340988,0.9956881365272744,0.9983466928529098,-0.0025518969516314,11.75,3,Mercedes,0.0,-2.0,2.0,4.0,0,Aggressive,0.0,High-Degradation,train
2023,17,Lusail,SAR,1.016974291967035,0.0145096934090158,0.9971552916109436,1.0135759865210274,1.0227495999155771,1.0162104323900445,-0.0006910285907044,10.333333333333334,2,Williams,0.0063758596988363,-3.0,15.0,18.0,0,Aggressive,0.0,High-Degradation,train
2023,17,Lusail,STR,1.0070392837983846,0.0194960592438346,0.9786703538318564,1.0096814327216188,1.0065814250222027,1.0057972480127388,-0.0003070402175422,16.0,2,Aston Martin,0.0052839721238615,5.0,16.0,11.0,0,Aggressive,0.0,High-Degradation,train
2023,17,Lusail,TSU,1.0091037567101708,0.0157177784501767,0.987986490468527,1.01452677730367,1.0062399831078357,1.0071221468281153,-0.00193544240164,11.5,3,AlphaTauri,-0.0038627627901479,-4.0,11.0,15.0,0,Aggressive,0.0,High-Degradation,train
2023,17,Lusail,VER,0.9887123167168156,0.0174131721229559,0.9556293492304556,0.987248145986202,0.9898507244203312,0.9907736116769222,-0.0006241680747115,11.75,3,Red Bull Racing,-0.0067515103696698,0.0,1.0,1.0,1,Frontrunner,0.0,High-Degradation,train
2023,17,Lusail,ZHO,1.0044031851474249,0.0208535560160548,0.9783416823446744,1.0042845707136991,1.0059120391332648,1.004376304838034,-0.0003700099597797,11.75,3,Alfa Romeo,-0.0008465285209526,10.0,19.0,9.0,0,Aggressive,0.0,High-Degradation,train
2023,18,Austin,ALB,1.00411621756378,0.0095022328722721,0.9901491312080996,1.00529993612478,1.000144642153879,1.009143799882457,-0.0006584018260108,17.0,2,Williams,-0.0002329157138296,6.0,15.0,9.0,0,Aggressive,1.0,High-Speed,train
2023,18,Austin,ALO,1.000888616494621,0.0131396433277299,0.9768191857396948,1.0009138241380855,0.9977561371474944,1.0058373014103923,-0.0011854130740883,14.0,2,Aston Martin,0.0015593527053727,3.0,19.0,16.0,0,Aggressive,1.0,High-Speed,train
2023,18,Austin,BOT,1.0067935506395749,0.0077700493367497,0.9965404686980828,1.008534241527998,1.0059374888117143,1.0075645195738971,-0.0006612718781927,17.0,2,Alfa Romeo,-0.000493047403665,1.0,13.0,12.0,0,Aggressive,1.0,High-Speed,train
2023,18,Austin,GAS,0.9985900503312556,0.0107287228273865,0.9812950765201416,1.0029433815171576,0.9958874846347548,0.9994653174601092,-8.077309264996244e-05,17.0,2,Alpine,0.0,1.0,7.0,6.0,0,Aggressive,1.0,High-Speed,train
2023,18,Austin,HAM,0.9911589129163354,0.0112161111742499,0.9731837460664934,0.9909692673412688,0.9934748817828548,0.9884912020795394,1.77980066689706e-05,17.333333333333332,2,Mercedes,-0.0016588970854662,-16.0,3.0,19.0,1,Frontrunner,1.0,High-Speed,train
2023,18,Austin,HUL,1.0047238487678558,0.0114759944042899,0.9863084651017338,1.0064017481040155,1.0008525771842514,1.0092248035588005,-6.556505623499857e-06,17.0,2,Haas F1 Team,-0.0015206246679817,7.0,18.0,11.0,0,Aggressive,1.0,High-Speed,train
2023,18,Austin,LEC,0.9989061829258846,0.0081341451853045,0.987285733831089,0.9951772692365082,0.9989220261040104,1.0024255453349118,0.0001260973385134,27.0,1,Ferrari,0.0024252099860938,-19.0,1.0,20.0,2,Tyre Manager,1.0,High-Speed,train
2023,18,Austin,MAG,1.007765098103819,0.0099936280247285,0.9919863964192874,1.006309162277695,1.0077190803284186,1.010167233939182,-0.0006701217444873,16.333333333333332,2,Haas F1 Team,0.0015206246679817,3.0,17.0,14.0,0,Aggressive,1.0,High-Speed,train
2023,18,Austin,NOR,0.9932658667095664,0.0083071187063815,0.9771221390457948,0.9913860922733744,0.9945343883140596,0.9940186943664272,0.0005213966331317,17.333333333333332,2,McLaren,0.0,0.0,2.0,2.0,1,Frontrunner,1.0,High-Speed,train
2023,18,Austin,PER,0.9933407759053822,0.0107544580105013,0.974698512596994,0.9944361695922656,0.9943742317377344,0.9923183456135488,-2.700610743825576e-05,17.0,2,Red Bull Racing,0.0010685670755246,5.0,9.0,4.0,1,Frontrunner,1.0,High-Speed,train
2023,18,Austin,RIC,1.0089822723452495,0.0111009320620253,0.9710728456110862,1.0100834361169555,1.010512964090079,1.0073659964632278,0.0013729414650131,16.666666666666668,2,AlphaTauri,0.0046283526799302,-1.0,14.0,15.0,0,Aggressive,1.0,High-Speed,train
2023,18,Austin,RUS,0.994476707087268,0.0132559526927424,0.971336708168012,0.994623242897972,0.9984094136741734,0.9906936100045948,0.0001926879274487,17.0,2,Mercedes,0.0016588970854661,0.0,5.0,5.0,1,Frontrunner,1.0,High-Speed,train
2023,18,Austin,SAI,0.9940557629536968,0.0107761973460817,0.977601000723179,0.9951801949830212,0.991954211339482,0.9959236816265036,9.07994020458192e-05,17.333333333333332,2,Ferrari,-0.0024252099860938,1.0,4.0,3.0,1,Frontrunner,1.0,High-Speed,train
2023,18,Austin,SAR,1.0045820489914397,0.0108135738355721,0.9893673162246156,1.004531726352298,1.0014979771579968,1.009537745819205,-0.0002020032286313,17.0,2,Williams,0.0002329157138298,6.0,16.0,10.0,0,Aggressive,1.0,High-Speed,train
2023,18,Austin,STR,0.9977699110838754,0.0150698342782235,0.9763696421241914,0.9984664256764156,0.997970713544091,0.9980958308456752,-0.0004043994936175,17.0,2,Aston Martin,-0.0015593527053727,13.0,20.0,7.0,0,Aggressive,1.0,High-Speed,train
2023,18,Austin,TSU,0.9997255669853892,0.0115919607605167,0.959081758301898,1.0007499626129202,1.0040284695740744,0.994777332269451,-0.0002867041663921,12.25,3,AlphaTauri,-0.0046283526799301,3.0,11.0,8.0,0,Aggressive,1.0,High-Speed,train
2023,18,Austin,VER,0.991203641754333,0.0109403121834151,0.9775423645994176,0.9903020629277612,0.9923268879629196,0.9903704694396148,-6.499260874308164e-05,17.333333333333332,2,Red Bull Racing,-0.0010685670755246,5.0,6.0,1.0,1,Frontrunner,1.0,High-Speed,train
2023,18,Austin,ZHO,1.007779645446905,0.0088010161139999,0.9956316087797824,1.006821446709715,1.0080457699330492,1.0093929532046422,-0.0009378083077941,16.666666666666668,2,Alfa Romeo,0.000493047403665,-1.0,12.0,13.0,0,Aggressive,1.0,High-Speed,train
2023,19,Mexico City,ALB,1.0052345385678718,0.0176633091898326,0.9863792363792364,1.0016397858657726,1.0077813030273617,1.0039518004119776,-0.0003792148090117,32.5,1,Williams,-0.0015592335264467,5.0,14.0,9.0,2,Tyre Manager,1.0,High-Speed,train
2023,19,Mexico City,ALO,1.0172363483174296,0.0211941430316605,0.9954120787454122,1.0168791285641527,1.0160143876792551,1.013802079288805,-0.001008835317365,12.333333333333334,2,Aston Martin,0.0048980037718777,-5.0,13.0,18.0,0,Aggressive,1.0,High-Speed,train
2023,19,Mexico City,BOT,1.010809373243236,0.0172204867061189,0.9910624910624912,0.998952280486486,1.0157697327984814,1.016846448957701,7.644692036488064e-05,31.5,1,Alfa Romeo,0.0007042296362147,-6.0,9.0,15.0,2,Tyre Manager,1.0,High-Speed,train
2023,19,Mexico City,GAS,1.005995020317937,0.0137428448031201,0.9918251584918252,1.0021702279689555,1.007022781519376,1.0075343351338928,-0.0006408471878861,21.33333333333333,2,Alpine,-0.0020583269281186,0.0,11.0,11.0,0,Aggressive,1.0,High-Speed,train
2023,19,Mexico City,HAM,0.9920517615830116,0.0131749968048533,0.9692311358978026,0.9976261604502692,0.9880818903264058,0.9891937708309392,-0.0001189878963434,21.33333333333333,2,Mercedes,-0.003367765086515,4.0,6.0,2.0,1,Frontrunner,1.0,High-Speed,train
2023,19,Mexico City,HUL,1.0082962426712427,0.0144969389673548,0.9917298250631584,1.0025541036692436,1.0164590206303117,1.0019056717618664,-2.2396561077760543e-05,21.33333333333333,2,Haas F1 Team,0.0,-1.0,12.0,13.0,0,Aggressive,1.0,High-Speed,train
2023,19,Mexico City,LEC,0.9931078772224606,0.0085798783696527,0.9811239811239812,0.9954255264852514,0.989745180686258,0.9947434202965176,-0.000142321799053,32.0,1,Ferrari,-0.0010007217038466,-2.0,1.0,3.0,2,Tyre Manager,1.0,High-Speed,train
2023,19,Mexico City,NOR,0.9966574662341858,0.0208829768918498,0.9765003098336432,0.9960480174432332,0.9941541297182328,0.99793893422212,-0.0028540717948986,21.0,2,McLaren,-0.0009218195188764,12.0,17.0,5.0,1,Frontrunner,1.0,High-Speed,train
2023,19,Mexico City,OCO,1.0101116741741742,0.0213806070243687,0.9887983221316556,1.0027354537171873,1.0149050009881873,1.0094938800137916,-0.0004867260928616,32.0,1,Alpine,0.0020583269281184,5.0,15.0,10.0,2,Tyre Manager,1.0,High-Speed,train
2023,19,Mexico City,PIA,0.9985011052719388,0.0130626531735147,0.986224319557653,1.002087154443999,0.9940993812426836,0.9985691299850592,-0.0002557111270251,21.33333333333333,2,McLaren,0.0009218195188763,-1.0,7.0,8.0,0,Aggressive,1.0,High-Speed,train
2023,19,Mexico City,RIC,0.9983400439129606,0.0111717049470538,0.985259068592402,1.0029922757910716,0.9939696816516412,0.9974320480404552,0.0001357566733083,21.33333333333333,2,AlphaTauri,-0.0023738606357892,-3.0,4.0,7.0,0,Aggressive,1.0,High-Speed,train
2023,19,Mexico City,RUS,0.998787291756042,0.0140335873547515,0.9864626531293198,1.0027696604627576,0.9941008065129148,0.9990410584990232,-0.0007115058686588,21.33333333333333,2,Mercedes,0.0033677650865151,2.0,8.0,6.0,0,Aggressive,1.0,High-Speed,train
2023,19,Mexico City,SAI,0.995109320630154,0.0102952975997469,0.9835907335907336,0.996893701723694,0.9930423058211836,0.9947778990920586,-0.0001400508705933,21.33333333333333,2,Ferrari,0.0010007217038466,-2.0,2.0,4.0,1,Frontrunner,1.0,High-Speed,train
2023,19,Mexico City,SAR,1.0083530056207652,0.0202686534590808,0.9891200724534058,0.9983073362067,1.0148238073151783,1.008489320051775,0.0007657230063835,20.33333333333333,2,Williams,0.0015592335264467,3.0,19.0,16.0,0,Aggressive,1.0,High-Speed,train
2023,19,Mexico City,STR,1.0074403407736745,0.0093179597138348,0.9921469088135756,1.0034107235037657,1.010564344817959,1.010031448840781,3.8523609235683885e-05,27.5,1,Aston Martin,-0.0048980037718775,-17.0,0.0,17.0,2,Tyre Manager,1.0,High-Speed,train
2023,19,Mexico City,TSU,1.0030877651845391,0.0196627443915412,0.9831378998045666,0.999037724993467,1.0035976885733664,1.0046297978356216,-0.0030659533003492,20.666666666666668,2,AlphaTauri,0.0023738606357894,6.0,18.0,12.0,0,Aggressive,1.0,High-Speed,train
2023,19,Mexico City,VER,0.9861883833238,0.0087378674945812,0.9729253062586396,0.9966949768208576,0.9770550496374112,0.985734398345018,6.170669279832199e-05,21.33333333333333,2,Red Bull Racing,0.0,2.0,3.0,1.0,1,Frontrunner,1.0,High-Speed,train
2023,19,Mexico City,ZHO,1.0094009139708064,0.0147148914930075,0.9958410791744124,1.007102666219549,1.0095704597204531,1.0101604932321462,0.0004519222442386,20.666666666666668,2,Alfa Romeo,-0.0007042296362147,-4.0,10.0,14.0,0,Aggressive,1.0,High-Speed,train
2023,20,São Paulo,ALO,0.9950737047079072,0.0097043249047254,0.9777631838182176,0.999525315811543,0.994024974064894,0.9963804115750612,0.0001034301962152,21.0,2,Aston Martin,-0.0005396637760202,1.0,4.0,3.0,1,Frontrunner,1.0,High-Speed,train
2023,20,São Paulo,GAS,0.9997340250870164,0.0154132389678677,0.9788008143429434,1.0001907540394972,1.0036217628844877,0.99448350768879,0.0003784183729934,21.33333333333333,2,Alpine,-0.0010495000791304,8.0,15.0,7.0,0,Aggressive,1.0,High-Speed,train
2023,20,São Paulo,HAM,1.000403210254133,0.0096542912266551,0.9816641492086424,1.0018417420828294,0.9995824387041952,1.0045796096216266,0.0002832019329031,21.0,2,Mercedes,-0.0028339840675657,-3.0,5.0,8.0,0,Aggressive,1.0,High-Speed,train
2023,20,São Paulo,HUL,1.0089094038263278,0.0158064673413632,0.9855651145990674,1.0086273647699653,1.010459341796667,1.009740857794365,-0.0001596196088682,21.0,2,Haas F1 Team,0.0,-1.0,11.0,12.0,0,Aggressive,1.0,High-Speed,train
2023,20,São Paulo,NOR,0.9901365681887124,0.0131633527660811,0.9520719774085504,0.9943265876069156,0.9874431032115664,0.9953895390355691,0.0004526071406712,21.0,2,McLaren,-0.0058372593270281,4.0,6.0,2.0,1,Frontrunner,1.0,High-Speed,train
2023,20,São Paulo,OCO,1.0018330252452772,0.0154318390657714,0.9746634268076444,1.0039606624649449,1.0054632223573028,0.9953039763914934,6.916272894032423e-05,15.25,3,Alpine,0.0010495000791304,4.0,14.0,10.0,0,Aggressive,1.0,High-Speed,train
2023,20,São Paulo,PER,0.9947966279614012,0.0113388870729997,0.973586392592106,0.9978903829634784,0.9944803108475764,0.9959793441186,0.0002728214742228,21.0,2,Red Bull Racing,0.0028560378859192,5.0,9.0,4.0,1,Frontrunner,1.0,High-Speed,train
2023,20,São Paulo,PIA,1.0018110868427688,0.0137620785515994,0.9760294214224732,1.0064855339251586,1.0003689890690082,1.003774781802122,-4.413032533259045e-05,20.666666666666668,2,McLaren,0.0058372593270281,-4.0,10.0,14.0,0,Aggressive,1.0,High-Speed,train
2023,20,São Paulo,RIC,0.999997915148634,0.0134951982271068,0.970197675182242,0.9995529989374564,1.0044225752808589,0.994553830602536,0.0001103034976503,21.0,2,AlphaTauri,-0.0009210775606407,4.0,17.0,13.0,0,Aggressive,1.0,High-Speed,train
2023,20,São Paulo,RUS,1.0060711783892646,0.0085079574814515,0.9842253891114466,1.0081986834230998,1.0070654630909122,1.005447417062063,-0.0003994396790488,16.0,2,Mercedes,0.0028339840675659,-7.0,8.0,15.0,0,Aggressive,1.0,High-Speed,train
2023,20,São Paulo,SAI,0.9981747126293,0.0123513601926426,0.9772903395284692,0.9957099296930022,0.9995243538157708,1.001843821428798,0.0002987904257718,21.0,2,Ferrari,0.0,1.0,7.0,6.0,0,Aggressive,1.0,High-Speed,train
2023,20,São Paulo,SAR,1.008446358337998,0.0119574167403584,0.9947855782491626,1.0072456511030503,1.0125049047204735,1.0046957558533618,-0.0002852403829615,21.0,2,Williams,0.0,8.0,19.0,11.0,0,Aggressive,1.0,High-Speed,train
2023,20,São Paulo,STR,0.9961530322599476,0.0134785579719046,0.9720496486504236,0.9970094081917624,0.997679447779248,0.9957180150971956,0.0002531021465714,21.0,2,Aston Martin,0.0005396637760201,-2.0,3.0,5.0,1,Frontrunner,1.0,High-Speed,train
2023,20,São Paulo,TSU,1.0018400702699153,0.0174952546417429,0.9749917908977472,1.00422223647089,1.0022750972414145,1.002165151774996,-0.000114033567096,21.33333333333333,2,AlphaTauri,0.0009210775606405,7.0,16.0,9.0,0,Aggressive,1.0,High-Speed,train
2023,20,São Paulo,VER,0.9890845521895628,0.0107908015405288,0.9643659289420108,0.9962204391032292,0.9834722090211112,0.997570910450348,-0.0001087687643319,21.0,2,Red Bull Racing,-0.0028560378859191,0.0,1.0,1.0,1,Frontrunner,1.0,High-Speed,train
2023,21,Las Vegas,ALB,1.004099394534574,0.011062104035496,0.9864430822230104,1.0068694657512178,1.0041158560145902,1.0016553987392385,-0.0011754100865557,19.5,1,Williams,-0.0010918122524585,-7.0,5.0,12.0,2,Tyre Manager,1.0,High-Speed,train
2023,21,Las Vegas,ALO,1.000639343431785,0.0159531950457997,0.9783575662394244,0.9990514548453898,1.0034825195901145,0.9990164709059,-0.0009184717721948,20.0,1,Aston Martin,0.0007563459240652,0.0,9.0,9.0,2,Tyre Manager,1.0,High-Speed,train
2023,21,Las Vegas,BOT,1.0199076324411955,0.0113678295493429,0.9885201884593952,1.0265887662960422,1.0177125588517992,1.0164314983270024,-0.0006923744152456,18.5,1,Alfa Romeo,0.0049697497630833,-10.0,7.0,17.0,2,Tyre Manager,1.0,High-Speed,train
2023,21,Las Vegas,GAS,1.0013571986214975,0.0118209914708278,0.981944374081767,1.0059802960719042,0.9974706727871282,1.0009852080325958,-0.0005879443494328,19.5,1,Alpine,0.0019265517568369,-7.0,4.0,11.0,2,Tyre Manager,1.0,High-Speed,train
2023,21,Las Vegas,HAM,0.996953317719314,0.0179510911086657,0.9698161001063884,1.0012527572809766,1.0028345775181218,0.9880805752008668,-0.0021635705324584,13.0,2,Mercedes,0.0006962657552859,3.0,10.0,7.0,1,Frontrunner,1.0,High-Speed,train
2023,21,Las Vegas,HUL,1.007845322636882,0.0143816845247514,0.9885505851360252,1.0112842652065566,1.0082562138779565,1.0045322786870925,-0.0012755417705605,11.333333333333334,2,Haas F1 Team,0.001017440494379,-6.0,13.0,19.0,0,Aggressive,1.0,High-Speed,train
2023,21,Las Vegas,LEC,0.990920486710547,0.0148946455833253,0.9693398855058514,0.9844197312871634,0.985692647717964,1.0003108632513251,-0.0012670888774961,19.5,1,Ferrari,-0.0038740694265291,-1.0,1.0,2.0,1,Frontrunner,1.0,High-Speed,train
2023,21,Las Vegas,MAG,1.0058104416481235,0.0130476184932825,0.9874360403262578,1.0028763019181046,1.0077162640453778,1.0060614872279514,-0.0020548365403727,13.0,2,Haas F1 Team,-0.0010174404943792,-5.0,8.0,13.0,0,Aggressive,1.0,High-Speed,train
2023,21,Las Vegas,OCO,0.9975040951078236,0.0160911936865994,0.9791478798318052,0.9968582071351368,0.997741147741148,0.9974923236162608,-0.0008416295895117,19.5,1,Alpine,-0.001926551756837,12.0,16.0,4.0,2,Tyre Manager,1.0,High-Speed,train
2023,21,Las Vegas,PER,0.990666700440752,0.0147022341969671,0.9720755864025532,0.9860666526271455,0.982106690777577,1.0015802619144054,-0.0012953982095524,20.0,1,Red Bull Racing,0.0004957191347079,8.0,11.0,3.0,1,Frontrunner,1.0,High-Speed,train
2023,21,Las Vegas,PIA,0.9940419775365822,0.016625632862724,0.9675262171335934,0.9913334414755918,0.993071371552384,0.9966999806610988,-0.0013971716685173,12.333333333333334,2,McLaren,0.0,8.0,18.0,10.0,1,Frontrunner,1.0,High-Speed,train
2023,21,Las Vegas,RIC,1.0073168000298636,0.0141250103736586,0.9839201580627186,1.0124434493625871,1.0075378319215762,1.0028756581611993,-0.0005782143552959,19.0,1,AlphaTauri,-0.0025195661940959,0.0,14.0,14.0,2,Tyre Manager,1.0,High-Speed,train
2023,21,Las Vegas,RUS,0.995560786208742,0.0153675043366412,0.9734130401742744,0.9954425554088604,0.9969320412358388,0.9941275231676208,-0.0017189440143556,13.0,2,Mercedes,-0.0006962657552859,-5.0,3.0,8.0,1,Frontrunner,1.0,High-Speed,train
2023,21,Las Vegas,SAI,0.9986686255636053,0.0163959620151018,0.9725315365520036,0.9965067916184058,1.0004166666666667,0.9984690157958688,-0.001093960072474,20.0,1,Ferrari,0.003874069426529,6.0,12.0,6.0,2,Tyre Manager,1.0,High-Speed,train
2023,21,Las Vegas,SAR,1.0062830190394911,0.0121212317192022,0.9903237246061096,1.0155550695721276,1.0076892165499762,0.99759132906156,-0.0009370980988328,19.5,1,Williams,0.0010918122524585,-10.0,6.0,16.0,2,Tyre Manager,1.0,High-Speed,train
2023,21,Las Vegas,STR,0.9991266515836544,0.0172682771475061,0.978610871878008,0.9983777504406612,0.9946764874520356,1.0033929671009956,-0.0013430776602617,20.5,1,Aston Martin,-0.0007563459240652,14.0,19.0,5.0,2,Tyre Manager,1.0,High-Speed,train
2023,21,Las Vegas,TSU,1.0123559324180555,0.0139554324663539,0.9887734940979788,1.0255628970552104,1.006805681133213,1.0068676589712435,-0.0003191663169664,10.666666666666666,2,AlphaTauri,0.0025195661940959,2.0,20.0,18.0,0,Aggressive,1.0,High-Speed,train
2023,21,Las Vegas,VER,0.989675262171336,0.0157586518087785,0.9687826131009676,0.98423613754771,0.9804686171774778,1.001813945920872,-0.0009052387054664,13.0,2,Red Bull Racing,-0.0004957191347079,1.0,2.0,1.0,1,Frontrunner,1.0,High-Speed,train
2023,21,Las Vegas,ZHO,1.009968132915029,0.0133578967401848,0.9866254622827904,1.0138648833050403,1.0114218086122997,1.0053680269487992,-7.359963238410328e-05,20.5,1,Alfa Romeo,-0.0049697497630831,2.0,17.0,15.0,2,Tyre Manager,1.0,High-Speed,train
2023,22,Yas Island,ALB,1.0008870636103846,0.0133537295306147,0.973362585735022,1.0012499157913284,0.9950104979632264,1.0112584962721205,-9.977889012559338e-05,17.666666666666668,2,Williams,-0.0011989888771044,0.0,14.0,14.0,0,Aggressive,1.0,High-Speed,train
2023,22,Yas Island,ALO,0.9952301776406032,0.010338697211642,0.9779166528160976,0.9899094692003546,0.99720242076444,0.999625432405238,-9.80869505487593e-06,17.666666666666668,2,Aston Martin,-0.0018175082481445,0.0,7.0,7.0,1,Frontrunner,1.0,High-Speed,train
2023,22,Yas Island,BOT,1.0111028212890838,0.00986351552498,0.9957229442985518,1.0158076230583786,1.0084909093618744,1.0153806230100508,0.0003355896468285,27.0,1,Alfa Romeo,0.0036953298684416,-1.0,18.0,19.0,2,Tyre Manager,1.0,High-Speed,train
2023,22,Yas Island,GAS,1.0006633638547608,0.0095119456560007,0.9863377987567732,0.999749187710198,1.0008069704614524,1.0047863298081796,0.0003035439963272,17.666666666666668,2,Alpine,-0.0019673110607061,-3.0,10.0,13.0,0,Aggressive,1.0,High-Speed,train
2023,22,Yas Island,HAM,0.9962437256922516,0.0109953737073756,0.9792019856175692,0.9974556025972544,0.9958652254019116,0.9997932251286836,1.513534714206376e-05,17.666666666666668,2,Mercedes,0.0014842680107668,2.0,11.0,9.0,0,Aggressive,1.0,High-Speed,train
2023,22,Yas Island,HUL,1.0034949428175342,0.0096127237205902,0.9885649702489778,1.0045467500634804,1.008717485151866,1.0006988538683568,9.8940283775026e-05,17.666666666666668,2,Haas F1 Team,-0.00170163989611,-7.0,8.0,15.0,0,Aggressive,1.0,High-Speed,train
2023,22,Yas Island,LEC,0.9926331388508254,0.0115307873350449,0.9772850668705472,0.996030532768833,0.9968963135069494,0.9881664908912866,-0.0001741013530667,18.0,2,Ferrari,-0.0050851081555024,0.0,2.0,2.0,1,Frontrunner,1.0,High-Speed,train
2023,22,Yas Island,MAG,1.006898222609754,0.0077309243609792,0.996509656616694,1.00791202754949,1.0088863771837775,1.0078663214798196,-0.0022158551505788,17.333333333333332,2,Haas F1 Team,0.0017016398961098,-3.0,17.0,20.0,0,Aggressive,1.0,High-Speed,train
2023,22,Yas Island,NOR,0.9935827748989114,0.0119062288420603,0.9768972509390688,0.9852663325957518,0.9975352229476656,0.9953522106110664,-0.0005386308004775,18.0,2,McLaren,-0.0010014474357569,0.0,5.0,5.0,1,Frontrunner,1.0,High-Speed,train
2023,22,Yas Island,OCO,1.0045979859761731,0.0057346276900444,0.9976066216800188,1.005513969688647,1.0010811244543931,1.0119602468376312,0.0002210710455336,27.5,1,Alpine,0.0019673110607061,0.0,12.0,12.0,2,Tyre Manager,1.0,High-Speed,train
2023,22,Yas Island,PER,0.9909706834152974,0.0135606746179718,0.9694622655098672,0.988764231265514,0.9937026915097648,0.9927758735532114,8.919411882806813e-05,17.666666666666668,2,Red Bull Racing,0.0009362074810663,5.0,9.0,4.0,1,Frontrunner,1.0,High-Speed,train
2023,22,Yas Island,PIA,0.9955856697704254,0.01293603080365,0.9766091591042562,0.9863607862239798,0.9988688081911172,0.9988804716325156,-0.0002444297494658,18.0,2,McLaren,0.001001447435757,-3.0,3.0,6.0,1,Frontrunner,1.0,High-Speed,train
2023,22,Yas Island,RIC,0.9978750613867672,0.0116771573618084,0.981406996199404,0.9992330533287042,1.0010518780370068,0.997250346178422,-0.0013565099785301,17.666666666666668,2,AlphaTauri,-0.00142621043092,4.0,15.0,11.0,0,Aggressive,1.0,High-Speed,train
2023,22,Yas Island,RUS,0.993275189670718,0.0128433537659234,0.977152101408326,0.991643390526136,0.9939421385534496,0.995148710407566,-0.0005736158246787,18.0,2,Mercedes,-0.0014842680107667,1.0,4.0,3.0,1,Frontrunner,1.0,High-Speed,train
2023,22,Yas Island,SAI,1.0028033551618305,0.0090079831439745,0.9911688772174762,1.008709568377242,1.003327399097184,1.002777771379742,0.0001108297347036,26.0,1,Ferrari,0.0050851081555024,-2.0,16.0,18.0,2,Tyre Manager,1.0,High-Speed,train
2023,22,Yas Island,SAR,1.0032850413645935,0.0130735367461643,0.9815067202960698,1.0011887673405089,0.998000329645597,1.0143233970286565,0.0001398181444694,17.666666666666668,2,Williams,0.0011989888771044,4.0,20.0,16.0,0,Aggressive,1.0,High-Speed,train
2023,22,Yas Island,STR,0.9988651941368925,0.0112165765735353,0.9756340790479672,0.9964886279427694,0.9965539055043712,1.0066100163781515,0.0005093422490044,17.666666666666668,2,Aston Martin,0.0018175082481445,3.0,13.0,10.0,0,Aggressive,1.0,High-Speed,train
2023,22,Yas Island,TSU,1.0007274822486072,0.0079355261371044,0.9889971080011968,0.9994746697960104,1.0048746181195136,1.000417566085141,6.987425212379236e-05,27.5,1,AlphaTauri,0.00142621043092,-2.0,6.0,8.0,2,Tyre Manager,1.0,High-Speed,train
2023,22,Yas Island,VER,0.9890982684531644,0.0120795678203925,0.9639220379173176,0.9900618221201928,0.997529454013664,0.9812680003415698,-0.0001538198529854,18.0,2,Red Bull Racing,-0.0009362074810664,0.0,1.0,1.0,1,Frontrunner,1.0,High-Speed,train
2023,22,Yas Island,ZHO,1.0037121615522009,0.0100765186442669,0.9833460758567962,1.0051945090763994,1.004114202361742,1.006242228287367,0.0003378146241928,17.666666666666668,2,Alfa Romeo,-0.0036953298684414,2.0,19.0,17.0,0,Aggressive,1.0,High-Speed,train
2024,1,Sakhir,ALB,1.0065746652643357,0.011287924861869,0.9878789442452076,1.0055338479742195,1.0078859630789208,1.0061389175853288,0.0004106299689396,17.0,2,Williams,-0.0001552011449335,-2.0,13.0,15.0,0,Aggressive,1.0,High-Speed,train
2024,1,Sakhir,ALO,1.0013604144040555,0.0158599793429865,0.9721509842875202,1.0004720313642763,1.0004733068182865,1.001980671959254,-7.084795426128819e-05,17.666666666666668,2,Aston Martin,-0.0004904390200901,-3.0,6.0,9.0,0,Aggressive,1.0,High-Speed,train
2024,1,Sakhir,BOT,1.0084826851094415,0.0100484326132238,0.9928223122371576,1.006013232535754,1.0092280563669862,1.0108942494796678,0.0006153762239559,17.0,2,Kick Sauber,0.0016107580832585,-3.0,16.0,19.0,0,Aggressive,1.0,High-Speed,train
2024,1,Sakhir,GAS,1.0042010519215814,0.0139910267700812,0.9784050156092778,1.005101710822095,1.0012569428327462,1.0087467218482646,0.0005697782459194,12.25,3,Alpine,-0.0026118014480489,2.0,20.0,18.0,0,Aggressive,1.0,High-Speed,train
2024,1,Sakhir,HAM,0.9958461260610438,0.0117021933794633,0.9775484403622384,0.9950166174941416,0.997966615752078,0.9937058106526216,0.0001170632012619,17.333333333333332,2,Mercedes,-0.0001604496484566,2.0,9.0,7.0,1,Frontrunner,1.0,High-Speed,train
2024,1,Sakhir,HUL,0.999558089733997,0.0110123682908323,0.9787043009365566,0.9961367311299398,1.001071381887752,1.0018445565486782,0.0004430872893965,16.666666666666668,2,Haas F1 Team,-0.0031497119707554,-6.0,10.0,16.0,0,Aggressive,1.0,High-Speed,train
2024,1,Sakhir,LEC,0.9949091312693288,0.0117863779930636,0.9710260842642998,0.9969003895658056,0.9933317773175496,0.9938447113688992,0.0003727585733672,17.666666666666668,2,Ferrari,0.0011140930384031,-2.0,2.0,4.0,1,Frontrunner,1.0,High-Speed,train
2024,1,Sakhir,MAG,1.005857513675508,0.0109856677465386,0.9862999561392192,1.001535806095286,1.0066202945475364,1.010634852814967,0.0005989266475804,17.0,2,Haas F1 Team,0.0031497119707555,3.0,15.0,12.0,0,Aggressive,1.0,High-Speed,train
2024,1,Sakhir,NOR,0.9955212387395878,0.0103834891196743,0.975009675172218,0.99573243844313,0.993827634464332,0.998752111347092,0.0004379141239095,17.333333333333332,2,McLaren,-0.0003826406571576,1.0,7.0,6.0,1,Frontrunner,1.0,High-Speed,train
2024,1,Sakhir,OCO,1.0094246548176793,0.0096453181278351,0.9930699966459402,1.0120454882683945,1.0075947101952256,1.009783604899478,0.0006825593217942,17.0,2,Alpine,0.0026118014480489,2.0,19.0,17.0,0,Aggressive,1.0,High-Speed,train
2024,1,Sakhir,PER,0.9919302978687357,0.0120566235590817,0.9738538145978998,0.9928523630176176,0.9900376874197472,0.992309937443942,0.0001122540265326,17.666666666666668,2,Red Bull Racing,0.0022209814202616,3.0,5.0,2.0,1,Frontrunner,1.0,High-Speed,train
2024,1,Sakhir,PIA,0.996286520053903,0.0107292381795897,0.9780850899146004,0.99818836974422,0.9933481963712616,0.9995217768646274,0.0003055918540297,17.333333333333332,2,McLaren,0.0003826406571575,0.0,8.0,8.0,0,Aggressive,1.0,High-Speed,train
2024,1,Sakhir,RIC,1.0054815352183857,0.0130017833745875,0.9820996413736164,0.999181368427327,1.0072228385133242,1.011096184857884,0.0005997677394337,17.0,2,RB,-0.0002934169875281,1.0,14.0,13.0,0,Aggressive,1.0,High-Speed,train
2024,1,Sakhir,RUS,0.9961670253579572,0.0098611795296405,0.981088263371088,0.997136716204047,0.997685034154995,0.9907040726012049,0.0001716074207252,17.666666666666668,2,Mercedes,0.0001604496484566,-2.0,3.0,5.0,1,Frontrunner,1.0,High-Speed,train
2024,1,Sakhir,SAI,0.9926809451925224,0.0126162455198617,0.9753296008668954,0.993123516739389,0.993405318121149,0.9887569713531248,-5.5500372031270605e-05,17.666666666666668,2,Ferrari,-0.0011140930384032,1.0,4.0,3.0,1,Frontrunner,1.0,High-Speed,train
2024,1,Sakhir,SAR,1.0068850675542025,0.0173708567374017,0.9776826027503288,1.0067191912985365,1.0063158770334986,1.0086293513072238,0.0006934686538437,12.0,3,Williams,0.0001552011449335,-2.0,18.0,20.0,0,Aggressive,1.0,High-Speed,train
2024,1,Sakhir,STR,1.002341292444236,0.0095535441244388,0.986939807528574,1.0006281313279566,1.005168242093842,1.0001038565395002,0.0008789747457215,17.333333333333332,2,Aston Martin,0.0004904390200903,2.0,12.0,10.0,0,Aggressive,1.0,High-Speed,train
2024,1,Sakhir,TSU,1.006068369193442,0.0094455254235174,0.9890141644521272,1.0042364659465757,1.0067521738532736,1.0077617884907506,0.0003716650233184,17.0,2,RB,0.0002934169875281,-3.0,11.0,14.0,0,Aggressive,1.0,High-Speed,train
2024,1,Sakhir,VER,0.9874883350282124,0.0111436770788247,0.955731572021982,0.9904729269178528,0.9837781991426668,0.989275145153831,0.0003906460226426,17.666666666666668,2,Red Bull Racing,-0.0022209814202617,0.0,1.0,1.0,1,Frontrunner,1.0,High-Speed,train
2024,1,Sakhir,ZHO,1.0052611689429247,0.0090338128230349,0.985144095564901,1.0045262526458094,1.006137513767524,1.0051949107359437,0.0008610466718868,17.0,2,Kick Sauber,-0.0016107580832585,6.0,17.0,11.0,0,Aggressive,1.0,High-Speed,train
2024,2,Jeddah,ALB,1.0085608148478775,0.0146744047311372,0.9809666517885608,1.01752124474069,1.0044909177730403,1.0026745613887535,-0.002398344375073,22.5,1,Williams,-0.0019179177264365,1.0,12.0,11.0,2,Tyre Manager,0.0,High-Degradation,train
2024,2,Jeddah,ALO,0.9975767680865084,0.0131277025768707,0.9818168292631086,0.99476227237183,0.9959507436476572,1.0004935394292906,-0.0039761126790269,23.5,1,Aston Martin,0.0,-1.0,4.0,5.0,2,Tyre Manager,0.0,High-Degradation,train
2024,2,Jeddah,BEA,0.9992953692126708,0.0150418538611225,0.9796807583583074,0.9990219077670268,1.00114687504138,0.9983295875821953,-0.0018439816210588,23.0,1,Ferrari,0.0031048092066275,4.0,11.0,7.0,2,Tyre Manager,0.0,High-Degradation,train
2024,2,Jeddah,BOT,1.0112542243193268,0.0163379982281618,0.985206911942868,1.0134787926547968,1.0132934023665303,1.007183428132477,-0.0020242291542286,14.0,2,Kick Sauber,0.000896887806725,-1.0,16.0,17.0,0,Aggressive,0.0,High-Degradation,train
2024,2,Jeddah,HAM,0.9959061056268222,0.0118121814120081,0.9750047822482945,1.000193279110707,0.9923252866385078,0.9949987689983316,2.034680633039457e-05,22.0,1,Mercedes,-0.0009322443836832,-1.0,8.0,9.0,2,Tyre Manager,0.0,High-Degradation,train
2024,2,Jeddah,HUL,1.0034910412548617,0.0158522039452029,0.98159365767604,1.003645531334723,1.003804670507997,1.0035553774893378,-0.0006913701472215,22.0,1,Haas F1 Team,-0.0028657680660404,5.0,15.0,10.0,2,Tyre Manager,0.0,High-Degradation,train
2024,2,Jeddah,LEC,0.9930857507994156,0.0108235558531804,0.9737932793470636,0.9884827453537496,0.9959039439209676,0.9942396540141862,-0.0019920026663579,23.5,1,Ferrari,-0.0031048092066274,-1.0,2.0,3.0,1,Frontrunner,0.0,High-Degradation,train
2024,2,Jeddah,MAG,1.0092225773869428,0.0162944945831652,0.981296095559948,1.0184869425311478,1.006479586507041,1.0016616361704258,-0.0022136097935705,23.0,1,Haas F1 Team,0.0028657680660406,1.0,13.0,12.0,2,Tyre Manager,0.0,High-Degradation,train
2024,2,Jeddah,NOR,0.994782518805346,0.0105175213527878,0.9771089714978002,0.9863561925059944,0.9971843746250704,1.0028137180990888,1.8906341778851624e-05,22.0,1,McLaren,-0.0009335970281282,-2.0,6.0,8.0,2,Tyre Manager,0.0,High-Degradation,train
2024,2,Jeddah,OCO,1.0131444522377382,0.0141547689016618,0.99344300622755,1.0237762327057278,1.0095751600810654,1.0048059868309158,-0.0026822655690444,22.5,1,Alpine,0.0,4.0,17.0,13.0,2,Tyre Manager,0.0,High-Degradation,train
2024,2,Jeddah,PER,0.9906005644635764,0.0101174574741075,0.980605326361878,0.9863029612585535,0.9932608393566984,0.9912039749429424,-0.0029936050435371,23.5,1,Red Bull Racing,0.0012164773439008,1.0,3.0,2.0,1,Frontrunner,0.0,High-Degradation,train
2024,2,Jeddah,PIA,0.9966497128616024,0.012494715890597,0.9809985334438563,0.9959864491129712,0.9945438718637882,0.9973018174347902,-0.0038226465728553,23.5,1,McLaren,0.0009335970281282,1.0,5.0,4.0,2,Tyre Manager,0.0,High-Degradation,train
2024,2,Jeddah,RIC,1.013219765439989,0.0114662433777365,0.991763905715318,1.0199878662994486,1.0148698387415371,1.004216629692756,-0.0032603274528632,21.5,1,RB,0.0002934183247185,-2.0,14.0,16.0,2,Tyre Manager,0.0,High-Degradation,train
2024,2,Jeddah,RUS,0.9977705943941888,0.011883254911883,0.980403409211673,1.0025264259785296,0.9924757935065834,0.9980194935081368,-0.0005065295185248,23.0,1,Mercedes,0.0009322443836832,1.0,7.0,6.0,2,Tyre Manager,0.0,High-Degradation,train
2024,2,Jeddah,SAR,1.0123966503007504,0.0121410841819183,0.9886076218410592,1.0201708953001831,1.012300768163514,1.0039506742983673,-0.0030732334529691,22.0,1,Williams,0.0019179177264363,5.0,19.0,14.0,2,Tyre Manager,0.0,High-Degradation,train
2024,2,Jeddah,TSU,1.0126329287905518,0.0130769875620676,0.9938893494016876,1.0266978234914796,1.0082185600036098,1.001114307127865,-0.0011146122777989,22.5,1,RB,-0.0002934183247187,-6.0,9.0,15.0,2,Tyre Manager,0.0,High-Degradation,train
2024,2,Jeddah,VER,0.9881676097757748,0.00758182834408,0.9752917171459542,0.9816623320816752,0.9897746197162208,0.9934472709130624,-0.0017036810462929,23.5,1,Red Bull Racing,-0.0012164773439007,0.0,1.0,1.0,1,Frontrunner,0.0,High-Degradation,train
2024,2,Jeddah,ZHO,1.0094604487058767,0.0150599763942923,0.979914557163808,1.0126521890772642,1.007837455624608,1.0078969388262051,-0.0008821686904679,21.5,1,Kick Sauber,-0.000896887806725,2.0,20.0,18.0,2,Tyre Manager,0.0,High-Degradation,train
2024,3,Melbourne,ALB,1.0043710316859848,0.0093051370153222,0.988021668734679,1.0081792541523034,1.002306843267108,1.005817845169797,-0.0008943574563602,16.666666666666668,2,Williams,0.0,1.0,12.0,11.0,0,Aggressive,0.0,High-Degradation,train
2024,3,Melbourne,ALO,0.9978728845894804,0.0122374578344443,0.9744030505704688,0.9993957679175294,1.0031868155650785,0.997387949583054,-0.0003117245768257,17.0,2,Aston Martin,-0.0010783263400689,2.0,10.0,8.0,0,Aggressive,0.0,High-Degradation,train
2024,3,Melbourne,BOT,1.002467239657416,0.0117794641567418,0.9856490028145144,1.005163538656174,1.012049300956586,0.998883098848382,-0.0004152328805749,16.0,2,Kick Sauber,-0.0009672847439976,-1.0,13.0,14.0,0,Aggressive,0.0,High-Degradation,train
2024,3,Melbourne,GAS,1.0065238628453832,0.0143892118161079,0.9816299972762764,1.0088227305964692,1.0021721854304635,1.0103569875580367,1.1008799820236368e-06,16.666666666666668,2,Alpine,0.0015087865306822,4.0,17.0,13.0,0,Aggressive,0.0,High-Degradation,train
2024,3,Melbourne,HUL,1.0031076559183427,0.0121601914769381,0.9822957963865264,1.0083179202946195,0.995693200017314,1.0061402575085103,0.0003357692650263,17.0,2,Haas F1 Team,-0.0001405702492238,7.0,16.0,9.0,0,Aggressive,0.0,High-Degradation,train
2024,3,Melbourne,LEC,0.9864850043882216,0.0110403032016169,0.9661713524801016,0.9888387478672656,0.9931456953642386,0.9846067526055182,-0.0002004872981237,16.666666666666668,2,Ferrari,-0.0006070039272835,2.0,4.0,2.0,1,Frontrunner,0.0,High-Degradation,train
2024,3,Melbourne,MAG,1.0033887964167902,0.0119180615432262,0.9815331537693308,1.003949301855914,0.9982947019867552,1.0089890729545103,0.0001504093635094,16.666666666666668,2,Haas F1 Team,0.0001405702492236,4.0,14.0,10.0,0,Aggressive,0.0,High-Degradation,train
2024,3,Melbourne,NOR,0.9872224676936112,0.0117051203820442,0.9674061071936568,0.9894439221421358,0.9934768211920532,0.9856599009692668,-9.897292838197652e-05,16.666666666666668,2,McLaren,-0.0014927957201099,0.0,3.0,3.0,1,Frontrunner,0.0,High-Degradation,train
2024,3,Melbourne,OCO,1.0035062897840188,0.0099746574052948,0.9848258330054775,1.0050590781944588,0.9993952354672554,1.0078077877993017,-0.000413078688955,12.0,3,Alpine,-0.0015087865306822,-1.0,15.0,16.0,0,Aggressive,0.0,High-Degradation,train
2024,3,Melbourne,PER,0.9929200133159825,0.0122049953856525,0.9731319795418092,0.997676799331453,0.9877792494481238,0.9951270146301776,-1.4044842743048507e-05,16.666666666666668,2,Red Bull Racing,0.0,1.0,6.0,5.0,1,Frontrunner,0.0,High-Degradation,train
2024,3,Melbourne,PIA,0.9902080591338313,0.0126597141819725,0.9708440516902218,0.992969171372717,0.9913073838807048,0.990841503593063,-9.212327507881031e-05,16.333333333333332,2,McLaren,0.0014927957201099,1.0,5.0,4.0,1,Frontrunner,0.0,High-Degradation,train
2024,3,Melbourne,RIC,1.0034176073601069,0.0122479371132214,0.9834337075931362,1.0065677774295765,1.00428587196468,1.0039006326184232,-0.0014885613094753,16.666666666666668,2,RB,0.0014216626819598,6.0,18.0,12.0,0,Aggressive,0.0,High-Degradation,train
2024,3,Melbourne,RUS,0.9982897436673424,0.0140838566720682,0.9718730139515178,0.997992269925833,1.0000596026490067,1.0010744694281186,-0.0004551946536086,16.666666666666668,2,Mercedes,0.0,-10.0,7.0,17.0,0,Aggressive,0.0,High-Degradation,train
2024,3,Melbourne,SAI,0.9876990122427888,0.0148716930449608,0.9688103380443664,0.9867512728131748,1.0015983188996436,0.9816057264753452,-0.0005981215528985,17.333333333333332,2,Ferrari,0.0006070039272836,1.0,2.0,1.0,1,Frontrunner,0.0,High-Degradation,train
2024,3,Melbourne,STR,1.0000295372696184,0.0125666312874342,0.9796931271373666,1.0001629583202758,1.0040408388520972,1.0013336886844062,-0.0006731220685486,16.666666666666668,2,Aston Martin,0.0010783263400691,3.0,9.0,6.0,0,Aggressive,0.0,High-Degradation,train
2024,3,Melbourne,TSU,1.0005742819961867,0.0103613863217542,0.9821626365644766,1.0025272467704307,1.0019403973509933,1.001758987810523,-0.0003915457624845,16.666666666666668,2,RB,-0.00142166268196,1.0,8.0,7.0,0,Aggressive,0.0,High-Degradation,train
2024,3,Melbourne,ZHO,1.0044018091454117,0.0101578952006355,0.9844989861695366,1.0066769421651456,1.009903365319638,1.0032379505785285,-0.00056399907655,16.333333333333332,2,Kick Sauber,0.0009672847439978,4.0,19.0,15.0,0,Aggressive,0.0,High-Degradation,train
2024,4,Suzuka,ALO,0.9947953731195068,0.0113213590904161,0.972371493828111,0.9947701216438736,0.9941264143523102,1.0004344921727517,0.0007601683267422,15.333333333333334,2,Aston Martin,-0.0041305594635663,-1.0,5.0,6.0,1,Frontrunner,1.0,High-Speed,train
2024,4,Suzuka,BOT,1.007680915190346,0.009995208651615,0.991690404701414,1.0062469945148416,1.010906390633302,1.00699413642099,0.0008725726502306,15.0,2,Kick Sauber,0.0,-1.0,13.0,14.0,0,Aggressive,1.0,High-Speed,train
2024,4,Suzuka,GAS,1.0159142066078706,0.0162364428869645,0.9920394179690508,1.0201378936298695,1.015134975962308,1.0138938617976698,0.0008581599595858,15.0,2,Alpine,0.0011519718964478,1.0,17.0,16.0,0,Aggressive,1.0,High-Speed,train
2024,4,Suzuka,HAM,0.9957852854310392,0.0190184748587271,0.9644263094413222,0.9941525554961228,0.998202454341188,0.997298945717522,0.0010255425371859,15.333333333333334,2,Mercedes,0.0003551500098745,-2.0,7.0,9.0,1,Frontrunner,1.0,High-Speed,train
2024,4,Suzuka,HUL,1.0051176066358145,0.0165693489555127,0.9785202863961816,1.0125491717079984,1.0028246048664324,1.0005231203147031,0.0003798660324556,15.0,2,Haas F1 Team,-0.0034903413757205,1.0,12.0,11.0,0,Aggressive,1.0,High-Speed,train
2024,4,Suzuka,LEC,0.9948751507685992,0.0124827296419767,0.975635794390125,0.9961356358700022,0.995192621612798,0.9958060565575596,-0.0003457106558794,24.0,1,Ferrari,0.0024470538616286,4.0,8.0,4.0,2,Tyre Manager,1.0,High-Speed,train
2024,4,Suzuka,MAG,1.012098289387256,0.0113104035634775,0.9921625991223344,1.0204614352078705,1.011327332525108,1.0022484685683424,-5.204429348918451e-05,23.5,1,Haas F1 Team,0.0034903413757207,5.0,18.0,13.0,2,Tyre Manager,1.0,High-Speed,train
2024,4,Suzuka,NOR,0.9913938326856282,0.0096204190651568,0.9770934380373136,0.9884093754068008,0.9937752216246548,0.9955179925067528,0.0010414865822775,15.333333333333334,2,McLaren,-0.0016956376688859,-2.0,3.0,5.0,1,Frontrunner,1.0,High-Speed,train
2024,4,Suzuka,OCO,1.0136102628149748,0.0157156374179565,0.9878307285651964,1.0169335143325182,1.0130516666346592,1.012764491946857,0.000192240443968,15.0,2,Alpine,-0.0011519718964478,0.0,15.0,15.0,0,Aggressive,1.0,High-Speed,train
2024,4,Suzuka,PER,0.9886258272049592,0.0132226506599012,0.9643544537685734,0.9836058089468738,0.9921580317175628,0.993903168656153,0.0007064197288123,15.333333333333334,2,Red Bull Racing,0.001443361774344,0.0,2.0,2.0,1,Frontrunner,1.0,High-Speed,train
2024,4,Suzuka,PIA,0.9947851080234,0.0120564099759344,0.9731516411322404,0.992088860426966,0.9966884680031364,0.9994888327379396,0.0010769272539806,15.333333333333334,2,McLaren,0.0016956376688858,-2.0,6.0,8.0,1,Frontrunner,1.0,High-Speed,train
2024,4,Suzuka,RUS,0.99507498541129,0.0168061728266293,0.9690661328816692,0.9942864334722086,0.9956409016785608,0.999289012808225,0.000710401026036,15.333333333333334,2,Mercedes,-0.0003551500098745,2.0,9.0,7.0,1,Frontrunner,1.0,High-Speed,train
2024,4,Suzuka,SAI,0.9899810430453418,0.0140662686389103,0.9632868837734494,0.9892774229291637,0.9922442016878292,0.9900787081409196,0.0005289677825262,15.333333333333334,2,Ferrari,-0.0024470538616286,1.0,4.0,3.0,1,Frontrunner,1.0,High-Speed,train
2024,4,Suzuka,SAR,1.0053551574051032,0.019200660783856,0.9741576205507224,1.0054380054508754,1.0069256958187232,1.005640428143108,0.0006502476362946,10.75,3,Williams,0.0,2.0,19.0,17.0,0,Aggressive,1.0,High-Speed,train
2024,4,Suzuka,STR,1.0030564920466396,0.0131257128239334,0.9833756768547748,1.0031544325568855,1.00168097852083,1.010135620077364,0.0012569389628484,10.75,3,Aston Martin,0.0041305594635663,4.0,16.0,12.0,0,Aggressive,1.0,High-Speed,train
2024,4,Suzuka,TSU,1.0051148692768526,0.0106331205215513,0.988959889136962,1.0075915598881842,1.00437223534533,1.0062554739107847,7.300652525655647e-05,15.0,2,RB,0.0,0.0,10.0,10.0,0,Aggressive,1.0,High-Speed,train
2024,4,Suzuka,VER,0.985739103656271,0.0121336394829424,0.9619010957990096,0.9831819648474684,0.987179210993685,0.9912183787865586,0.0006950590351143,15.333333333333334,2,Red Bull Racing,-0.0014433617743441,0.0,1.0,1.0,1,Frontrunner,1.0,High-Speed,train
2024,5,Shanghai,ALB,1.007055682147857,0.0082851629253594,0.9936118614325992,1.0060885738967928,1.0103597263592028,1.0064744433869195,0.0006903119751362,14.0,2,Williams,-0.0024017720418476,2.0,14.0,12.0,0,Aggressive,1.0,High-Speed,train
2024,5,Shanghai,ALO,0.9940042674150594,0.0131195507732225,0.9642343106133796,0.9920890410958906,0.9952051387883196,0.994245798988062,0.0009708428922628,10.25,3,Aston Martin,-0.0026371779902562,-4.0,3.0,7.0,1,Frontrunner,1.0,High-Speed,train
2024,5,Shanghai,GAS,1.00087171474201,0.0124005303249264,0.9779175456929357,0.9993243243243242,1.000747929691336,1.0030305968787077,0.0002281203644532,10.0,3,Alpine,-0.0020403208997474,2.0,15.0,13.0,0,Aggressive,1.0,High-Speed,train
2024,5,Shanghai,HAM,1.004438554538123,0.009281912521758,0.9940554821664463,1.0043237954196855,1.0070335161657868,1.0038233875278686,0.0008374606240297,14.0,2,Mercedes,0.0029216194489793,9.0,18.0,9.0,0,Aggressive,1.0,High-Speed,train
2024,5,Shanghai,HUL,1.0041036091480695,0.0077418379766092,0.9938583173958476,1.000905308439555,1.01049221364432,1.0027439514639478,0.000966793546103,14.0,2,Haas F1 Team,-0.0035710295474882,-1.0,9.0,10.0,0,Aggressive,1.0,High-Speed,train
2024,5,Shanghai,LEC,0.9954766368708874,0.0108530711016157,0.9797511780595044,0.9973132846420518,0.9983648801854426,0.993444414944369,0.0001582343072607,22.0,1,Ferrari,-0.0011033385372885,2.0,6.0,4.0,2,Tyre Manager,1.0,High-Speed,train
2024,5,Shanghai,MAG,1.011245668243046,0.0114635582927066,0.9964411758906918,1.0084492515999364,1.016593642792458,1.0103717127993843,0.0002225667971492,14.0,2,Haas F1 Team,0.003571029547488,1.0,17.0,16.0,0,Aggressive,1.0,High-Speed,train
2024,5,Shanghai,NOR,0.9930427124614708,0.0127547023891803,0.9735109130700528,0.9941780821917808,0.9933379158347244,0.9919397036901828,0.0002125948809844,22.5,1,McLaren,-0.0048710626462782,2.0,4.0,2.0,1,Frontrunner,1.0,High-Speed,train
2024,5,Shanghai,OCO,1.0049523565415046,0.0074135993090402,0.9950610224965004,1.004377567391266,1.00395669380318,1.0071241693720474,0.0009775513913016,14.0,2,Alpine,0.0020403208997472,2.0,13.0,11.0,0,Aggressive,1.0,High-Speed,train
2024,5,Shanghai,PER,0.9909560978249058,0.0098603435413175,0.979790611013624,0.9900839195359744,0.9920346686782984,0.9905645960636824,4.995307012303351e-05,14.333333333333334,2,Red Bull Racing,0.0034607575620714,-1.0,2.0,3.0,1,Frontrunner,1.0,High-Speed,train
2024,5,Shanghai,PIA,1.0027848377540274,0.0096459462787863,0.9832508527376328,1.005229103859241,1.0021869645343318,1.0013249467792702,0.0013718464740763,14.333333333333334,2,McLaren,0.0048710626462782,-3.0,5.0,8.0,0,Aggressive,1.0,High-Speed,train
2024,5,Shanghai,RUS,0.9985953156401642,0.0113010616825273,0.9869279757093002,0.9988161351175052,0.9971873184983095,0.9987848906189308,0.0003579514045019,14.333333333333334,2,Mercedes,-0.0029216194489792,2.0,8.0,6.0,0,Aggressive,1.0,High-Speed,train
2024,5,Shanghai,SAI,0.9976833139454644,0.0110790493951947,0.9834973087008811,0.9998854039949928,0.9984124905895064,0.996933358540094,0.0003031621484828,21.0,1,Ferrari,0.0011033385372883,2.0,7.0,5.0,2,Tyre Manager,1.0,High-Speed,train
2024,5,Shanghai,SAR,1.011859226231552,0.0081105435310233,0.9956820915238864,1.011315033232841,1.014620361581181,1.0114011699413727,0.000951057109893,14.0,2,Williams,0.0024017720418476,3.0,20.0,17.0,0,Aggressive,1.0,High-Speed,train
2024,5,Shanghai,STR,0.9992786233955716,0.010705460916272,0.9803426723713008,0.9992012217697148,0.9980336159209192,1.00131137628913,0.0027227242193462,10.0,3,Aston Martin,0.002637177990256,-4.0,11.0,15.0,0,Aggressive,1.0,High-Speed,train
2024,5,Shanghai,VER,0.984034582700763,0.0088987103257562,0.9701098207772236,0.9866078885511828,0.9797201996066192,0.985553029611622,0.0008272294816784,14.666666666666666,2,Red Bull Racing,-0.0034607575620713,0.0,1.0,1.0,1,Frontrunner,1.0,High-Speed,train
2024,5,Shanghai,ZHO,1.0033379995662377,0.0146343085225896,0.9723476409235198,1.0063272861903,1.0032813983175672,1.0026569772748013,0.0004596040965547,10.0,3,Kick Sauber,0.0,2.0,16.0,14.0,0,Aggressive,1.0,High-Speed,train
2024,6,Miami,ALB,1.00474949610083,0.0092606259108793,0.9769024807251848,1.016135437129037,0.9992933592685516,0.9994404599710376,0.0004753685520132,15.0,2,Williams,0.0,-4.0,14.0,18.0,0,Aggressive,1.0,High-Speed,train
2024,6,Miami,ALO,1.0040236101537618,0.0113424688726373,0.9863436454939408,1.0020490928771228,1.0066477694734193,1.003921256942663,-0.0003006348667769,24.5,1,Aston Martin,0.0006252355261358,6.0,15.0,9.0,2,Tyre Manager,1.0,High-Speed,train
2024,6,Miami,BOT,1.005778188185282,0.0096782952288237,0.990333021495317,1.0070225534925965,1.0074998355556808,1.0029947816251512,-0.0001999883800934,16.0,2,Kick Sauber,-0.0003839981049786,0.0,16.0,16.0,0,Aggressive,1.0,High-Speed,train
2024,6,Miami,GAS,1.0035603985395092,0.0080707917603516,0.989870640988419,1.0049001829563424,1.003640167439305,1.0029042627028677,5.011331467496031e-05,23.5,1,Alpine,-6.076421974121615e-05,0.0,12.0,12.0,2,Tyre Manager,1.0,High-Speed,train
2024,6,Miami,HAM,0.9972837385435372,0.0125819121026741,0.9810316461821348,0.992430903195826,0.9998414286922448,1.0007679751163208,-0.0005846055412754,24.0,1,Mercedes,-0.0019603006907032,2.0,8.0,6.0,2,Tyre Manager,1.0,High-Speed,train
2024,6,Miami,HUL,1.0026093269080516,0.0097284902248839,0.9886447949933868,1.0056551980768689,1.0051756475257478,0.9964746845101063,0.0006854218297432,15.666666666666666,2,Haas F1 Team,-0.0008258639077303,-2.0,9.0,11.0,0,Aggressive,1.0,High-Speed,train
2024,6,Miami,LEC,0.9926690634962332,0.0101124406557385,0.979429443960558,0.9840188887480726,0.9945540644019568,0.9991493319777204,-0.0005660242225578,24.5,1,Ferrari,-0.0005732179642398,-1.0,2.0,3.0,2,Tyre Manager,1.0,High-Speed,train
2024,6,Miami,MAG,1.004261054723512,0.0124545899389781,0.9868490381410152,1.008945140694894,1.0024053936969597,1.0021829353319178,0.0005519517132795,16.333333333333332,2,Haas F1 Team,0.00082586390773,-1.0,18.0,19.0,0,Aggressive,1.0,High-Speed,train
2024,6,Miami,NOR,0.9906753981311224,0.011102222435155,0.9783111283159672,0.9830194537735252,0.99339892312463,0.9973370864502196,-0.000348052393018,25.0,1,McLaren,-0.0023276602112612,4.0,5.0,1.0,1,Frontrunner,1.0,High-Speed,train
2024,6,Miami,OCO,1.0036819269789918,0.0099053932004826,0.9896770863576244,1.0035899538194342,1.0048291974867922,1.0033082408563023,-0.0003585505253758,24.5,1,Alpine,6.07642197414382e-05,3.0,13.0,10.0,2,Tyre Manager,1.0,High-Speed,train
2024,6,Miami,PER,0.9938060230265948,0.0097412497586155,0.9769669989354496,0.9918155012693688,0.9943781035741298,0.9965189868225232,-0.0004929394611664,15.666666666666666,2,Red Bull Racing,0.0009689491241879,0.0,4.0,4.0,1,Frontrunner,1.0,High-Speed,train
2024,6,Miami,PIA,0.9953307185536452,0.010799112425969,0.9745905781906944,0.9909917258432238,0.9954049558819384,0.9985146590061952,-4.370515306594476e-05,16.0,2,McLaren,0.0023276602112612,-7.0,6.0,13.0,1,Frontrunner,1.0,High-Speed,train
2024,6,Miami,RIC,1.0073103082324577,0.0099066694937493,0.9905910943363764,1.0136129859078795,1.0049126182201238,1.004007031979137,-0.0005194763831566,24.5,1,RB,0.0033195058080652,5.0,20.0,15.0,2,Tyre Manager,1.0,High-Speed,train
2024,6,Miami,RUS,1.0012043399249435,0.0095496617062101,0.988429734292504,0.997759897102225,1.003928669752422,1.0027508454357952,-0.0002327657749569,23.5,1,Mercedes,0.0019603006907031,-1.0,7.0,8.0,2,Tyre Manager,1.0,High-Speed,train
2024,6,Miami,SAI,0.9938154994247128,0.0117681323182517,0.9777519704936718,0.9878004937479714,0.9943500690666142,0.9979262743888332,-0.0006259006751078,25.0,1,Ferrari,0.0005732179642398,-2.0,3.0,5.0,2,Tyre Manager,1.0,High-Speed,train
2024,6,Miami,STR,1.0027731391014902,0.0090072112140715,0.984848973622805,1.0096062191674071,1.0038560943264612,0.9940585676570148,-0.0002583854008306,15.666666666666666,2,Aston Martin,-0.0006252355261358,-6.0,11.0,17.0,0,Aggressive,1.0,High-Speed,train
2024,6,Miami,TSU,1.0006712966163271,0.0114955227553431,0.9858597589169544,0.9978170597812662,1.0014285081438772,1.0041895990292469,-0.0004718984534624,24.5,1,RB,-0.0033195058080652,3.0,10.0,7.0,2,Tyre Manager,1.0,High-Speed,train
2024,6,Miami,VER,0.9918681247782188,0.0087451834887448,0.9813327311633708,0.9860895755552078,0.9908025822456517,0.9998758386673864,-0.0003019007135849,25.0,1,Red Bull Racing,-0.0009689491241881,-1.0,1.0,2.0,2,Tyre Manager,1.0,High-Speed,train
2024,6,Miami,ZHO,1.0065461843952397,0.0089875678526562,0.989182446745594,1.009668045660695,1.0077276364835113,1.0022175601172836,-0.0004198897357825,24.5,1,Kick Sauber,0.0003839981049786,5.0,19.0,14.0,2,Tyre Manager,1.0,High-Speed,train
2024,7,Imola,ALB,1.0013190075346965,0.0092695606336233,0.9915090886909844,0.9993333112636372,1.0041826077534113,1.0011971462528109,-0.005421491098873,10.5,3,Williams,-0.0045687422011024,-6.0,14.0,20.0,0,Aggressive,0.0,High-Degradation,train
2024,7,Imola,ALO,1.0038941076003416,0.0132854118621473,0.9638160302549714,1.0037315843433563,1.004628677816145,1.0042699423838912,-0.0004745069244284,13.75,3,Aston Martin,0.0013974624862755,1.0,20.0,19.0,0,Aggressive,0.0,High-Degradation,train
2024,7,Imola,BOT,1.0124044968911736,0.0121173569135989,0.9937172136147372,1.0163364379286055,1.0125731679458383,1.0095197925107018,-0.0007925276572342,29.5,1,Kick Sauber,0.0013869274207389,-2.0,16.0,18.0,2,Tyre Manager,0.0,High-Degradation,train
2024,7,Imola,GAS,1.0056563269831282,0.0082446668375178,0.9926924484567524,1.0066904090134188,1.0031550081224414,1.0082696007281535,-0.0001200227031233,19.0,2,Alpine,-0.0022971097067743,-1.0,15.0,16.0,0,Aggressive,0.0,High-Degradation,train
2024,7,Imola,HAM,0.9919457924871232,0.0072711693967738,0.9800048798340856,0.9911876451596856,0.9949143642065228,0.9905492719251836,0.000101017112002,29.5,1,Mercedes,0.001153197699519,2.0,8.0,6.0,2,Tyre Manager,0.0,High-Degradation,train
2024,7,Imola,HUL,1.007281704964404,0.0067709229348814,0.9967061119921924,1.0088522860277502,1.0065013780643015,1.0076026377681333,0.0004137920413812,29.5,1,Haas F1 Team,0.0005501185841036,-1.0,10.0,11.0,2,Tyre Manager,0.0,High-Degradation,train
2024,7,Imola,LEC,0.9883941945973838,0.0083259810231938,0.975173844089301,0.989167825325712,0.9891825660773672,0.9858467440354136,9.48880465917878e-05,30.5,1,Ferrari,-0.0014959491377292,0.0,3.0,3.0,1,Frontrunner,0.0,High-Degradation,train
2024,7,Imola,MAG,1.0061814677961969,0.0106074036342892,0.9882761986092472,1.0048081077330344,1.010403866293645,1.0040754183639868,-2.3892213849113664e-05,29.5,1,Haas F1 Team,-0.0005501185841036,6.0,18.0,12.0,2,Tyre Manager,0.0,High-Degradation,train
2024,7,Imola,NOR,0.987001841937374,0.0073299765826843,0.975893619616933,0.9823819455172768,0.9903871813781052,0.9869584873610768,2.247845139504119e-05,30.5,1,McLaren,-0.001472249943502,0.0,2.0,2.0,1,Frontrunner,0.0,High-Degradation,train
2024,7,Imola,OCO,1.0102505463966769,0.0090439728241591,0.9918750762474076,1.010549688798582,1.0111289446905214,1.010048258774575,0.0003919670144057,29.5,1,Alpine,0.0022971097067743,-2.0,12.0,14.0,2,Tyre Manager,0.0,High-Degradation,train
2024,7,Imola,PER,0.9952138339160874,0.0128846340626738,0.9721361473709896,0.9988138473502712,0.9910884186230038,0.9970875774045832,7.770444575790276e-05,29.5,1,Red Bull Racing,0.0040798968767263,3.0,11.0,8.0,2,Tyre Manager,0.0,High-Degradation,train
2024,7,Imola,PIA,0.989946341824378,0.0096333290872917,0.974832255703306,0.9834453370410424,0.9934489358466312,0.9908722532961638,-1.8866748600431063e-05,30.5,1,McLaren,0.001472249943502,1.0,5.0,4.0,1,Frontrunner,0.0,High-Degradation,train
2024,7,Imola,RIC,1.007333398122091,0.0091320074113711,0.9951079663291448,1.007198742102135,1.0088184248235514,1.0069064435885389,0.0001079705030725,29.5,1,RB,0.0007450017885834,-4.0,9.0,13.0,2,Tyre Manager,0.0,High-Degradation,train
2024,7,Imola,RUS,0.9896393970880852,0.0089208063515181,0.9587532023911188,0.9924587277657324,0.986034271504192,0.9917023588184078,0.0010217862065169,19.33333333333333,2,Mercedes,-0.001153197699519,-1.0,6.0,7.0,1,Frontrunner,0.0,High-Degradation,train
2024,7,Imola,SAI,0.9913860928728422,0.0086476130518872,0.9786507258753202,0.9920541737473608,0.993416797467955,0.987409983979922,2.776931570105605e-05,30.5,1,Ferrari,0.0014959491377292,-1.0,4.0,5.0,2,Tyre Manager,0.0,High-Degradation,train
2024,7,Imola,SAR,1.0104564919369012,0.0109250066182803,0.99096010735635,1.0101543045820056,1.0133498681271085,1.0087267847915178,0.0003355027451393,29.5,1,Williams,0.0045687422011024,2.0,19.0,17.0,2,Tyre Manager,0.0,High-Degradation,train
2024,7,Imola,STR,1.0010991826277906,0.0111402626138002,0.982920580700256,1.0018596477676502,0.9988068148666784,1.0037485750321375,0.0002134585161661,30.0,1,Aston Martin,-0.0013974624862753,4.0,13.0,9.0,2,Tyre Manager,0.0,High-Degradation,train
2024,7,Imola,TSU,1.0058433945449243,0.0087073121031194,0.987385628888618,1.006274433304443,1.0048488876098818,1.0074589590756218,0.0003042580513301,29.5,1,RB,-0.0007450017885832,-3.0,7.0,10.0,2,Tyre Manager,0.0,High-Degradation,train
2024,7,Imola,VER,0.9870540401626344,0.0053041918037997,0.9804318653165792,0.9883129924300944,0.9858028712197948,0.986740790840762,0.0001921045560525,30.5,1,Red Bull Racing,-0.0040798968767264,0.0,1.0,1.0,1,Frontrunner,0.0,High-Degradation,train
2024,7,Imola,ZHO,1.0096306420496957,0.0097511455647807,0.988361595705746,1.0103369406688016,1.0114309617969128,1.0080860888193313,0.0003220167641001,29.5,1,Kick Sauber,-0.0013869274207389,2.0,17.0,15.0,2,Tyre Manager,0.0,High-Degradation,train
2024,8,Monaco,ALB,1.007747375812022,0.0188399796702997,0.969942603967375,1.0139860410711656,1.0080249636515073,1.000977370504763,-0.0006089798208154,74.0,0,Williams,-0.0012715856079963,0.0,9.0,9.0,2,Tyre Manager,0.0,High-Degradation,train
2024,8,Monaco,ALO,1.0125456402602615,0.0182512643315373,0.9810064444668212,1.0102389636836453,1.0141682197076114,1.011831132898937,-0.0006656416904681,73.0,0,Aston Martin,0.003923639771161,3.0,14.0,11.0,2,Tyre Manager,0.0,High-Degradation,train
2024,8,Monaco,BOT,1.0094798475679372,0.0213688595859759,0.9636617661866884,1.00809115705026,1.0120057832229068,1.0062795772992053,-0.0017377302538797,35.5,1,Kick Sauber,-0.0036837807633232,4.0,17.0,13.0,2,Tyre Manager,0.0,High-Degradation,train
2024,8,Monaco,GAS,1.0086850960818838,0.0189996534457164,0.951880475279428,1.0066767111049135,1.006744422936842,1.013919586174465,-0.0006714335206892,74.0,0,Alpine,0.0,0.0,10.0,10.0,2,Tyre Manager,0.0,High-Degradation,train
2024,8,Monaco,HAM,0.9848566409596078,0.0293088224706411,0.933503675359984,0.9911326006980842,0.9816359956402082,0.984181351439274,-0.0007419015097051,36.5,1,Mercedes,-0.0021696853657939,0.0,7.0,7.0,1,Frontrunner,0.0,High-Degradation,train
2024,8,Monaco,LEC,0.9873003659460808,0.0213790601915012,0.9460527640720976,0.9815742961588548,0.9893968956806276,0.9891253233011992,-0.0008506450833375,76.0,0,Ferrari,-0.0005288960935719,0.0,1.0,1.0,2,Tyre Manager,0.0,High-Degradation,train
2024,8,Monaco,NOR,0.9884810455299464,0.0212918107363462,0.9533531366428356,0.9827936673153218,0.99227169717486,0.9872999863873178,-0.0008495192356996,76.0,0,McLaren,5.473623263696492e-05,0.0,4.0,4.0,2,Tyre Manager,0.0,High-Degradation,train
2024,8,Monaco,PIA,0.9883715730646726,0.020003322835523,0.9601374483939182,0.9807031371779982,0.9923486976326245,0.9888140878884256,-0.0008045667188357,76.0,0,McLaren,-5.473623263696492e-05,0.0,2.0,2.0,2,Tyre Manager,0.0,High-Degradation,train
2024,8,Monaco,RIC,1.012542536653595,0.0195210343490695,0.9713523310844828,1.012128136570121,1.0118813148213794,1.0139659676167347,-0.0006727572291263,73.0,0,RB,0.0035974133218579,0.0,12.0,12.0,2,Tyre Manager,0.0,High-Degradation,train
2024,8,Monaco,RUS,0.9891960116911956,0.0265308135217383,0.9468834961232504,0.9975034318384096,0.9863748043199376,0.98582053534966,-0.0011061944298778,76.0,0,Mercedes,0.0021696853657938,0.0,5.0,5.0,2,Tyre Manager,0.0,High-Degradation,train
2024,8,Monaco,SAI,0.9883581581332246,0.0221456784362708,0.940564897794784,0.9832311324312502,0.991805809084076,0.9872263541524868,-0.0008394494121537,76.0,0,Ferrari,0.0005288960935718,0.0,3.0,3.0,2,Tyre Manager,0.0,High-Degradation,train
2024,8,Monaco,SAR,1.0102905470280146,0.0278784262224554,0.9506217903534387,1.007077239398943,1.0099391581962516,1.013926871835291,0.0001307625913211,35.5,1,Williams,0.0012715856079963,0.0,15.0,15.0,2,Tyre Manager,0.0,High-Degradation,train
2024,8,Monaco,STR,1.0046983607179394,0.021156494939436,0.9655372067264124,0.9999383846817396,1.005235007321852,1.0083024088708057,-0.0010504696568139,23.0,2,Aston Martin,-0.0039236397711612,-1.0,13.0,14.0,0,Aggressive,0.0,High-Degradation,train
2024,8,Monaco,TSU,1.005347710009879,0.0239517481756703,0.9404893766992248,1.003805396109781,1.004982863245507,1.007363323822294,-0.0007689242369908,74.0,0,RB,-0.0035974133218579,0.0,8.0,8.0,2,Tyre Manager,0.0,High-Degradation,train
2024,8,Monaco,VER,0.9866033400735346,0.029959183099336,0.9385887624609808,0.9859448872776474,0.9887359575832676,0.983376440159887,-0.0005488110308064,37.0,1,Red Bull Racing,0.0,0.0,6.0,6.0,1,Frontrunner,0.0,High-Degradation,train
2024,8,Monaco,ZHO,1.0168474090945838,0.0211014067213406,0.940464203000705,1.016787166103528,1.0139786426062007,1.0217887621993422,-0.0048052783940953,35.5,1,Kick Sauber,0.0036837807633234,2.0,18.0,16.0,2,Tyre Manager,0.0,High-Degradation,train
2024,9,Montréal,ALB,1.0220078954953202,0.0591625908586303,0.9132588769398076,1.026690638517543,1.0207091439402125,1.0190819818479393,-0.0063425921433911,14.666666666666666,2,Williams,0.0,-7.0,10.0,17.0,3,Backmarker,0.0,High-Degradation,train
2024,9,Montréal,ALO,0.9880605087661758,0.0701586178409194,0.8780906020380567,0.9808973677585388,0.9838950703971768,0.9965194380087996,-0.0055377676428525,18.666666666666668,2,Aston Martin,-0.0032214021442587,0.0,6.0,6.0,1,Frontrunner,0.0,High-Degradation,train
2024,9,Montréal,BOT,1.0012569812676837,0.0722849989789123,0.8889886243979906,0.9987105042989122,0.9997728172946924,1.0039864197697852,-0.0028183752707722,27.5,1,Kick Sauber,-0.0066457016736947,6.0,19.0,13.0,1,Frontrunner,0.0,High-Degradation,train
2024,9,Montréal,GAS,0.9953388719420724,0.0756249800376944,0.8862612418221678,0.9972069148787378,0.9905695561145492,0.997431292112143,-0.0057315821373614,18.666666666666668,2,Alpine,-0.0009775586884559,6.0,15.0,9.0,1,Frontrunner,0.0,High-Degradation,train
2024,9,Montréal,HAM,0.9794079486172348,0.0750465729376838,0.8614386079991714,0.9733698844722928,0.9754394809175544,0.9868529380287496,-0.0072042701000839,14.25,3,Mercedes,-0.0007981033711906,3.0,7.0,4.0,1,Frontrunner,0.0,High-Degradation,train
2024,9,Montréal,HUL,0.9942437484454776,0.073044232026989,0.8824636205140599,0.9949577161941988,0.9904325334626932,0.9964218038083954,-0.0041246722730109,13.25,3,Haas F1 Team,0.0013168392417876,6.0,17.0,11.0,1,Frontrunner,0.0,High-Degradation,train
2024,9,Montréal,MAG,0.9916100699619024,0.0656501369056625,0.8803461589362056,0.9865239431716816,0.9890226548611196,0.9971851631426096,-0.0060593142770012,10.8,4,Haas F1 Team,-0.0013168392417877,2.0,14.0,12.0,1,Frontrunner,0.0,High-Degradation,train
2024,9,Montréal,NOR,0.9795265751150248,0.0758935293096796,0.8695171842364192,0.9644904310904536,0.9771083454707776,0.986580917248562,-0.0048815093070339,19.33333333333333,2,McLaren,-0.0013179571337047,1.0,3.0,2.0,1,Frontrunner,0.0,High-Degradation,train
2024,9,Montréal,OCO,0.9972939893189844,0.0734803201643946,0.8862497338788098,0.9905815547288036,0.9977796725258106,1.0015627989032243,-0.0027454607721814,28.0,1,Alpine,0.000977558688456,8.0,18.0,10.0,1,Frontrunner,0.0,High-Degradation,train
2024,9,Montréal,PER,1.0261512660276546,0.0609766129754703,0.9070445875265402,1.0345790775087544,1.0281429599054728,1.0176586402217276,-0.0089458879361109,14.333333333333334,2,Red Bull Racing,0.023642206763772,-2.0,16.0,18.0,3,Backmarker,0.0,High-Degradation,train
2024,9,Montréal,PIA,0.9821624893824342,0.0772786255736475,0.8774461572100142,0.972120824874012,0.980673836140156,0.9841679963470132,-0.0054026663116337,19.33333333333333,2,McLaren,0.0013179571337046,-1.0,4.0,5.0,1,Frontrunner,0.0,High-Degradation,train
2024,9,Montréal,RIC,0.9948744442279852,0.07297212654614,0.8869862422537155,0.9914207390416516,0.9901978940004218,1.000934172210768,-0.0056990046765704,18.666666666666668,2,RB,-0.0034378953286793,-3.0,5.0,8.0,1,Frontrunner,0.0,High-Degradation,train
2024,9,Montréal,RUS,0.9810041553596162,0.073164854184911,0.8618874177901296,0.9738865471884136,0.9734149615264746,0.9873669250778568,-0.0054917679074584,14.5,3,Mercedes,0.0007981033711906,-2.0,1.0,3.0,1,Frontrunner,0.0,High-Degradation,train
2024,9,Montréal,SAI,1.0221977765607255,0.0601330341266227,0.9086326837099308,1.0333107855528063,1.019011820702433,1.0159452732953698,-0.0067570523893,14.666666666666666,2,Ferrari,0.0,-4.0,12.0,16.0,3,Backmarker,0.0,High-Degradation,train
2024,9,Montréal,STR,0.9945033130546932,0.0728256032531358,0.8833727480393341,0.9898137010825476,0.9914395541083454,1.000169511339724,-0.0051836946404065,18.666666666666668,2,Aston Martin,0.0032214021442587,2.0,9.0,7.0,1,Frontrunner,0.0,High-Degradation,train
2024,9,Montréal,TSU,1.001750234885344,0.0723280869387102,0.8896675930561069,0.9918801924529358,1.0078672767583865,1.0037627266350668,-0.0022056110530148,28.0,1,RB,0.0034378953286793,-6.0,8.0,14.0,1,Frontrunner,0.0,High-Degradation,train
2024,9,Montréal,VER,0.9788668525001104,0.0751704443935148,0.8696437716133562,0.961112885994112,0.9778806718494484,0.9871370742243816,-0.0044651313697425,19.33333333333333,2,Red Bull Racing,-0.023642206763772,1.0,2.0,1.0,1,Frontrunner,0.0,High-Degradation,train
2024,9,Montréal,ZHO,1.014548384615073,0.0731770803195129,0.8898517201498334,1.0165176337488848,1.0117108574492175,1.014959193682598,-0.0123110438018803,13.5,3,Kick Sauber,0.0066457016736947,5.0,20.0,15.0,3,Backmarker,0.0,High-Degradation,train
2024,10,Barcelona,ALB,1.0093311357288288,0.0145060392094085,0.9808313243305218,1.0129200919624162,1.008185584386412,1.010530740686262,0.0003714161137577,19.666666666666668,2,Williams,-0.0038571173321015,2.0,20.0,18.0,0,Aggressive,1.0,High-Speed,train
2024,10,Barcelona,ALO,1.002779964096176,0.0159769705964864,0.9709402133158151,1.002686385055537,1.0050285456576775,1.0030189610496445,0.0001837754820847,20.0,2,Aston Martin,-0.0009842564417201,-2.0,10.0,12.0,0,Aggressive,1.0,High-Speed,train
2024,10,Barcelona,BOT,1.0109647138539597,0.0123319118471827,0.9867312852866624,1.011939722876697,1.0119133277984482,1.0119236622383088,0.0008497011831233,20.0,2,Kick Sauber,0.0042228309483525,-4.0,12.0,16.0,0,Aggressive,1.0,High-Speed,train
2024,10,Barcelona,GAS,0.996539696063418,0.0110923463380693,0.9797529701221516,0.9996385828031628,0.9950604426597492,0.9986244962386042,0.0007164416005627,20.33333333333333,2,Alpine,-0.001222622436737,-2.0,7.0,9.0,0,Aggressive,1.0,High-Speed,train
2024,10,Barcelona,HAM,0.9904657414624792,0.0148168309821613,0.9644329034377188,0.9869807041841628,0.9919863195096764,0.9919145870455603,0.0002196619068497,20.666666666666668,2,Mercedes,0.0001155522307078,0.0,3.0,3.0,1,Frontrunner,1.0,High-Speed,train
2024,10,Barcelona,HUL,0.9986214256403452,0.0125438247504233,0.974348804204342,1.0007352494882222,1.00081208560824,0.99676689189417,0.0001529866644569,20.33333333333333,2,Haas F1 Team,-0.0052535969608307,2.0,13.0,11.0,0,Aggressive,1.0,High-Speed,train
2024,10,Barcelona,LEC,0.9911622535243932,0.0169428258462972,0.9655236525220474,0.9867289536558316,0.9932212535622142,0.992658912064832,0.0002974932522953,20.666666666666668,2,Ferrari,-0.0001482796847848,0.0,5.0,5.0,1,Frontrunner,1.0,High-Speed,train
2024,10,Barcelona,MAG,1.0091286195620064,0.0104492694377534,0.9891730758504436,1.0070269550095368,1.0109764972376822,1.01188664500473,0.0001167349070555,20.0,2,Haas F1 Team,0.0052535969608304,-1.0,16.0,17.0,0,Aggressive,1.0,High-Speed,train
2024,10,Barcelona,NOR,0.9874869728854092,0.0170356411850216,0.9558308595226732,0.9861599284890554,0.988763092036808,0.9872900864133488,0.0001204582094763,20.666666666666668,2,McLaren,-0.0019348165402849,-1.0,1.0,2.0,1,Frontrunner,1.0,High-Speed,train
2024,10,Barcelona,OCO,0.9989849409368922,0.012387862663545,0.97897209293678,1.0001048385761817,0.9985320960327778,1.0016391419823305,0.0005049587691424,20.33333333333333,2,Alpine,0.0012226224367372,-2.0,8.0,10.0,0,Aggressive,1.0,High-Speed,train
2024,10,Barcelona,PER,0.9924888102106048,0.0149871224166339,0.9641354264147202,0.99585256348088,0.9923246465517196,0.9925428748099469,0.0005657096783997,14.75,3,Red Bull Racing,0.0027270251901593,3.0,11.0,8.0,1,Frontrunner,1.0,High-Speed,train
2024,10,Barcelona,PIA,0.9913566059659789,0.016051465052938,0.9652385703750068,0.995874739972742,0.9907474665802324,0.990873802249758,0.0002718452744347,20.33333333333333,2,McLaren,0.0019348165402848,2.0,9.0,7.0,1,Frontrunner,1.0,High-Speed,train
2024,10,Barcelona,RIC,1.0081159581962151,0.0128181895197987,0.9847728948852544,1.0080114720071804,1.0090961737543944,1.0100789700983013,-0.0006497788225154,20.0,2,RB,0.0001265595193753,3.0,18.0,15.0,0,Aggressive,1.0,High-Speed,train
2024,10,Barcelona,RUS,0.9902346370010636,0.0124504695222151,0.9703948387736512,0.9903900270924952,0.991575666740399,0.9891469186138306,0.0003596708096375,20.666666666666668,2,Mercedes,-0.0001155522307076,0.0,4.0,4.0,1,Frontrunner,1.0,High-Speed,train
2024,10,Barcelona,SAI,0.9914588128939628,0.0108998597796392,0.9734811628872624,0.9897844463695504,0.995334666477802,0.9910309063558388,0.0004874719542054,20.33333333333333,2,Ferrari,0.0001482796847848,0.0,6.0,6.0,1,Frontrunner,1.0,High-Speed,train
2024,10,Barcelona,SAR,1.0170453703930322,0.0131548065457609,0.9937219953271316,1.017665826149958,1.0151203472697434,1.022213825762461,0.0006470430924476,19.666666666666668,2,Williams,0.0038571173321018,-1.0,19.0,20.0,0,Aggressive,1.0,High-Speed,train
2024,10,Barcelona,STR,1.004748476979617,0.0125597253092182,0.9831367712587616,1.0084167788623355,1.0055507723214745,1.003250661511674,3.162168793648763e-05,20.0,2,Aston Martin,0.0009842564417203,0.0,14.0,14.0,0,Aggressive,1.0,High-Speed,train
2024,10,Barcelona,TSU,1.0078628391574649,0.0163356511612665,0.9847357102573796,1.0047085910932114,1.0101897023567796,1.0110051809944165,0.00110282942866,14.5,3,RB,-0.0001265595193751,-2.0,17.0,19.0,0,Aggressive,1.0,High-Speed,train
2024,10,Barcelona,VER,0.9870347598302862,0.0142733938667592,0.9640238725310956,0.9928875302790362,0.9858007381830698,0.9834988052323,0.000328697590119,20.666666666666668,2,Red Bull Racing,-0.0027270251901592,1.0,2.0,1.0,1,Frontrunner,1.0,High-Speed,train
2024,10,Barcelona,ZHO,1.0025190519572544,0.014091928199526,0.9763567741095832,1.0026569336923594,1.0039671801810113,1.0036016397263468,0.0001907138864116,20.0,2,Kick Sauber,-0.0042228309483525,2.0,15.0,13.0,0,Aggressive,1.0,High-Speed,train
2024,11,Spielberg,ALB,1.0055414985094355,0.0085063027449096,0.9894535534493912,1.0028803594660332,1.006423722702118,1.0069100947471088,0.0003745158493302,21.33333333333333,2,Williams,-0.0037232535594824,1.0,16.0,15.0,0,Aggressive,1.0,High-Speed,train
2024,11,Spielberg,ALO,1.0052591613465705,0.0105613666403035,0.9519082037292236,0.99716251290083,1.00703699582139,1.0097640382795374,0.000364877749047,15.25,3,Aston Martin,-0.0002680555164946,-3.0,15.0,18.0,0,Aggressive,1.0,High-Speed,train
2024,11,Spielberg,BOT,1.0072394764040835,0.0083119076840146,0.9906488173917932,1.0089848831947508,1.0053150524401522,1.0091481468580188,0.0003251599657113,21.33333333333333,2,Kick Sauber,-0.0014839350964763,2.0,18.0,16.0,0,Aggressive,1.0,High-Speed,train
2024,11,Spielberg,GAS,1.0022023143771324,0.0095964401525082,0.9788367972551114,0.9975642548525632,1.0034757504241882,1.004613026655663,0.0008641781226241,21.666666666666668,2,Alpine,-0.00066112698787,3.0,13.0,10.0,0,Aggressive,1.0,High-Speed,train
2024,11,Spielberg,HAM,0.9941449644233202,0.0089356018123445,0.9781758866046066,0.997604856043894,0.9946408555034726,0.99105432283684,0.0006321482534875,21.33333333333333,2,Mercedes,0.0014758899709471,1.0,5.0,4.0,1,Frontrunner,1.0,High-Speed,train
2024,11,Spielberg,HUL,1.0001487488398908,0.0077330335064593,0.9873583260680034,0.999096739068952,1.000509018295264,1.0009666295109378,0.0010558578791782,21.33333333333333,2,Haas F1 Team,-0.0010544739513587,3.0,9.0,6.0,0,Aggressive,1.0,High-Speed,train
2024,11,Spielberg,LEC,0.992307671371818,0.0079219208204741,0.9784852490367578,0.9921694957932596,0.993781218440202,0.990722304374338,0.0007181364675438,15.5,3,Ferrari,0.0005595461269992,-5.0,6.0,11.0,1,Frontrunner,1.0,High-Speed,train
2024,11,Spielberg,MAG,1.0022576967426082,0.0072587824891494,0.9860927524819304,0.9976286511158392,1.003065731985418,1.00535042496865,0.0006586463570572,21.666666666666668,2,Haas F1 Team,0.0010544739513587,4.0,12.0,8.0,0,Aggressive,1.0,High-Speed,train
2024,11,Spielberg,NOR,0.9884260793006976,0.0123004056808838,0.9564361447816184,0.9923579700053248,0.9888774424840298,0.9825210634410456,0.0012183239564137,19.666666666666668,2,McLaren,-0.0012042859438757,-18.0,2.0,20.0,1,Frontrunner,1.0,High-Speed,train
2024,11,Spielberg,OCO,1.0035245683528722,0.0099432393105283,0.9793992744044772,1.0040604454655024,1.00612639903718,0.9997199029663848,0.00091183779691,21.666666666666668,2,Alpine,0.0006611269878697,-2.0,10.0,12.0,0,Aggressive,1.0,High-Speed,train
2024,11,Spielberg,PER,0.9999584632258928,0.0103192350558228,0.9800320611975138,1.000604802742933,1.0001507420730773,0.9996305863102576,0.0009173591515361,21.666666666666668,2,Red Bull Racing,0.0070301902849378,1.0,8.0,7.0,0,Aggressive,1.0,High-Speed,train
2024,11,Spielberg,PIA,0.9908346511884492,0.0116744236911146,0.9660123182495712,0.9978827552898486,0.9907618021998696,0.9856385962279788,0.0005766618188023,21.666666666666668,2,McLaren,0.0012042859438756,5.0,7.0,2.0,1,Frontrunner,1.0,High-Speed,train
2024,11,Spielberg,RIC,1.0021272453114285,0.0065527755739766,0.990325393030908,0.9964895334316684,1.0000359369102216,1.0103428687795415,0.0002295601268589,21.666666666666668,2,RB,-0.0017877629715883,2.0,11.0,9.0,0,Aggressive,1.0,High-Speed,train
2024,11,Spielberg,RUS,0.991193184481426,0.011533217940089,0.9725792389684168,0.9952024783859164,0.9927082130822704,0.9839667399929348,0.000495055746451,22.0,2,Mercedes,-0.0014758899709471,2.0,3.0,1.0,1,Frontrunner,1.0,High-Speed,train
2024,11,Spielberg,SAI,0.9911885791178194,0.0096542894392117,0.974238546559046,0.9972013732068036,0.988274196213118,0.9910519001225426,0.0006878526255913,21.666666666666668,2,Ferrari,-0.0005595461269993,1.0,4.0,3.0,1,Frontrunner,1.0,High-Speed,train
2024,11,Spielberg,SAR,1.0129880056284004,0.0138416148432017,0.9900441544562252,1.0110190877093106,1.0115323326575292,1.0172549407381104,0.000944867773222,20.666666666666668,2,Williams,0.0037232535594824,0.0,19.0,19.0,0,Aggressive,1.0,High-Speed,train
2024,11,Spielberg,STR,1.0057952723795596,0.0105552620020962,0.986345867199145,1.0012612067990272,1.0082873469515732,1.0063171996191538,0.0008521143185595,21.33333333333333,2,Aston Martin,0.0002680555164944,4.0,17.0,13.0,0,Aggressive,1.0,High-Speed,train
2024,11,Spielberg,TSU,1.0057027712546052,0.0100032812168863,0.9888067047276204,1.006131922054415,1.002494630567357,1.010593011239608,0.0006581796213502,21.33333333333333,2,RB,0.0017877629715883,0.0,14.0,14.0,0,Aggressive,1.0,High-Speed,train
2024,11,Spielberg,VER,0.9858980826560172,0.0126995709148458,0.952259751947577,0.994173878613044,0.9844707777446816,0.9798938158933632,-0.0011697916048004,16.0,3,Red Bull Racing,-0.0070301902849378,-4.0,1.0,5.0,1,Frontrunner,1.0,High-Speed,train
2024,11,Spielberg,ZHO,1.0102073465970365,0.012703270463532,0.9909441178952104,1.013957469221147,1.0112312828015988,1.0061040467004874,0.0005196674496115,20.33333333333333,2,Kick Sauber,0.0014839350964763,3.0,20.0,17.0,0,Aggressive,1.0,High-Speed,train
2024,12,Silverstone,ALB,1.023073970853554,0.0556022534244815,0.9654051843801448,1.0200632094605384,1.020239279398762,1.029697460037266,2.1874394164103444e-05,16.0,2,Williams,-0.0021311276224089,0.0,9.0,9.0,0,Aggressive,1.0,High-Speed,train
2024,12,Silverstone,ALO,1.022192063099222,0.0554275911289238,0.965319100857607,1.019611867075721,1.0194661803713527,1.0285386224706612,0.0002684052787891,16.0,2,Aston Martin,-0.0008590418186578,2.0,10.0,8.0,0,Aggressive,1.0,High-Speed,train
2024,12,Silverstone,BOT,1.0365200186544823,0.0514267871973407,0.9821807108346872,1.0307836908316832,1.0361555392516508,1.0417481987818693,0.0002082042720997,15.666666666666666,2,Kick Sauber,-0.0022172465507872,1.0,16.0,15.0,3,Backmarker,1.0,High-Speed,train
2024,12,Silverstone,HAM,1.010226229290636,0.0507832340901799,0.9623922610913238,1.014614810846999,1.004234637488948,1.0152520349122292,0.0007075360014574,16.0,2,Mercedes,-0.0030336147188474,1.0,2.0,1.0,0,Aggressive,1.0,High-Speed,train
2024,12,Silverstone,HUL,1.023429289559862,0.0540031731427513,0.9666749163375764,1.0199799730270904,1.022268457117595,1.0286464973358178,-0.0003939286836643,16.0,2,Haas F1 Team,-0.0010448835899699,0.0,6.0,6.0,0,Aggressive,1.0,High-Speed,train
2024,12,Silverstone,LEC,1.02478029307936,0.0589855817812887,0.9657279975896612,1.0236019538078458,1.0226457343778912,1.0287403271824134,0.0009483710135077,10.75,3,Ferrari,0.0030590903650353,-3.0,11.0,14.0,0,Aggressive,1.0,High-Speed,train
2024,12,Silverstone,MAG,1.0255190567398016,0.0551653107684205,0.9694403494991016,1.0208202304716385,1.0236124005305038,1.0318034716092968,0.0014364728851509,16.0,2,Haas F1 Team,0.0010448835899696,5.0,17.0,12.0,0,Aggressive,1.0,High-Speed,train
2024,12,Silverstone,NOR,1.012669297594324,0.049273153490919,0.9604984235954934,1.014769085271062,1.008665450928382,1.017005818704848,0.000419184002841,16.0,2,McLaren,0.0022175211753636,0.0,3.0,3.0,0,Aggressive,1.0,High-Speed,train
2024,12,Silverstone,OCO,1.0399261013951169,0.0533109640072326,0.9778550138271658,1.0336481969612037,1.03571807502842,1.051433428132457,0.0165801598789432,10.5,3,Alpine,0.0,2.0,18.0,16.0,0,Aggressive,1.0,High-Speed,train
2024,12,Silverstone,PER,1.033427721708526,0.0610404035225493,0.9652868195366552,1.028042426184173,1.0352642317894305,1.0405835803894057,0.0020139458026236,7.8,4,Red Bull Racing,0.0107949461522733,3.0,20.0,17.0,3,Backmarker,1.0,High-Speed,train
2024,12,Silverstone,PIA,1.0082342552435968,0.0515107252158137,0.9549675572724436,1.009286134802184,1.0032851741068909,1.014829142488717,0.0001408477696771,15.666666666666666,2,McLaren,-0.0022175211753636,1.0,5.0,4.0,0,Aggressive,1.0,High-Speed,train
2024,12,Silverstone,RIC,1.0315333558768374,0.052919916250056,0.9763485521827552,1.0249345842904056,1.0313465771206052,1.0380750283249764,0.0016118196250119,15.666666666666666,2,RB,0.0026863539415606,2.0,15.0,13.0,0,Aggressive,1.0,High-Speed,train
2024,12,Silverstone,RUS,1.016293458728331,0.0455745562606496,0.9824066800813488,1.0198135001601942,1.008133510167993,1.0248112189859762,0.0056497268825505,15.0,1,Mercedes,0.0030336147188476,-18.0,1.0,19.0,0,Aggressive,1.0,High-Speed,train
2024,12,Silverstone,SAI,1.0186621123492896,0.0528698253005742,0.9500715569281096,1.0186031435546636,1.0158026755852845,1.0233009708737864,-0.0011131726509471,11.5,3,Ferrari,-0.0030590903650351,2.0,7.0,5.0,0,Aggressive,1.0,High-Speed,train
2024,12,Silverstone,SAR,1.0273362260983718,0.0559173553645724,0.968138336220718,1.0265506283812558,1.024867374005305,1.031178287731686,0.0012632715765079,16.0,2,Williams,0.0021311276224089,1.0,12.0,11.0,0,Aggressive,1.0,High-Speed,train
2024,12,Silverstone,STR,1.0239101467365377,0.0564569717402408,0.9673313031969268,1.0205913302796563,1.0212218169761271,1.0318189990520088,-0.0003655404348376,16.0,2,Aston Martin,0.0008590418186578,1.0,8.0,7.0,0,Aggressive,1.0,High-Speed,train
2024,12,Silverstone,TSU,1.0261606479937158,0.0532890835157186,0.970903769382243,1.0210850084366585,1.0244733642793984,1.0338220391618451,0.0001581984431994,16.0,2,RB,-0.0026863539415609,3.0,13.0,10.0,0,Aggressive,1.0,High-Speed,train
2024,12,Silverstone,VER,1.0118378294039791,0.0515127309835968,0.957162687097156,1.0164359666064042,1.0040406719717063,1.0191919191919192,4.9371609097435255e-05,16.0,2,Red Bull Racing,-0.0107949461522733,2.0,4.0,2.0,0,Aggressive,1.0,High-Speed,train
2024,12,Silverstone,ZHO,1.040954511756057,0.0589910142390182,0.9793507150312588,1.0346809471784957,1.0396143644154254,1.0481544345622014,0.0056608901914121,7.8,4,Kick Sauber,0.0022172465507874,-4.0,14.0,18.0,3,Backmarker,1.0,High-Speed,train
2024,13,Budapest,ALB,1.0083770258094344,0.0116062365972131,0.99503254336151,1.008550564545545,1.0111073846280856,1.005204519301182,-0.0001973344014337,21.33333333333333,2,Williams,0.0006110186307348,-1.0,13.0,14.0,0,Aggressive,1.0,High-Speed,train
2024,13,Budapest,ALO,1.0022401432874588,0.0112323542824639,0.9847538204365196,1.0014518889605937,1.0051695254304025,1.0000260728914354,-0.0005149781875306,21.666666666666668,2,Aston Martin,0.0009063989632818,-4.0,7.0,11.0,0,Aggressive,1.0,High-Speed,train
2024,13,Budapest,BOT,1.0095831382114784,0.0123253621469905,0.9815409785533912,1.00630502453825,1.012679559151325,1.010303117480908,-0.0002069733371926,21.33333333333333,2,Kick Sauber,-0.0012891935589041,-4.0,12.0,16.0,0,Aggressive,1.0,High-Speed,train
2024,13,Budapest,HAM,0.9904481107340656,0.0092225652543235,0.9739653107920664,0.9969921513311106,0.9855247699547214,0.9889261026660338,0.0004130013539587,21.666666666666668,2,Mercedes,-0.0022642190824386,2.0,5.0,3.0,1,Frontrunner,1.0,High-Speed,train
2024,13,Budapest,HUL,1.0074417376021054,0.0137076748094409,0.98947231146783,1.0037662275756871,1.011047531577644,1.0080166596924365,0.0008257376104091,32.0,1,Haas F1 Team,-0.0007049982550768,-2.0,11.0,13.0,2,Tyre Manager,1.0,High-Speed,train
2024,13,Budapest,LEC,0.9910146214856408,0.0099370441575301,0.9743091204400764,0.9943551822385924,0.9838883843804176,0.9963269411830976,0.0006143896071969,21.666666666666668,2,Ferrari,-0.0002012699981851,2.0,6.0,4.0,1,Frontrunner,1.0,High-Speed,train
2024,13,Budapest,MAG,1.008851734112259,0.010784154946188,0.9905630179373792,1.0060545578667408,1.008400000524165,1.0134605964295262,-0.0005147708700263,21.0,2,Haas F1 Team,0.0007049982550766,0.0,15.0,15.0,0,Aggressive,1.0,High-Speed,train
2024,13,Budapest,NOR,0.9898554598373208,0.014927981315847,0.9687370330412928,0.9976487153129392,0.9806664014870076,0.9890441183463466,0.0001622740162124,22.0,2,McLaren,0.0004653285753239,-1.0,1.0,2.0,1,Frontrunner,1.0,High-Speed,train
2024,13,Budapest,OCO,1.0072932735168036,0.0118161104970865,0.9675277715207056,1.0011752701843957,1.0106594594887215,1.0112540066095124,0.0018690754716466,15.25,3,Alpine,0.0,1.0,19.0,18.0,0,Aggressive,1.0,High-Speed,train
2024,13,Budapest,PER,0.9936992550182984,0.0187470269295953,0.961434041897355,0.992543637017557,0.9964566994138528,0.9921623600795062,0.0001678761216892,21.666666666666668,2,Red Bull Racing,0.0002867360304912,9.0,16.0,7.0,1,Frontrunner,1.0,High-Speed,train
2024,13,Budapest,PIA,0.9889248026866728,0.0117979559465559,0.9687844550617076,0.9941465305924634,0.982282496391305,0.988949015206992,0.0002413371711195,22.0,2,McLaren,-0.0004653285753238,1.0,2.0,1.0,1,Frontrunner,1.0,High-Speed,train
2024,13,Budapest,RIC,1.0055211457752908,0.0138178199550685,0.9797389417776144,1.0021678217329308,1.0092493601915298,1.0055333978449628,-0.0005682046646043,21.33333333333333,2,RB,0.0007276191841008,-3.0,9.0,12.0,0,Aggressive,1.0,High-Speed,train
2024,13,Budapest,RUS,0.9949765488989428,0.0187844431164676,0.9520563373602532,0.996977867110838,0.9923685296788576,0.996255482147312,0.0007633807928882,21.666666666666668,2,Mercedes,0.0022642190824385,9.0,17.0,8.0,1,Frontrunner,1.0,High-Speed,train
2024,13,Budapest,SAI,0.991417161482011,0.0120616263165908,0.9655241911581642,0.9969574610818766,0.9866282252379832,0.9909919769528516,0.0004192493034796,21.666666666666668,2,Ferrari,0.0002012699981851,-2.0,4.0,6.0,1,Frontrunner,1.0,High-Speed,train
2024,13,Budapest,SAR,1.0071549885479647,0.0148267739103467,0.9550913466668248,1.0044434128063136,1.0090731631970984,1.0086518700498437,0.0001801216009594,15.5,3,Williams,-0.0006110186307348,-3.0,14.0,17.0,0,Aggressive,1.0,High-Speed,train
2024,13,Budapest,STR,1.0004273453608952,0.0129829183241306,0.9761585792362684,0.9967498297371956,1.003992912890791,1.001052250396324,-0.0004312552981932,21.666666666666668,2,Aston Martin,-0.0009063989632818,-2.0,8.0,10.0,0,Aggressive,1.0,High-Speed,train
2024,13,Budapest,TSU,1.0040659074070897,0.0100609579329334,0.9903259078353032,1.00510957828162,1.006097556467641,1.000678582191043,-1.7705513165867155e-05,33.5,1,RB,-0.0007276191841005,1.0,10.0,9.0,2,Tyre Manager,1.0,High-Speed,train
2024,13,Budapest,VER,0.993125782957316,0.0157138964754912,0.9592052069378416,0.995696878642795,0.9910824583655428,0.990165701369802,0.0005192813834353,22.0,2,Red Bull Racing,-0.0002867360304911,-2.0,3.0,5.0,1,Frontrunner,1.0,High-Speed,train
2024,13,Budapest,ZHO,1.0121615253292866,0.0129784885790902,0.9897805546005286,1.0114396118645752,1.0136506232972842,1.0116938225755832,-0.0005491705515684,21.33333333333333,2,Kick Sauber,0.0012891935589041,-1.0,18.0,19.0,0,Aggressive,1.0,High-Speed,train
2024,14,Spa-Francorchamps,ALB,1.0034471070296225,0.0086117215149608,0.9903937419470212,0.997116125971176,1.0109391803492045,0.9990525104085616,9.634559424322386e-05,13.0,2,Williams,-0.0017018613954697,-2.0,10.0,12.0,0,Aggressive,1.0,High-Speed,train
2024,14,Spa-Francorchamps,ALO,1.004696156725102,0.0091664041608116,0.990898127811378,1.0050703311582072,1.004871733570304,1.0053462586416988,-0.0002356848310769,20.5,1,Aston Martin,-0.0009904304245551,0.0,8.0,8.0,2,Tyre Manager,1.0,High-Speed,train
2024,14,Spa-Francorchamps,BOT,1.005301930198875,0.0109676945947032,0.9814340148656272,1.000934932025911,1.0097747090534217,1.0038465707591284,0.0001037124860266,13.0,2,Kick Sauber,0.0,-1.0,14.0,15.0,0,Aggressive,1.0,High-Speed,train
2024,14,Spa-Francorchamps,GAS,1.0030718157291498,0.0105049625945013,0.9850931050452344,1.002280904651761,1.0056015811517942,1.0010396493015832,0.000126950381382,13.0,2,Alpine,0.0009758514391986,-1.0,12.0,13.0,0,Aggressive,1.0,High-Speed,train
2024,14,Spa-Francorchamps,HAM,0.991599453429136,0.0113999940156835,0.978077556204634,1.0035576840704057,0.9796030865339168,0.9979589915621204,-0.0004196431916588,13.333333333333334,2,Mercedes,-0.0020282480102414,2.0,3.0,1.0,1,Frontrunner,1.0,High-Speed,train
2024,14,Spa-Francorchamps,HUL,1.008001864228966,0.0069025053209922,0.99917922663891,0.9998220746100468,1.014978473088331,1.0064419637391036,2.284326063369128e-05,13.0,2,Haas F1 Team,0.0002877686387745,-2.0,16.0,18.0,0,Aggressive,1.0,High-Speed,train
2024,14,Spa-Francorchamps,LEC,0.993755015200356,0.011427728331929,0.9813789909531518,1.0036557077806114,0.9841902472104064,0.998380029780752,-0.0001755726029566,13.333333333333334,2,Ferrari,-0.0005766370819078,-2.0,1.0,3.0,1,Frontrunner,1.0,High-Speed,train
2024,14,Spa-Francorchamps,MAG,1.007426326951417,0.0112006458959184,0.9890364854392972,1.002129680124866,1.0127747680287973,1.0055057238405063,-0.0003859225944448,20.5,1,Haas F1 Team,-0.0002877686387745,3.0,17.0,14.0,2,Tyre Manager,1.0,High-Speed,train
2024,14,Spa-Francorchamps,NOR,0.993118366194249,0.0130642720486902,0.9680815454382884,0.9924875946464226,0.9940517120099144,0.9935615471069972,7.338598267906395e-05,13.0,2,McLaren,0.0004639321193037,-1.0,4.0,5.0,1,Frontrunner,1.0,High-Speed,train
2024,14,Spa-Francorchamps,OCO,1.0011201128507523,0.0125441661902422,0.9808654344367156,0.9912948355508108,1.011768536828644,0.9951879465631668,-0.0003750236053102,13.0,2,Alpine,-0.0009758514391986,0.0,9.0,9.0,0,Aggressive,1.0,High-Speed,train
2024,14,Spa-Francorchamps,PER,0.9964118617075322,0.012553118262015,0.9601764433460042,1.0045739648669487,0.9882251402502932,1.0003044735085524,-0.0001620882283669,9.5,3,Red Bull Racing,0.002153132352862,-5.0,2.0,7.0,0,Aggressive,1.0,High-Speed,train
2024,14,Spa-Francorchamps,PIA,0.9921905019556416,0.0151530639481846,0.9706218160642314,0.9939826621592236,0.9887137044571852,0.9946719838430862,-0.0008050778804436,13.333333333333334,2,McLaren,-0.0004639321193036,3.0,5.0,2.0,1,Frontrunner,1.0,High-Speed,train
2024,14,Spa-Francorchamps,RIC,1.0005990316967128,0.0106763941111561,0.985249006130581,0.9997537051315,1.0016766279018914,1.0010405270131078,-0.0002373671309542,13.0,2,RB,-0.0041856599603133,3.0,13.0,10.0,0,Aggressive,1.0,High-Speed,train
2024,14,Spa-Francorchamps,RUS,0.9956559494496192,0.0129266685531649,0.9822960561610734,0.9970726692617734,0.9934882569430376,0.9965557345878088,-0.0015690388021323,21.0,1,Mercedes,0.0020282480102414,-14.0,6.0,20.0,2,Tyre Manager,1.0,High-Speed,train
2024,14,Spa-Francorchamps,SAI,0.9949082893641716,0.0122568818812687,0.9754272377537404,1.000375620267679,0.9903512224577512,0.9980018897129136,-0.0001859469699533,13.0,2,Ferrari,0.0005766370819078,1.0,7.0,6.0,1,Frontrunner,1.0,High-Speed,train
2024,14,Spa-Francorchamps,SAR,1.0068508298205625,0.0129159052990125,0.9857533919949378,1.001673816631411,1.0129235237428322,1.003595545262925,0.0001002010870115,13.0,2,Williams,0.00170186139547,1.0,18.0,17.0,0,Aggressive,1.0,High-Speed,train
2024,14,Spa-Francorchamps,STR,1.0066770175742126,0.0086068079403722,0.9913933430236558,1.0030166550701745,1.0118350046085998,1.003329149111232,-0.0002682568689427,20.5,1,Aston Martin,0.0009904304245553,4.0,15.0,11.0,2,Tyre Manager,1.0,High-Speed,train
2024,14,Spa-Francorchamps,TSU,1.0089703516173394,0.0113034928632471,0.9901461343408824,1.0046127398436668,1.0146322417542653,1.005529100937714,-0.0002363435271339,20.5,1,RB,0.0041856599603131,4.0,20.0,16.0,2,Tyre Manager,1.0,High-Speed,train
2024,14,Spa-Francorchamps,VER,0.992105597001808,0.0116408891432647,0.9732629638630456,0.9922693065522674,0.9914877675188382,0.9942847814037504,0.000306922501829,13.0,2,Red Bull Racing,-0.002153132352862,7.0,11.0,4.0,1,Frontrunner,1.0,High-Speed,train
2024,15,Zandvoort,ALB,1.0022043260544111,0.0145327706390824,0.9754160660463896,1.0037462537462538,1.003935657971902,1.0024036812944992,-0.0007269713200136,22.0,2,Williams,-0.003938807626552,5.0,19.0,14.0,0,Aggressive,0.0,High-Degradation,train
2024,15,Zandvoort,ALO,1.001438212554056,0.0123546302920563,0.9796619053859258,0.9990525733587045,1.0027304801023185,1.0066280033140018,-5.089301687783204e-05,34.0,1,Aston Martin,-0.0007982147124345,-3.0,7.0,10.0,2,Tyre Manager,0.0,High-Degradation,train
2024,15,Zandvoort,BOT,1.009220688890457,0.0094095193681508,0.993605032105884,1.0153608038765134,1.0054999366366746,1.010843363311997,0.0002568671251674,21.666666666666668,2,Kick Sauber,-0.0022810565834701,-3.0,16.0,19.0,0,Aggressive,0.0,High-Degradation,train
2024,15,Zandvoort,GAS,1.00046655669213,0.012812531400499,0.9809330362993056,1.0005786984349536,1.0004121278469569,1.0044501200097713,-1.3103818602207924e-05,34.0,1,Alpine,-0.0034659323039925,0.0,9.0,9.0,2,Tyre Manager,0.0,High-Degradation,train
2024,15,Zandvoort,HAM,0.9898802410435048,0.015584926690167,0.9681299960686672,0.9908596238741288,0.9905052286227138,0.9920114441743952,6.079494413691692e-05,22.33333333333333,2,Mercedes,-7.6279590124350705e-06,6.0,14.0,8.0,1,Frontrunner,0.0,High-Degradation,train
2024,15,Zandvoort,HUL,1.002443014946773,0.0081185906942515,0.991442799108898,1.002404699691361,1.007352808060241,1.0005803380436795,0.000413932466226,34.0,1,Haas F1 Team,-0.0031882351905707,1.0,12.0,11.0,2,Tyre Manager,0.0,High-Degradation,train
2024,15,Zandvoort,LEC,0.9903255029541972,0.0093224800140057,0.977394836849692,0.9923078044633464,0.993711157166497,0.987968826775116,-0.0001046047194126,34.5,1,Ferrari,-0.0002982685043272,3.0,6.0,3.0,2,Tyre Manager,0.0,High-Degradation,train
2024,15,Zandvoort,MAG,1.0088194853279144,0.0113335276756102,0.982230376097497,1.0090670313499828,1.014662192414289,1.0055256446120784,0.0003295757212045,33.5,1,Haas F1 Team,0.0031882351905709,2.0,20.0,18.0,2,Tyre Manager,0.0,High-Degradation,train
2024,15,Zandvoort,NOR,0.9867884755789352,0.0129554900244246,0.9673306250819026,0.983457041019809,0.9897160029897144,0.9877078382934108,-0.0003933573643112,35.0,1,McLaren,-0.0019302301036988,0.0,1.0,1.0,1,Frontrunner,0.0,High-Degradation,train
2024,15,Zandvoort,OCO,1.007398421300115,0.0137664360622222,0.9879439129865024,1.010368204703333,1.0037395011229686,1.012539308531745,7.57413677939284e-05,34.0,1,Alpine,0.0034659323039925,0.0,15.0,15.0,2,Tyre Manager,0.0,High-Degradation,train
2024,15,Zandvoort,PER,0.9922171007275814,0.0105057777468584,0.977421045734504,0.9920593796895084,0.9939945211057596,0.994250474244322,-1.2885490033997724e-05,34.5,1,Red Bull Racing,0.0005780076526686,-1.0,5.0,6.0,2,Tyre Manager,0.0,High-Degradation,train
2024,15,Zandvoort,PIA,0.9906489357863332,0.0108718122005385,0.9728344908924124,0.9849341309843452,0.9986422144577008,0.991443062498985,4.286019981676218e-06,34.5,1,McLaren,0.0019302301036988,-1.0,3.0,4.0,2,Tyre Manager,0.0,High-Degradation,train
2024,15,Zandvoort,RIC,1.0023146684961497,0.0120440842031555,0.9857423666622984,1.007630056356237,0.9990058879970696,1.0043460727658604,-0.0002111993544804,34.0,1,RB,-0.0022709665822702,1.0,13.0,12.0,2,Tyre Manager,0.0,High-Degradation,train
2024,15,Zandvoort,RUS,0.9898954969615296,0.0122814642696228,0.96877211374656,0.9906546050123936,0.9909440432934988,0.9917628573967848,4.5431605847279645e-05,22.33333333333333,2,Mercedes,7.6279590124350705e-06,-3.0,4.0,7.0,1,Frontrunner,0.0,High-Degradation,train
2024,15,Zandvoort,SAI,0.9909220399628516,0.0119762196091039,0.9712619578036956,0.994322120011036,0.993647662654181,0.9877586530283012,-0.0001472203858036,34.5,1,Ferrari,0.0002982685043271,5.0,10.0,5.0,2,Tyre Manager,0.0,High-Degradation,train
2024,15,Zandvoort,SAR,1.0100819413075153,0.0115298978599016,0.9898964749049928,1.0092711244844634,1.0141731512019332,1.0101210179310236,2.519564295812615e-05,34.0,1,Williams,0.003938807626552,2.0,18.0,16.0,2,Tyre Manager,0.0,High-Degradation,train
2024,15,Zandvoort,STR,1.003034641978925,0.011829514733571,0.9861748132616956,1.004432135801233,1.0054061163180266,1.0026244463200236,7.969590163540516e-05,34.0,1,Aston Martin,0.0007982147124343,-5.0,8.0,13.0,2,Tyre Manager,0.0,High-Degradation,train
2024,15,Zandvoort,TSU,1.00685660166069,0.0095328778894026,0.9900668326562704,1.0135586244741177,1.0040656762238311,1.0067030081971526,0.0005117863927396,22.0,2,RB,0.0022709665822704,-6.0,11.0,17.0,0,Aggressive,0.0,High-Degradation,train
2024,15,Zandvoort,VER,0.991061085422244,0.0107682624418598,0.97958327873149,0.9906333205475888,0.9889432290467828,0.9953147904588217,-8.370359166834889e-05,35.0,1,Red Bull Racing,-0.0005780076526686,0.0,2.0,2.0,2,Tyre Manager,0.0,High-Degradation,train
2024,15,Zandvoort,ZHO,1.0137828020573971,0.0130124951815883,0.9923207967500984,1.0220058330753754,1.009695154515995,1.0135036035244227,0.0001626626262115,21.33333333333333,2,Kick Sauber,0.0022810565834703,-3.0,17.0,20.0,0,Aggressive,0.0,High-Degradation,train
2024,16,Monza,ALB,1.003711760546783,0.0090509851802356,0.9888993636577894,1.0020527689185272,1.0054692132662206,1.0058053762678203,-0.000378759446272,25.0,1,Williams,-0.0011617958991281,0.0,9.0,9.0,2,Tyre Manager,1.0,High-Speed,train
2024,16,Monza,ALO,0.9985873792128211,0.012207415874238,0.9774216356351638,1.000147234705712,0.9986820255579304,0.9992301463460764,-0.0005788652922513,16.0,2,Aston Martin,-0.0031238870558042,0.0,11.0,11.0,0,Aggressive,1.0,High-Speed,train
2024,16,Monza,BOT,1.0137169503672314,0.0130230265381304,0.9852580721187838,1.013974029739469,1.0167840010581906,1.0126112577096944,-0.0007201361945983,24.5,1,Kick Sauber,-0.0009255340128038,3.0,19.0,16.0,2,Tyre Manager,1.0,High-Speed,train
2024,16,Monza,COL,1.006035352345039,0.0108472110474195,0.9866603818053264,1.0059473760510296,1.0084161897538442,1.0059557415419536,-0.000259313528227,25.0,1,Williams,0.0011617958991279,6.0,18.0,12.0,2,Tyre Manager,1.0,High-Speed,train
2024,16,Monza,GAS,1.0054670771884604,0.0105760487435612,0.9869785529106764,1.0045094785414213,1.0072222768290051,1.0068806751044663,0.0001672968995782,15.666666666666666,2,Alpine,-0.0025990139412785,-1.0,14.0,15.0,0,Aggressive,1.0,High-Speed,train
2024,16,Monza,HAM,0.9900443467511916,0.0168819742536074,0.9605467829366016,0.9933759483425147,0.9904432158300815,0.9865491980180966,-0.0008623841756896,16.333333333333332,2,Mercedes,0.0001855797704422,1.0,6.0,5.0,1,Frontrunner,1.0,High-Speed,train
2024,16,Monza,HUL,1.0023302460623504,0.0130874593979323,0.9813221777044544,1.001029438073324,1.0069684775416972,1.0011069141768012,-0.001851634705369,15.666666666666666,2,Haas F1 Team,0.00056036224871,-7.0,10.0,17.0,0,Aggressive,1.0,High-Speed,train
2024,16,Monza,LEC,0.9902462186854476,0.0101304958194299,0.9807447560688192,0.9950935053638738,0.9864814987568497,0.9899992907298388,-0.0005116343370991,25.5,1,Ferrari,-0.0017909544208916,3.0,4.0,1.0,1,Frontrunner,1.0,High-Speed,train
2024,16,Monza,MAG,1.0012095215649304,0.010631902901328,0.9832312043365544,1.0021933893882282,1.0023560642625662,1.0013398113341372,-0.0006462584375741,25.0,1,Haas F1 Team,-0.00056036224871,3.0,13.0,10.0,2,Tyre Manager,1.0,High-Speed,train
2024,16,Monza,NOR,0.9865314780166132,0.0151606159279285,0.9596040537355645,0.9929448149221995,0.9867268840929464,0.9809199089239214,-0.0011003477898214,16.333333333333332,2,McLaren,0.000540746583809,-2.0,1.0,3.0,1,Frontrunner,1.0,High-Speed,train
2024,16,Monza,OCO,1.0106651050710176,0.0097385372969282,0.9939076125382984,1.0083401873361697,1.0138423155237408,1.0119656771141678,4.072256514734027e-05,24.5,1,Alpine,0.0025990139412785,1.0,15.0,14.0,2,Tyre Manager,1.0,High-Speed,train
2024,16,Monza,PER,0.9957483895042816,0.0119443464238782,0.977739806740514,0.9999909394027254,0.996459784182583,0.9931252511998486,-0.0001778289823131,16.0,2,Red Bull Racing,0.0022085395553461,0.0,8.0,8.0,1,Frontrunner,1.0,High-Speed,train
2024,16,Monza,PIA,0.985449984848995,0.0130490589398807,0.9656257365071884,0.9951488052092392,0.9814295986615011,0.9809640573727184,-0.0004735305876504,16.333333333333332,2,McLaren,-0.000540746583809,0.0,2.0,2.0,1,Frontrunner,1.0,High-Speed,train
2024,16,Monza,RIC,1.0044602875324062,0.0072184100771184,0.9924463822766908,1.001912873296608,1.003022822864235,1.0107113979714872,-0.0008960190768535,25.0,1,RB,0.0,-1.0,12.0,13.0,2,Tyre Manager,1.0,High-Speed,train
2024,16,Monza,RUS,0.9896731872103072,0.0138496171971942,0.9667216592033938,0.9938478544505654,0.9911282723114758,0.9863376835236544,-0.0009159998353964,16.0,2,Mercedes,-0.0001855797704423,-4.0,3.0,7.0,1,Frontrunner,1.0,High-Speed,train
2024,16,Monza,SAI,0.9938281275272306,0.0124302384012247,0.9806622672637284,0.9983169034502754,0.992990632093698,0.9908580639149766,-0.0003144120442455,25.5,1,Ferrari,0.0017909544208914,1.0,5.0,4.0,2,Tyre Manager,1.0,High-Speed,train
2024,16,Monza,STR,1.0048351533244295,0.0145844288931853,0.9690313457459344,0.9993508585419286,1.008419713928919,1.0087949499964537,0.0003542537742118,11.25,3,Aston Martin,0.0031238870558043,-2.0,17.0,19.0,0,Aggressive,1.0,High-Speed,train
2024,16,Monza,VER,0.9913313103935892,0.0132130918875903,0.9632924817346218,1.0001245832125252,0.9887832115194556,0.9875981157056056,0.0002418809559171,16.0,2,Red Bull Racing,-0.002208539555346,1.0,7.0,6.0,1,Frontrunner,1.0,High-Speed,train
2024,16,Monza,ZHO,1.015568018392839,0.0100294528468536,1.0027339146830072,1.01054801450879,1.0201485406960136,1.01807336169449,-0.0004050883157647,24.5,1,Kick Sauber,0.0009255340128038,2.0,20.0,18.0,2,Tyre Manager,1.0,High-Speed,train
2024,17,Baku,ALB,0.9998498091257734,0.0092243795587008,0.9825443053092872,1.003763871295784,0.9971716108662764,0.9990276726242634,-0.0005365427150837,23.0,1,Williams,-0.0009700493033498,2.0,9.0,7.0,2,Tyre Manager,1.0,High-Speed,train
2024,17,Baku,ALO,0.9997271798747424,0.0082977396538254,0.9835548981598022,0.9976003996360456,1.0026320413979566,0.9984466581031538,-0.0009582156382977,23.0,1,Aston Martin,-0.0029812289368283,1.0,7.0,6.0,2,Tyre Manager,1.0,High-Speed,train
2024,17,Baku,BEA,1.0015140917786072,0.0110124808468789,0.9834722132902146,1.0043883026172593,1.0015064780026726,0.9976512721921178,-0.0003586340210765,23.0,1,Haas F1 Team,0.000545140945747,0.0,10.0,10.0,2,Tyre Manager,1.0,High-Speed,train
2024,17,Baku,BOT,1.0114601229248392,0.013905795183891,0.9960586878829916,1.014314047325947,1.008809206614432,1.0122141785690992,-0.0009956657071414,22.5,1,Kick Sauber,0.0007317211514685,0.0,16.0,16.0,2,Tyre Manager,1.0,High-Speed,train
2024,17,Baku,COL,1.0017899077324732,0.0076540629930094,0.9855485222376362,1.0064851652958913,1.0016748461860927,0.9953348702287478,-0.0009747614825698,23.0,1,Williams,0.0009700493033499,0.0,8.0,8.0,2,Tyre Manager,1.0,High-Speed,train
2024,17,Baku,GAS,1.006822075941459,0.0093487716855167,0.99238380479021,1.0101885215770754,1.0056948615470305,1.0041511771995044,-0.0005323888147106,48.0,0,Alpine,-0.0034076676635452,6.0,18.0,12.0,2,Tyre Manager,1.0,High-Speed,train
2024,17,Baku,HAM,1.000068304892268,0.0109010433681012,0.985199408343822,1.006816336907459,1.0031008216171002,0.9850254778695569,-0.001061726589302,23.0,1,Mercedes,0.0029502920134005,10.0,19.0,9.0,2,Tyre Manager,1.0,High-Speed,train
2024,17,Baku,HUL,1.000423809887113,0.0083224218019084,0.9893795878618612,1.0037376674814005,0.9978573553334428,1.0003241091252455,-0.0004268259921837,23.0,1,Haas F1 Team,-0.000545140945747,1.0,12.0,11.0,2,Tyre Manager,1.0,High-Speed,train
2024,17,Baku,LEC,0.9932356739667176,0.0077498860924614,0.9836467702371215,0.9934312055092684,0.9894195933776254,0.9978369557525072,-0.0003365190575923,23.5,1,Ferrari,-0.0001230499418567,-1.0,1.0,2.0,2,Tyre Manager,1.0,High-Speed,train
2024,17,Baku,NOR,0.9947025761329924,0.0145716740800592,0.966999549826821,0.9953424113753544,0.9938798410761428,0.9956581286738748,-0.0001272997938581,23.0,1,McLaren,0.0008679789261433,11.0,15.0,4.0,1,Frontrunner,1.0,High-Speed,train
2024,17,Baku,OCO,1.0136374112685496,0.0104902170901998,0.9998530046762888,1.0167063254892863,1.0148669596829374,1.0073396680646176,-0.0005887573274842,46.0,0,Alpine,0.0034076676635452,5.0,20.0,15.0,2,Tyre Manager,1.0,High-Speed,train
2024,17,Baku,PER,0.9935742323452652,0.0097120461755121,0.9831506610195964,0.9917747899234624,0.9895670839480776,0.9995387503798648,-0.0010729902433259,23.5,1,Red Bull Racing,-0.0009128153316297,-13.0,4.0,17.0,2,Tyre Manager,1.0,High-Speed,train
2024,17,Baku,PIA,0.9929666182807058,0.008461864735074,0.983582459782998,0.9913211875431074,0.98920958746359,0.9994505315332942,-0.0004628920384387,24.0,1,McLaren,-0.0008679789261434,1.0,2.0,1.0,2,Tyre Manager,1.0,High-Speed,train
2024,17,Baku,RIC,1.0097624833139782,0.012001140246928,0.9957095739891774,1.0102863435161824,1.0112232156883847,1.0069453868793632,-0.0005532711146616,47.0,0,RB,0.0,1.0,14.0,13.0,2,Tyre Manager,1.0,High-Speed,train
2024,17,Baku,RUS,0.9941677208654668,0.0092162319061323,0.979613586042794,0.996188181299174,0.9942303217844872,0.9914821399709066,-0.0001618800083617,23.0,1,Mercedes,-0.0029502920134006,2.0,5.0,3.0,2,Tyre Manager,1.0,High-Speed,train
2024,17,Baku,SAI,0.993481773850431,0.0115640692771984,0.981800141482999,0.9884167989866366,0.990421760576203,1.0018658129940845,-0.0007266570310232,23.5,1,Ferrari,0.0001230499418566,-15.0,3.0,18.0,2,Tyre Manager,1.0,High-Speed,train
2024,17,Baku,STR,1.005689637748399,0.0077625673506841,0.993578141795364,1.0049022876487483,1.0093385192042812,1.0010790451966347,0.0002041585321205,20.0,1,Aston Martin,0.0029812289368282,-6.0,13.0,19.0,2,Tyre Manager,1.0,High-Speed,train
2024,17,Baku,VER,0.9953998630085248,0.0080068513808455,0.9811754113572262,0.995125495828204,0.9943755754761244,0.998099958694754,-0.0003305167581629,22.5,1,Red Bull Racing,0.0009128153316297,1.0,6.0,5.0,2,Tyre Manager,1.0,High-Speed,train
2024,17,Baku,ZHO,1.009996680621902,0.0137033291175098,0.9889477890984592,1.0127138677276053,1.0108560663105577,1.004875247760585,-0.0004001926693296,23.0,1,Kick Sauber,-0.0007317211514685,3.0,17.0,14.0,2,Tyre Manager,1.0,High-Speed,train
2024,18,Marina Bay,ALO,1.000958316219502,0.0061494462924412,0.9920879410884028,0.999272345070138,1.0038424315163292,0.9988019311594768,4.808788152670391e-05,29.0,1,Aston Martin,-0.0033808822214316,-1.0,7.0,8.0,2,Tyre Manager,0.0,High-Degradation,train
2024,18,Marina Bay,BOT,1.0095614618277415,0.0118710411470711,0.9898853538096132,1.0087009457136131,1.0106602590494775,1.0092539412215054,-1.2718798116498193e-06,29.0,1,Kick Sauber,0.0001133144178466,3.0,19.0,16.0,2,Tyre Manager,0.0,High-Degradation,train
2024,18,Marina Bay,COL,1.001232370857877,0.0083729475166929,0.987226008800199,1.0027055209034337,0.9984962610122352,1.004294798681312,0.0001502360952686,29.0,1,Williams,0.0,1.0,12.0,11.0,2,Tyre Manager,0.0,High-Degradation,train
2024,18,Marina Bay,GAS,1.0090217526931644,0.0152244377437819,0.9838257012499936,1.0092686830159157,1.0104887439625252,1.0069902973298126,0.0006108506659938,29.0,1,Alpine,0.0008541894571565,1.0,18.0,17.0,2,Tyre Manager,0.0,High-Degradation,train
2024,18,Marina Bay,HAM,1.0001723837509282,0.0088780031681907,0.988555681304906,1.004296606078599,0.9982525615181842,0.9972052560036248,-0.0006097208205767,30.0,1,Mercedes,0.0019117848569585,-3.0,3.0,6.0,2,Tyre Manager,0.0,High-Degradation,train
2024,18,Marina Bay,HUL,1.0009814166104762,0.0074186346925067,0.9893372445328638,1.0029082417621615,1.001771499950849,0.998208833960908,0.0003109664832965,29.0,1,Haas F1 Team,-0.0028542211018098,-3.0,6.0,9.0,2,Tyre Manager,0.0,High-Degradation,train
2024,18,Marina Bay,LEC,0.9950022446502788,0.0136395555405521,0.9680320339421744,0.9928935351039496,0.9955981977133594,0.9967643783646796,0.0003867303700721,29.5,1,Ferrari,-0.0027019241198963,4.0,9.0,5.0,2,Tyre Manager,0.0,High-Degradation,train
2024,18,Marina Bay,MAG,1.0066898588140958,0.0119880186321779,0.9617693779467218,1.0002907169350053,1.01038920762909,1.0082521744538326,0.0023853974758662,17.0,2,Haas F1 Team,0.0028542211018096,-5.0,14.0,19.0,0,Aggressive,0.0,High-Degradation,train
2024,18,Marina Bay,NOR,0.9857660757574987,0.0103282741846084,0.9635050573230952,0.9912630221878328,0.9779671664460003,0.9908074309016768,6.229777818021802e-05,30.0,1,McLaren,-0.0030285503401353,0.0,1.0,1.0,1,Frontrunner,0.0,High-Degradation,train
2024,18,Marina Bay,OCO,1.007313373778851,0.0087019513856118,0.9943514293979424,1.0069846550416262,1.0091729723482308,1.005289752042873,0.0003183417265917,29.0,1,Alpine,-0.0008541894571565,2.0,15.0,13.0,2,Tyre Manager,0.0,High-Degradation,train
2024,18,Marina Bay,PER,1.0017853802175605,0.0076439135000938,0.9894082957354052,1.0006676115083624,1.0009307881097682,1.0047129040826213,0.0001750731006006,29.0,1,Red Bull Racing,0.0063548358889307,3.0,13.0,10.0,2,Tyre Manager,0.0,High-Degradation,train
2024,18,Marina Bay,PIA,0.9918231764377696,0.0099146083177601,0.9718281981922544,0.992501978238789,0.9915940597402184,0.9919071060493192,2.4624750178446703e-05,29.5,1,McLaren,0.0030285503401354,2.0,5.0,3.0,1,Frontrunner,0.0,High-Degradation,train
2024,18,Marina Bay,RIC,1.005435041062144,0.0147384827078767,0.9590491319065576,1.007159148666631,1.004238824986228,1.005895719008542,-0.0001122034676711,13.5,3,RB,0.0019117193928877,-2.0,16.0,18.0,0,Aggressive,0.0,High-Degradation,train
2024,18,Marina Bay,RUS,0.996348814037011,0.0098064738608301,0.9850437218649926,0.99844955169661,0.9945314519046884,0.994772390877511,-0.0002392582949331,30.0,1,Mercedes,-0.0019117848569586,0.0,4.0,4.0,2,Tyre Manager,0.0,High-Degradation,train
2024,18,Marina Bay,SAI,1.000406092890071,0.0069035932151991,0.9801107383742472,0.9989416276376032,1.000068130591586,1.002912458817476,-0.000288910864015,29.5,1,Ferrari,0.0027019241198962,3.0,10.0,7.0,2,Tyre Manager,0.0,High-Degradation,train
2024,18,Marina Bay,STR,1.0077200806623652,0.0097325335613292,0.9932044599854852,1.0045306031213068,1.0102000063341303,1.0077615111791636,0.0001088995115153,29.0,1,Aston Martin,0.0033808822214316,3.0,17.0,14.0,2,Tyre Manager,0.0,High-Degradation,train
2024,18,Marina Bay,TSU,1.0016116022763686,0.0124789290709986,0.9784055095132486,1.00295104499333,1.000185499530493,1.0028242426136276,-3.46348976100358e-05,29.0,1,RB,-0.0019117193928877,-4.0,8.0,12.0,2,Tyre Manager,0.0,High-Degradation,train
2024,18,Marina Bay,VER,0.9890757084396988,0.0097901943907189,0.9740815363300024,0.9937643108190084,0.98383688983782,0.9907337260232596,-0.000139336755676,30.0,1,Red Bull Racing,-0.0063548358889308,0.0,2.0,2.0,1,Frontrunner,0.0,High-Degradation,train
2024,18,Marina Bay,ZHO,1.0093348329920482,0.0117541433042714,0.9892458929867388,1.00730270682878,1.008340897957572,1.0134387450588254,0.0001997095200675,29.0,1,Kick Sauber,-0.0001133144178466,5.0,20.0,15.0,2,Tyre Manager,0.0,High-Degradation,train
2024,19,Austin,ALB,1.0102690770809342,0.0145010631950573,0.9892176829998802,1.0094946380320922,1.0076616633914712,1.0150014897255064,-0.0001685366756649,16.333333333333332,2,Williams,0.0043701920686807,-2.0,14.0,16.0,0,Aggressive,1.0,High-Speed,train
2024,19,Austin,ALO,1.0073514130703198,0.0110003675835837,0.9909847849526776,1.0073348353870923,1.0071106149466158,1.008611505108575,-0.0003335419213519,24.5,1,Aston Martin,-0.0006075813726711,-6.0,7.0,13.0,2,Tyre Manager,1.0,High-Speed,train
2024,19,Austin,BOT,1.0133079708461796,0.009783336153068,1.0041032706361568,1.0163774922476887,1.0104112982772728,1.0152751441528505,-0.0002800641325378,24.5,1,Kick Sauber,0.0021091563341002,-1.0,16.0,17.0,2,Tyre Manager,1.0,High-Speed,train
2024,19,Austin,COL,1.0015286929435725,0.0157530967080101,0.9745118006469392,1.002115120211066,0.9994474834519796,1.0045144863122055,-0.000645040276211,25.0,1,Williams,-0.0043701920686809,5.0,15.0,10.0,2,Tyre Manager,1.0,High-Speed,train
2024,19,Austin,GAS,1.0041214760733574,0.0113673401207486,0.981500339443313,1.0077626249489056,0.9999152702169916,1.0056569778107862,-0.0008537993167719,25.5,1,Alpine,-0.0021659472207755,-6.0,6.0,12.0,2,Tyre Manager,1.0,High-Speed,train
2024,19,Austin,HUL,0.9992987500499182,0.0124688008393521,0.9824288167405456,1.0022147077403292,0.9976565505182964,0.9998638000391727,-0.0006979948226213,25.0,1,Haas F1 Team,-0.0006135611067237,3.0,11.0,8.0,2,Tyre Manager,1.0,High-Speed,train
2024,19,Austin,LAW,1.0011461203626053,0.0138085187801297,0.9793039415358812,1.0032744974174128,0.9998081678531284,1.001984541907101,-0.0005476244402385,25.0,1,RB,-0.0022990662660176,10.0,19.0,9.0,2,Tyre Manager,1.0,High-Speed,train
2024,19,Austin,LEC,0.9879961568909342,0.006410261524254,0.9767381494349268,0.9874437962171604,0.9900082525829116,0.986300536214968,-0.0001112123879622,25.5,1,Ferrari,-0.0010407441599697,3.0,4.0,1.0,1,Frontrunner,1.0,High-Speed,train
2024,19,Austin,MAG,1.0005258722633656,0.01358134963155,0.9804919931312648,0.9979182923959224,1.0009542670571414,1.0011902430205055,-0.0008531483921955,16.333333333333332,2,Haas F1 Team,0.0006135611067237,-3.0,8.0,11.0,0,Aggressive,1.0,High-Speed,train
2024,19,Austin,NOR,0.9911333648111214,0.0109850614592319,0.9751906872728724,0.991937869272788,0.990696375965148,0.990587065435006,-0.000305180673021,25.5,1,McLaren,-0.0008469443446081,-3.0,1.0,4.0,1,Frontrunner,1.0,High-Speed,train
2024,19,Austin,OCO,1.0084533705149086,0.0116135658371219,0.9717064015015374,1.007613749657065,1.007685296642034,1.011018002385615,0.0042766533966448,15.666666666666666,2,Alpine,0.0021659472207755,-6.0,12.0,18.0,0,Aggressive,1.0,High-Speed,train
2024,19,Austin,PER,0.9991260333053792,0.0111708480790187,0.9835270156942614,0.9942454758277284,1.0004416135881105,1.002444970093261,-0.0005288140417045,25.0,1,Red Bull Racing,0.0036365321656797,2.0,9.0,7.0,2,Tyre Manager,1.0,High-Speed,train
2024,19,Austin,PIA,0.9928272535003378,0.0128327112073534,0.9772273471506728,0.9953089814573968,0.9928616382234172,0.9901338927386903,-0.0004128270420146,25.5,1,McLaren,0.0008469443446083,0.0,5.0,5.0,2,Tyre Manager,1.0,High-Speed,train
2024,19,Austin,RUS,0.9973385647538038,0.0155515808922431,0.9749610638552774,0.9967247593920702,0.9940392156862744,1.0027631717716543,-0.0002123958847054,25.0,1,Mercedes,0.0,14.0,20.0,6.0,2,Tyre Manager,1.0,High-Speed,train
2024,19,Austin,SAI,0.9900776452108738,0.0095024057623835,0.9760293119284374,0.9902835271821931,0.9904343503356132,0.9892476358358572,-0.0003269250746604,25.5,1,Ferrari,0.0010407441599697,1.0,3.0,2.0,1,Frontrunner,1.0,High-Speed,train
2024,19,Austin,STR,1.008566575815662,0.0110609688557694,0.9905155544906352,1.011589127122738,1.007547562549436,1.0083021961741474,-8.861768792488461e-05,24.0,1,Aston Martin,0.0006075813726711,-2.0,13.0,15.0,2,Tyre Manager,1.0,High-Speed,train
2024,19,Austin,TSU,1.0057442528946408,0.0117182322576493,0.990305898326744,1.0057039872171232,1.005613455573312,1.0047028589508211,-0.0008366942979423,24.5,1,RB,0.0022990662660178,-4.0,10.0,14.0,2,Tyre Manager,1.0,High-Speed,train
2024,19,Austin,VER,0.9918529689740198,0.007883569906484,0.9795635158340322,0.9887139088105236,0.9954725889356618,0.990108486707476,-5.862278078897764e-05,25.5,1,Red Bull Racing,-0.0036365321656797,-1.0,2.0,3.0,1,Frontrunner,1.0,High-Speed,train
2024,19,Austin,ZHO,1.0090896581779794,0.0103010549691956,0.9910946048480492,1.014930859047456,1.0087043402240432,1.0057756591699485,-0.000452960388114,15.333333333333334,2,Kick Sauber,-0.0021091563341,-1.0,18.0,19.0,0,Aggressive,1.0,High-Speed,train
2024,20,Mexico City,BOT,1.0111607972863728,0.0126534921090504,0.989076670671684,1.0123867261714732,1.0075477734648604,1.0136073099060634,0.0003018391870934,31.0,1,Kick Sauber,-0.0012775396850106,1.0,15.0,14.0,2,Tyre Manager,1.0,High-Speed,train
2024,20,Mexico City,COL,1.007974949196219,0.0136851838033753,0.9769396380846664,1.0037741198743522,1.011725617719429,1.0067121362225795,0.0002245889034264,31.0,1,Williams,0.0,4.0,16.0,12.0,2,Tyre Manager,1.0,High-Speed,train
2024,20,Mexico City,GAS,1.0069017199408752,0.0098693798530157,0.9913820969620823,1.006449268729391,1.006589982862714,1.0066579876403956,0.0002798696632194,31.0,1,Alpine,-0.0011421455033751,-2.0,8.0,10.0,2,Tyre Manager,1.0,High-Speed,train
2024,20,Mexico City,HAM,0.9965869738864536,0.0117433525298128,0.9803672824635126,0.9926803304891751,0.9980656593196484,0.9983709302809948,5.122681167625373e-05,31.5,1,Mercedes,-0.0003742663155572,2.0,6.0,4.0,2,Tyre Manager,1.0,High-Speed,train
2024,20,Mexico City,HUL,1.0034481410563347,0.0105152048697057,0.9849659370216088,1.0009275132773383,1.005135709310544,1.0030134292359612,0.0001605054449066,30.5,1,Haas F1 Team,0.0017551948479943,1.0,10.0,9.0,2,Tyre Manager,1.0,High-Speed,train
2024,20,Mexico City,LAW,1.008253409579934,0.0125670115138365,0.9697672007367604,1.0061027037235584,1.0089099449664272,1.0088650755773438,0.0068848923782063,19.666666666666668,2,RB,0.0,-4.0,12.0,16.0,0,Aggressive,1.0,High-Speed,train
2024,20,Mexico City,LEC,0.9909521666537852,0.0100247908394604,0.9555443062679538,0.987801640365378,0.9916565881000082,0.9928805554166732,0.000229495121878,20.33333333333333,2,Ferrari,0.0009580780288848,1.0,4.0,3.0,1,Frontrunner,1.0,High-Speed,train
2024,20,Mexico City,MAG,0.999937751360346,0.0123234870214786,0.983611956501851,0.9936772688174168,1.0013811043471266,1.0049870323648606,0.00019768818719,31.5,1,Haas F1 Team,-0.0017551948479944,0.0,7.0,7.0,2,Tyre Manager,1.0,High-Speed,train
2024,20,Mexico City,NOR,0.9896073814688604,0.0125253093600277,0.9720726270271588,0.990570556319051,0.9875616183106328,0.9900728446724616,-0.0001002523865641,31.5,1,McLaren,-0.0051261706350417,1.0,3.0,2.0,1,Frontrunner,1.0,High-Speed,train
2024,20,Mexico City,OCO,1.0091860109476254,0.0134984409847505,0.9838803130012624,1.0067768034318558,1.010781245351806,1.0087309994081666,-3.3196580322878265e-05,30.5,1,Alpine,0.0011421455033751,-13.0,0.0,13.0,2,Tyre Manager,1.0,High-Speed,train
2024,20,Mexico City,PER,1.005622417177604,0.0128765246851888,0.966193180085508,1.0052598795764411,1.0047193318851853,1.006151229908234,0.0009063549859968,14.0,3,Red Bull Racing,0.0046437678801474,1.0,18.0,17.0,0,Aggressive,1.0,High-Speed,train
2024,20,Mexico City,PIA,0.999859722738944,0.0167970597372982,0.9766224894944529,0.9954140836900884,1.0024091108190976,1.000757680664057,-0.0003228529991065,31.5,1,McLaren,0.0051261706350416,9.0,17.0,8.0,2,Tyre Manager,1.0,High-Speed,train
2024,20,Mexico City,RUS,0.997335506517568,0.0087852638901653,0.9847585706356998,0.997685345391069,0.995783683600466,0.9978823219478586,-2.4240730496616567e-05,31.5,1,Mercedes,0.0003742663155573,0.0,5.0,5.0,2,Tyre Manager,1.0,High-Speed,train
2024,20,Mexico City,SAI,0.9890360105960156,0.0075493427358235,0.9775129451515908,0.9896016311339172,0.9899821514238634,0.98552375848638,-0.0001227870329765,31.5,1,Ferrari,-0.0009580780288848,0.0,1.0,1.0,1,Frontrunner,1.0,High-Speed,train
2024,20,Mexico City,STR,1.0080591549013131,0.0115574729101844,0.9918334238020016,1.005224716968916,1.0114657324928191,1.0054491777423396,0.0001361410683388,31.0,1,Aston Martin,0.0,3.0,14.0,11.0,2,Tyre Manager,1.0,High-Speed,train
2024,20,Mexico City,VER,0.9963348814173094,0.008699637108053,0.9864784918364732,1.0003158344566052,0.991600144218879,0.9967317281311184,-0.0001075985858646,31.5,1,Red Bull Racing,-0.0046437678801471,-4.0,2.0,6.0,2,Tyre Manager,1.0,High-Speed,train
2024,20,Mexico City,ZHO,1.013715876656394,0.0121501388689621,0.9947853452955276,1.0144953023012542,1.014490055301326,1.0101386875091325,0.0001003350581494,30.5,1,Kick Sauber,0.0012775396850106,4.0,19.0,15.0,2,Tyre Manager,1.0,High-Speed,train
2024,21,São Paulo,ALO,1.0040746524545314,0.021465879008285,0.974239069954658,1.0158010167213904,0.9994963395111076,1.0038836307756784,-0.0012944505008927,27.5,1,Aston Martin,0.0,-5.0,9.0,14.0,2,Tyre Manager,1.0,High-Speed,train
2024,21,São Paulo,BEA,1.0084485770773048,0.0299179377523935,0.9766186411582948,1.0123588063031654,1.00655453159313,1.010912643966538,-0.0023434374451464,28.0,1,Haas F1 Team,0.0,3.0,15.0,12.0,2,Tyre Manager,1.0,High-Speed,train
2024,21,São Paulo,BOT,1.0118800980241272,0.0301209203125331,0.98115284897418,1.0174188696535649,1.0067754933080164,1.0203042799909052,-0.0020070383819343,28.0,1,Kick Sauber,-0.0038515820681468,-2.0,11.0,13.0,2,Tyre Manager,1.0,High-Speed,train
2024,21,São Paulo,GAS,0.997673183538942,0.0248136542752118,0.9665676165220376,0.998047692093153,0.9975633855397706,0.9999094932875792,-0.0017560244105583,28.5,1,Alpine,0.0004095009901969,10.0,13.0,3.0,2,Tyre Manager,1.0,High-Speed,train
2024,21,São Paulo,HAM,1.006260327119163,0.0284854602603203,0.9712557269530834,1.0073419062228155,1.005924011545949,1.0082381396661622,-0.0018536954157966,28.0,1,Mercedes,0.004516290372527,4.0,14.0,10.0,2,Tyre Manager,1.0,High-Speed,train
2024,21,São Paulo,LAW,1.0071501368819415,0.0311689408091199,0.9722264972948657,1.01417498389678,1.004927794638192,0.9989765038797532,-0.0018209413049837,28.5,1,RB,0.0024319105545416,-4.0,5.0,9.0,2,Tyre Manager,1.0,High-Speed,train
2024,21,São Paulo,LEC,0.9985380327801808,0.0270120762464823,0.9664018752441724,1.0007480403752425,0.9962530588831184,0.9961602746082194,-0.0021399931983841,18.33333333333333,2,Ferrari,0.0,1.0,6.0,5.0,1,Frontrunner,1.0,High-Speed,train
2024,21,São Paulo,NOR,0.996946033251946,0.0242985152800885,0.9650522676958412,0.99949031226325,0.9955186533738568,0.9939478699265152,-0.0015688746369194,29.0,1,McLaren,-0.0012480348840484,-5.0,1.0,6.0,2,Tyre Manager,1.0,High-Speed,train
2024,21,São Paulo,OCO,0.996854181558548,0.0249605252134458,0.968059288022825,0.9954299358772052,0.9926144197821208,1.004251441591646,-0.0016125094992078,29.0,1,Alpine,-0.0004095009901969,2.0,4.0,2.0,2,Tyre Manager,1.0,High-Speed,train
2024,21,São Paulo,PER,1.0059301129915794,0.0250101039433901,0.9724632705489588,1.0047869726610488,1.0078219647931672,1.005068719766047,-0.0015128824694785,28.0,1,Red Bull Racing,0.0078165197025761,1.0,12.0,11.0,2,Tyre Manager,1.0,High-Speed,train
2024,21,São Paulo,PIA,0.999442103020043,0.0230923261020061,0.9652298476364112,1.0073145141475917,0.9968953480566556,0.9988073024061718,-0.0014103772995661,28.0,1,McLaren,0.0012480348840485,0.0,8.0,8.0,2,Tyre Manager,1.0,High-Speed,train
2024,21,São Paulo,RUS,0.9972277463741088,0.0279438343874858,0.9665676165220376,0.999475056782026,0.9953716082068624,0.9968084878781142,-0.0016373469600043,29.5,1,Mercedes,-0.0045162903725272,-2.0,2.0,4.0,2,Tyre Manager,1.0,High-Speed,train
2024,21,São Paulo,TSU,1.002286315772858,0.0276591817964376,0.9687340917969908,1.0007935401185992,1.0025343616812052,0.999197956473974,-0.0020135672993813,28.5,1,RB,-0.0024319105545418,-4.0,3.0,7.0,2,Tyre Manager,1.0,High-Speed,train
2024,21,São Paulo,VER,0.9902970735864272,0.0236187187084129,0.9526808651694704,0.9917291951582112,0.9880257691508986,0.9965684476269429,-0.0014077003595746,28.5,1,Red Bull Racing,-0.007816519702576,16.0,17.0,1.0,1,Frontrunner,1.0,High-Speed,train
2024,21,São Paulo,ZHO,1.0195832621604208,0.0302814355432349,0.9832956469237236,1.0249408995225475,1.0175027250612938,1.0208227163320187,-0.0019038857480358,28.0,1,Kick Sauber,0.0038515820681468,4.0,19.0,15.0,2,Tyre Manager,1.0,High-Speed,train
2024,22,Las Vegas,ALO,1.0038301086238737,0.0119078378135223,0.981763458791111,1.0076348117233735,1.0041297046553308,1.000480236201494,0.0002419502545075,15.0,2,Aston Martin,0.0002691165081285,5.0,16.0,11.0,0,Aggressive,1.0,High-Speed,train
2024,22,Las Vegas,BOT,1.0109355927534514,0.0174118329023881,0.9822515290325532,1.012841061817153,1.0113716802648536,1.0082848550581742,0.0007760717341877,14.666666666666666,2,Kick Sauber,0.0033752517061531,1.0,19.0,18.0,0,Aggressive,1.0,High-Speed,train
2024,22,Las Vegas,COL,1.005206647471497,0.0163524699543946,0.984956251620546,1.009465311672286,1.0085308405834936,0.998785852012533,-0.0001830101638476,15.0,2,Williams,0.0,6.0,20.0,14.0,0,Aggressive,1.0,High-Speed,train
2024,22,Las Vegas,HAM,0.9918030184658893,0.0144318350983492,0.9708530552688708,0.988560357768818,0.9932081938106307,0.9925530248252592,-0.0001506368369405,15.0,2,Mercedes,-0.0005420767658941,8.0,10.0,2.0,1,Frontrunner,1.0,High-Speed,train
2024,22,Las Vegas,HUL,1.0024748098700909,0.013074129317333,0.9820888389520726,1.0039227244504176,1.003306374283979,1.0004531212340322,0.000505996874509,15.0,2,Haas F1 Team,-0.0026372475501807,1.0,9.0,8.0,0,Aggressive,1.0,High-Speed,train
2024,22,Las Vegas,LAW,1.0079283169428723,0.0121942512444111,0.9861052503139413,1.0113028852577557,1.001081374158471,1.0107224632441552,0.0003883884363616,15.0,2,RB,0.0023735804866804,-2.0,14.0,16.0,0,Aggressive,1.0,High-Speed,train
2024,22,Las Vegas,LEC,0.9948023171842064,0.0166111990678777,0.9728256724947,0.9949171991543072,0.9946016419023648,0.9912837168725832,-0.0007339908559689,15.333333333333334,2,Ferrari,5.6808900385396655e-05,0.0,4.0,4.0,1,Frontrunner,1.0,High-Speed,train
2024,22,Las Vegas,MAG,1.0077493049704522,0.0166977265411465,0.9818041313112312,1.0099324392457394,1.0071641919222831,1.006438362486731,0.0003544428235239,23.5,1,Haas F1 Team,0.0026372475501805,0.0,12.0,12.0,2,Tyre Manager,1.0,High-Speed,train
2024,22,Las Vegas,NOR,0.9959934020659512,0.0151226216336054,0.9647115047307226,0.9941691849361152,0.998039628436561,0.9950701205670184,-0.0001804680307304,10.75,3,McLaren,-0.0018660857012298,0.0,6.0,6.0,1,Frontrunner,1.0,High-Speed,train
2024,22,Las Vegas,OCO,1.0081440809837172,0.0094268970337744,0.9813363973298492,1.0133938485682463,1.0078019075532625,1.0042633556979266,0.0024841265558992,14.333333333333334,2,Alpine,0.0,-6.0,11.0,17.0,0,Aggressive,1.0,High-Speed,train
2024,22,Las Vegas,PER,1.0016283695347008,0.014779350869312,0.9794552932742904,1.0008826326503344,0.9999762372128596,1.0035243432152323,9.400680136891516e-05,15.0,2,Red Bull Racing,0.0037721502827021,5.0,15.0,10.0,0,Aggressive,1.0,High-Speed,train
2024,22,Las Vegas,PIA,0.9997255734684112,0.0111711581134579,0.9822210246424632,0.999689545951129,1.0032119925097018,0.9961436490720654,0.0008037558998436,15.0,2,McLaren,0.0018660857012299,1.0,8.0,7.0,0,Aggressive,1.0,High-Speed,train
2024,22,Las Vegas,RUS,0.9928871719976774,0.0124228064423439,0.973262902085992,0.9877956190610928,0.9870390948779116,0.9987037866641516,-0.0009495283271759,15.333333333333334,2,Mercedes,0.000542076765894,0.0,1.0,1.0,1,Frontrunner,1.0,High-Speed,train
2024,22,Las Vegas,SAI,0.9946886993834356,0.0175821102100152,0.9748694666307394,0.98895490949675,0.9963454346745628,0.9938484391210034,-0.0011839319294263,15.333333333333334,2,Ferrari,-5.6808900385396655e-05,-1.0,2.0,3.0,1,Frontrunner,1.0,High-Speed,train
2024,22,Las Vegas,STR,1.0032918756076166,0.0111432472336749,0.9881287081899204,1.0104171087689513,1.0013825925870148,0.9993847915160275,-0.0016111112895561,15.0,2,Aston Martin,-0.0002691165081283,3.0,18.0,15.0,0,Aggressive,1.0,High-Speed,train
2024,22,Las Vegas,TSU,1.0031811559695116,0.0111390958780667,0.98587138332325,1.0071836709029889,0.9998068855185892,1.0029868643046518,0.0006021953461441,15.0,2,RB,-0.0023735804866804,-2.0,7.0,9.0,0,Aggressive,1.0,High-Speed,train
2024,22,Las Vegas,VER,0.9940840689692964,0.0099514071009432,0.9786621791319468,0.9907571148994366,0.991242910907956,0.9987213786454564,-0.0001319242845487,15.0,2,Red Bull Racing,-0.0037721502827022,0.0,5.0,5.0,1,Frontrunner,1.0,High-Speed,train
2024,22,Las Vegas,ZHO,1.0041850893411448,0.0134483397908959,0.9794349570142304,1.0009101412369434,1.0070147078264915,1.003985297662087,0.0005453496068311,15.0,2,Kick Sauber,-0.0033752517061533,0.0,13.0,13.0,0,Aggressive,1.0,High-Speed,train
2024,23,Lusail,ALB,1.015027056057075,0.013647633198458,0.9937685477173605,1.0157181366317407,1.0131122776663652,1.018669308351848,0.0006121134092208,21.0,1,Williams,0.0,1.0,16.0,15.0,2,Tyre Manager,0.0,High-Degradation,train
2024,23,Lusail,ALO,0.9995340797560428,0.0169146303002246,0.97179295085109,0.998963232726932,1.0016225946500512,1.0000974754762633,-0.0014950097086884,22.0,1,Aston Martin,0.0,1.0,8.0,7.0,2,Tyre Manager,0.0,High-Degradation,train
2024,23,Lusail,BOT,1.0124228186198794,0.0117314208994177,0.993466557485583,1.0114034880630445,1.005583976153552,1.02399136545478,-0.0002237648534007,13.666666666666666,2,Kick Sauber,0.0050929484792985,2.0,13.0,11.0,0,Aggressive,0.0,High-Degradation,train
2024,23,Lusail,GAS,0.9970466200060084,0.016550780425384,0.9722343211898417,0.9974673357990558,0.9972951542676975,0.998475009838646,-0.0013828533516724,22.0,1,Alpine,0.0,6.0,11.0,5.0,2,Tyre Manager,0.0,High-Degradation,train
2024,23,Lusail,HAM,0.9996371692453372,0.0149128628171421,0.9740927226161646,0.9999472171545736,1.0013402278059584,0.9995189995189996,-0.0067054787879437,14.0,2,Mercedes,0.0045094950543375,-6.0,6.0,12.0,0,Aggressive,0.0,High-Degradation,train
2024,23,Lusail,LAW,1.0134232546205295,0.0093937761233223,0.999773507326167,1.017618656985441,1.0111173147661587,1.0130188974885943,-0.0006128891181756,22.0,1,RB,-0.0009038823401945,3.0,17.0,14.0,2,Tyre Manager,0.0,High-Degradation,train
2024,23,Lusail,LEC,0.987976013716035,0.0153367506746184,0.9668565720624192,0.9892708582688908,0.9922469951371684,0.9835756150570965,-0.0011139704864875,22.5,1,Ferrari,-0.0018857612250995,3.0,5.0,2.0,1,Frontrunner,0.0,High-Degradation,train
2024,23,Lusail,MAG,1.0025937935605045,0.0162304426436754,0.9786690361284852,1.004237703507433,0.99795719470743,1.0081555682330876,-0.0010267367831503,14.333333333333334,2,Haas F1 Team,0.0,1.0,10.0,9.0,0,Aggressive,0.0,High-Degradation,train
2024,23,Lusail,NOR,0.9851626364611608,0.013960026427736,0.9568908944137616,0.9866166700915868,0.9877735742771366,0.9824854301598488,-0.0006298573620938,14.333333333333334,2,McLaren,-0.0012573155064801,-7.0,3.0,10.0,1,Frontrunner,0.0,High-Degradation,train
2024,23,Lusail,PER,1.002295512928473,0.0106958772283846,0.9906208803015256,1.0042599473361018,1.0046770345903293,0.9992691464913686,-0.0010063326411033,30.0,0,Red Bull Racing,0.00940673760856,-8.0,9.0,17.0,2,Tyre Manager,0.0,High-Degradation,train
2024,23,Lusail,PIA,0.9876772674741212,0.0139577650379973,0.9665778118484708,0.9901794508610632,0.9917822423241496,0.9819196656317868,-0.0011603937465135,22.0,1,McLaren,0.0012573155064802,1.0,4.0,3.0,1,Frontrunner,0.0,High-Degradation,train
2024,23,Lusail,RUS,0.990618179136662,0.0141164942158149,0.96816906806976,0.9902451492599628,0.996009608306288,0.9870595955867274,-0.0008584615759044,14.333333333333334,2,Mercedes,-0.0045094950543375,-3.0,1.0,4.0,1,Frontrunner,0.0,High-Degradation,train
2024,23,Lusail,SAI,0.991747536166234,0.0144173457775089,0.9694467190503572,0.9904022742174928,0.9963215974776668,0.9903918331948636,-0.0014553892253856,22.0,1,Ferrari,0.0018857612250995,1.0,7.0,6.0,1,Frontrunner,0.0,High-Degradation,train
2024,23,Lusail,TSU,1.0152310193009186,0.0103834743469806,1.0005633279323545,1.0205978983010862,1.009376242468728,1.0174612082019492,-0.0004026135521629,22.5,1,RB,0.0009038823401943,1.0,14.0,13.0,2,Tyre Manager,0.0,High-Degradation,train
2024,23,Lusail,VER,0.9834820377113528,0.0128099729543051,0.9629423140582262,0.9831045333277824,0.9849626877083524,0.9844690289134732,-0.0006743649858633,22.5,1,Red Bull Racing,-0.00940673760856,1.0,2.0,1.0,1,Frontrunner,0.0,High-Degradation,train
2024,23,Lusail,ZHO,1.0022369216612823,0.0176819998080029,0.9743714828301132,1.0016326502291468,0.9994441386059882,1.0085359770544955,-0.0018461710369605,22.5,1,Kick Sauber,-0.0050929484792985,4.0,12.0,8.0,2,Tyre Manager,0.0,High-Degradation,train
2024,24,Yas Island,ALB,1.005515384443693,0.0060261237575609,0.9981251255496284,1.0087785073859437,1.002146804435363,1.0103813608573355,0.0004805797429928,26.0,1,Williams,0.0,7.0,18.0,11.0,2,Tyre Manager,1.0,High-Speed,train
2024,24,Yas Island,ALO,0.997928184956102,0.0101534779841016,0.9814967747695468,0.9939497202585256,1.0020247949468295,0.9980226239785728,0.0010088417407445,17.0,2,Aston Martin,-0.0019783667322698,-1.0,8.0,9.0,0,Aggressive,1.0,High-Speed,train
2024,24,Yas Island,DOO,1.0079671433403323,0.0077059273646758,0.9945874160212486,1.002190609835785,1.0101087247731737,1.01133737824581,0.0001518070654273,26.0,1,Alpine,0.0026913921616842,2.0,17.0,15.0,2,Tyre Manager,1.0,High-Speed,train
2024,24,Yas Island,GAS,1.002584359016964,0.0078271609127008,0.9956029730152,0.9985921969137634,1.0058798726990237,1.0012390450287094,-0.0009436646154769,27.0,1,Alpine,-0.0026913921616842,-2.0,5.0,7.0,2,Tyre Manager,1.0,High-Speed,train
2024,24,Yas Island,HAM,0.9927967677366618,0.0129971657314666,0.9740195969019932,0.9911890129350776,0.9973341467553192,0.991078647713212,-0.0002306228146987,26.5,1,Mercedes,-0.0008087817569493,12.0,16.0,4.0,2,Tyre Manager,1.0,High-Speed,train
2024,24,Yas Island,HUL,1.0020033193531936,0.004518149753839,0.99493337499721,1.003744157144246,0.9999789124927296,1.006122809718492,0.0010763624947281,26.5,1,Haas F1 Team,-0.0004693189480298,-1.0,7.0,8.0,2,Tyre Manager,1.0,High-Speed,train
2024,24,Yas Island,LAW,1.0035016177203178,0.0094132274812488,0.9904582282436444,1.0023661731460385,1.0066649044007614,1.0031538743465598,6.798011294890614e-05,15.666666666666666,2,RB,-0.0011654836614614,-5.0,12.0,17.0,0,Aggressive,1.0,High-Speed,train
2024,24,Yas Island,LEC,0.9926169448727112,0.0079396471387184,0.9822779724572016,0.9967319419957802,0.9930082653220356,0.992614196844512,-5.247320954416797e-05,26.5,1,Ferrari,0.0015335069702532,16.0,19.0,3.0,2,Tyre Manager,1.0,High-Speed,train
2024,24,Yas Island,MAG,1.0029419572492535,0.0115810093369628,0.9557060911099704,1.0028757922057912,0.9978471230640426,1.0116143592909088,0.0014458428970413,11.75,3,Haas F1 Team,0.00046931894803,-2.0,14.0,16.0,0,Aggressive,1.0,High-Speed,train
2024,24,Yas Island,NOR,0.9883905343640184,0.0079321414599308,0.9758051916166328,0.9966510156518906,0.9931748039561108,0.9798059165239584,-0.0001110154083487,27.0,1,McLaren,-0.0026876008682308,0.0,1.0,1.0,1,Frontrunner,1.0,High-Speed,train
2024,24,Yas Island,PIA,0.99376573610048,0.009573729712423,0.9786175032921904,0.9961865598488384,0.9937426548308154,0.9951670725709444,7.377072010020922e-05,25.5,1,McLaren,0.0026876008682308,-8.0,2.0,10.0,2,Tyre Manager,1.0,High-Speed,train
2024,24,Yas Island,RUS,0.9944143312505604,0.0082938669358754,0.9842532866102716,0.9889157183658134,0.999147181973418,0.9945842385261464,8.674428417424136e-05,26.5,1,Mercedes,0.0008087817569493,1.0,6.0,5.0,2,Tyre Manager,1.0,High-Speed,train
2024,24,Yas Island,SAI,0.9895499309322048,0.0088502600341218,0.9794545008146776,0.995976279122317,0.9909804408556812,0.9849372642512564,-0.0003401925686515,27.0,1,Ferrari,-0.0015335069702533,1.0,3.0,2.0,1,Frontrunner,1.0,High-Speed,train
2024,24,Yas Island,STR,1.0018849184206415,0.0076310093712754,0.9888177130995692,0.9985639883024648,1.0004402973436608,1.0080761559383498,0.0006250225375109,16.666666666666668,2,Aston Martin,0.0019783667322696,-1.0,13.0,14.0,0,Aggressive,1.0,High-Speed,train
2024,24,Yas Island,TSU,1.0058325850432406,0.0078317702858186,0.995469053411602,1.0065343374074749,1.0054952195488662,1.0085646372364414,0.0004365938131465,26.0,1,RB,0.0011654836614614,-1.0,11.0,12.0,2,Tyre Manager,1.0,High-Speed,train
2024,24,Yas Island,VER,0.9937186231211774,0.0100636691347955,0.9794545008146776,0.9938427664197714,0.996747129401772,0.992817758314944,-3.803689445891674e-05,26.5,1,Red Bull Racing,0.0,-2.0,4.0,6.0,2,Tyre Manager,1.0,High-Speed,train
2024,24,Yas Island,ZHO,1.000085931745642,0.0092702471147425,0.9818762136464076,1.0009324606600751,1.003095077194989,0.9988328800241766,0.0002104757666491,16.666666666666668,2,Kick Sauber,0.0,2.0,15.0,13.0,0,Aggressive,1.0,High-Speed,train
2025,1,Melbourne,ALB,1.0009115504402462,0.0268710149881235,0.9219024993597672,1.0009466063348411,1.0058860384335429,1.0009533785397944,-0.0031295911008499,11.333333333333334,2,Williams,0.0,1.0,6.0,5.0,1,Frontrunner,0.0,High-Degradation,test
2025,1,Melbourne,ANT,0.999682688137889,0.0312897016862679,0.9252153634070192,1.0076742081447965,0.996144053611629,0.9973339213848612,-0.0031454923392808,11.333333333333334,2,Mercedes,0.0036005280838625,12.0,16.0,4.0,1,Frontrunner,0.0,High-Degradation,test
2025,1,Melbourne,BEA,1.0131002522789565,0.0228704791749522,0.954660622142791,1.0106403846153846,1.0235945413251188,1.0125562324273665,-0.0036209348857126,10.666666666666666,2,Haas F1 Team,-0.0027865350153637,6.0,20.0,14.0,0,Aggressive,0.0,High-Degradation,test
2025,1,Melbourne,GAS,1.0041066748450405,0.0279734377657236,0.9265121753202528,1.0055191208791208,1.0046109896994877,1.0051773106618465,0.0023812511662256,11.666666666666666,2,Alpine,0.0,-2.0,9.0,11.0,0,Aggressive,0.0,High-Degradation,test
2025,1,Melbourne,HAM,1.003697609131687,0.0289276311700997,0.9177723168798052,1.0003282051282052,0.9928209679945704,1.0140990662640144,0.0055300890841165,12.0,2,Ferrari,0.0021708885704374,-2.0,8.0,10.0,1,Frontrunner,0.0,High-Degradation,test
2025,1,Melbourne,HUL,1.0083334428433195,0.0287776567761754,0.9289423354601776,1.0128054298642537,1.0104591202115474,1.0061532241762683,-0.0022732204667185,11.333333333333334,2,Kick Sauber,0.0,10.0,17.0,7.0,0,Aggressive,0.0,High-Degradation,test
2025,1,Melbourne,LAW,1.0110852805083832,0.0397782018931389,0.904172138159508,1.0019607427055703,1.0099885315526334,1.0214980232470454,0.0236505373809469,14.5,1,Red Bull Racing,0.0134364227615186,3.0,18.0,15.0,0,Aggressive,0.0,High-Degradation,test
2025,1,Melbourne,LEC,0.9993558319908122,0.0285331637937432,0.929247467675056,0.9906162393162394,0.9957650962715444,1.010620986497275,0.0044075945268685,12.0,2,Ferrari,-0.0021708885704372,-1.0,7.0,8.0,1,Frontrunner,0.0,High-Degradation,test
2025,1,Melbourne,NOR,0.978465916653758,0.0281361223159308,0.8954213821399577,0.9796975824175824,0.995351716627757,0.9717791761503102,-0.003572903640429,11.666666666666666,2,McLaren,-0.002358918361244,0.0,1.0,1.0,1,Frontrunner,0.0,High-Degradation,test
2025,1,Melbourne,OCO,1.018673322309684,0.0257957956147876,0.94551755327554,1.018550226244344,1.0129867537261863,1.0239902971497878,0.0064907391278514,11.333333333333334,2,Haas F1 Team,0.0027865350153639,6.0,19.0,13.0,0,Aggressive,0.0,High-Degradation,test
2025,1,Melbourne,PIA,0.9831837533762464,0.029751465570525,0.9071362796754702,0.9865429864253392,0.9883599866093776,0.9803855412830548,-0.0091392442028588,11.333333333333334,2,McLaren,0.0023589183612441,-7.0,2.0,9.0,1,Frontrunner,0.0,High-Degradation,test
2025,1,Melbourne,RUS,0.9924816319701638,0.0250632804303849,0.9270025663798788,0.9946986425339366,0.9993412182395016,0.989828178694158,-0.0029237049541187,11.333333333333334,2,Mercedes,-0.0036005280838625,1.0,4.0,3.0,1,Frontrunner,0.0,High-Degradation,test
2025,1,Melbourne,STR,1.006109695672283,0.0262073384766793,0.9321571212955042,1.0121656108597286,1.013759171501316,0.99999338442031,-0.0025262387033769,11.333333333333334,2,Aston Martin,0.0,7.0,13.0,6.0,0,Aggressive,0.0,High-Degradation,test
2025,1,Melbourne,TSU,1.004175485273089,0.0292520222796864,0.917510774981338,1.002223296703297,1.0027522730493543,1.0089018610255722,0.0059452541152781,11.666666666666666,2,Racing Bulls,0.0,-7.0,5.0,12.0,1,Frontrunner,0.0,High-Degradation,test
2025,1,Melbourne,VER,0.984212434985346,0.0285379645044816,0.905381769439919,0.9801059829059828,0.9896970013400862,0.9873331250650836,0.0044553478781685,12.0,2,Red Bull Racing,-0.0134364227615185,1.0,3.0,2.0,1,Frontrunner,0.0,High-Degradation,test
2025,2,Shanghai,ALB,1.000855026146074,0.0103138767831999,0.9850685169834108,1.0023961794170066,1.002496149386857,1.000495318944086,-0.0004141886223498,26.5,1,Williams,-0.0018718661833876,3.0,10.0,7.0,2,Tyre Manager,1.0,High-Speed,test
2025,2,Shanghai,ANT,1.001100450317632,0.0105193747227894,0.982939834003664,1.002989801415004,1.0044252099267064,0.9993416703789392,0.0001406789195612,26.5,1,Mercedes,0.0031713745490749,2.0,8.0,6.0,2,Tyre Manager,1.0,High-Speed,test
2025,2,Shanghai,BEA,1.0021576472800882,0.012477113904641,0.9861840287372204,1.0042066903585232,1.0066954822347836,0.9994489969679116,-0.0003355717194846,26.5,1,Haas F1 Team,0.0008669015092137,9.0,17.0,8.0,2,Tyre Manager,1.0,High-Speed,test
2025,2,Shanghai,BOR,1.0043007101830632,0.0118484498680617,0.9811795769242578,1.0037757965803682,1.0027627015043958,1.0074644766512848,0.0006297133250834,25.5,1,Kick Sauber,-0.0038701216736258,5.0,19.0,14.0,2,Tyre Manager,1.0,High-Speed,test
2025,2,Shanghai,DOO,1.0053033633924844,0.0093114117806848,0.9868083059572422,1.006832075833222,1.0053926155767006,1.0060498067223267,-0.0004718772809127,26.5,1,Alpine,0.0009307195176322,5.0,18.0,13.0,2,Tyre Manager,1.0,High-Speed,test
2025,2,Shanghai,GAS,1.0034419243572197,0.0103750719534532,0.9868185400100294,1.0011134931509325,1.0031868795768462,1.0068226479759732,-0.0003017843124005,26.5,1,Alpine,-0.0009307195176324,-4.0,16.0,20.0,2,Tyre Manager,1.0,High-Speed,test
2025,2,Shanghai,HAD,1.0018507582128775,0.0105675943776405,0.9811181726075344,1.001955148796441,1.004414810948678,1.001736500007467,-0.0001135444063679,17.0,2,Racing Bulls,0.0004651665451622,-4.0,7.0,11.0,0,Aggressive,1.0,High-Speed,test
2025,2,Shanghai,HAM,0.9929664504132591,0.0136751274205195,0.9729411644305264,0.9917969410412182,0.991682741966366,0.995156149305759,-0.0002590933608159,17.333333333333332,2,Ferrari,-0.001975791770906,-14.0,5.0,19.0,1,Frontrunner,1.0,High-Speed,test
2025,2,Shanghai,HUL,1.0120409535303152,0.0123794266662412,0.9955174848791872,1.0093121287602989,1.0150916780528851,1.0133621257835843,0.0005401593906078,26.0,1,Kick Sauber,0.0038701216736261,-3.0,12.0,15.0,2,Tyre Manager,1.0,High-Speed,test
2025,2,Shanghai,LAW,1.0011325685084551,0.0130386463724389,0.982315556783642,0.9973956396124268,1.0047401862009684,1.0026693845855177,0.0002044505638644,17.0,2,Red Bull Racing,0.003194118676522,8.0,20.0,12.0,0,Aggressive,1.0,High-Speed,test
2025,2,Shanghai,LEC,0.9969180339550712,0.0095839629620035,0.984075813863048,0.9965684165621262,1.0015697326939008,0.9942579193816816,-0.0004301367449117,27.0,1,Ferrari,0.0019757917709058,-12.0,6.0,18.0,2,Tyre Manager,1.0,High-Speed,test
2025,2,Shanghai,NOR,0.9941904693677744,0.0099984775629843,0.9768812747536152,0.9947528442881056,0.9942691900292184,0.994705279822854,-2.8042977853931684e-05,27.0,1,McLaren,0.0010402725138737,1.0,3.0,2.0,2,Tyre Manager,1.0,High-Speed,test
2025,2,Shanghai,OCO,1.0004238442616606,0.010295325721376,0.9798082138507672,1.0024243782695303,1.0016182000056868,1.0000920583712942,-0.0001082669387438,26.5,1,Haas F1 Team,-0.0008669015092137,6.0,11.0,5.0,2,Tyre Manager,1.0,High-Speed,test
2025,2,Shanghai,PIA,0.9921099243400268,0.0079599160957431,0.9775567222375732,0.9958786292465482,0.990552128232674,0.9919096076274296,-0.000104182026489,27.0,1,McLaren,-0.0010402725138738,0.0,1.0,1.0,2,Tyre Manager,1.0,High-Speed,test
2025,2,Shanghai,RUS,0.994757701219482,0.0096295575412659,0.9805860018625976,0.9978033816931604,0.9957950228874928,0.9930132436320556,-0.0002862436586211,27.0,1,Mercedes,-0.003171374549075,-1.0,2.0,3.0,2,Tyre Manager,1.0,High-Speed,test
2025,2,Shanghai,SAI,1.0045987585128493,0.008599785515562,0.990441394696714,1.0039919452508432,1.006317210012329,1.005525298538562,-0.0001593553365269,26.5,1,Williams,0.0018718661833876,5.0,15.0,10.0,2,Tyre Manager,1.0,High-Speed,test
2025,2,Shanghai,STR,1.0044153179440214,0.0115323773068948,0.9829193658980894,1.004485063646256,1.0035389538920028,1.0067449596919054,-5.513469235922432e-05,26.5,1,Aston Martin,0.0,5.0,14.0,9.0,2,Tyre Manager,1.0,High-Speed,test
2025,2,Shanghai,TSU,1.0009204251225527,0.0100195239879631,0.981148874765896,1.0036485278150349,1.0023451919332171,0.9999757037001776,0.0006663411658085,12.0,3,Racing Bulls,-0.0004651665451624,-7.0,9.0,16.0,0,Aggressive,1.0,High-Speed,test
2025,2,Shanghai,VER,0.994744331155411,0.0107485987611959,0.9772292325483816,0.9956761759463788,0.9967402774613972,0.9945029925706648,6.835669670800395e-05,26.5,1,Red Bull Racing,-0.0031941186765219,0.0,4.0,4.0,2,Tyre Manager,1.0,High-Speed,test
2025,3,Suzuka,ALB,0.9986547643316204,0.0127119418788692,0.9777045803246676,0.9983051261685096,0.9999489464292044,0.9965991902834008,-0.0006481801895131,25.0,1,Williams,-0.0036276729289829,0.0,9.0,9.0,2,Tyre Manager,1.0,High-Speed,test
2025,3,Suzuka,ALO,1.00172419342725,0.0119641975398923,0.984624958424085,1.0022869188000243,1.001036671118097,1.0026428709135478,-0.0003328720514391,25.0,1,Aston Martin,-0.002650368984105,1.0,12.0,11.0,2,Tyre Manager,1.0,High-Speed,test
2025,3,Suzuka,ANT,0.9947546752786928,0.0128055704954252,0.9759878973852774,0.9929522820309158,0.9967637708734652,0.993651160869206,-0.000384491236088,25.0,1,Mercedes,-0.0007633432652696,0.0,6.0,6.0,2,Tyre Manager,1.0,High-Speed,test
2025,3,Suzuka,BEA,1.0019827687949958,0.0118635859112454,0.987157065759686,0.9991482861856176,1.0032263020433243,1.0045267013688066,-0.0002457389248808,25.0,1,Haas F1 Team,-0.0027143976052272,0.0,10.0,10.0,2,Tyre Manager,1.0,High-Speed,test
2025,3,Suzuka,BOR,1.0067963477570463,0.0134366742940415,0.9874574852740792,1.009492882018696,1.0062323173830316,1.0035814811754662,-0.0003684424992825,25.0,1,Kick Sauber,-0.0002202718796604,-2.0,17.0,19.0,2,Tyre Manager,1.0,High-Speed,test
2025,3,Suzuka,DOO,1.0066566526828535,0.0107037599973483,0.9944422389837236,1.007491293456345,1.0059543590531452,1.0071210994519264,-0.0006353726436714,25.0,1,Alpine,0.0023067926998057,4.0,19.0,15.0,2,Tyre Manager,1.0,High-Speed,test
2025,3,Suzuka,GAS,1.002043067283242,0.0133150736737439,0.9851614218426444,1.000626260157634,1.003815308980465,1.0007987000468204,-0.0002275627217225,25.0,1,Alpine,-0.0023067926998059,-2.0,11.0,13.0,2,Tyre Manager,1.0,High-Speed,test
2025,3,Suzuka,HAD,0.9983346029634238,0.0120396112303819,0.979764599851936,0.9970196126351804,0.99910136261035,0.9992486711283703,-0.0006269720636187,25.0,1,Racing Bulls,-0.0046322543265776,-1.0,7.0,8.0,2,Tyre Manager,1.0,High-Speed,test
2025,3,Suzuka,HAM,0.9972507322725664,0.0113138088451128,0.980719504736972,0.9971894666096416,0.9975399742368556,0.9970167176182214,-0.0002843740086869,25.0,1,Ferrari,0.0006562483367005,1.0,8.0,7.0,2,Tyre Manager,1.0,High-Speed,test
2025,3,Suzuka,HUL,1.0072368915163674,0.0119879273031732,0.9932298316577792,1.0085788476813098,1.0084536204308825,1.0023145776529236,-0.0005494868490704,25.0,1,Kick Sauber,0.0002202718796604,0.0,16.0,16.0,2,Tyre Manager,1.0,High-Speed,test
2025,3,Suzuka,LAW,1.007599111616579,0.0119765754942871,0.98755404868942,1.0124506629192886,1.0053639339612606,1.0043934010851303,-4.604872043578528e-06,25.0,1,Racing Bulls,0.0046322543265775,-4.0,13.0,17.0,2,Tyre Manager,1.0,High-Speed,test
2025,3,Suzuka,LEC,0.9959382355991654,0.0119940821119585,0.9813954486443568,0.996161177980082,0.9947183004759392,0.9940397211516184,-0.0006129149693198,25.5,1,Ferrari,-0.0006562483367004,0.0,4.0,4.0,2,Tyre Manager,1.0,High-Speed,test
2025,3,Suzuka,NOR,0.9926834804820932,0.0112447015644373,0.977608016909327,0.9886637746685404,0.9945611911758332,0.992723135137996,-0.0006107105314462,25.5,1,McLaren,-0.0002254198247005,0.0,2.0,2.0,1,Frontrunner,1.0,High-Speed,test
2025,3,Suzuka,OCO,1.0074115640054502,0.013170598466443,0.9867386242932094,1.006844259791043,1.0083604949360057,1.006555950315349,-0.0003024033526783,25.0,1,Haas F1 Team,0.002714397605227,0.0,18.0,18.0,2,Tyre Manager,1.0,High-Speed,test
2025,3,Suzuka,PIA,0.9931343201314944,0.0125402971333518,0.9767818632447454,0.9893034765076067,0.9930712017957732,0.9966167303628604,-0.0006679561169512,25.5,1,McLaren,0.0002254198247005,0.0,3.0,3.0,2,Tyre Manager,1.0,High-Speed,test
2025,3,Suzuka,RUS,0.9962813618092322,0.0133307914227592,0.9801937705867836,0.9895747540783282,0.9988212167999432,0.9974451318989136,-0.0008107037924235,25.5,1,Mercedes,0.0007633432652697,0.0,5.0,5.0,2,Tyre Manager,1.0,High-Speed,test
2025,3,Suzuka,SAI,1.0059101101895862,0.0151409785996969,0.977500724225615,1.010386753833934,1.0052386636255126,0.9997356027431216,-0.0001915668135799,25.0,1,Williams,0.003627672928983,1.0,15.0,14.0,2,Tyre Manager,1.0,High-Speed,test
2025,3,Suzuka,STR,1.00702493139546,0.0144485163123102,0.9876506121047606,1.0123958562182076,1.0032303251773511,1.0065167595162798,-0.0009134059133014,15.666666666666666,2,Aston Martin,0.0026503689841048,0.0,20.0,20.0,0,Aggressive,1.0,High-Speed,test
2025,3,Suzuka,TSU,1.0024456294325288,0.0129449612518699,0.9857086145295753,1.0053296266878475,1.0004604275736553,1.0022033104739871,-0.0003619122043236,25.0,1,Red Bull Racing,0.0049746926012015,2.0,14.0,12.0,2,Tyre Manager,1.0,High-Speed,test
2025,3,Suzuka,VER,0.9924962442301256,0.0104271543249822,0.9768033217814877,0.9895851408321624,0.993806232326652,0.99261944993922,-0.0004644071302829,25.5,1,Red Bull Racing,-0.0049746926012016,0.0,1.0,1.0,1,Frontrunner,1.0,High-Speed,test
2025,4,Sakhir,ALB,1.00227078317231,0.0094830484561638,0.9868743206038624,0.9989053613649436,1.0046343054132116,1.001230604159789,0.0009502565453446,16.666666666666668,2,Williams,-0.0024680182910654,3.0,15.0,12.0,0,Aggressive,1.0,High-Speed,test
2025,4,Sakhir,ALO,1.0061735393617994,0.0085909273285924,0.9946461044568388,1.0077647134002172,1.0037631603465946,1.007184714427204,0.0002842085759665,16.666666666666668,2,Aston Martin,-0.0010205926874118,-2.0,13.0,15.0,0,Aggressive,1.0,High-Speed,test
2025,4,Sakhir,ANT,0.999285258331386,0.0081664828571631,0.9822925238487092,0.9951980424734276,1.0025165766017576,0.997643439804116,0.0018425713219214,12.0,3,Mercedes,0.003546947082349,-6.0,5.0,11.0,0,Aggressive,1.0,High-Speed,test
2025,4,Sakhir,BEA,1.0026649599219772,0.0086415195264337,0.9885201101256692,0.9997546169084286,1.005137892481133,1.000842687355563,0.000675464084457,16.666666666666668,2,Haas F1 Team,0.0020172731705829,10.0,20.0,10.0,0,Aggressive,1.0,High-Speed,test
2025,4,Sakhir,BOR,1.0092286123556125,0.0076148985759668,0.995662023914744,1.0043970860757876,1.0100740706233111,1.012763288213932,0.0003854767064948,16.666666666666668,2,Kick Sauber,0.0026485020267592,0.0,18.0,18.0,0,Aggressive,1.0,High-Speed,test
2025,4,Sakhir,DOO,1.001750344566016,0.0074798060905647,0.9822112502920768,1.0056992459582084,0.9988052812199136,1.0006688813689888,0.0010714029598853,16.0,2,Alpine,0.0021229909069679,-3.0,11.0,14.0,0,Aggressive,1.0,High-Speed,test
2025,4,Sakhir,GAS,0.99750436275208,0.0100314573718624,0.9806772119106396,1.0043559758877032,0.990209006364122,0.9974186604321492,0.0002802232093514,16.333333333333332,2,Alpine,-0.0021229909069679,-3.0,4.0,7.0,0,Aggressive,1.0,High-Speed,test
2025,4,Sakhir,HAD,1.0037453564014778,0.0087277487900639,0.9849542328284212,1.0037788623341215,1.004902617317308,1.0004505062176736,0.0003509119850055,16.0,2,Racing Bulls,-0.0003590936643875,-1.0,12.0,13.0,0,Aggressive,1.0,High-Speed,test
2025,4,Sakhir,HAM,0.995502930927636,0.0101878304363973,0.9776700903152398,0.9964259697105248,0.9941670548774806,0.995486134037636,0.000367971186016,16.666666666666668,2,Ferrari,0.0012196352132025,4.0,9.0,5.0,1,Frontrunner,1.0,High-Speed,test
2025,4,Sakhir,HUL,1.0039316083020935,0.0085586019120887,0.988875681935936,1.0030473193175282,1.004185397838442,1.003422643611753,-0.0011238370931413,16.0,2,Kick Sauber,-0.0026485020267594,-4.0,16.0,20.0,0,Aggressive,1.0,High-Speed,test
2025,4,Sakhir,LAW,1.0044635437302531,0.0095848031353461,0.9893023681082562,1.002142628921976,1.004955743967204,1.0053870914493233,0.0004569108903816,16.666666666666668,2,Racing Bulls,0.0003590936643877,1.0,17.0,16.0,0,Aggressive,1.0,High-Speed,test
2025,4,Sakhir,LEC,0.9930636605012308,0.0106911111531297,0.9766236932735972,0.9985679596140328,0.9875347791217484,0.992231953857806,0.0005323211861553,17.0,2,Ferrari,-0.0012196352132025,-2.0,2.0,4.0,1,Frontrunner,1.0,High-Speed,test
2025,4,Sakhir,NOR,0.9917840003840572,0.0097984080998204,0.9725193786636596,0.9964700619847914,0.986962967428656,0.990839369752523,0.0001313347934663,17.0,2,McLaren,0.0021039492773324,3.0,6.0,3.0,1,Frontrunner,1.0,High-Speed,test
2025,4,Sakhir,OCO,0.9986304135808112,0.0066687762410917,0.9864374752369632,0.9990680980680344,0.9972592316531568,0.9992993080774732,0.0010005968440067,16.0,2,Haas F1 Team,-0.0020172731705829,6.0,14.0,8.0,0,Aggressive,1.0,High-Speed,test
2025,4,Sakhir,PIA,0.9875761018293922,0.0104949977119075,0.966545772251176,0.9929516263020004,0.9848725663749148,0.9830033532065846,0.0003093408155403,17.0,2,McLaren,-0.0021039492773325,0.0,1.0,1.0,1,Frontrunner,1.0,High-Speed,test
2025,4,Sakhir,RUS,0.992191364166688,0.0093182556058049,0.9703859478020582,0.999403582763542,0.9963114963498164,0.9906868017763768,0.0004331466620406,17.0,2,Mercedes,-0.003546947082349,1.0,3.0,2.0,1,Frontrunner,1.0,High-Speed,test
2025,4,Sakhir,SAI,1.007206819754441,0.0112504710920131,0.9849745512175794,1.004864756305743,1.007559758584635,1.003946801291222,0.0006188440450139,12.0,2,Williams,0.0024680182910654,-11.0,8.0,19.0,0,Aggressive,1.0,High-Speed,test
2025,4,Sakhir,STR,1.0082147247366229,0.0068238446321014,0.996251257200329,1.0052207808805675,1.0092066523805088,1.009117695609112,0.0003509320181716,16.666666666666668,2,Aston Martin,0.0010205926874116,2.0,19.0,17.0,0,Aggressive,1.0,High-Speed,test
2025,4,Sakhir,TSU,1.0016652951753984,0.008331414807654,0.9877276929485028,0.9981871046073232,1.0025705767259852,1.003355067679102,0.0011664884459679,16.666666666666668,2,Red Bull Racing,0.0026086017900501,1.0,10.0,9.0,0,Aggressive,1.0,High-Speed,test
2025,4,Sakhir,VER,0.996448091595298,0.0097580829934847,0.976979265083864,0.995504238822502,0.9941021072082984,1.0006310526026192,0.0011529715436442,16.0,2,Red Bull Racing,-0.00260860179005,1.0,7.0,6.0,0,Aggressive,1.0,High-Speed,test
2025,5,Jeddah,ALB,1.0018603468551028,0.009109540814628,0.9903168734307296,1.0110059003952168,0.9991582747446772,0.9953535488964864,-0.0001498521202215,22.5,1,Williams,0.0003663249438798,2.0,11.0,9.0,2,Tyre Manager,0.0,High-Degradation,test
2025,5,Jeddah,ALO,1.0041670639503062,0.0113205567522445,0.9853587736118912,1.005198141542634,1.001259773375889,1.007360729369176,-0.000610406078332,22.5,1,Aston Martin,-0.0028282180857639,2.0,13.0,11.0,2,Tyre Manager,0.0,High-Degradation,test
2025,5,Jeddah,ANT,0.9949025271948012,0.0081951680639478,0.978864510387643,0.9953525832334548,0.9940921619730068,0.9966808935368298,-0.000257985692395,22.5,1,Mercedes,0.0004050527416104,-1.0,5.0,6.0,2,Tyre Manager,0.0,High-Degradation,test
2025,5,Jeddah,BEA,1.0045225592364622,0.0110244788382993,0.9877848523693996,1.008836745121072,1.0070433978230724,0.9984886743685428,-0.000424302447574,22.5,1,Haas F1 Team,-0.0039194174176415,2.0,15.0,13.0,2,Tyre Manager,0.0,High-Degradation,test
2025,5,Jeddah,BOR,1.0157969606116144,0.009316176501734,1.0005932769013997,1.019830649960866,1.016402691487549,1.0120088733415809,-0.0003588963939304,44.0,0,Kick Sauber,0.0032247000651308,2.0,20.0,18.0,2,Tyre Manager,0.0,High-Degradation,test
2025,5,Jeddah,DOO,1.012529362872616,0.012731771167922,0.986852560095772,1.0189483471962306,1.012108777117136,1.0069642933321956,0.0004229171427806,22.0,1,Alpine,0.0,0.0,17.0,17.0,2,Tyre Manager,0.0,High-Degradation,test
2025,5,Jeddah,HAD,1.0028121795981022,0.0100057226436329,0.9879861427466604,1.008034533308503,0.998961634515614,1.0020364535615591,-0.0001357155339412,22.5,1,Racing Bulls,0.0001361947172457,4.0,14.0,10.0,2,Tyre Manager,0.0,High-Degradation,test
2025,5,Jeddah,HAM,0.9960761324937996,0.0104024495227488,0.9810257333855984,0.9934552886291248,0.9957508448212132,1.0009675761435497,-0.000235274457025,22.5,1,Ferrari,0.0031886279176804,0.0,7.0,7.0,2,Tyre Manager,0.0,High-Degradation,test
2025,5,Jeddah,HUL,1.0093475604813529,0.011400290818314,0.9899884522888835,1.015497546224624,1.0086041445515137,1.0044127895284138,-1.3391524709635138e-05,21.5,1,Kick Sauber,-0.0032247000651308,3.0,18.0,15.0,2,Tyre Manager,0.0,High-Degradation,test
2025,5,Jeddah,LAW,1.0025397901636104,0.0113867658510933,0.9852422370776877,1.0060060834395783,1.0030865761145915,0.9994540159251564,-0.0008321284839403,22.5,1,Racing Bulls,-0.000136194717246,0.0,12.0,12.0,2,Tyre Manager,0.0,High-Degradation,test
2025,5,Jeddah,LEC,0.9896988766584386,0.0100926892385071,0.9767032873896876,0.9836899515012026,0.9941131769593188,0.9938407335404048,-0.0003015716917605,22.5,1,Ferrari,-0.0031886279176804,1.0,4.0,3.0,1,Frontrunner,0.0,High-Degradation,test
2025,5,Jeddah,NOR,0.9898041126802344,0.012460050370296,0.9723172760114844,0.9861303307691206,0.992339662221622,0.993078739395023,-0.0004514004512805,22.5,1,McLaren,0.0010408242782091,6.0,10.0,4.0,1,Frontrunner,0.0,High-Degradation,test
2025,5,Jeddah,OCO,1.012361394071745,0.0080408118324486,0.9991312731086652,1.019678479983009,1.0130742420471208,1.0046204942711991,-0.0004359537236045,46.0,0,Haas F1 Team,0.0039194174176413,5.0,19.0,14.0,2,Tyre Manager,0.0,High-Degradation,test
2025,5,Jeddah,PIA,0.987722464123816,0.0064624778577904,0.9770846796834444,0.9838644007366344,0.989021545989984,0.992436668081905,7.572850321186075e-05,22.5,1,McLaren,-0.0010408242782091,1.0,2.0,1.0,1,Frontrunner,0.0,High-Degradation,test
2025,5,Jeddah,RUS,0.9940924217115804,0.0063426374806963,0.9841298428875636,0.9945618315896368,0.9911860895801315,0.9979270481851432,0.0002514509575193,22.5,1,Mercedes,-0.0004050527416102,-2.0,3.0,5.0,2,Tyre Manager,0.0,High-Degradation,test
2025,5,Jeddah,SAI,1.001127696967343,0.0083034892441639,0.9796061065143924,1.00683885570215,0.9996949074308614,0.9973780846610504,-0.0003344686561067,22.5,1,Williams,-0.0003663249438798,-2.0,6.0,8.0,2,Tyre Manager,0.0,High-Degradation,test
2025,5,Jeddah,STR,1.009823500121834,0.0109578170044395,0.9825618967910078,1.011158037029368,1.0074963117163838,1.0120949557247072,0.0004284127228457,22.0,1,Aston Martin,0.0028282180857639,0.0,16.0,16.0,2,Tyre Manager,0.0,High-Degradation,test
2025,5,Jeddah,VER,0.987287629823465,0.0061730642530025,0.9776355796633156,0.9783431461028262,0.9919291194533102,0.994634756765212,-9.154674647840689e-05,22.5,1,Red Bull Racing,0.0,-1.0,1.0,2.0,1,Frontrunner,0.0,High-Degradation,test
2025,7,Imola,ALB,0.9959484848222622,0.0126698617501509,0.9597533467366252,0.9950601899084236,0.9950804867337651,0.99860600939291,-1.2038619649077636e-05,17.0,2,Williams,-0.000556165682082,2.0,7.0,5.0,1,Frontrunner,0.0,High-Degradation,test
2025,7,Imola,ALO,1.0040977946614336,0.0121692004406701,0.9794292159074192,1.0048484531747748,1.004562212443778,1.0038239130304716,4.7822418693655725e-05,16.333333333333332,2,Aston Martin,-0.0007910877782191,-6.0,5.0,11.0,0,Aggressive,0.0,High-Degradation,test
2025,7,Imola,ANT,1.0051431445271153,0.0101804327554339,0.9883293286912176,1.0082095745878887,1.006487568561707,1.0017643778020893,-0.0007471215643137,20.5,1,Mercedes,0.0044477062310954,-6.0,13.0,19.0,2,Tyre Manager,0.0,High-Degradation,test
2025,7,Imola,BEA,1.0007220364730995,0.0145907184891824,0.9764257343206002,0.999957240491354,1.001365511450666,1.0016894620645092,0.000147590207095,24.5,1,Haas F1 Team,0.0,2.0,19.0,17.0,2,Tyre Manager,0.0,High-Degradation,test
2025,7,Imola,BOR,1.003604928461847,0.0079883314103436,0.9884519197763938,1.001920218675295,1.003562795616035,1.0061595438527215,-0.0002237995581299,12.25,3,Kick Sauber,-0.0010004246880923,-4.0,14.0,18.0,0,Aggressive,0.0,High-Degradation,test
2025,7,Imola,COL,1.005675967243662,0.0111157551487041,0.9849580738488696,1.0016764960747035,1.008823778932341,1.007088738639695,-0.0001414796642708,16.0,2,Alpine,0.0019919800411705,0.0,16.0,16.0,0,Aggressive,0.0,High-Degradation,test
2025,7,Imola,GAS,1.001692007161321,0.0112324466428739,0.985607806600304,1.0016739555792054,1.003393718647327,1.0008503401360545,-0.0011158111760808,16.333333333333332,2,Alpine,-0.0019919800411705,-3.0,10.0,13.0,0,Aggressive,0.0,High-Degradation,test
2025,7,Imola,HAD,0.9996262173775506,0.0117319684840093,0.9742681312214976,0.9980820481686642,0.9982715967802552,1.0034145584355112,-0.0003074314259524,17.0,2,Racing Bulls,-0.001266068139608,0.0,9.0,9.0,0,Aggressive,0.0,High-Degradation,test
2025,7,Imola,HAM,0.9957538691632496,0.016461208536724,0.9594591281322022,0.9964960349083268,0.9974110089166608,0.994235279525517,-0.0010377299980349,17.333333333333332,2,Ferrari,0.0019430356947519,8.0,12.0,4.0,1,Frontrunner,0.0,High-Degradation,test
2025,7,Imola,HUL,1.0056057778380316,0.0098730299880015,0.9856445839258569,1.007416942643274,1.0072564025259054,1.0030933657543932,-0.0001902626015196,25.5,1,Kick Sauber,0.0010004246880923,5.0,17.0,12.0,2,Tyre Manager,0.0,High-Degradation,test
2025,7,Imola,LAW,1.0021583536567669,0.0095051355181819,0.986527239739126,1.0048318244769678,1.0008052648848629,1.0019639342104474,-0.0004499496344298,16.333333333333332,2,Racing Bulls,0.0012660681396081,1.0,15.0,14.0,0,Aggressive,0.0,High-Degradation,test
2025,7,Imola,LEC,0.9918677977737458,0.0119447038935347,0.9690580101015054,0.9914072866953788,0.9947560205012989,0.9901964233362648,-8.731719320796152e-05,16.666666666666668,2,Ferrari,-0.0019430356947519,5.0,11.0,6.0,1,Frontrunner,0.0,High-Degradation,test
2025,7,Imola,NOR,0.98800073650801,0.0173490189987562,0.9600230471240132,0.9904248632289608,0.9843177178194172,0.9875525261409166,-0.0007312575693883,17.0,2,McLaren,-0.0001148918842777,2.0,4.0,2.0,1,Frontrunner,0.0,High-Degradation,test
2025,7,Imola,PIA,0.9882305202765654,0.0127150731403339,0.9671701073897908,0.9902009459353524,0.9844344590325071,0.9889489885664028,-0.0004408812943744,16.666666666666668,2,McLaren,0.0001148918842778,-2.0,1.0,3.0,1,Frontrunner,0.0,High-Degradation,test
2025,7,Imola,RUS,0.9962477320649242,0.011812483434935,0.977455499436081,0.9971588682033168,0.9962865969248051,0.9936873350923484,-0.0002613214019567,16.666666666666668,2,Mercedes,-0.0044477062310955,-4.0,3.0,7.0,1,Frontrunner,0.0,High-Degradation,test
2025,7,Imola,SAI,0.9970608161864264,0.0099571030720404,0.9787181876133968,0.9942749768979876,0.99845394873529,0.9991511556249588,0.0004803050461639,16.333333333333332,2,Williams,0.0005561656820821,-2.0,6.0,8.0,0,Aggressive,0.0,High-Degradation,test
2025,7,Imola,STR,1.0056799702178718,0.009022956275018,0.9868704947776198,1.00515806369108,1.0050149948345553,1.0077884275961924,-0.0002619743550284,16.333333333333332,2,Aston Martin,0.0007910877782191,-7.0,8.0,15.0,0,Aggressive,0.0,High-Degradation,test
2025,7,Imola,TSU,1.004239488175008,0.0117345853470685,0.9812067866424752,1.010042429263639,1.0014145235430407,1.0026277441495508,-0.0001442286563579,25.5,1,Red Bull Racing,0.0095680955203109,10.0,20.0,10.0,2,Tyre Manager,0.0,High-Degradation,test
2025,7,Imola,VER,0.9851032971343864,0.0148987574603255,0.956063355072819,0.9905030572349998,0.9802332049751836,0.9842928985409196,-0.0001131110241826,17.333333333333332,2,Red Bull Racing,-0.0095680955203109,1.0,2.0,1.0,1,Frontrunner,0.0,High-Degradation,test
2025,8,Monaco,ALB,1.0065560997667522,0.0280774925231028,0.965382027124961,1.011781765055814,1.0059788482850147,1.0047024978165435,-0.0049735716251401,22.666666666666668,2,Williams,-0.0006594352721935,1.0,10.0,9.0,0,Aggressive,0.0,High-Degradation,test
2025,8,Monaco,ANT,1.021113245244942,0.022292459716199,0.9514183662905062,1.0233580757722394,1.020399228359169,1.0224679319350292,0.0035783425963164,33.5,1,Mercedes,0.005940402705107,-3.0,15.0,18.0,2,Tyre Manager,0.0,High-Degradation,test
2025,8,Monaco,BEA,1.011121566858444,0.0202681936102468,0.9687208820788902,1.0093446361292884,1.0082789164974384,1.02020277306622,0.0029003622134824,35.0,1,Haas F1 Team,0.0041541205736741,8.0,20.0,12.0,2,Tyre Manager,0.0,High-Degradation,test
2025,8,Monaco,BOR,1.009373306212432,0.0199583053932141,0.9690961797287504,1.0067668054729328,1.0088065079228388,1.0152110530927636,0.0037322719401893,22.666666666666668,2,Kick Sauber,-0.0039897261316785,2.0,16.0,14.0,0,Aggressive,0.0,High-Degradation,test
2025,8,Monaco,COL,1.01366696254027,0.0211611145148964,0.974453877212962,1.0103288192135866,1.0148348513174952,1.017142820265342,0.0003637555911157,22.666666666666668,2,Alpine,0.0,5.0,18.0,13.0,0,Aggressive,0.0,High-Degradation,test
2025,8,Monaco,HAD,1.003282588439707,0.0156658948632543,0.983292783932084,1.004678604580319,1.0067985530842136,0.997894475002058,-0.0009986615671129,23.0,2,Racing Bulls,0.0008065804813712,-1.0,5.0,6.0,0,Aggressive,0.0,High-Degradation,test
2025,8,Monaco,HAM,0.9864055359176488,0.0213444819090336,0.9588207889015424,0.9896936347412254,0.987294898531576,0.9837990519610336,-0.0023819942445058,23.33333333333333,2,Ferrari,0.0036442695931255,2.0,7.0,5.0,1,Frontrunner,0.0,High-Degradation,test
2025,8,Monaco,HUL,1.017352758475789,0.0210954968190823,0.9734832798426336,1.0197769768228526,1.0168500668385176,1.0181459911170263,0.0001276269135484,22.666666666666668,2,Kick Sauber,0.0039897261316785,-3.0,13.0,16.0,0,Aggressive,0.0,High-Degradation,test
2025,8,Monaco,LAW,1.0016694274769644,0.0229955346526754,0.974751527073196,1.0006400835170477,1.0021983071867704,1.0039861520832825,-0.0020055504998343,22.666666666666668,2,Racing Bulls,-0.0008065804813712,1.0,9.0,8.0,0,Aggressive,0.0,High-Degradation,test
2025,8,Monaco,LEC,0.9791169967313976,0.0194228426378384,0.9583678434620562,0.9746664400441916,0.9833460050778188,0.9781547024056224,-0.0013472221126919,23.33333333333333,2,Ferrari,-0.0036442695931255,0.0,2.0,2.0,1,Frontrunner,0.0,High-Degradation,test
2025,8,Monaco,NOR,0.980478871781262,0.0230080401631853,0.9475748007040066,0.9790190079601144,0.9818410813762736,0.97817840558724,-0.0019041192198951,23.666666666666668,2,McLaren,0.0007977789607506,0.0,1.0,1.0,1,Frontrunner,0.0,High-Degradation,test
2025,8,Monaco,OCO,1.002813325711096,0.0174665276553386,0.9726291541567448,1.010996732448767,1.0002389318536604,1.0016009622026638,-0.0017364540983413,23.0,2,Haas F1 Team,-0.0041541205736739,1.0,8.0,7.0,0,Aggressive,0.0,High-Degradation,test
2025,8,Monaco,PIA,0.9788833138597606,0.0204626553590796,0.954356040998033,0.9818192119203424,0.9787939496166228,0.978350440061438,-0.0017334035386187,23.33333333333333,2,McLaren,-0.0007977789607507,0.0,3.0,3.0,1,Frontrunner,0.0,High-Degradation,test
2025,8,Monaco,RUS,1.009232439834728,0.031097961823875,0.9499559995858784,1.0168550465992463,1.0055252833433457,1.0106046199617156,-0.0017958824202259,22.0,2,Mercedes,-0.005940402705107,3.0,14.0,11.0,0,Aggressive,0.0,High-Degradation,test
2025,8,Monaco,SAI,1.0078749703111394,0.0297103691939775,0.9575007764778962,1.007317218975633,1.0084314718075051,1.009692537814307,-0.0020794099236201,22.666666666666668,2,Williams,0.0006594352721935,1.0,11.0,10.0,0,Aggressive,0.0,High-Degradation,test
2025,8,Monaco,STR,1.0159297866056038,0.0223363725417407,0.969005590640853,1.016057493788711,1.0165848857226325,1.0169155113589918,0.0004732792046493,22.666666666666668,2,Aston Martin,0.0,4.0,19.0,15.0,0,Aggressive,0.0,High-Degradation,test
2025,8,Monaco,TSU,1.0192760637747176,0.0196315658633884,0.9694714773786104,1.0189895470383274,1.0189091093881009,1.022497988638857,-0.0004481951427282,35.0,1,Red Bull Racing,0.0188256141570408,-5.0,12.0,17.0,2,Tyre Manager,0.0,High-Degradation,test
2025,8,Monaco,VER,0.981624835460636,0.0188106654244612,0.9606325706594886,0.9831994844338688,0.9848236151802936,0.9765776559544996,-0.0013571698174942,35.0,1,Red Bull Racing,-0.0188256141570406,0.0,4.0,4.0,1,Frontrunner,0.0,High-Degradation,test
2025,9,Barcelona,ALO,1.0032874879514857,0.0149924131693276,0.9641801543863114,0.9978144285615024,1.0068963526822756,1.005065782534159,-0.0005516225698322,13.25,3,Aston Martin,0.0,1.0,10.0,9.0,0,Aggressive,1.0,High-Speed,test
2025,9,Barcelona,ANT,1.0005525182904382,0.0116513087559059,0.9657474654605366,1.0024202097980135,1.0008336520076482,0.9995981201236868,0.0016521306231645,16.0,2,Mercedes,0.0046234998867804,-12.0,6.0,18.0,0,Aggressive,1.0,High-Speed,test
2025,9,Barcelona,BEA,1.007206020046864,0.012908749723907,0.9737938183770308,1.0060129387841137,1.011382196728277,1.0040409832149026,-0.0013616549376405,13.5,3,Haas F1 Team,-0.0008481031490885,-3.0,14.0,17.0,0,Aggressive,1.0,High-Speed,test
2025,9,Barcelona,BOR,1.0089161671405398,0.0162233976259485,0.966265788807918,1.0025418790065592,1.0110558742298703,1.0135503389860074,0.000822694115165,18.0,2,Kick Sauber,0.0032245517062963,0.0,12.0,12.0,0,Aggressive,1.0,High-Speed,test
2025,9,Barcelona,COL,1.0134764070319202,0.0175156346681726,0.9669568866044268,1.0106720170119905,1.015614758161603,1.0146242939845624,-0.0007616662828817,13.5,3,Alpine,0.004215490874835,3.0,18.0,15.0,0,Aggressive,1.0,High-Speed,test
2025,9,Barcelona,GAS,1.0050454252822498,0.0144786329331899,0.9613170349436324,1.004700926235911,1.0072799376814674,1.003646592961196,-0.0002762136114782,13.5,3,Alpine,-0.0042154908748353,0.0,8.0,8.0,0,Aggressive,1.0,High-Speed,test
2025,9,Barcelona,HAD,1.0002541338458062,0.0138689027417009,0.9597620649014876,1.0019296581482722,0.998807449897316,1.00180054319673,-0.0006986370897182,13.5,3,Racing Bulls,-0.0029442503017269,2.0,9.0,7.0,0,Aggressive,1.0,High-Speed,test
2025,9,Barcelona,HAM,0.9937554377672606,0.0162157708676097,0.958972238848335,0.9947583467754206,0.9908347446052992,0.9947371654414024,0.0009125696323061,14.0,3,Ferrari,0.0016265921033262,-1.0,5.0,6.0,1,Frontrunner,1.0,High-Speed,test
2025,9,Barcelona,HUL,1.0024670637279471,0.0152992148729026,0.957355563645788,0.9983098054532604,1.005382055095248,1.0038855024418067,-0.0005766399092695,13.5,3,Kick Sauber,-0.0032245517062963,10.0,15.0,5.0,0,Aggressive,1.0,High-Speed,test
2025,9,Barcelona,LAW,1.00614263444926,0.0128765903811741,0.9801741319626562,1.008223908541953,1.0069570143757525,1.0042723082675575,-0.0003375432999858,18.0,2,Racing Bulls,0.0029442503017267,2.0,13.0,11.0,0,Aggressive,1.0,High-Speed,test
2025,9,Barcelona,LEC,0.9905022535606082,0.0164863465284266,0.9534557975083456,0.9918434427975772,0.9868309205135208,0.9916713229636868,0.0010989798847548,14.0,3,Ferrari,-0.0016265921033261,4.0,7.0,3.0,1,Frontrunner,1.0,High-Speed,test
2025,9,Barcelona,NOR,0.985658178093434,0.0180601382993728,0.940226211118036,0.9871792920838788,0.9845047801147228,0.983878729547642,0.0013539899108101,14.0,3,McLaren,0.0005622882741683,0.0,2.0,2.0,1,Frontrunner,1.0,High-Speed,test
2025,9,Barcelona,OCO,1.0089022263450411,0.0163213207150665,0.9703013062982456,1.0066522833513123,1.010177749451172,1.0106568797208324,0.0008393369614852,18.0,2,Haas F1 Team,0.0008481031490885,0.0,16.0,16.0,0,Aggressive,1.0,High-Speed,test
2025,9,Barcelona,PIA,0.9845336015450974,0.0174151091755538,0.9347467928742882,0.9887482119487476,0.9814531548757168,0.983507200926774,-0.0001910316560972,14.0,3,McLaren,-0.0005622882741683,0.0,1.0,1.0,1,Frontrunner,1.0,High-Speed,test
2025,9,Barcelona,RUS,0.9913055185168772,0.0158621139973916,0.953270682027138,0.990146696289984,0.993839457674257,0.9902856302463128,0.000598552085933,13.75,3,Mercedes,-0.0046234998867804,0.0,4.0,4.0,1,Frontrunner,1.0,High-Speed,test
2025,9,Barcelona,SAI,1.0051672358396373,0.011442264058222,0.9788536415300412,1.005795949112822,1.0101958784788612,0.999075458232176,-0.0011254774644292,13.5,3,Williams,0.0,3.0,17.0,14.0,0,Aggressive,1.0,High-Speed,test
2025,9,Barcelona,TSU,1.0018338299016565,0.0148619281371478,0.9625758202158448,0.9980323388529784,1.0047518752757758,1.0028992059278956,0.0002366144223602,10.4,4,Red Bull Racing,0.0089437278998618,6.0,19.0,13.0,0,Aggressive,1.0,High-Speed,test
2025,9,Barcelona,VER,0.9839463741019328,0.0147488012893829,0.9504939498090228,0.983657168484818,0.985178953331917,0.980881174008772,0.0012619832617204,10.8,4,Red Bull Racing,-0.0089437278998617,-7.0,3.0,10.0,1,Frontrunner,1.0,High-Speed,test
2025,10,Montréal,ALB,1.0089441937634709,0.0125088649622489,0.9924715076522304,1.0127160170548648,1.0109225725331672,1.0072186807009742,0.0008676052049546,21.0,1,Williams,0.0024134000193074,-11.0,9.0,20.0,2,Tyre Manager,0.0,High-Degradation,test
2025,10,Montréal,ALO,0.9976537501356776,0.0116621545871492,0.9771930967111688,0.9953633881683256,0.9980176030270624,1.0014101483114974,0.0005831082741075,20.0,2,Aston Martin,-0.0023718658417455,-1.0,6.0,7.0,0,Aggressive,0.0,High-Degradation,test
2025,10,Montréal,ANT,0.984309697807624,0.0095066464089223,0.9697818300227938,0.9811318888765058,0.985940097926446,0.9876549445081224,-0.0001198870764088,20.33333333333333,2,Mercedes,-0.0003955444744088,1.0,4.0,3.0,1,Frontrunner,0.0,High-Degradation,test
2025,10,Montréal,BEA,1.0055295637650865,0.0131421303083318,0.9820514490394008,1.0144363801570129,1.004721161576896,1.0024044999769854,0.0002770508609076,31.0,1,Haas F1 Team,0.0010096532599446,2.0,13.0,11.0,2,Tyre Manager,0.0,High-Degradation,test
2025,10,Montréal,BOR,1.007820926250775,0.0125539325452317,0.9822728752849236,1.0153173226831849,1.0102025382960036,1.0031718268132346,0.0003041620118066,31.0,1,Kick Sauber,0.0032165628512306,1.0,15.0,14.0,2,Tyre Manager,0.0,High-Degradation,test
2025,10,Montréal,COL,1.00748815663701,0.0079452427842303,0.99089547378704,1.0080572186017338,1.0038368973669756,1.0124362391674584,-2.7905644590877952e-05,31.0,1,Alpine,-6.953708469459308e-05,-3.0,10.0,13.0,2,Tyre Manager,0.0,High-Degradation,test
2025,10,Montréal,GAS,1.0076272308063992,0.0135571790012566,0.9767893194399218,1.0111783148924196,1.008353742832352,1.0070398445051658,0.0005406623793583,31.0,1,Alpine,6.953708469459308e-05,5.0,20.0,15.0,2,Tyre Manager,0.0,High-Degradation,test
2025,10,Montréal,HAD,1.0079860505666955,0.0096681532137539,0.993708889612504,1.0184773391194617,1.0079530709772944,1.003148289180221,0.0003530261528844,31.0,1,Racing Bulls,-0.002449566706232,-4.0,12.0,16.0,2,Tyre Manager,0.0,High-Degradation,test
2025,10,Montréal,HAM,0.9921966786063172,0.0094513103616993,0.9743406056659067,0.9895651097859964,0.9897624139727452,0.998384464046353,-0.0002423782404102,20.0,2,Ferrari,0.0020619011268825,-1.0,5.0,6.0,1,Frontrunner,0.0,High-Degradation,test
2025,10,Montréal,HUL,1.0013878005483134,0.0100801700797735,0.9817258222077498,1.00249612856821,1.0029917716329633,1.0018003673962983,-5.502278315268623e-05,31.0,1,Kick Sauber,-0.0032165628512306,3.0,11.0,8.0,2,Tyre Manager,0.0,High-Degradation,test
2025,10,Montréal,LAW,1.0128851839791595,0.0076750521783275,0.9940735916639528,1.0130852223949511,1.0176227687751913,1.0114898170968998,-0.0004075598422716,25.0,1,Racing Bulls,0.002449566706232,0.0,19.0,19.0,2,Tyre Manager,0.0,High-Degradation,test
2025,10,Montréal,LEC,0.9880728763525524,0.011548829990175,0.9672549658091826,0.9859382078394424,0.9895911011263834,0.9907867959315172,1.7622472520324136e-05,20.33333333333333,2,Ferrari,-0.0020619011268824,3.0,8.0,5.0,1,Frontrunner,0.0,High-Degradation,test
2025,10,Montréal,NOR,0.984727994832676,0.012892104002379,0.9668381634646694,0.9822007204914036,0.9883572440892854,0.9860435641543098,-8.005026856904756e-05,20.33333333333333,2,McLaren,8.22074296302766e-06,-11.0,7.0,18.0,1,Frontrunner,0.0,High-Degradation,test
2025,10,Montréal,OCO,1.003510257245197,0.012360306324269,0.971579290133507,1.0066635780038304,1.0039602830706855,1.003408772318907,-0.0002061147362352,31.0,1,Haas F1 Team,-0.0010096532599446,5.0,14.0,9.0,2,Tyre Manager,0.0,High-Degradation,test
2025,10,Montréal,PIA,0.9847115533467498,0.0107032349504252,0.9671768153695864,0.9829150499479086,0.9863655426206585,0.987073869375586,-5.664619234689304e-05,20.33333333333333,2,McLaren,-8.220742963138683e-06,-1.0,3.0,4.0,1,Frontrunner,0.0,High-Degradation,test
2025,10,Montréal,RUS,0.9851007867564416,0.0134633724078602,0.9654054054054052,0.981004085523265,0.9847598754998448,0.987842027960616,-0.0010794390155312,20.666666666666668,2,Mercedes,0.0003955444744088,0.0,1.0,1.0,1,Frontrunner,0.0,High-Degradation,test
2025,10,Montréal,SAI,1.0041173937248558,0.0133153186759936,0.9689221751872352,1.0054091517728498,1.006142087261554,1.0040767180379868,-0.0003229917446784,31.0,1,Williams,-0.0024134000193074,6.0,16.0,10.0,2,Tyre Manager,0.0,High-Degradation,test
2025,10,Montréal,STR,1.0023974818191683,0.0160935989530824,0.9756040377727124,1.007483545635243,1.001734940089386,1.001819842608207,0.0003796415760795,20.0,2,Aston Martin,0.0023718658417453,0.0,17.0,17.0,0,Aggressive,0.0,High-Degradation,test
2025,10,Montréal,TSU,1.0071432022772868,0.0104158036559741,0.9815434711820252,1.0105391263475163,1.004437905149562,1.009369024056507,0.0003231353683729,31.0,1,Red Bull Racing,0.0115671811547646,6.0,18.0,12.0,2,Tyre Manager,0.0,High-Degradation,test
2025,10,Montréal,VER,0.9840088399677576,0.0089628822203574,0.9675936177140996,0.9812741461804104,0.9848909823255036,0.987633679178478,0.0002673933789701,20.33333333333333,2,Red Bull Racing,-0.0115671811547646,0.0,2.0,2.0,1,Frontrunner,0.0,High-Degradation,test
2025,11,Spielberg,ALO,1.0043276335699742,0.0110161658583006,0.9890117660368822,0.9958513618953042,1.009605081436327,1.007185560900788,0.0003110159196846,32.0,1,Aston Martin,-0.0004971733500145,4.0,11.0,7.0,2,Tyre Manager,1.0,High-Speed,test
2025,11,Spielberg,BEA,1.0051531154086182,0.0097442290511482,0.9893653128181922,1.002658807700932,1.007046754068744,1.0080680771182826,-0.000621591381912,20.666666666666668,2,Haas F1 Team,0.002019208310676,4.0,15.0,11.0,0,Aggressive,1.0,High-Speed,test
2025,11,Spielberg,BOR,0.9996266089799972,0.0107990614401666,0.9792821586152282,1.005075073563397,1.0007348370095666,0.9971654525567528,0.0003590880627476,20.666666666666668,2,Kick Sauber,-0.0006737917367676,0.0,8.0,8.0,0,Aggressive,1.0,High-Speed,test
2025,11,Spielberg,COL,1.0058653990604236,0.0115100285725838,0.9845712184636272,1.0075727518610935,1.0081584663020209,1.0047566090577875,0.0002677763640601,20.33333333333333,2,Alpine,-0.0003450212745794,-1.0,14.0,15.0,0,Aggressive,1.0,High-Speed,test
2025,11,Spielberg,GAS,1.0065554416095823,0.0097828414502438,0.9920664102274014,1.004996361872423,1.0045575257039328,1.0144066379838357,0.000673238144678,20.666666666666668,2,Alpine,0.0003450212745794,-3.0,10.0,13.0,0,Aggressive,1.0,High-Speed,test
2025,11,Spielberg,HAD,1.009047206015189,0.0105794796295821,0.9928159294037788,1.0033880748592057,1.0136087538697311,1.0106627977366316,0.0004076812057751,31.5,1,Racing Bulls,0.0028966351118178,1.0,13.0,12.0,2,Tyre Manager,1.0,High-Speed,test
2025,11,Spielberg,HAM,0.9916598875474318,0.0116897713879939,0.97052834030999,0.9962669476926816,0.9915214903309008,0.9916840875496666,0.0004822945002861,21.0,2,Ferrari,0.0012522290282785,0.0,4.0,4.0,1,Frontrunner,1.0,High-Speed,test
2025,11,Spielberg,HUL,1.0009741924535327,0.0096766886351878,0.9822802353207378,1.0021929443206312,1.003104238294072,1.0004865435838846,-0.0007944981567612,20.666666666666668,2,Kick Sauber,0.0006737917367678,11.0,20.0,9.0,0,Aggressive,1.0,High-Speed,test
2025,11,Spielberg,LAW,1.0032539357915533,0.0107978982995193,0.9896057246294832,1.0064432489060096,1.0044404717421196,1.002541756275285,0.0001663217942195,32.5,1,Racing Bulls,-0.0028966351118178,0.0,6.0,6.0,2,Tyre Manager,1.0,High-Speed,test
2025,11,Spielberg,LEC,0.9891554294908746,0.0110820009505852,0.9724657766715692,0.9966218331092782,0.9886237590780882,0.9874042128103344,0.0001887904719139,21.0,2,Ferrari,-0.0012522290282785,-1.0,2.0,3.0,1,Frontrunner,1.0,High-Speed,test
2025,11,Spielberg,NOR,0.985331512399054,0.0100347345642038,0.965493834144134,0.9948510089239267,0.9857461859557298,0.9804993088824924,0.000823161076304,21.0,2,McLaren,-0.0001823852443266,0.0,1.0,1.0,1,Frontrunner,1.0,High-Speed,test
2025,11,Spielberg,OCO,1.0011146987872663,0.0110062196505614,0.9835671456047064,0.9990444766816612,1.0019167212033506,1.0052657659987752,0.0001966621367664,20.666666666666668,2,Haas F1 Team,-0.0020192083106758,7.0,17.0,10.0,0,Aggressive,1.0,High-Speed,test
2025,11,Spielberg,PIA,0.9856962828877076,0.012097258201133,0.9605724629482976,0.9905221274209784,0.9890541351632884,0.9804011838453728,0.0010635699952777,21.0,2,McLaren,0.0001823852443266,1.0,3.0,2.0,1,Frontrunner,1.0,High-Speed,test
2025,11,Spielberg,RUS,0.99839972380701,0.0091944384620647,0.9810498925217788,1.00014096336979,1.0017648443212783,0.995666636048704,0.0002806822029683,21.0,2,Mercedes,0.0,0.0,5.0,5.0,0,Aggressive,1.0,High-Speed,test
2025,11,Spielberg,STR,1.005321980270003,0.0145126741183458,0.9788154768638988,1.0016219019556314,1.007237223217199,1.0091935709390047,0.000413517051075,20.33333333333333,2,Aston Martin,0.0004971733500143,2.0,16.0,14.0,0,Aggressive,1.0,High-Speed,test
2025,11,Spielberg,TSU,1.0053772667741772,0.0119636476341632,0.9871308971603124,1.00028420908363,1.0065768975576368,1.0114376941684189,0.0011905300010755,14.75,3,Red Bull Racing,0.0,2.0,18.0,16.0,0,Aggressive,1.0,High-Speed,test
2025,12,Silverstone,ALB,0.9876326943611068,0.0655923177209054,0.87362354835893,0.986631388974594,0.9869977920518012,0.9854947105045968,-0.0035547395315574,11.333333333333334,2,Williams,9.58037234155551e-05,5.0,13.0,8.0,1,Frontrunner,1.0,High-Speed,test
2025,12,Silverstone,ALO,0.9807021149176708,0.0620831315229907,0.8765923180658367,0.982971275590063,0.9805112618894696,0.9752838171164794,-0.0054026599590908,11.0,2,Aston Martin,-0.0015157862002274,-2.0,7.0,9.0,1,Frontrunner,1.0,High-Speed,test
2025,12,Silverstone,BEA,0.9832413567436318,0.0611517876698484,0.8821029755610101,0.9891738999554334,0.976426068435896,0.9897868301117853,-0.0097470218893996,11.0,2,Haas F1 Team,-0.0049313877474501,7.0,18.0,11.0,1,Frontrunner,1.0,High-Speed,test
2025,12,Silverstone,GAS,0.9814853197601346,0.0585503364375308,0.8804536590571731,0.987088738047639,0.977718454366273,0.9780315527340024,-0.0033096185480162,11.0,2,Alpine,0.0,2.0,8.0,6.0,1,Frontrunner,1.0,High-Speed,test
2025,12,Silverstone,HAM,0.9750015361281162,0.0581216002504306,0.8733227906435245,0.9767403567498876,0.971152506883166,0.9763158304939528,-0.0034441513409357,11.0,2,Ferrari,-0.0032367468893038,1.0,5.0,4.0,1,Frontrunner,1.0,High-Speed,test
2025,12,Silverstone,HUL,0.9787221050072452,0.0574263296964995,0.8822193979024575,0.9869535468122108,0.9721299266529704,0.9732003768745912,-0.0052814400169912,11.333333333333334,2,Kick Sauber,0.0,16.0,19.0,3.0,1,Frontrunner,1.0,High-Speed,test
2025,12,Silverstone,LEC,0.981475029906724,0.0596511474850184,0.8811133856587079,0.9920827128507635,0.9725617347609424,0.9858297038175357,-0.0105938956215048,11.0,2,Ferrari,0.0032367468893037,-8.0,6.0,14.0,1,Frontrunner,1.0,High-Speed,test
2025,12,Silverstone,NOR,0.9686492896810426,0.0529870776303323,0.8705868656195123,0.9740071222241476,0.964572561835342,0.9665372507979372,-0.0022031092474918,11.333333333333334,2,McLaren,0.0010806161937769,2.0,3.0,1.0,1,Frontrunner,1.0,High-Speed,test
2025,12,Silverstone,OCO,0.993104132238532,0.0665155637844662,0.8811036837969205,0.9928681017248596,0.9917986214787556,0.9891563344389852,-0.0028259748627537,12.0,2,Haas F1 Team,0.0049313877474501,1.0,14.0,13.0,1,Frontrunner,1.0,High-Speed,test
2025,12,Silverstone,PIA,0.9664880572934886,0.0501107609809416,0.8667352264899634,0.9696359193778878,0.9621433347693408,0.967402225980766,-0.0027748576507595,11.333333333333334,2,McLaren,-0.0010806161937769,0.0,2.0,2.0,1,Frontrunner,1.0,High-Speed,test
2025,12,Silverstone,RUS,0.9784036556615212,0.057648863785357,0.8815984787480717,0.9808804489170846,0.9758311719354192,0.9824874854940304,-0.0112806908897892,11.0,2,Mercedes,0.0,-6.0,4.0,10.0,1,Frontrunner,1.0,High-Speed,test
2025,12,Silverstone,SAI,0.9874410869142756,0.0604797430885555,0.8794252617077216,0.984653710849722,0.9858753047063435,0.9894772260985432,-0.0060040631355902,11.0,2,Williams,-9.580372341566612e-05,-3.0,9.0,12.0,1,Frontrunner,1.0,High-Speed,test
2025,12,Silverstone,STR,0.9837336873181256,0.0536737475350664,0.8934250482667623,0.9875358729326836,0.9778624323111405,0.9822987889304042,-0.0026982528460615,8.5,3,Aston Martin,0.0015157862002274,10.0,17.0,7.0,1,Frontrunner,1.0,High-Speed,test
2025,12,Silverstone,TSU,0.9997950849192204,0.0598941313887601,0.8816372861952209,0.997163977869729,1.0013768113618822,0.9950586984483786,-0.0054040766536049,11.0,2,Red Bull Racing,0.0095009588846339,-4.0,11.0,15.0,1,Frontrunner,1.0,High-Speed,test
2025,12,Silverstone,VER,0.9807931671499523,0.059292199195211,0.8749041941148505,0.9831101944170892,0.9802550100647308,0.978373533637518,-0.0034986532718696,11.333333333333334,2,Red Bull Racing,-0.0095009588846338,-4.0,1.0,5.0,1,Frontrunner,1.0,High-Speed,test
2025,13,Spa-Francorchamps,ALB,1.02302262074667,0.0557482919469151,0.9915892275271772,1.0124926647645645,1.0322037845641705,1.0169781344002855,0.0019596601038638,19.0,1,Williams,-0.0032448040437029,-1.0,5.0,6.0,0,Aggressive,1.0,High-Speed,test
2025,13,Spa-Francorchamps,ALO,1.0284428311935063,0.0575116678265058,0.9826400170814806,1.013326427157646,1.0391320405633382,1.024852586515272,0.0013643381095624,12.0,2,Aston Martin,0.000454740892825,3.0,20.0,17.0,0,Aggressive,1.0,High-Speed,test
2025,13,Spa-Francorchamps,ANT,1.0298162606204828,0.0619711630049002,0.973468004715974,1.0087653253022342,1.0474442859939044,1.0211811926164405,0.001358407706706,12.0,2,Mercedes,0.0041128642647163,3.0,19.0,16.0,0,Aggressive,1.0,High-Speed,test
2025,13,Spa-Francorchamps,BEA,1.0298390891310287,0.0568176347899366,0.9906237525413344,1.0124235280627558,1.042989152269988,1.0246678072270716,0.0003295191944837,19.0,1,Haas F1 Team,-0.0015542388309544,1.0,12.0,11.0,0,Aggressive,1.0,High-Speed,test
2025,13,Spa-Francorchamps,BOR,1.026145756429619,0.0573570268910524,0.9930095897659652,1.0174620759896669,1.0347137294204387,1.0191116747107147,0.0018043054438919,19.0,1,Kick Sauber,7.687317701066121e-05,1.0,10.0,9.0,0,Aggressive,1.0,High-Speed,test
2025,13,Spa-Francorchamps,COL,1.032470285341181,0.0614959514229022,0.9850072874794604,1.0109733435858004,1.0525671317656051,1.0202359385036712,0.0008225818315031,12.0,2,Alpine,0.004023816053263,-4.0,15.0,19.0,3,Backmarker,1.0,High-Speed,test
2025,13,Spa-Francorchamps,GAS,1.0244226532346548,0.0501798280024655,0.994968389977627,1.008087672447534,1.040051963716086,1.0140033064531977,0.001569187694447,18.5,1,Alpine,-0.004023816053263,3.0,13.0,10.0,0,Aggressive,1.0,High-Speed,test
2025,13,Spa-Francorchamps,HAD,1.0397563501862652,0.0579898143003525,0.9995172625070786,1.031397264788268,1.0481545172384867,1.0326216933964365,0.0015898406494793,11.666666666666666,2,Racing Bulls,0.0073467886055806,-12.0,8.0,20.0,3,Backmarker,1.0,High-Speed,test
2025,13,Spa-Francorchamps,HAM,1.020553721402812,0.0536648137163486,0.9889991552093876,1.0102330749981454,1.0282164601168218,1.016795025261773,0.0003714562460731,19.0,1,Ferrari,0.0013926341489871,11.0,18.0,7.0,0,Aggressive,1.0,High-Speed,test
2025,13,Spa-Francorchamps,HUL,1.0259920100755977,0.0596593101105001,0.9753896712743342,1.0133006179959276,1.0344833813345262,1.0234149925187417,0.0020074214103415,12.0,2,Kick Sauber,-7.687317701066121e-05,2.0,14.0,12.0,0,Aggressive,1.0,High-Speed,test
2025,13,Spa-Francorchamps,LAW,1.025062772975104,0.0571827229764344,0.9900667477418098,1.0190362006515714,1.032269458143303,1.0174072110382923,0.0019530753509846,19.0,1,Racing Bulls,-0.0073467886055804,1.0,9.0,8.0,0,Aggressive,1.0,High-Speed,test
2025,13,Spa-Francorchamps,LEC,1.0177684531048377,0.0555548206709733,0.9856571264122392,1.008881536790843,1.0231606982812285,1.016214724161114,0.0026506645041589,19.0,1,Ferrari,-0.0013926341489871,0.0,3.0,3.0,0,Aggressive,1.0,High-Speed,test
2025,13,Spa-Francorchamps,NOR,1.016019018293699,0.0557550859770623,0.977144236392837,1.01423878805048,1.015848303966022,1.015973311615314,0.0008636359810015,19.0,1,McLaren,0.0007609955923331,-1.0,1.0,2.0,0,Aggressive,1.0,High-Speed,test
2025,13,Spa-Francorchamps,OCO,1.0329475667929375,0.0616901155056295,0.990948672007724,1.0108367564432037,1.052883787566391,1.0216405850018129,0.0014485609202432,19.0,1,Haas F1 Team,0.0015542388309544,-4.0,11.0,15.0,3,Backmarker,1.0,High-Speed,test
2025,13,Spa-Francorchamps,PIA,1.014497027109033,0.0511446689836506,0.9813124889759468,1.012410037974598,1.0135657331820445,1.0160416359207294,0.002144968477678,19.0,1,McLaren,-0.0007609955923328,1.0,2.0,1.0,0,Aggressive,1.0,High-Speed,test
2025,13,Spa-Francorchamps,RUS,1.02159053209105,0.0552371048290533,0.9892962244358008,1.006692769987252,1.0347220076026826,1.013747761240259,0.0027005075032439,19.0,1,Mercedes,-0.0041128642647165,1.0,6.0,5.0,0,Aggressive,1.0,High-Speed,test
2025,13,Spa-Francorchamps,SAI,1.0295122288340757,0.0623247577261315,0.9847195016663728,1.0187436812052344,1.0358133173018669,1.0284653227326404,0.0014010571330733,12.0,2,Williams,0.0032448040437027,-1.0,17.0,18.0,0,Aggressive,1.0,High-Speed,test
2025,13,Spa-Francorchamps,STR,1.0275333494078562,0.0565928080365129,0.9952933094440164,1.0150124172615522,1.0384604048726185,1.020748134155549,0.0010359027240315,18.5,1,Aston Martin,-0.000454740892825,2.0,16.0,14.0,0,Aggressive,1.0,High-Speed,test
2025,13,Spa-Francorchamps,TSU,1.031747319170102,0.0574227928733765,0.9955625284304532,1.013753144876802,1.0469759248385206,1.0237659263955925,0.0017425474402422,19.0,1,Red Bull Racing,0.0068515254846799,-6.0,7.0,13.0,0,Aggressive,1.0,High-Speed,test
2025,13,Spa-Francorchamps,VER,1.0180442682007425,0.0557349210511532,0.9849330201728572,1.013548264162906,1.0204244831103009,1.0167175910489694,0.0026094450260006,19.0,1,Red Bull Racing,-0.0068515254846797,0.0,4.0,4.0,0,Aggressive,1.0,High-Speed,test
2025,14,Budapest,ALB,1.0046047374082354,0.013052281549359,0.9818051436627934,1.0005500236478495,1.0091678405349445,1.0046981086323958,6.305410637698907e-05,21.33333333333333,2,Williams,-4.01658746171929e-05,4.0,19.0,15.0,0,Aggressive,1.0,High-Speed,test
2025,14,Budapest,ALO,0.9982042604324866,0.0146967443671603,0.9737104380378238,1.0049362995501867,0.9963295771237158,0.9927047594230594,-0.000366222818553,33.5,1,Aston Martin,-0.0008550579302427,0.0,5.0,5.0,2,Tyre Manager,1.0,High-Speed,test
2025,14,Budapest,ANT,1.0027050489335965,0.0141693199696008,0.98139190043269,1.0003204232453244,1.0045622718478358,1.004102453568991,-0.0004161751772283,33.0,1,Mercedes,0.0070197533437117,5.0,15.0,10.0,2,Tyre Manager,1.0,High-Speed,test
2025,14,Budapest,BEA,1.0138638131521838,0.0088361788643368,0.99651174096942,1.011808569120822,1.018038485393633,1.011905671653489,0.0004858837180761,22.0,1,Haas F1 Team,0.0021173651287536,-9.0,11.0,20.0,2,Tyre Manager,1.0,High-Speed,test
2025,14,Budapest,BOR,0.9997708840212376,0.0137137928274589,0.9809057319266856,1.0011455845329953,1.0007837328074,0.9974415024779112,-0.0001780307054004,33.5,1,Kick Sauber,-0.0009096144153134,1.0,7.0,6.0,2,Tyre Manager,1.0,High-Speed,test
2025,14,Budapest,COL,1.0035729586999853,0.0132060005817157,0.9823885458699984,1.0040813654944092,1.0034250789178916,1.00382584330208,-0.0001510832748555,21.33333333333333,2,Alpine,-0.0031685721617704,-4.0,14.0,18.0,0,Aggressive,1.0,High-Speed,test
2025,14,Budapest,GAS,1.009910103023526,0.0108405765057425,0.9897539987359618,1.0039290236918696,1.0157923212300186,1.0107900864447907,0.0002334600586876,33.0,1,Alpine,0.0031685721617702,-3.0,16.0,19.0,2,Tyre Manager,1.0,High-Speed,test
2025,14,Budapest,HAD,1.0038388896500616,0.0157533543074442,0.982084690553746,1.002212251224109,1.0063998321355505,1.0033761475080585,2.806637315259164e-05,33.0,1,Racing Bulls,0.0019208053712231,-1.0,10.0,11.0,2,Tyre Manager,1.0,High-Speed,test
2025,14,Budapest,HAM,1.0033788711167286,0.0171659790697405,0.9726044046866644,0.9971177263667385,1.0071856681611953,1.0072473849389467,0.0001977470508539,33.0,1,Ferrari,0.0051020990693555,0.0,12.0,12.0,2,Tyre Manager,1.0,High-Speed,test
2025,14,Budapest,HUL,1.0015901128518645,0.0142571873271006,0.9724950167728134,0.9983351491503666,1.0063919249176878,1.0003576624636277,-0.0009964855402593,21.33333333333333,2,Kick Sauber,0.0009096144153133,5.0,18.0,13.0,0,Aggressive,1.0,High-Speed,test
2025,14,Budapest,LAW,0.9999972789076154,0.015273146335719,0.9778914871894596,0.9989860165071068,1.0036040563618889,0.997418339920186,-0.0001953002338242,33.5,1,Racing Bulls,-0.001920805371223,1.0,9.0,8.0,2,Tyre Manager,1.0,High-Speed,test
2025,14,Budapest,LEC,0.9931746729780176,0.0114972396115011,0.977684865574408,0.9968509379880618,0.9845949395862842,0.997211690131186,-4.300302759029038e-05,22.0,2,Ferrari,-0.0051020990693554,-3.0,1.0,4.0,1,Frontrunner,1.0,High-Speed,test
2025,14,Budapest,NOR,0.9878626581226784,0.0119084482599068,0.9713403665710536,0.9935550785648124,0.982585629268545,0.988003403609177,-0.0001963768882322,33.5,1,McLaren,0.0013639105787085,2.0,3.0,1.0,1,Frontrunner,1.0,High-Speed,test
2025,14,Budapest,OCO,1.0096290828946766,0.0098364854268958,0.9956244834459622,1.0049906176388388,1.013458984810942,1.011402090742537,-0.0006006745406093,33.0,1,Haas F1 Team,-0.0021173651287536,1.0,17.0,16.0,2,Tyre Manager,1.0,High-Speed,test
2025,14,Budapest,PIA,0.9851348369652612,0.0123574410902631,0.9651903349701004,0.9930553281723852,0.9786471293209014,0.9839681000107772,-5.46413715638356e-05,21.666666666666668,2,McLaren,-0.0013639105787084,0.0,2.0,2.0,1,Frontrunner,1.0,High-Speed,test
2025,14,Budapest,RUS,0.9886655422461732,0.0113608154581631,0.9651538723321502,0.9921255259047902,0.9850832782844596,0.9895031792218988,-5.571886902257724e-05,21.666666666666668,2,Mercedes,-0.0070197533437116,1.0,4.0,3.0,1,Frontrunner,1.0,High-Speed,test
2025,14,Budapest,SAI,1.0046850691574698,0.0144935907276362,0.96978462735184,1.0010298427417994,1.0104979888666372,1.0026814581312642,-4.2318371711118656e-05,21.33333333333333,2,Williams,4.01658746171929e-05,-1.0,13.0,14.0,0,Aggressive,1.0,High-Speed,test
2025,14,Budapest,STR,0.999914376292972,0.0144975690437017,0.980942194564636,0.9995230092569484,1.0026262901574403,0.9976808489077408,-0.000262602198451,33.5,1,Aston Martin,0.0008550579302427,-1.0,6.0,7.0,2,Tyre Manager,1.0,High-Speed,test
2025,14,Budapest,TSU,1.005683043961787,0.013484642818299,0.9866789829354854,1.0045912722543158,1.007485531719901,1.0055023440025868,0.0004789085648073,21.33333333333333,2,Red Bull Racing,0.0041219215366101,3.0,20.0,17.0,0,Aggressive,1.0,High-Speed,test
2025,14,Budapest,VER,0.9974392008885664,0.0145295540530205,0.9671836258447176,0.9949346825601006,0.9989738715851204,0.9993954918882174,-3.639727662612544e-05,21.666666666666668,2,Red Bull Racing,-0.0041219215366103,-1.0,8.0,9.0,1,Frontrunner,1.0,High-Speed,test
2025,15,Zandvoort,ALB,0.9958368151729964,0.013046350984759,0.968609924416694,0.9945222723533664,1.0008915556018323,0.9937506268963616,-0.0002220366127321,18.666666666666668,2,Williams,-0.0010441546622946,10.0,15.0,5.0,1,Frontrunner,0.0,High-Degradation,test
2025,15,Zandvoort,ALO,1.000429485072929,0.0128695347216315,0.9690305619454485,1.0034241723301225,0.9952525790535994,1.0057984296728373,0.0001467357733734,17.333333333333332,2,Aston Martin,-0.0002688914146389,2.0,10.0,8.0,0,Aggressive,0.0,High-Degradation,test
2025,15,Zandvoort,ANT,0.9942196419225666,0.0153530787283676,0.9658889254025632,0.9949721139740334,0.996261202893856,0.9934184008477496,-0.0002845615318768,18.0,2,Mercedes,0.0004952254023894,-5.0,11.0,16.0,1,Frontrunner,0.0,High-Degradation,test
2025,15,Zandvoort,BEA,1.0048964837331582,0.0124655763758545,0.9720670391061452,1.0072371646268,1.0063716940857976,1.0030067516738133,-0.0007285236966657,28.0,1,Haas F1 Team,-0.0010504585785557,14.0,20.0,6.0,2,Tyre Manager,0.0,High-Degradation,test
2025,15,Zandvoort,BOR,1.00900079985615,0.0111586775030512,0.9767597765363129,1.010667278294845,1.0092826888167663,1.0093213574837467,0.0012302025783371,17.666666666666668,2,Kick Sauber,0.0010602744312651,-2.0,13.0,15.0,0,Aggressive,0.0,High-Degradation,test
2025,15,Zandvoort,COL,1.0051800732707734,0.012178274965526,0.9602234636871508,1.011034493653389,1.004008071482561,1.0025021291257907,-0.0051030667690762,13.5,3,Alpine,-0.0017381639185778,5.0,16.0,11.0,0,Aggressive,0.0,High-Degradation,test
2025,15,Zandvoort,GAS,1.008656401107929,0.0086583616104656,0.9891291488662504,1.0113439024187585,1.00728602665556,1.0098101444369216,0.0001200728845025,28.0,1,Alpine,0.0017381639185778,-3.0,14.0,17.0,2,Tyre Manager,0.0,High-Degradation,test
2025,15,Zandvoort,HAD,0.9885235434956104,0.0127253589296395,0.9638777522182056,0.98524454858428,0.9924341420241566,0.9900198099250233,-0.0001064185939519,18.666666666666668,2,Racing Bulls,-0.0048684311924411,1.0,4.0,3.0,1,Frontrunner,0.0,High-Degradation,test
2025,15,Zandvoort,HUL,1.0068802509936197,0.0114561470840966,0.984712454814328,1.0123412080461296,1.004420622696518,1.0062023706618182,0.0001213019485391,17.666666666666668,2,Kick Sauber,-0.0010602744312653,3.0,17.0,14.0,0,Aggressive,0.0,High-Degradation,test
2025,15,Zandvoort,LAW,0.9982604058804928,0.0120864338543241,0.9711337495892212,1.0016823432968005,0.9944833324165244,1.001454754405662,0.0008281495744076,17.666666666666668,2,Racing Bulls,0.0048684311924411,-4.0,8.0,12.0,0,Aggressive,0.0,High-Degradation,test
2025,15,Zandvoort,LEC,0.9943510458620242,0.0085362605740069,0.9800460072297076,0.9990094219884872,0.9924579632517456,0.9938676414759297,3.55301351948757e-05,21.5,1,Ferrari,0.0,-13.0,6.0,19.0,2,Tyre Manager,0.0,High-Degradation,test
2025,15,Zandvoort,NOR,0.9829731087122316,0.0162342735051901,0.9514163654288532,0.9816509998851648,0.9778851972055668,0.9888248035212176,-0.0009703881662348,17.666666666666668,2,McLaren,0.0014813079176403,-16.0,2.0,18.0,1,Frontrunner,0.0,High-Degradation,test
2025,15,Zandvoort,OCO,1.0069974008902698,0.0114647890771775,0.972540256325994,1.010610731287751,1.0050039756162206,1.0078494263328384,-0.0006764859171475,27.5,1,Haas F1 Team,0.0010504585785557,8.0,18.0,10.0,2,Tyre Manager,0.0,High-Degradation,test
2025,15,Zandvoort,PIA,0.9800104928769507,0.0146817752234975,0.9499967137693066,0.9812264404394924,0.9729873152268426,0.986234675683416,-0.0001621346626462,19.0,2,McLaren,-0.0014813079176404,0.0,1.0,1.0,1,Frontrunner,0.0,High-Degradation,test
2025,15,Zandvoort,RUS,0.9932291911177876,0.0117400438915816,0.9691488662504106,0.9932627619767735,0.9945595585172844,0.994095419895183,6.110666306468585e-06,18.666666666666668,2,Mercedes,-0.0004952254023894,1.0,5.0,4.0,1,Frontrunner,0.0,High-Degradation,test
2025,15,Zandvoort,SAI,0.997925124497586,0.0115757650097441,0.9702004600722972,0.9965012594571134,0.9998465182776406,0.9997409230229136,-0.0031287144337938,13.0,3,Williams,0.0010441546622946,-4.0,9.0,13.0,0,Aggressive,0.0,High-Degradation,test
2025,15,Zandvoort,STR,1.0009672679022068,0.0110235720224099,0.9703844889911272,1.006447336509264,0.9953669068705648,1.0040347286390388,-0.0008773756499489,17.666666666666668,2,Aston Martin,0.0002688914146389,12.0,19.0,7.0,0,Aggressive,0.0,High-Degradation,test
2025,15,Zandvoort,TSU,1.0039863195433358,0.0092799262952523,0.977377587906671,1.0083288274800326,1.005375364431487,0.99993255059518,-0.0001567010128013,18.0,2,Red Bull Racing,0.0078417279551894,3.0,12.0,9.0,0,Aggressive,0.0,High-Degradation,test
2025,15,Zandvoort,VER,0.9883028636329568,0.0158008354330701,0.9585409135721328,0.9861100724824332,0.98799102347706,0.9899277551435196,-0.0003611128183566,19.0,2,Red Bull Racing,-0.0078417279551895,1.0,3.0,2.0,1,Frontrunner,0.0,High-Degradation,test
2025,16,Monza,ALB,0.9993332854371724,0.0136121447863452,0.974303709557679,0.9949486532909404,0.9992371720577392,1.0046016995118423,-0.000586545079873,25.0,1,Williams,-0.0006784051360323,7.0,14.0,7.0,2,Tyre Manager,1.0,High-Speed,test
2025,16,Monza,ANT,1.0000014368848338,0.0120806453275637,0.981488133726082,0.9966853049738696,1.0036441541109122,1.000363767853914,-0.0005997914692629,25.0,1,Mercedes,0.0023406853940657,-3.0,6.0,9.0,2,Tyre Manager,1.0,High-Speed,test
2025,16,Monza,BEA,1.000439129599681,0.011855078816951,0.9797159757645424,1.000989717233237,0.9997441184881918,1.0014419653234643,-0.0007584019361603,24.5,1,Haas F1 Team,-0.0025513258683744,-1.0,11.0,12.0,2,Tyre Manager,1.0,High-Speed,test
2025,16,Monza,BOR,1.0003577843235865,0.010780019851294,0.9835356946140766,1.0003873844242226,1.0000070241983636,1.0015216054962934,-0.0005695572837361,25.0,1,Kick Sauber,0.0,-1.0,7.0,8.0,2,Tyre Manager,1.0,High-Speed,test
2025,16,Monza,COL,1.0078117172582088,0.0120647797040692,0.984733098642144,1.0105975072849007,1.0078169293215125,1.00588814806342,-0.0001598956412662,24.5,1,Alpine,7.025584858566525e-05,0.0,17.0,17.0,2,Tyre Manager,1.0,High-Speed,test
2025,16,Monza,GAS,1.0076712055610375,0.0110714900273339,0.9840865004669876,1.007399385584735,1.0111677586428105,1.00517823473631,-0.0006473707832132,24.5,1,Alpine,-7.025584858566525e-05,4.0,20.0,16.0,2,Tyre Manager,1.0,High-Speed,test
2025,16,Monza,HAD,1.0015096869985871,0.0129696857320267,0.9834638503723928,1.0008690567554728,1.0026916728128403,1.0017595371542216,-0.0006458783226974,25.0,1,Racing Bulls,-0.0020530689465239,9.0,19.0,10.0,2,Tyre Manager,1.0,High-Speed,test
2025,16,Monza,HAM,0.9965581818617236,0.0121966444672679,0.9764350887276386,0.993786500018273,0.9983029536754118,0.9983330320014464,-0.0005011682341231,25.0,1,Ferrari,0.0011556146274874,4.0,10.0,6.0,2,Tyre Manager,1.0,High-Speed,test
2025,16,Monza,LAW,1.005615824891635,0.010799895908213,0.9911751323131452,1.0024587947228008,1.0098170196326344,1.0052504067980472,-0.001380580444333,25.0,1,Racing Bulls,0.0020530689465239,4.0,18.0,14.0,2,Tyre Manager,1.0,High-Speed,test
2025,16,Monza,LEC,0.9942469526067488,0.0118222948495618,0.9734176305769092,0.9969286993385228,0.9937863941277704,0.9928945941059484,-0.0006383953307395,25.0,1,Ferrari,-0.0011556146274874,0.0,4.0,4.0,2,Tyre Manager,1.0,High-Speed,test
2025,16,Monza,NOR,0.9934365824304674,0.012149433172012,0.9687118327466052,0.9991229031904396,0.9894657683956526,0.9911103548271596,-0.0002773603991988,25.5,1,McLaren,-0.0007520166866468,0.0,2.0,2.0,1,Frontrunner,1.0,High-Speed,test
2025,16,Monza,OCO,1.00554178133643,0.0080325972571387,0.9925521469454224,1.003686640756511,1.00514415016876,1.0086230116707684,-0.0005324867931223,49.0,0,Haas F1 Team,0.0025513258683744,0.0,15.0,15.0,2,Tyre Manager,1.0,High-Speed,test
2025,16,Monza,PIA,0.9949406158037608,0.0136029744518016,0.9728309026031564,0.9989116690421372,0.991029685501848,0.9940790056756746,-0.0008995131897447,25.5,1,McLaren,0.0007520166866467,0.0,3.0,3.0,2,Tyre Manager,1.0,High-Speed,test
2025,16,Monza,RUS,0.9953200660967024,0.0117179986679602,0.9794764949589292,0.9991082849102804,0.9939655111860358,0.993794250587597,-0.000487458574426,25.0,1,Mercedes,-0.0023406853940656,0.0,5.0,5.0,2,Tyre Manager,1.0,High-Speed,test
2025,16,Monza,SAI,1.000690095709237,0.0129234023011158,0.9787580525420888,0.9974365801577731,1.0020119311026487,1.003380574793649,-0.0004644539275047,24.5,1,Williams,0.0006784051360324,2.0,13.0,11.0,2,Tyre Manager,1.0,High-Speed,test
2025,16,Monza,STR,1.0054794674533367,0.0090537773257358,0.9838350456210936,1.0021360588967525,1.0067081094370105,1.0083588235511165,-0.0005245897938597,24.5,1,Aston Martin,0.0,-2.0,16.0,18.0,2,Tyre Manager,1.0,High-Speed,test
2025,16,Monza,TSU,1.0057422707569987,0.0094960701886402,0.9903968196949016,1.0051478273581114,1.0087458293822218,1.0040744892424516,-0.0005317829234988,25.0,1,Red Bull Racing,0.0081150606661227,-4.0,9.0,13.0,2,Tyre Manager,1.0,High-Speed,test
2025,16,Monza,VER,0.9895121494247532,0.0128080132866804,0.969933184855234,0.9972064466615502,0.9869790644456428,0.9837224059755886,-0.0003461703520975,25.5,1,Red Bull Racing,-0.0081150606661227,0.0,1.0,1.0,1,Frontrunner,1.0,High-Speed,test
2025,17,Baku,ALB,1.0011792321426582,0.0126433435598362,0.9820194420086932,1.0058676762841434,1.004828897901187,0.9912464810423994,-0.0012367660270908,22.0,1,Williams,0.0031144162087788,6.0,19.0,13.0,2,Tyre Manager,1.0,High-Speed,test
2025,17,Baku,ALO,1.004073633115016,0.0088966066735092,0.9900338490840004,1.0055316206584757,1.008286039912546,0.9979826433908068,-0.0009014431367019,22.0,1,Aston Martin,-0.0020931745537859,-4.0,11.0,15.0,2,Tyre Manager,1.0,High-Speed,test
2025,17,Baku,ANT,0.9951626505582324,0.0104361991641805,0.9814442904421125,0.9958211442653762,0.996059398469037,0.9958439489051734,-0.0009604905630805,22.5,1,Mercedes,0.0008495533408554,0.0,4.0,4.0,2,Tyre Manager,1.0,High-Speed,test
2025,17,Baku,BEA,1.0024109650803286,0.0138507622239926,0.9833017471407424,1.0075715266596073,1.0062207411605,0.9915115221237668,-0.0003604553252267,22.0,1,Haas F1 Team,-0.003019093854353,3.0,15.0,12.0,2,Tyre Manager,1.0,High-Speed,test
2025,17,Baku,BOR,1.0027904708271296,0.0093853864014279,0.989354981661151,1.006742871510703,1.0019299733155156,1.001592932715382,-0.0005012060817296,22.0,1,Kick Sauber,-0.0012796265200585,2.0,13.0,11.0,2,Tyre Manager,1.0,High-Speed,test
2025,17,Baku,COL,1.0096115874073603,0.0075961181424663,0.9999622851431752,1.0117101638581818,1.0122315607045225,1.0052866616701452,-0.0004865832085961,21.5,1,Alpine,-0.0008762126039103,-3.0,16.0,19.0,2,Tyre Manager,1.0,High-Speed,test
2025,17,Baku,GAS,1.011364012615181,0.0096942777587905,0.9946539190450598,1.0159448470702326,1.0180917618575225,0.9964092847339168,-6.102957679031713e-05,21.5,1,Alpine,0.0008762126039103,0.0,18.0,18.0,2,Tyre Manager,1.0,High-Speed,test
2025,17,Baku,HAD,0.9974673187908274,0.0123593001770396,0.97949254660142,0.9972650149170016,0.9933494948555188,1.007925265578327,-0.0005868493479777,22.0,1,Racing Bulls,-9.529430017085616e-05,-2.0,8.0,10.0,2,Tyre Manager,1.0,High-Speed,test
2025,17,Baku,HAM,0.9973053163376474,0.0104170304580528,0.9803694170226008,0.996869726465227,0.9996680297885115,0.9971311093760068,0.0001130678697536,22.0,1,Ferrari,0.0001553594954437,4.0,12.0,8.0,2,Tyre Manager,1.0,High-Speed,test
2025,17,Baku,HUL,1.0053497238672469,0.0134871681704103,0.9840749017056544,1.0104805837213688,1.007882178062901,0.996667287483614,-0.0003414207729798,22.0,1,Kick Sauber,0.0012796265200587,1.0,17.0,16.0,2,Tyre Manager,1.0,High-Speed,test
2025,17,Baku,LAW,0.9976579073911692,0.0085336188763296,0.9855929246928598,0.9979297791488636,0.9960030598584816,1.0032420175277317,-0.0007526784256921,22.5,1,Racing Bulls,9.529430017096718e-05,-2.0,3.0,5.0,2,Tyre Manager,1.0,High-Speed,test
2025,17,Baku,LEC,0.99699459734676,0.0080843938136558,0.9831697451418552,0.999047439449546,0.998635644719982,0.9943553412941168,-0.0006805978935517,22.0,1,Ferrari,-0.0001553594954437,1.0,10.0,9.0,2,Tyre Manager,1.0,High-Speed,test
2025,17,Baku,NOR,0.9967629509818292,0.0080303979505602,0.982047728151312,1.0001057729037626,0.997824220715787,0.9931939957450164,-0.0004283152188882,22.0,1,McLaren,0.0,0.0,7.0,7.0,2,Tyre Manager,1.0,High-Speed,test
2025,17,Baku,OCO,1.0084491527890345,0.009601308277643,0.9936733327676106,1.0118437270912972,1.0125730385028446,0.9996531263168352,-0.0006139886817109,46.0,0,Haas F1 Team,0.0030190938543528,6.0,20.0,14.0,2,Tyre Manager,1.0,High-Speed,test
2025,17,Baku,RUS,0.9934635438765214,0.0093110286410462,0.9782668137546084,0.9942447452021412,0.9921294514668006,0.9977364058996714,-0.0001536565284795,22.0,1,Mercedes,-0.0008495533408554,3.0,5.0,2.0,2,Tyre Manager,1.0,High-Speed,test
2025,17,Baku,SAI,0.9949503997251006,0.0089764932655795,0.9803222734515694,0.9909224686630146,0.9921131113902196,1.0088986946129803,-0.000573382018933,22.5,1,Williams,-0.0031144162087788,-1.0,2.0,3.0,2,Tyre Manager,1.0,High-Speed,test
2025,17,Baku,STR,1.008259982222588,0.0099594753833044,0.9907975749347062,1.0116670534932863,1.0084335234937645,1.006136238279095,-3.155264394899467e-05,22.0,1,Aston Martin,0.0020931745537859,-3.0,14.0,17.0,2,Tyre Manager,1.0,High-Speed,test
2025,17,Baku,TSU,0.9978816822083306,0.0105062564730469,0.984678339414854,1.000427873221874,0.9955166870829524,1.001300133953195,-0.0004933226367654,22.5,1,Red Bull Racing,0.0032145629633819,0.0,6.0,6.0,2,Tyre Manager,1.0,High-Speed,test
2025,17,Baku,VER,0.9914525562815668,0.0093344890995465,0.9748159043551232,0.988499429699366,0.9870405689682796,1.0064647738117125,0.0001662771877796,22.5,1,Red Bull Racing,-0.0032145629633819,0.0,1.0,1.0,1,Frontrunner,1.0,High-Speed,test
2025,18,Marina Bay,ALB,1.0043363513183838,0.0134184236031855,0.9764683062284972,1.0025407657049774,1.0059498147146706,1.0052460692060248,-0.0006983027098974,29.0,1,Williams,0.000538347560776,6.0,20.0,14.0,2,Tyre Manager,0.0,High-Degradation,test
2025,18,Marina Bay,ALO,0.9975392902891684,0.0119112995730047,0.9786530274723592,1.0011340916641915,0.9987085310040344,0.993455046079431,-0.0007036519993604,29.5,1,Aston Martin,-0.0040130933749803,3.0,10.0,7.0,2,Tyre Manager,0.0,High-Degradation,test
2025,18,Marina Bay,ANT,0.9917120403818712,0.0099512799689303,0.9729462088961032,0.9926037500161426,0.9899940754931612,0.9948083676897236,-0.0002865738677146,29.5,1,Mercedes,0.0019039036996931,-1.0,4.0,5.0,2,Tyre Manager,0.0,High-Degradation,test
2025,18,Marina Bay,BEA,1.001475802905821,0.0126509998757132,0.9821138709381028,1.0011910310489878,1.0035073407130397,1.0001662405981706,-0.0006259744995078,29.5,1,Haas F1 Team,-0.003950043539709,0.0,9.0,9.0,2,Tyre Manager,0.0,High-Degradation,test
2025,18,Marina Bay,BOR,1.007996973918174,0.0107290241604508,0.9915571753800292,1.0061545645408232,1.0109592887302823,1.0069271162152142,-0.0007041410290804,29.0,1,Kick Sauber,0.002962002260157,-3.0,14.0,17.0,2,Tyre Manager,0.0,High-Degradation,test
2025,18,Marina Bay,COL,1.009291401893308,0.0120063006604331,0.9921288781354324,1.0070574171250597,1.01376162031003,1.0063602952229205,-0.0007195177109153,29.0,1,Alpine,0.0020647437528977,0.0,16.0,16.0,2,Tyre Manager,0.0,High-Degradation,test
2025,18,Marina Bay,GAS,1.0051619143875123,0.015880798396232,0.9654936551203128,1.0030161836155116,1.008401387584014,1.0039881471333083,0.0022381607686006,18.666666666666668,2,Alpine,-0.0020647437528977,0.0,19.0,19.0,0,Aggressive,0.0,High-Degradation,test
2025,18,Marina Bay,HAD,1.004958922945804,0.0103684240210294,0.9896378875583188,1.008166874864154,1.00324467382555,1.0056393991321688,-0.000454366722263,29.0,1,Racing Bulls,-0.0004927591945045,-3.0,8.0,11.0,2,Tyre Manager,0.0,High-Degradation,test
2025,18,Marina Bay,HAM,0.9888031644118744,0.0150381317742783,0.9576837871223954,0.99379372445799,0.9855722798557228,0.9898774140709626,0.0011272977164034,18.33333333333333,2,Ferrari,-0.0024847660894316,-2.0,6.0,8.0,1,Frontrunner,0.0,High-Degradation,test
2025,18,Marina Bay,HUL,1.0020729693978598,0.0148370099627646,0.9739773156513838,1.0014360423119169,1.0041744528988874,1.0010281739112386,0.0007003702995808,18.666666666666668,2,Kick Sauber,-0.002962002260157,-9.0,11.0,20.0,0,Aggressive,0.0,High-Degradation,test
2025,18,Marina Bay,LAW,1.0059444413348133,0.0114703664213428,0.976396843384072,1.0052779854444878,1.004979153842895,1.0095607982843802,-0.0015294459706377,29.0,1,Racing Bulls,0.0004927591945047,-3.0,12.0,15.0,2,Tyre Manager,0.0,High-Degradation,test
2025,18,Marina Bay,LEC,0.9937726965907376,0.0113208323440176,0.9798883137831408,0.9965214144917192,0.9905424292274584,0.997204695127057,-0.0001168375183167,29.5,1,Ferrari,0.0024847660894316,1.0,7.0,6.0,2,Tyre Manager,0.0,High-Degradation,test
2025,18,Marina Bay,NOR,0.9877127165968734,0.0083368297154191,0.9755188712954171,0.9914414821615366,0.9851221791732556,0.9891432575276208,-0.000225524860724,29.5,1,McLaren,0.0003078266349459,2.0,5.0,3.0,1,Frontrunner,0.0,High-Degradation,test
2025,18,Marina Bay,OCO,1.0093758899852392,0.0108945760793541,0.9866568660480026,1.0046760837216633,1.0139418799670048,1.008886876309012,-0.0001060445602104,29.0,1,Haas F1 Team,0.003950043539709,-1.0,17.0,18.0,2,Tyre Manager,0.0,High-Degradation,test
2025,18,Marina Bay,PIA,0.9870970633269814,0.009939119650012,0.974018151562484,0.9927622410872254,0.9832484671206202,0.9883927120121764,-0.000305438528716,29.5,1,McLaren,-0.0003078266349459,-1.0,3.0,4.0,1,Frontrunner,0.0,High-Degradation,test
2025,18,Marina Bay,RUS,0.9879042329824848,0.0115927750470424,0.9767541576061988,0.9901629875214696,0.9853050998530508,0.9887490312893538,-0.0003715419759139,30.0,1,Mercedes,-0.0019039036996931,0.0,1.0,1.0,1,Frontrunner,0.0,High-Degradation,test
2025,18,Marina Bay,SAI,1.003259656196832,0.0151543457574326,0.9694751564525844,1.003273437742582,1.0047050262539463,1.0025234494783997,-0.000319154525659,29.0,1,Williams,-0.0005383475607758,8.0,18.0,10.0,2,Tyre Manager,0.0,High-Degradation,test
2025,18,Marina Bay,STR,1.005565477039129,0.0113395595433285,0.9785407287168336,1.0059861753683663,1.004675536770893,1.0079273517121126,-0.0007860544606206,29.0,1,Aston Martin,0.0040130933749802,2.0,15.0,13.0,2,Tyre Manager,0.0,High-Degradation,test
2025,18,Marina Bay,TSU,1.004058596716159,0.0118403753626346,0.988545526936388,1.0011846954544477,1.0056877321258426,1.0060753189229277,-0.0010311276286951,29.0,1,Red Bull Racing,0.0076192241388111,1.0,13.0,12.0,2,Tyre Manager,0.0,High-Degradation,test
2025,18,Marina Bay,VER,0.9888201484385368,0.0134849522594366,0.9764785152062724,0.9923924285880324,0.9856620333566204,0.9885661871548967,-0.0009213393734445,30.0,1,Red Bull Racing,-0.0076192241388111,0.0,2.0,2.0,1,Frontrunner,0.0,High-Degradation,test
2025,19,Austin,ALB,1.0012566192359496,0.01051172342109,0.9821701477330615,1.0002159632069214,1.0012057650133928,1.002642811552577,-0.0002631322601861,17.0,2,Williams,0.0,4.0,18.0,14.0,0,Aggressive,1.0,High-Speed,test
2025,19,Austin,ALO,1.0026517094506735,0.0093212709379795,0.9867749443129264,1.0076879963389094,1.000131194688258,1.002139474746337,-0.0004119124812192,25.5,1,Aston Martin,-0.000422659649498,0.0,10.0,10.0,2,Tyre Manager,1.0,High-Speed,test
2025,19,Austin,ANT,0.99964491105443,0.0117351417877751,0.9746686244543664,1.0007575019668078,0.999384243248194,0.9976915730389808,-0.0001540159743837,25.5,1,Mercedes,0.000909688492426,-6.0,7.0,13.0,2,Tyre Manager,1.0,High-Speed,test
2025,19,Austin,BEA,1.002767461004359,0.0089700928371095,0.9900712195219402,0.9974429662473012,1.0022357046221482,1.0081507710791353,-0.0003243699235773,25.5,1,Haas F1 Team,-0.0010817188341878,-1.0,8.0,9.0,2,Tyre Manager,1.0,High-Speed,test
2025,19,Austin,BOR,1.0051951711232974,0.0099012669267725,0.9816407459570686,1.005948813047116,1.0060035976771429,1.0041225367001756,0.0003185335162646,16.0,2,Kick Sauber,0.0023171181760688,-2.0,16.0,18.0,0,Aggressive,1.0,High-Speed,test
2025,19,Austin,COL,1.0086953742271232,0.0106139496984341,0.990610610010688,1.0123980069681189,1.0075048462336946,1.0076603638104356,6.914014563276685e-05,25.0,1,Alpine,-0.000382068262863,-2.0,15.0,17.0,2,Tyre Manager,1.0,High-Speed,test
2025,19,Austin,GAS,1.0094595107528492,0.0083589179498615,0.9915795151478828,1.011672723185854,1.008799009492365,1.0089803733843945,0.0002201626732816,25.0,1,Alpine,0.000382068262863,-5.0,14.0,19.0,2,Tyre Manager,1.0,High-Speed,test
2025,19,Austin,HAD,1.0067449272518132,0.0124648062010291,0.9861256779838784,1.0073934342777684,1.007084758389655,1.0063175222219094,-0.0002957554581217,25.5,1,Racing Bulls,0.0016330566068185,4.0,20.0,16.0,2,Tyre Manager,1.0,High-Speed,test
2025,19,Austin,HAM,0.9967882446681404,0.0111454008893186,0.982499775253963,0.992098978729093,0.9975155536443197,0.99883259840925,0.0001547388535976,26.0,1,Ferrari,0.001250894181882,1.0,5.0,4.0,2,Tyre Manager,1.0,High-Speed,test
2025,19,Austin,HUL,1.0005609347711597,0.0089226290829509,0.9826096510942636,1.0012193840935015,1.0003842655635524,1.0007403392185024,-0.0003748807358304,25.5,1,Kick Sauber,-0.0023171181760688,3.0,11.0,8.0,2,Tyre Manager,1.0,High-Speed,test
2025,19,Austin,LAW,1.0034788140381763,0.009325908601709,0.9887127545873164,1.0036978189919803,1.0036938048396864,1.0035421301119778,-0.0003424852670155,25.5,1,Racing Bulls,-0.0016330566068183,1.0,12.0,11.0,2,Tyre Manager,1.0,High-Speed,test
2025,19,Austin,LEC,0.9942864563043762,0.0097105800150123,0.9812012425958666,0.9911425702412984,0.9966122060632996,0.993511686673786,-4.512917563712379e-05,26.0,1,Ferrari,-0.0012508941818821,0.0,3.0,3.0,2,Tyre Manager,1.0,High-Speed,test
2025,19,Austin,NOR,0.9928478895770856,0.0107505750077982,0.9750981391028138,0.9913842433538056,0.9918438969202488,0.99449037080679,-0.0002075704719049,26.0,1,McLaren,-0.0020050419948534,0.0,2.0,2.0,1,Frontrunner,1.0,High-Speed,test
2025,19,Austin,OCO,1.004930898672735,0.0120591496143501,0.9915095941586008,1.001397884295141,1.006039124463052,1.0069229343245194,-0.0002550914347859,25.5,1,Haas F1 Team,0.001081718834188,2.0,17.0,15.0,2,Tyre Manager,1.0,High-Speed,test
2025,19,Austin,PIA,0.9968579735667924,0.0101688463476767,0.9845274839431442,0.9974686761528871,0.9965669905826736,0.9956876910188902,-0.0002781503452591,26.0,1,McLaren,0.0020050419948534,1.0,6.0,5.0,2,Tyre Manager,1.0,High-Speed,test
2025,19,Austin,RUS,0.997825534069578,0.0109036844513633,0.9811313216065846,0.9971087374746848,0.9985853326753036,0.9963251877968846,-0.0001155701293699,26.0,1,Mercedes,-0.000909688492426,-2.0,4.0,6.0,2,Tyre Manager,1.0,High-Speed,test
2025,19,Austin,STR,1.0034970287496696,0.010413554789364,0.98959176130972,1.0100275977472244,0.9992277905171496,1.0038835543791478,-0.0003675048632479,25.5,1,Aston Martin,0.000422659649498,7.0,19.0,12.0,2,Tyre Manager,1.0,High-Speed,test
2025,19,Austin,TSU,0.999632180342096,0.0073977209707301,0.9869147862914904,1.0046263138679965,0.998309672923059,0.9977191451017938,-0.0001594293649222,25.5,1,Red Bull Racing,0.0039080047690905,6.0,13.0,7.0,2,Tyre Manager,1.0,High-Speed,test
2025,19,Austin,VER,0.9918161708039146,0.0087576247263189,0.9788039515347656,0.997844040774441,0.9933970967813311,0.9851643913171558,-4.8144302981742856e-05,26.0,1,Red Bull Racing,-0.0039080047690907,0.0,1.0,1.0,2,Tyre Manager,1.0,High-Speed,test
2025,20,Mexico City,ALB,1.006519027869817,0.0171792816556564,0.9737682702545736,1.0027201521882376,1.0081560097792055,1.0085750903784223,0.0003083170841807,32.5,1,Williams,0.0034132784946478,5.0,17.0,12.0,2,Tyre Manager,1.0,High-Speed,test
2025,20,Mexico City,ANT,0.9967181979600231,0.0124660016907514,0.9779546994482624,0.9929954105070462,0.9989961511058796,0.9977117071918608,0.0001432911788915,21.33333333333333,2,Mercedes,4.217872305645187e-05,0.0,6.0,6.0,1,Frontrunner,1.0,High-Speed,test
2025,20,Mexico City,BEA,0.9959719987174523,0.0115092043566579,0.9764906591811054,0.9982384636639956,0.9944696347809926,0.9945687683763476,0.0001219843517951,21.33333333333333,2,Haas F1 Team,-0.0045418808370951,5.0,9.0,4.0,1,Frontrunner,1.0,High-Speed,test
2025,20,Mexico City,BOR,1.0056293869876776,0.0132880038114095,0.9815240538186042,1.0046335836954792,1.0064840524694314,1.005077140000368,0.0001900729384772,33.0,1,Kick Sauber,0.0,6.0,16.0,10.0,2,Tyre Manager,1.0,High-Speed,test
2025,20,Mexico City,COL,1.013122007699009,0.0153468496183279,0.9841980447197756,1.0132282611006016,1.0138591165355308,1.0112532354936798,0.0004302240774141,32.5,1,Alpine,-0.0002473883680931,4.0,20.0,16.0,2,Tyre Manager,1.0,High-Speed,test
2025,20,Mexico City,GAS,1.013616784435195,0.0136643890368197,0.9954384861097668,1.0149090271430696,1.012922180972488,1.0123022354972695,3.1691636975799694e-06,32.5,1,Alpine,0.0002473883680929,3.0,18.0,15.0,2,Tyre Manager,1.0,High-Speed,test
2025,20,Mexico City,HAD,1.0073959628601,0.0129356615134032,0.988699061078308,1.011038961038961,1.0058141474410605,1.004245542108985,0.0003663946988666,32.5,1,Racing Bulls,0.0,-5.0,8.0,13.0,2,Tyre Manager,1.0,High-Speed,test
2025,20,Mexico City,HAM,0.9967988429149016,0.0132509387533378,0.9752323105217308,0.995447205719812,0.9965729889960112,0.99591313619409,7.608501167355261e-05,21.666666666666668,2,Ferrari,-0.0007593016726157,-5.0,3.0,8.0,1,Frontrunner,1.0,High-Speed,test
2025,20,Mexico City,LEC,0.9983174462601327,0.0094366994187372,0.9871745232794502,0.996835933247926,0.9973558574761408,0.9993103971903212,5.049544549391946e-05,33.5,1,Ferrari,0.0007593016726156,0.0,2.0,2.0,2,Tyre Manager,1.0,High-Speed,test
2025,20,Mexico City,NOR,0.9930532580539372,0.0083455116597228,0.9772045300551736,1.0019326659800547,0.9863446844829198,0.988703052154173,6.302864166671584e-05,33.5,1,McLaren,-0.0013184299883737,0.0,1.0,1.0,2,Tyre Manager,1.0,High-Speed,test
2025,20,Mexico City,OCO,1.0050557603916428,0.0115340337701956,0.99057448456103,1.0016532065613306,1.0089176255460874,1.00322518600859,-5.567455038392925e-05,33.0,1,Haas F1 Team,0.0045418808370951,2.0,11.0,9.0,2,Tyre Manager,1.0,High-Speed,test
2025,20,Mexico City,PIA,0.9956901180306844,0.0141140695859443,0.9730664988868454,0.9885397597747998,1.0004210937984015,0.9976198254538666,0.0001477478849297,21.33333333333333,2,McLaren,0.0013184299883736,2.0,7.0,5.0,1,Frontrunner,1.0,High-Speed,test
2025,20,Mexico City,RUS,0.9966338405139104,0.010911735529934,0.9685896815409932,0.994615608977311,0.998629144159161,0.9957500587080091,0.0004945419509486,21.0,2,Mercedes,-4.217872305645187e-05,-3.0,4.0,7.0,1,Frontrunner,1.0,High-Speed,test
2025,20,Mexico City,SAI,0.9996924708805214,0.0138134348206865,0.9691462588326396,0.9971130376715484,1.0035618404477211,0.996741649943218,0.0005722011451883,15.0,3,Williams,-0.0034132784946477,-5.0,12.0,17.0,0,Aggressive,1.0,High-Speed,test
2025,20,Mexico City,STR,1.002536286995681,0.0117551926170191,0.9751355144710095,1.0064529357842429,1.0012297383278117,0.9986043420961982,0.0001622413536376,21.0,2,Aston Martin,0.0,5.0,19.0,14.0,0,Aggressive,1.0,High-Speed,test
2025,20,Mexico City,TSU,1.004336939719526,0.0129591882224711,0.985940373632756,1.0045953804416088,1.003224895006693,1.0050538049557978,0.0001529671316944,33.0,1,Red Bull Racing,0.0034237019796259,-1.0,10.0,11.0,2,Tyre Manager,1.0,High-Speed,test
2025,20,Mexico City,VER,0.9974895357602742,0.0143704545852018,0.9813667602361824,0.9991965481327184,0.994714194794735,0.9965923763702268,1.4721984922161732e-05,33.0,1,Red Bull Racing,-0.0034237019796257,2.0,5.0,3.0,2,Tyre Manager,1.0,High-Speed,test
2025,21,São Paulo,ALB,1.0036188794427765,0.015696466266926,0.9685424372755064,1.003024825574795,1.006247649675169,1.0004618103355691,0.0014712372478233,20.0,2,Williams,0.0001481575620556,1.0,12.0,11.0,0,Aggressive,1.0,High-Speed,test
2025,21,São Paulo,ALO,1.003310747387455,0.0132788634242649,0.980742861347264,1.0022048743003344,1.004534668101716,1.0038985384142232,0.0004948017439078,20.0,2,Aston Martin,0.0011539949446812,-3.0,11.0,14.0,0,Aggressive,1.0,High-Speed,test
2025,21,São Paulo,ANT,0.9948369915928,0.0123681823569185,0.978214483990288,0.9980797946192336,0.9906097547754243,0.9982401813885616,-0.0004348719723711,20.33333333333333,2,Mercedes,-0.0004003885515172,0.0,2.0,2.0,1,Frontrunner,1.0,High-Speed,test
2025,21,São Paulo,BEA,0.9979298074286136,0.0104658025396412,0.9830304408607188,1.0031942297784646,0.9953602966920396,0.999952159182996,-0.0003795142937777,20.0,2,Haas F1 Team,-0.0017933865318199,2.0,8.0,6.0,0,Aggressive,1.0,High-Speed,test
2025,21,São Paulo,COL,1.0020317034622177,0.0128773277806026,0.9741075429924484,1.0042300729906264,1.0009044148853286,1.0042331924585923,0.0007958743587706,19.666666666666668,2,Alpine,-0.0007591405209979,1.0,16.0,15.0,0,Aggressive,1.0,High-Speed,test
2025,21,São Paulo,GAS,1.003549984504213,0.0103531528448066,0.9864149883279936,1.0020808774089889,1.009054207675783,0.9948761508645516,0.0001121766482737,20.0,2,Alpine,0.0007591405209976,-1.0,9.0,10.0,0,Aggressive,1.0,High-Speed,test
2025,21,São Paulo,HAD,1.0029363959251654,0.0092156056969768,0.98585312669311,1.004897003990604,1.0040596323335538,1.0003221932573738,0.0004817376683623,20.0,2,Racing Bulls,-0.0023873725265628,-3.0,5.0,8.0,0,Aggressive,1.0,High-Speed,test
2025,21,São Paulo,HUL,1.007589878981822,0.0110660524220616,0.982910041938958,1.0110760603466562,1.0083233394419122,1.0041601668979971,0.000253119625931,31.0,1,Kick Sauber,0.0,1.0,10.0,9.0,2,Tyre Manager,1.0,High-Speed,test
2025,21,São Paulo,LAW,1.0077111409782908,0.008362604140313,0.9903346421142052,1.012112935760202,1.0085345810952526,1.0030546944313476,7.429990852150784e-05,31.0,1,Racing Bulls,0.0023873725265626,0.0,7.0,7.0,2,Tyre Manager,1.0,High-Speed,test
2025,21,São Paulo,NOR,0.9927509541724204,0.010145543298586,0.9771041383784944,0.9989154638094988,0.9867004298556784,0.9973115349507656,-4.350087581924107e-05,20.33333333333333,2,McLaren,-0.0001400889336465,0.0,1.0,1.0,1,Frontrunner,1.0,High-Speed,test
2025,21,São Paulo,OCO,1.0015165804922532,0.0114011190173679,0.9830036855447716,1.0049397916502938,1.0002342760567278,1.0026976362731024,0.0006695372907803,30.0,1,Haas F1 Team,0.0017933865318198,8.0,20.0,12.0,2,Tyre Manager,1.0,High-Speed,test
2025,21,São Paulo,PIA,0.9930311320397138,0.0117482705374059,0.9731175963024156,0.9965411853054952,0.9904651373886432,0.996996768303994,0.0004056861359357,20.0,2,McLaren,0.0001400889336466,-1.0,4.0,5.0,1,Frontrunner,1.0,High-Speed,test
2025,21,São Paulo,RUS,0.9956377686958344,0.0117389581562866,0.9778666648829788,0.9967280538600582,0.9955323296635848,0.99675658787577,0.0006698650076058,20.0,2,Mercedes,0.0004003885515172,2.0,6.0,4.0,1,Frontrunner,1.0,High-Speed,test
2025,21,São Paulo,SAI,1.003322564318665,0.0102727187264316,0.9857059724554024,0.996717575249522,1.010487527609563,0.9966394266912704,4.5392741743664775e-05,20.0,2,Williams,-0.0001481575620556,2.0,15.0,13.0,0,Aggressive,1.0,High-Speed,test
2025,21,São Paulo,STR,1.0010027574980922,0.0119168976682764,0.9778265319090588,1.0013182624865298,1.0007721043723352,1.003282002503079,0.0008860355602843,19.666666666666668,2,Aston Martin,-0.0011539949446814,-2.0,14.0,16.0,0,Aggressive,1.0,High-Speed,test
2025,21,São Paulo,TSU,1.0011567214927684,0.0147524088689754,0.9735456813575648,0.9987574114339104,1.0035374820078584,1.0005731134608435,0.0004030448526109,20.0,2,Red Bull Racing,0.0043893210615616,0.0,17.0,17.0,0,Aggressive,1.0,High-Speed,test
2025,21,São Paulo,VER,0.9923780793696452,0.0141342863193877,0.969171187200257,0.9909517198019542,0.9930292067032344,0.9945949640217528,0.0006650825903305,15.0,3,Red Bull Racing,-0.0043893210615616,16.0,19.0,3.0,1,Frontrunner,1.0,High-Speed,test
2025,22,Las Vegas,ALB,1.0048503542770288,0.0122063414174252,0.990406426237696,1.010004869567094,1.0066660902147282,1.0006386396265226,-0.001244981917863,13.5,1,Williams,0.0033181305630474,0.0,16.0,16.0,0,Aggressive,1.0,High-Speed,test
2025,22,Las Vegas,ALO,1.0088723793404042,0.0083253607169017,0.995036730276986,1.006059575983457,1.012412624297449,1.0091440198353956,-0.0004977110299924,22.5,1,Aston Martin,0.0,-4.0,7.0,11.0,2,Tyre Manager,1.0,High-Speed,test
2025,22,Las Vegas,ANT,0.9957743417569028,0.0113549139865997,0.978065885584667,0.9920303666743556,0.998306614785992,0.9976180467983744,-0.0007678320102945,45.0,0,Mercedes,-0.0007154610639303,14.0,17.0,3.0,2,Tyre Manager,1.0,High-Speed,test
2025,22,Las Vegas,BEA,1.0048393535168556,0.0106380450733537,0.983486983122802,1.0061244524496151,1.0086331800495227,1.0017980949912524,-0.0010791179808374,22.0,1,Haas F1 Team,0.0013527830814363,4.0,14.0,10.0,2,Tyre Manager,1.0,High-Speed,test
2025,22,Las Vegas,COL,1.011831677919123,0.012394199373614,0.9966079120970596,1.0176249616283122,1.0100389105058365,1.0103258585083248,-0.0005769009506251,21.0,1,Alpine,0.0015469361046118,0.0,15.0,15.0,2,Tyre Manager,1.0,High-Speed,test
2025,22,Las Vegas,GAS,1.008737805709899,0.0065463852700145,0.9955049632697232,1.0141878411900629,1.0076451361867709,1.0068698941827952,-0.0004088681324002,45.0,0,Alpine,-0.001546936104612,-3.0,10.0,13.0,2,Tyre Manager,1.0,High-Speed,test
2025,22,Las Vegas,HAD,1.0003298914267014,0.0129776264184703,0.9845379060620566,0.9979041608862784,1.0016024053767243,1.00229652742126,-0.0006287489912004,22.0,1,Racing Bulls,-0.0021630889071528,2.0,8.0,6.0,2,Tyre Manager,1.0,High-Speed,test
2025,22,Las Vegas,HAM,1.0014257513143192,0.0131987606344344,0.983840759161759,1.0059839868005025,1.0024888245407653,0.9983213838988012,-0.000876829838866,21.5,1,Ferrari,0.0025693721771007,11.0,19.0,8.0,2,Tyre Manager,1.0,High-Speed,test
2025,22,Las Vegas,HUL,1.0006053921522258,0.0129982161629776,0.9842465610887978,1.0007929754624587,1.0015380261761584,1.000904654860464,-0.0007148224856166,22.0,1,Kick Sauber,0.0,4.0,11.0,7.0,2,Tyre Manager,1.0,High-Speed,test
2025,22,Las Vegas,LAW,1.004656069241007,0.0100043106623977,0.9867958296048116,1.0123856003413128,1.003720585510469,1.0009288050984413,-0.0003555625639226,21.0,1,Racing Bulls,0.0021630889071526,-8.0,6.0,14.0,2,Tyre Manager,1.0,High-Speed,test
2025,22,Las Vegas,LEC,0.9962870069601176,0.0122717770667541,0.98124986993528,0.9939467332390812,0.9924824902723738,1.0026553987708655,-0.0003949958017094,22.0,1,Ferrari,-0.0025693721771007,5.0,9.0,4.0,2,Tyre Manager,1.0,High-Speed,test
2025,22,Las Vegas,NOR,0.9958050580514318,0.0134928561980711,0.9777225147233264,0.9952802232912952,0.9947859922178988,0.9983533038593624,-0.0006359435294276,22.0,1,McLaren,-0.0003307191112842,-18.0,1.0,19.0,2,Tyre Manager,1.0,High-Speed,test
2025,22,Las Vegas,OCO,1.0021337873539828,0.0131752192586499,0.9838823798722244,1.0068894194812863,1.0034900009048957,0.998623573048808,-0.0006471346658248,21.5,1,Haas F1 Team,-0.0013527830814363,4.0,13.0,9.0,2,Tyre Manager,1.0,High-Speed,test
2025,22,Las Vegas,PIA,0.9964664962740004,0.0136814719595059,0.9789815412149084,0.9980912302542486,0.99915387336399,0.9941334502988102,-0.0008163984604302,22.0,1,McLaren,0.0003307191112842,-15.0,5.0,20.0,2,Tyre Manager,1.0,High-Speed,test
2025,22,Las Vegas,RUS,0.9972052638847636,0.0104280871781864,0.9842465610887978,1.001096756250269,0.9967124159886808,0.9959676816412384,-0.0012259378125792,22.0,1,Mercedes,0.0007154610639303,2.0,4.0,2.0,2,Tyre Manager,1.0,High-Speed,test
2025,22,Las Vegas,SAI,0.998214093150934,0.013493403158054,0.9832476640376252,1.0004146980236863,0.9983919349133356,0.997659859741114,-0.0007536071068629,22.0,1,Williams,-0.0033181305630475,-2.0,3.0,5.0,2,Tyre Manager,1.0,High-Speed,test
2025,22,Las Vegas,TSU,1.0030835622875711,0.0106291447102349,0.988148502694941,1.0055359289070185,1.0066701655958736,0.9993439817819468,-9.746070652178726e-05,21.5,1,Red Bull Racing,0.0053940616749413,8.0,20.0,12.0,2,Tyre Manager,1.0,High-Speed,test
2025,22,Las Vegas,VER,0.9922954389376883,0.015091582861562,0.9714794081534972,0.9811061863327946,0.9895925008843296,1.001242342831794,-0.001034305933001,22.0,1,Red Bull Racing,-0.0053940616749413,1.0,2.0,1.0,1,Frontrunner,1.0,High-Speed,test
2025,23,Lusail,ALB,1.0055976974142335,0.0164905081564031,0.9779142101109513,1.0042656729504602,1.0057101019904309,1.00477130476649,-0.0016648724134095,16.666666666666668,2,Williams,0.00450205308436,3.0,14.0,11.0,0,Aggressive,0.0,High-Degradation,test
2025,23,Lusail,ALO,1.0021259458706653,0.0151883962145404,0.9741887563251472,1.0028803156510302,0.9993965708058776,1.0019828277965015,-0.0011883466738364,16.666666666666668,2,Aston Martin,-0.0025194719114454,1.0,8.0,7.0,0,Aggressive,0.0,High-Degradation,test
2025,23,Lusail,ANT,0.9970116267109416,0.01781830515394,0.9743628429506522,0.9911223147742216,0.9977574725042492,0.9985666229258512,-0.002126489657911,17.0,2,Mercedes,-0.0019188419530106,0.0,5.0,5.0,1,Frontrunner,0.0,High-Degradation,test
2025,23,Lusail,BEA,1.0128287335778283,0.0121758930781866,0.9856784736084676,1.0070878609006075,1.0180611602050025,1.0116015186165943,-0.0012675616477668,10.666666666666666,2,Haas F1 Team,0.0011363445266689,-6.0,13.0,19.0,0,Aggressive,0.0,High-Degradation,test
2025,23,Lusail,BOR,1.0096908221531036,0.0137878102672994,0.9891950234436656,1.0063073839794576,1.0117137457220209,1.0092320654790563,-0.001259016341604,16.666666666666668,2,Kick Sauber,0.0,6.0,19.0,13.0,0,Aggressive,0.0,High-Degradation,test
2025,23,Lusail,COL,1.0108625317263993,0.0140170248349885,0.9939649969824984,1.009888379476548,1.0111629675111604,1.0093435062999685,-0.0013133371792945,16.333333333333332,2,Alpine,0.000902171369453,6.0,20.0,14.0,0,Aggressive,0.0,High-Degradation,test
2025,23,Lusail,GAS,1.0090581889874932,0.0147863871116555,0.9908546492734784,1.0078133088270067,1.009859897373671,1.007299742236808,-0.0011882100826237,16.333333333333332,2,Alpine,-0.000902171369453,-7.0,9.0,16.0,0,Aggressive,0.0,High-Degradation,test
2025,23,Lusail,HAD,1.0026910582195063,0.0152457848624972,0.978564133512836,1.0025857853098612,0.9984237546085524,1.005460002663416,-0.0012579554824576,15.666666666666666,2,Racing Bulls,-0.0005285714426817,-12.0,6.0,18.0,0,Aggressive,0.0,High-Degradation,test
2025,23,Lusail,HAM,1.0079348683905112,0.0139806445361076,0.9847268000557076,1.003972568422371,1.0100069809810832,1.0081640186165943,-0.0013843247443782,16.666666666666668,2,Ferrari,0.0023760503226406,5.0,17.0,12.0,0,Aggressive,0.0,High-Degradation,test
2025,23,Lusail,LAW,1.0037482011048695,0.0170981065713092,0.9745485353511908,1.0028909626103837,1.0035892458837752,1.0026376183598138,-0.0017319276675499,16.666666666666668,2,Racing Bulls,0.0005285714426817,3.0,12.0,9.0,0,Aggressive,0.0,High-Degradation,test
2025,23,Lusail,LEC,1.00318276774523,0.0160133115244491,0.9798987976417064,0.9996574184255024,1.006294461187448,1.001638581287113,-0.0016480612964568,16.666666666666668,2,Ferrari,-0.0023760503226404,2.0,10.0,8.0,0,Aggressive,0.0,High-Degradation,test
2025,23,Lusail,NOR,0.99044560491668,0.0151242288967207,0.9655656654751404,0.9887828542201624,0.9921742819822928,0.985569191566853,-0.0003898398200385,16.333333333333332,2,McLaren,0.0022090053234979,-2.0,2.0,4.0,1,Frontrunner,0.0,High-Degradation,test
2025,23,Lusail,OCO,1.01055604452449,0.0139233463085926,0.9871408012627084,1.0057829733008004,1.011787746206415,1.0128079156554293,-0.001202776935833,16.333333333333332,2,Haas F1 Team,-0.0011363445266692,1.0,16.0,15.0,0,Aggressive,0.0,High-Degradation,test
2025,23,Lusail,PIA,0.986027594269684,0.0140402215225225,0.9632329046933752,0.9860460898519864,0.9848138468750118,0.9837669781441704,-0.0003226043063759,16.333333333333332,2,McLaren,-0.0022090053234979,-1.0,1.0,2.0,1,Frontrunner,0.0,High-Degradation,test
2025,23,Lusail,RUS,1.000849310616963,0.0166606608673354,0.965577271250174,0.9992121250078284,1.002902044916654,0.998139142994704,-0.0008790924380911,16.666666666666668,2,Mercedes,0.0019188419530107,-2.0,4.0,6.0,0,Aggressive,0.0,High-Degradation,test
2025,23,Lusail,SAI,0.9965935912455136,0.0173893638868191,0.9732486885474212,0.996652470720862,0.989800956905212,0.9992180149222262,-0.0026476257642456,17.0,2,Williams,-0.0045020530843599,4.0,7.0,3.0,1,Frontrunner,0.0,High-Degradation,test
2025,23,Lusail,STR,1.007164889693556,0.0166388017145642,0.9688965229098,1.0057500539306767,1.005905266762395,1.008057383334225,0.0034607162929694,11.25,3,Aston Martin,0.0025194719114451,1.0,18.0,17.0,0,Aggressive,0.0,High-Degradation,test
2025,23,Lusail,TSU,1.0043164198505177,0.0171945489470264,0.976498305556845,1.001523141479301,1.0070640717849175,1.0022604718343764,-0.0013918724737779,16.666666666666668,2,Red Bull Racing,0.0067558035702093,5.0,15.0,10.0,0,Aggressive,0.0,High-Degradation,test
2025,23,Lusail,VER,0.9908048127100988,0.0136206084429983,0.9690590037602712,0.9890862403707646,0.9894624243935712,0.9902952033003862,-0.0015342859496778,17.0,2,Red Bull Racing,-0.0067558035702094,2.0,3.0,1.0,1,Frontrunner,0.0,High-Degradation,test
2025,24,Yas Island,ALB,0.9999052962942228,0.0090912437152025,0.9856448122783144,1.0001393262184075,0.9969041586486012,1.0080948711615665,-0.0004702759842761,17.666666666666668,2,Williams,-0.0017548252303375,1.0,17.0,16.0,0,Aggressive,1.0,High-Speed,test
2025,24,Yas Island,ALO,1.0011975331425664,0.006795187593986,0.9846632609811052,1.0004878950848244,1.0053258388657909,1.0016474085123417,-0.0004634955282417,27.5,1,Aston Martin,-0.0003758895308629,0.0,6.0,6.0,2,Tyre Manager,1.0,High-Speed,test
2025,24,Yas Island,ANT,1.00337316998481,0.0123490712480867,0.9818747629776696,1.002655304402455,0.9978975082631713,1.014960487422332,0.0003668953924419,27.5,1,Mercedes,0.0028957791266219,-1.0,14.0,15.0,2,Tyre Manager,1.0,High-Speed,test
2025,24,Yas Island,BEA,1.0023031979509105,0.0072028538533259,0.9924375934146832,1.0000197589909745,1.0012212446372255,1.0096442496997482,0.0001060768144144,27.5,1,Haas F1 Team,0.0004981778433046,-1.0,11.0,12.0,2,Tyre Manager,1.0,High-Speed,test
2025,24,Yas Island,BOR,1.004073640683273,0.0048026503861734,0.9939768443125796,1.0032430077237389,1.000144901457538,1.0139338733294214,-0.0001793033607606,27.5,1,Kick Sauber,0.0026802794092217,-4.0,7.0,11.0,2,Tyre Manager,1.0,High-Speed,test
2025,24,Yas Island,COL,1.0022134239151883,0.0127591597860975,0.978316639525286,1.0077615421054549,1.0066568432609166,0.998916478345808,0.0005538992502842,17.333333333333332,2,Alpine,0.0007042029957904,0.0,20.0,20.0,0,Aggressive,1.0,High-Speed,test
2025,24,Yas Island,GAS,1.0008050179236072,0.0112910845347789,0.9789524170700694,1.0072181698536646,1.004851266558215,0.9974930510763288,0.0003649888704326,17.333333333333332,2,Alpine,-0.0007042029957906,0.0,19.0,19.0,0,Aggressive,1.0,High-Speed,test
2025,24,Yas Island,HAD,1.0057453386641155,0.0059416379468821,0.996888036228166,1.0054017290899728,1.0085367688763875,1.007567379166583,0.0002160914188139,27.0,1,Racing Bulls,0.0008884980860575,-8.0,9.0,17.0,2,Tyre Manager,1.0,High-Speed,test
2025,24,Yas Island,HAM,0.9975339155015656,0.0084902591757029,0.9825997724585628,1.0016945222714273,0.994978348766676,1.0030708608540364,0.000111300414912,17.666666666666668,2,Ferrari,0.0046764689912708,8.0,16.0,8.0,0,Aggressive,1.0,High-Speed,test
2025,24,Yas Island,HUL,0.9987130818648297,0.0132079609584877,0.9709550047962164,1.0058543299697005,0.994358689093007,1.0047258021741878,-0.0005779796571749,17.666666666666668,2,Kick Sauber,-0.0026802794092216,9.0,18.0,9.0,0,Aggressive,1.0,High-Speed,test
2025,24,Yas Island,LAW,1.0039683424920005,0.0095868010535305,0.9914337341334464,1.0012776730251025,1.0095414067051738,1.0038306086746696,0.0004424719402444,27.0,1,Racing Bulls,-0.0008884980860577,-5.0,13.0,18.0,2,Tyre Manager,1.0,High-Speed,test
2025,24,Yas Island,LEC,0.988180977519024,0.0117743713665067,0.9673299573917504,0.9959500759985088,0.9905739001900749,0.9859887705288412,8.995344000141776e-05,17.666666666666668,2,Ferrari,-0.0046764689912708,1.0,5.0,4.0,1,Frontrunner,1.0,High-Speed,test
2025,24,Yas Island,NOR,0.9880918741928846,0.0142647816970695,0.9683672786490284,0.9883528539004244,0.9959226076790406,0.9817043471655282,-0.000498773205118,18.0,2,McLaren,-0.0018060725342331,-1.0,2.0,3.0,1,Frontrunner,1.0,High-Speed,test
2025,24,Yas Island,OCO,1.001306842264301,0.0083173103932605,0.988857161978272,1.0002305215613658,0.9972658136737728,1.011416694543919,0.0001246856637478,27.5,1,Haas F1 Team,-0.0004981778433048,1.0,8.0,7.0,2,Tyre Manager,1.0,High-Speed,test
2025,24,Yas Island,PIA,0.9917040192613508,0.0122583334541289,0.9677761170723004,0.991256899814316,1.0015035978450135,0.9833725083808028,0.0002893956375918,28.0,1,McLaren,0.0018060725342331,1.0,3.0,2.0,1,Frontrunner,1.0,High-Speed,test
2025,24,Yas Island,RUS,0.997581611731566,0.0057708653040997,0.9882325384255024,0.9959909513954154,0.9993924556535242,1.0011746834332345,-0.0001309281537637,27.5,1,Mercedes,-0.0028957791266222,-1.0,4.0,5.0,2,Tyre Manager,1.0,High-Speed,test
2025,24,Yas Island,SAI,1.003414946754898,0.0078216525321255,0.9932852968077276,1.0058218093662683,0.9971526390059572,1.0142223343405703,0.0002434546361353,27.5,1,Williams,0.0017548252303376,-1.0,12.0,13.0,2,Tyre Manager,1.0,High-Speed,test
2025,24,Yas Island,STR,1.0019493122042924,0.0130165610573305,0.9773797041961318,1.002958275597393,1.0013097955279433,1.0069943569129187,6.268186261107562e-05,27.5,1,Aston Martin,0.0003758895308629,5.0,15.0,10.0,2,Tyre Manager,1.0,High-Speed,test
2025,24,Yas Island,TSU,1.003223706491826,0.0088602649781333,0.9877640707609254,0.9986599350993142,1.00134673119359,1.0127240919784803,0.0002145317994986,27.5,1,Red Bull Racing,0.0069341996315416,-4.0,10.0,14.0,2,Tyre Manager,1.0,High-Speed,test
2025,24,Yas Island,VER,0.9893553072287428,0.009534384846884,0.977368550204118,0.9911738107240656,0.9994958552230144,0.9797794276062356,-0.0001040281379382,28.0,1,Red Bull Racing,-0.0069341996315416,0.0,1.0,1.0,1,Frontrunner,1.0,High-Speed,test
