Season,RoundNumber,CircuitName,EventName,Abbreviation,FullName,TeamName,GridPosition,Position,Points,Status,IsDNF,PositionGain
2019,1,Melbourne,Australian Grand Prix,BOT,Valtteri Bottas,Mercedes,2.0,1.0,26.0,Finished,False,1.0
2019,1,Melbourne,Australian Grand Prix,HAM,Lewis Hamilton,Mercedes,1.0,2.0,18.0,Finished,False,-1.0
2019,1,Melbourne,Australian Grand Prix,VER,Max Verstappen,Red Bull Racing,4.0,3.0,15.0,Finished,False,1.0
2019,1,Melbourne,Australian Grand Prix,VET,Sebastian Vettel,Ferrari,3.0,4.0,12.0,Finished,False,-1.0
2019,1,Melbourne,Australian Grand Prix,LEC,Charles Leclerc,Ferrari,5.0,5.0,10.0,Finished,False,0.0
2019,1,Melbourne,Australian Grand Prix,MAG,Kevin Magnussen,Haas F1 Team,7.0,6.0,8.0,Finished,False,1.0
2019,1,Melbourne,Australian Grand Prix,HUL,Nico Hulkenberg,Renault,11.0,7.0,6.0,+1 Lap,False,4.0
2019,1,Melbourne,Australian Grand Prix,RAI,Kimi Räikkönen,Alfa Romeo Racing,9.0,8.0,4.0,+1 Lap,False,1.0
2019,1,Melbourne,Australian Grand Prix,STR,Lance Stroll,Racing Point,16.0,9.0,2.0,+1 Lap,False,7.0
2019,1,Melbourne,Australian Grand Prix,KVY,Daniil Kvyat,Toro Rosso,15.0,10.0,1.0,+1 Lap,False,5.0
2019,1,Melbourne,Australian Grand Prix,GAS,Pierre Gasly,Red Bull Racing,17.0,11.0,0.0,+1 Lap,False,6.0
2019,1,Melbourne,Australian Grand Prix,NOR,Lando Norris,McLaren,8.0,12.0,0.0,+1 Lap,False,-4.0
2019,1,Melbourne,Australian Grand Prix,PER,Sergio Perez,Racing Point,10.0,13.0,0.0,+1 Lap,False,-3.0
2019,1,Melbourne,Australian Grand Prix,ALB,Alexander Albon,Toro Rosso,13.0,14.0,0.0,+1 Lap,False,-1.0
2019,1,Melbourne,Australian Grand Prix,GIO,Antonio Giovinazzi,Alfa Romeo Racing,14.0,15.0,0.0,+1 Lap,False,-1.0
2019,1,Melbourne,Australian Grand Prix,RUS,George Russell,Williams,19.0,16.0,0.0,+2 Laps,False,3.0
2019,1,Melbourne,Australian Grand Prix,KUB,Robert Kubica,Williams,20.0,17.0,0.0,+3 Laps,False,3.0
2019,1,Melbourne,Australian Grand Prix,GRO,Romain Grosjean,Haas F1 Team,6.0,18.0,0.0,Wheel,True,-12.0
2019,1,Melbourne,Australian Grand Prix,RIC,Daniel Ricciardo,Renault,12.0,19.0,0.0,Damage,True,-7.0
2019,1,Melbourne,Australian Grand Prix,SAI,Carlos Sainz,McLaren,18.0,20.0,0.0,Engine,True,-2.0
2019,2,Sakhir,Bahrain Grand Prix,HAM,Lewis Hamilton,Mercedes,3.0,1.0,25.0,Finished,False,2.0
2019,2,Sakhir,Bahrain Grand Prix,BOT,Valtteri Bottas,Mercedes,4.0,2.0,18.0,Finished,False,2.0
2019,2,Sakhir,Bahrain Grand Prix,LEC,Charles Leclerc,Ferrari,1.0,3.0,16.0,Finished,False,-2.0
2019,2,Sakhir,Bahrain Grand Prix,VER,Max Verstappen,Red Bull Racing,5.0,4.0,12.0,Finished,False,1.0
2019,2,Sakhir,Bahrain Grand Prix,VET,Sebastian Vettel,Ferrari,2.0,5.0,10.0,Finished,False,-3.0
2019,2,Sakhir,Bahrain Grand Prix,NOR,Lando Norris,McLaren,9.0,6.0,8.0,Finished,False,3.0
2019,2,Sakhir,Bahrain Grand Prix,RAI,Kimi Räikkönen,Alfa Romeo Racing,8.0,7.0,6.0,Finished,False,1.0
2019,2,Sakhir,Bahrain Grand Prix,GAS,Pierre Gasly,Red Bull Racing,13.0,8.0,4.0,Finished,False,5.0
2019,2,Sakhir,Bahrain Grand Prix,ALB,Alexander Albon,Toro Rosso,12.0,9.0,2.0,Finished,False,3.0
2019,2,Sakhir,Bahrain Grand Prix,PER,Sergio Perez,Racing Point,14.0,10.0,1.0,Finished,False,4.0
2019,2,Sakhir,Bahrain Grand Prix,GIO,Antonio Giovinazzi,Alfa Romeo Racing,16.0,11.0,0.0,Finished,False,5.0
2019,2,Sakhir,Bahrain Grand Prix,KVY,Daniil Kvyat,Toro Rosso,15.0,12.0,0.0,+1 Lap,False,3.0
2019,2,Sakhir,Bahrain Grand Prix,MAG,Kevin Magnussen,Haas F1 Team,6.0,13.0,0.0,+1 Lap,False,-7.0
2019,2,Sakhir,Bahrain Grand Prix,STR,Lance Stroll,Racing Point,18.0,14.0,0.0,+1 Lap,False,4.0
2019,2,Sakhir,Bahrain Grand Prix,RUS,George Russell,Williams,19.0,15.0,0.0,+1 Lap,False,4.0
2019,2,Sakhir,Bahrain Grand Prix,KUB,Robert Kubica,Williams,20.0,16.0,0.0,+2 Laps,False,4.0
2019,2,Sakhir,Bahrain Grand Prix,HUL,Nico Hulkenberg,Renault,17.0,17.0,0.0,Engine,True,0.0
2019,2,Sakhir,Bahrain Grand Prix,RIC,Daniel Ricciardo,Renault,10.0,18.0,0.0,Out of fuel,True,-8.0
2019,2,Sakhir,Bahrain Grand Prix,SAI,Carlos Sainz,McLaren,7.0,19.0,0.0,Collision damage,True,-12.0
2019,2,Sakhir,Bahrain Grand Prix,GRO,Romain Grosjean,Haas F1 Team,11.0,20.0,0.0,Retired,True,-9.0
2019,3,Shanghai,Chinese Grand Prix,HAM,Lewis Hamilton,Mercedes,2.0,1.0,25.0,Finished,False,1.0
2019,3,Shanghai,Chinese Grand Prix,BOT,Valtteri Bottas,Mercedes,1.0,2.0,18.0,Finished,False,-1.0
2019,3,Shanghai,Chinese Grand Prix,VET,Sebastian Vettel,Ferrari,3.0,3.0,15.0,Finished,False,0.0
2019,3,Shanghai,Chinese Grand Prix,VER,Max Verstappen,Red Bull Racing,5.0,4.0,12.0,Finished,False,1.0
2019,3,Shanghai,Chinese Grand Prix,LEC,Charles Leclerc,Ferrari,4.0,5.0,10.0,Finished,False,-1.0
2019,3,Shanghai,Chinese Grand Prix,GAS,Pierre Gasly,Red Bull Racing,6.0,6.0,9.0,Finished,False,0.0
2019,3,Shanghai,Chinese Grand Prix,RIC,Daniel Ricciardo,Renault,7.0,7.0,6.0,+1 Lap,False,0.0
2019,3,Shanghai,Chinese Grand Prix,PER,Sergio Perez,Racing Point,12.0,8.0,4.0,+1 Lap,False,4.0
2019,3,Shanghai,Chinese Grand Prix,RAI,Kimi Räikkönen,Alfa Romeo Racing,13.0,9.0,2.0,+1 Lap,False,4.0
2019,3,Shanghai,Chinese Grand Prix,ALB,Alexander Albon,Toro Rosso,0.0,10.0,1.0,+1 Lap,False,-10.0
2019,3,Shanghai,Chinese Grand Prix,GRO,Romain Grosjean,Haas F1 Team,10.0,11.0,0.0,+1 Lap,False,-1.0
2019,3,Shanghai,Chinese Grand Prix,STR,Lance Stroll,Racing Point,16.0,12.0,0.0,+1 Lap,False,4.0
2019,3,Shanghai,Chinese Grand Prix,MAG,Kevin Magnussen,Haas F1 Team,9.0,13.0,0.0,+1 Lap,False,-4.0
2019,3,Shanghai,Chinese Grand Prix,SAI,Carlos Sainz,McLaren,14.0,14.0,0.0,+1 Lap,False,0.0
2019,3,Shanghai,Chinese Grand Prix,GIO,Antonio Giovinazzi,Alfa Romeo Racing,19.0,15.0,0.0,+1 Lap,False,4.0
2019,3,Shanghai,Chinese Grand Prix,RUS,George Russell,Williams,17.0,16.0,0.0,+2 Laps,False,1.0
2019,3,Shanghai,Chinese Grand Prix,KUB,Robert Kubica,Williams,18.0,17.0,0.0,+2 Laps,False,1.0
2019,3,Shanghai,Chinese Grand Prix,NOR,Lando Norris,McLaren,15.0,18.0,0.0,Collision,True,-3.0
2019,3,Shanghai,Chinese Grand Prix,KVY,Daniil Kvyat,Toro Rosso,11.0,19.0,0.0,Collision,True,-8.0
2019,3,Shanghai,Chinese Grand Prix,HUL,Nico Hulkenberg,Renault,8.0,20.0,0.0,Power Unit,True,-12.0
2019,4,Baku,Azerbaijan Grand Prix,BOT,Valtteri Bottas,Mercedes,1.0,1.0,25.0,Finished,False,0.0
2019,4,Baku,Azerbaijan Grand Prix,HAM,Lewis Hamilton,Mercedes,2.0,2.0,18.0,Finished,False,0.0
2019,4,Baku,Azerbaijan Grand Prix,VET,Sebastian Vettel,Ferrari,3.0,3.0,15.0,Finished,False,0.0
2019,4,Baku,Azerbaijan Grand Prix,VER,Max Verstappen,Red Bull Racing,4.0,4.0,12.0,Finished,False,0.0
2019,4,Baku,Azerbaijan Grand Prix,LEC,Charles Leclerc,Ferrari,8.0,5.0,11.0,Finished,False,3.0
2019,4,Baku,Azerbaijan Grand Prix,PER,Sergio Perez,Racing Point,5.0,6.0,8.0,Finished,False,-1.0
2019,4,Baku,Azerbaijan Grand Prix,SAI,Carlos Sainz,McLaren,9.0,7.0,6.0,Finished,False,2.0
2019,4,Baku,Azerbaijan Grand Prix,NOR,Lando Norris,McLaren,7.0,8.0,4.0,Finished,False,-1.0
2019,4,Baku,Azerbaijan Grand Prix,STR,Lance Stroll,Racing Point,13.0,9.0,2.0,Finished,False,4.0
2019,4,Baku,Azerbaijan Grand Prix,RAI,Kimi Räikkönen,Alfa Romeo Racing,0.0,10.0,1.0,+1 Lap,False,-10.0
2019,4,Baku,Azerbaijan Grand Prix,ALB,Alexander Albon,Toro Rosso,11.0,11.0,0.0,+1 Lap,False,0.0
2019,4,Baku,Azerbaijan Grand Prix,GIO,Antonio Giovinazzi,Alfa Romeo Racing,17.0,12.0,0.0,+1 Lap,False,5.0
2019,4,Baku,Azerbaijan Grand Prix,MAG,Kevin Magnussen,Haas F1 Team,12.0,13.0,0.0,+1 Lap,False,-1.0
2019,4,Baku,Azerbaijan Grand Prix,HUL,Nico Hulkenberg,Renault,15.0,14.0,0.0,+1 Lap,False,1.0
2019,4,Baku,Azerbaijan Grand Prix,RUS,George Russell,Williams,16.0,15.0,0.0,+2 Laps,False,1.0
2019,4,Baku,Azerbaijan Grand Prix,KUB,Robert Kubica,Williams,0.0,16.0,0.0,+2 Laps,False,-16.0
2019,4,Baku,Azerbaijan Grand Prix,GAS,Pierre Gasly,Red Bull Racing,0.0,17.0,0.0,Transmission,True,-17.0
2019,4,Baku,Azerbaijan Grand Prix,GRO,Romain Grosjean,Haas F1 Team,14.0,18.0,0.0,Brakes,True,-4.0
2019,4,Baku,Azerbaijan Grand Prix,KVY,Daniil Kvyat,Toro Rosso,6.0,19.0,0.0,Collision,True,-13.0
2019,4,Baku,Azerbaijan Grand Prix,RIC,Daniel Ricciardo,Renault,10.0,20.0,0.0,Collision,True,-10.0
2019,5,Barcelona,Spanish Grand Prix,HAM,Lewis Hamilton,Mercedes,2.0,1.0,26.0,Finished,False,1.0
2019,5,Barcelona,Spanish Grand Prix,BOT,Valtteri Bottas,Mercedes,1.0,2.0,18.0,Finished,False,-1.0
2019,5,Barcelona,Spanish Grand Prix,VER,Max Verstappen,Red Bull Racing,4.0,3.0,15.0,Finished,False,1.0
2019,5,Barcelona,Spanish Grand Prix,VET,Sebastian Vettel,Ferrari,3.0,4.0,12.0,Finished,False,-1.0
2019,5,Barcelona,Spanish Grand Prix,LEC,Charles Leclerc,Ferrari,5.0,5.0,10.0,Finished,False,0.0
2019,5,Barcelona,Spanish Grand Prix,GAS,Pierre Gasly,Red Bull Racing,6.0,6.0,8.0,Finished,False,0.0
2019,5,Barcelona,Spanish Grand Prix,MAG,Kevin Magnussen,Haas F1 Team,8.0,7.0,6.0,Finished,False,1.0
2019,5,Barcelona,Spanish Grand Prix,SAI,Carlos Sainz,McLaren,12.0,8.0,4.0,Finished,False,4.0
2019,5,Barcelona,Spanish Grand Prix,KVY,Daniil Kvyat,Toro Rosso,9.0,9.0,2.0,Finished,False,0.0
2019,5,Barcelona,Spanish Grand Prix,GRO,Romain Grosjean,Haas F1 Team,7.0,10.0,1.0,Finished,False,-3.0
2019,5,Barcelona,Spanish Grand Prix,ALB,Alexander Albon,Toro Rosso,11.0,11.0,0.0,Finished,False,0.0
2019,5,Barcelona,Spanish Grand Prix,RIC,Daniel Ricciardo,Renault,13.0,12.0,0.0,Finished,False,1.0
2019,5,Barcelona,Spanish Grand Prix,HUL,Nico Hulkenberg,Renault,0.0,13.0,0.0,Finished,False,-13.0
2019,5,Barcelona,Spanish Grand Prix,RAI,Kimi Räikkönen,Alfa Romeo Racing,14.0,14.0,0.0,Finished,False,0.0
2019,5,Barcelona,Spanish Grand Prix,PER,Sergio Perez,Racing Point,15.0,15.0,0.0,Finished,False,0.0
2019,5,Barcelona,Spanish Grand Prix,GIO,Antonio Giovinazzi,Alfa Romeo Racing,18.0,16.0,0.0,Finished,False,2.0
2019,5,Barcelona,Spanish Grand Prix,RUS,George Russell,Williams,19.0,17.0,0.0,+1 Lap,False,2.0
2019,5,Barcelona,Spanish Grand Prix,KUB,Robert Kubica,Williams,17.0,18.0,0.0,+1 Lap,False,-1.0
2019,5,Barcelona,Spanish Grand Prix,STR,Lance Stroll,Racing Point,16.0,19.0,0.0,Collision,True,-3.0
2019,5,Barcelona,Spanish Grand Prix,NOR,Lando Norris,McLaren,10.0,20.0,0.0,Collision,True,-10.0
2019,6,Monte Carlo,Monaco Grand Prix,HAM,Lewis Hamilton,Mercedes,1.0,1.0,25.0,Finished,False,0.0
2019,6,Monte Carlo,Monaco Grand Prix,VET,Sebastian Vettel,Ferrari,4.0,2.0,18.0,Finished,False,2.0
2019,6,Monte Carlo,Monaco Grand Prix,BOT,Valtteri Bottas,Mercedes,2.0,3.0,15.0,Finished,False,-1.0
2019,6,Monte Carlo,Monaco Grand Prix,VER,Max Verstappen,Red Bull Racing,3.0,4.0,12.0,Finished,False,-1.0
2019,6,Monte Carlo,Monaco Grand Prix,GAS,Pierre Gasly,Red Bull Racing,8.0,5.0,11.0,Finished,False,3.0
2019,6,Monte Carlo,Monaco Grand Prix,SAI,Carlos Sainz,McLaren,9.0,6.0,8.0,Finished,False,3.0
2019,6,Monte Carlo,Monaco Grand Prix,KVY,Daniil Kvyat,Toro Rosso,7.0,7.0,6.0,Finished,False,0.0
2019,6,Monte Carlo,Monaco Grand Prix,ALB,Alexander Albon,Toro Rosso,10.0,8.0,4.0,Finished,False,2.0
2019,6,Monte Carlo,Monaco Grand Prix,RIC,Daniel Ricciardo,Renault,6.0,9.0,2.0,Finished,False,-3.0
2019,6,Monte Carlo,Monaco Grand Prix,GRO,Romain Grosjean,Haas F1 Team,13.0,10.0,1.0,Finished,False,3.0
2019,6,Monte Carlo,Monaco Grand Prix,NOR,Lando Norris,McLaren,12.0,11.0,0.0,Finished,False,1.0
2019,6,Monte Carlo,Monaco Grand Prix,PER,Sergio Perez,Racing Point,16.0,12.0,0.0,+1 Lap,False,4.0
2019,6,Monte Carlo,Monaco Grand Prix,HUL,Nico Hulkenberg,Renault,11.0,13.0,0.0,+1 Lap,False,-2.0
2019,6,Monte Carlo,Monaco Grand Prix,MAG,Kevin Magnussen,Haas F1 Team,5.0,14.0,0.0,+1 Lap,False,-9.0
2019,6,Monte Carlo,Monaco Grand Prix,RUS,George Russell,Williams,19.0,15.0,0.0,+1 Lap,False,4.0
2019,6,Monte Carlo,Monaco Grand Prix,STR,Lance Stroll,Racing Point,17.0,16.0,0.0,+1 Lap,False,1.0
2019,6,Monte Carlo,Monaco Grand Prix,RAI,Kimi Räikkönen,Alfa Romeo Racing,14.0,17.0,0.0,+1 Lap,False,-3.0
2019,6,Monte Carlo,Monaco Grand Prix,KUB,Robert Kubica,Williams,20.0,18.0,0.0,+1 Lap,False,2.0
2019,6,Monte Carlo,Monaco Grand Prix,GIO,Antonio Giovinazzi,Alfa Romeo Racing,18.0,19.0,0.0,+2 Laps,False,-1.0
2019,6,Monte Carlo,Monaco Grand Prix,LEC,Charles Leclerc,Ferrari,15.0,20.0,0.0,Collision,True,-5.0
2019,7,Montréal,Canadian Grand Prix,HAM,Lewis Hamilton,Mercedes,2.0,1.0,25.0,Finished,False,1.0
2019,7,Montréal,Canadian Grand Prix,VET,Sebastian Vettel,Ferrari,1.0,2.0,18.0,Finished,False,-1.0
2019,7,Montréal,Canadian Grand Prix,LEC,Charles Leclerc,Ferrari,3.0,3.0,15.0,Finished,False,0.0
2019,7,Montréal,Canadian Grand Prix,BOT,Valtteri Bottas,Mercedes,6.0,4.0,13.0,Finished,False,2.0
2019,7,Montréal,Canadian Grand Prix,VER,Max Verstappen,Red Bull Racing,9.0,5.0,10.0,Finished,False,4.0
2019,7,Montréal,Canadian Grand Prix,RIC,Daniel Ricciardo,Renault,4.0,6.0,8.0,+1 Lap,False,-2.0
2019,7,Montréal,Canadian Grand Prix,HUL,Nico Hulkenberg,Renault,7.0,7.0,6.0,+1 Lap,False,0.0
2019,7,Montréal,Canadian Grand Prix,GAS,Pierre Gasly,Red Bull Racing,5.0,8.0,4.0,+1 Lap,False,-3.0
2019,7,Montréal,Canadian Grand Prix,STR,Lance Stroll,Racing Point,17.0,9.0,2.0,+1 Lap,False,8.0
2019,7,Montréal,Canadian Grand Prix,KVY,Daniil Kvyat,Toro Rosso,10.0,10.0,1.0,+1 Lap,False,0.0
2019,7,Montréal,Canadian Grand Prix,SAI,Carlos Sainz,McLaren,11.0,11.0,0.0,+1 Lap,False,0.0
2019,7,Montréal,Canadian Grand Prix,PER,Sergio Perez,Racing Point,15.0,12.0,0.0,+1 Lap,False,3.0
2019,7,Montréal,Canadian Grand Prix,GIO,Antonio Giovinazzi,Alfa Romeo Racing,12.0,13.0,0.0,+1 Lap,False,-1.0
2019,7,Montréal,Canadian Grand Prix,GRO,Romain Grosjean,Haas F1 Team,14.0,14.0,0.0,+1 Lap,False,0.0
2019,7,Montréal,Canadian Grand Prix,RAI,Kimi Räikkönen,Alfa Romeo Racing,16.0,15.0,0.0,+1 Lap,False,1.0
2019,7,Montréal,Canadian Grand Prix,RUS,George Russell,Williams,18.0,16.0,0.0,+2 Laps,False,2.0
2019,7,Montréal,Canadian Grand Prix,MAG,Kevin Magnussen,Haas F1 Team,0.0,17.0,0.0,+2 Laps,False,-17.0
2019,7,Montréal,Canadian Grand Prix,KUB,Robert Kubica,Williams,19.0,18.0,0.0,+3 Laps,False,1.0
2019,7,Montréal,Canadian Grand Prix,ALB,Alexander Albon,Toro Rosso,13.0,19.0,0.0,Collision damage,True,-6.0
2019,7,Montréal,Canadian Grand Prix,NOR,Lando Norris,McLaren,8.0,20.0,0.0,Suspension,True,-12.0
2019,8,Le Castellet,French Grand Prix,HAM,Lewis Hamilton,Mercedes,1.0,1.0,25.0,Finished,False,0.0
2019,8,Le Castellet,French Grand Prix,BOT,Valtteri Bottas,Mercedes,2.0,2.0,18.0,Finished,False,0.0
2019,8,Le Castellet,French Grand Prix,LEC,Charles Leclerc,Ferrari,3.0,3.0,15.0,Finished,False,0.0
2019,8,Le Castellet,French Grand Prix,VER,Max Verstappen,Red Bull Racing,4.0,4.0,12.0,Finished,False,0.0
2019,8,Le Castellet,French Grand Prix,VET,Sebastian Vettel,Ferrari,7.0,5.0,11.0,Finished,False,2.0
2019,8,Le Castellet,French Grand Prix,SAI,Carlos Sainz,McLaren,6.0,6.0,8.0,Finished,False,0.0
2019,8,Le Castellet,French Grand Prix,RAI,Kimi Räikkönen,Alfa Romeo Racing,12.0,7.0,6.0,+1 Lap,False,5.0
2019,8,Le Castellet,French Grand Prix,HUL,Nico Hulkenberg,Renault,13.0,8.0,4.0,+1 Lap,False,5.0
2019,8,Le Castellet,French Grand Prix,NOR,Lando Norris,McLaren,5.0,9.0,2.0,+1 Lap,False,-4.0
2019,8,Le Castellet,French Grand Prix,GAS,Pierre Gasly,Red Bull Racing,9.0,10.0,1.0,+1 Lap,False,-1.0
2019,8,Le Castellet,French Grand Prix,RIC,Daniel Ricciardo,Renault,8.0,11.0,0.0,+1 Lap,False,-3.0
2019,8,Le Castellet,French Grand Prix,PER,Sergio Perez,Racing Point,14.0,12.0,0.0,+1 Lap,False,2.0
2019,8,Le Castellet,French Grand Prix,STR,Lance Stroll,Racing Point,17.0,13.0,0.0,+1 Lap,False,4.0
2019,8,Le Castellet,French Grand Prix,KVY,Daniil Kvyat,Toro Rosso,19.0,14.0,0.0,+1 Lap,False,5.0
2019,8,Le Castellet,French Grand Prix,ALB,Alexander Albon,Toro Rosso,11.0,15.0,0.0,+1 Lap,False,-4.0
2019,8,Le Castellet,French Grand Prix,GIO,Antonio Giovinazzi,Alfa Romeo Racing,10.0,16.0,0.0,+1 Lap,False,-6.0
2019,8,Le Castellet,French Grand Prix,MAG,Kevin Magnussen,Haas F1 Team,15.0,17.0,0.0,+1 Lap,False,-2.0
2019,8,Le Castellet,French Grand Prix,KUB,Robert Kubica,Williams,18.0,18.0,0.0,+2 Laps,False,0.0
2019,8,Le Castellet,French Grand Prix,RUS,George Russell,Williams,20.0,19.0,0.0,+2 Laps,False,1.0
2019,8,Le Castellet,French Grand Prix,GRO,Romain Grosjean,Haas F1 Team,16.0,20.0,0.0,Retired,True,-4.0
2019,9,Spielberg,Austrian Grand Prix,VER,Max Verstappen,Red Bull Racing,2.0,1.0,26.0,Finished,False,1.0
2019,9,Spielberg,Austrian Grand Prix,LEC,Charles Leclerc,Ferrari,1.0,2.0,18.0,Finished,False,-1.0
2019,9,Spielberg,Austrian Grand Prix,BOT,Valtteri Bottas,Mercedes,3.0,3.0,15.0,Finished,False,0.0
2019,9,Spielberg,Austrian Grand Prix,VET,Sebastian Vettel,Ferrari,9.0,4.0,12.0,Finished,False,5.0
2019,9,Spielberg,Austrian Grand Prix,HAM,Lewis Hamilton,Mercedes,4.0,5.0,10.0,Finished,False,-1.0
2019,9,Spielberg,Austrian Grand Prix,NOR,Lando Norris,McLaren,5.0,6.0,8.0,+1 Lap,False,-1.0
2019,9,Spielberg,Austrian Grand Prix,GAS,Pierre Gasly,Red Bull Racing,8.0,7.0,6.0,+1 Lap,False,1.0
2019,9,Spielberg,Austrian Grand Prix,SAI,Carlos Sainz,McLaren,19.0,8.0,4.0,+1 Lap,False,11.0
2019,9,Spielberg,Austrian Grand Prix,RAI,Kimi Räikkönen,Alfa Romeo Racing,6.0,9.0,2.0,+1 Lap,False,-3.0
2019,9,Spielberg,Austrian Grand Prix,GIO,Antonio Giovinazzi,Alfa Romeo Racing,7.0,10.0,1.0,+1 Lap,False,-3.0
2019,9,Spielberg,Austrian Grand Prix,PER,Sergio Perez,Racing Point,13.0,11.0,0.0,+1 Lap,False,2.0
2019,9,Spielberg,Austrian Grand Prix,RIC,Daniel Ricciardo,Renault,12.0,12.0,0.0,+1 Lap,False,0.0
2019,9,Spielberg,Austrian Grand Prix,HUL,Nico Hulkenberg,Renault,15.0,13.0,0.0,+1 Lap,False,2.0
2019,9,Spielberg,Austrian Grand Prix,STR,Lance Stroll,Racing Point,14.0,14.0,0.0,+1 Lap,False,0.0
2019,9,Spielberg,Austrian Grand Prix,ALB,Alexander Albon,Toro Rosso,18.0,15.0,0.0,+1 Lap,False,3.0
2019,9,Spielberg,Austrian Grand Prix,GRO,Romain Grosjean,Haas F1 Team,11.0,16.0,0.0,+1 Lap,False,-5.0
2019,9,Spielberg,Austrian Grand Prix,KVY,Daniil Kvyat,Toro Rosso,16.0,17.0,0.0,+1 Lap,False,-1.0
2019,9,Spielberg,Austrian Grand Prix,RUS,George Russell,Williams,0.0,18.0,0.0,+2 Laps,False,-18.0
2019,9,Spielberg,Austrian Grand Prix,MAG,Kevin Magnussen,Haas F1 Team,10.0,19.0,0.0,+2 Laps,False,-9.0
2019,9,Spielberg,Austrian Grand Prix,KUB,Robert Kubica,Williams,17.0,20.0,0.0,+3 Laps,False,-3.0
2019,10,Silverstone,British Grand Prix,HAM,Lewis Hamilton,Mercedes,2.0,1.0,26.0,Finished,False,1.0
2019,10,Silverstone,British Grand Prix,BOT,Valtteri Bottas,Mercedes,1.0,2.0,18.0,Finished,False,-1.0
2019,10,Silverstone,British Grand Prix,LEC,Charles Leclerc,Ferrari,3.0,3.0,15.0,Finished,False,0.0
2019,10,Silverstone,British Grand Prix,GAS,Pierre Gasly,Red Bull Racing,5.0,4.0,12.0,Finished,False,1.0
2019,10,Silverstone,British Grand Prix,VER,Max Verstappen,Red Bull Racing,4.0,5.0,10.0,Finished,False,-1.0
2019,10,Silverstone,British Grand Prix,SAI,Carlos Sainz,McLaren,13.0,6.0,8.0,Finished,False,7.0
2019,10,Silverstone,British Grand Prix,RIC,Daniel Ricciardo,Renault,7.0,7.0,6.0,Finished,False,0.0
2019,10,Silverstone,British Grand Prix,RAI,Kimi Räikkönen,Alfa Romeo Racing,12.0,8.0,4.0,Finished,False,4.0
2019,10,Silverstone,British Grand Prix,KVY,Daniil Kvyat,Toro Rosso,17.0,9.0,2.0,Finished,False,8.0
2019,10,Silverstone,British Grand Prix,HUL,Nico Hulkenberg,Renault,10.0,10.0,1.0,Finished,False,0.0
2019,10,Silverstone,British Grand Prix,NOR,Lando Norris,McLaren,8.0,11.0,0.0,Finished,False,-3.0
2019,10,Silverstone,British Grand Prix,ALB,Alexander Albon,Toro Rosso,9.0,12.0,0.0,Finished,False,-3.0
2019,10,Silverstone,British Grand Prix,STR,Lance Stroll,Racing Point,18.0,13.0,0.0,Finished,False,5.0
2019,10,Silverstone,British Grand Prix,RUS,George Russell,Williams,19.0,14.0,0.0,+1 Lap,False,5.0
2019,10,Silverstone,British Grand Prix,KUB,Robert Kubica,Williams,20.0,15.0,0.0,+1 Lap,False,5.0
2019,10,Silverstone,British Grand Prix,VET,Sebastian Vettel,Ferrari,6.0,16.0,0.0,+1 Lap,False,-10.0
2019,10,Silverstone,British Grand Prix,PER,Sergio Perez,Racing Point,15.0,17.0,0.0,+1 Lap,False,-2.0
2019,10,Silverstone,British Grand Prix,GIO,Antonio Giovinazzi,Alfa Romeo Racing,11.0,18.0,0.0,Spun off,True,-7.0
2019,10,Silverstone,British Grand Prix,GRO,Romain Grosjean,Haas F1 Team,14.0,19.0,0.0,Collision,True,-5.0
2019,10,Silverstone,British Grand Prix,MAG,Kevin Magnussen,Haas F1 Team,16.0,20.0,0.0,Collision,True,-4.0
2019,11,Hockenheim,German Grand Prix,VER,Max Verstappen,Red Bull Racing,2.0,1.0,26.0,Finished,False,1.0
2019,11,Hockenheim,German Grand Prix,VET,Sebastian Vettel,Ferrari,20.0,2.0,18.0,Finished,False,18.0
2019,11,Hockenheim,German Grand Prix,KVY,Daniil Kvyat,Toro Rosso,14.0,3.0,15.0,Finished,False,11.0
2019,11,Hockenheim,German Grand Prix,STR,Lance Stroll,Racing Point,15.0,4.0,12.0,Finished,False,11.0
2019,11,Hockenheim,German Grand Prix,SAI,Carlos Sainz,McLaren,7.0,5.0,10.0,Finished,False,2.0
2019,11,Hockenheim,German Grand Prix,ALB,Alexander Albon,Toro Rosso,16.0,6.0,8.0,Finished,False,10.0
2019,11,Hockenheim,German Grand Prix,GRO,Romain Grosjean,Haas F1 Team,6.0,7.0,6.0,Finished,False,-1.0
2019,11,Hockenheim,German Grand Prix,MAG,Kevin Magnussen,Haas F1 Team,12.0,8.0,4.0,Finished,False,4.0
2019,11,Hockenheim,German Grand Prix,HAM,Lewis Hamilton,Mercedes,1.0,9.0,2.0,Finished,False,-8.0
2019,11,Hockenheim,German Grand Prix,KUB,Robert Kubica,Williams,18.0,10.0,1.0,Finished,False,8.0
2019,11,Hockenheim,German Grand Prix,RUS,George Russell,Williams,17.0,11.0,0.0,Finished,False,6.0
2019,11,Hockenheim,German Grand Prix,RAI,Kimi Räikkönen,Alfa Romeo Racing,5.0,12.0,0.0,Finished,False,-7.0
2019,11,Hockenheim,German Grand Prix,GIO,Antonio Giovinazzi,Alfa Romeo Racing,11.0,13.0,0.0,Finished,False,-2.0
2019,11,Hockenheim,German Grand Prix,GAS,Pierre Gasly,Red Bull Racing,4.0,14.0,0.0,Collision,True,-10.0
2019,11,Hockenheim,German Grand Prix,BOT,Valtteri Bottas,Mercedes,3.0,15.0,0.0,Accident,True,-12.0
2019,11,Hockenheim,German Grand Prix,HUL,Nico Hulkenberg,Renault,9.0,16.0,0.0,Accident,True,-7.0
2019,11,Hockenheim,German Grand Prix,LEC,Charles Leclerc,Ferrari,10.0,17.0,0.0,Accident,True,-7.0
2019,11,Hockenheim,German Grand Prix,NOR,Lando Norris,McLaren,19.0,18.0,0.0,Power loss,True,1.0
2019,11,Hockenheim,German Grand Prix,RIC,Daniel Ricciardo,Renault,13.0,19.0,0.0,Exhaust,True,-6.0
2019,11,Hockenheim,German Grand Prix,PER,Sergio Perez,Racing Point,8.0,20.0,0.0,Spun off,True,-12.0
2019,12,Budapest,Hungarian Grand Prix,HAM,Lewis Hamilton,Mercedes,3.0,1.0,25.0,Finished,False,2.0
2019,12,Budapest,Hungarian Grand Prix,VER,Max Verstappen,Red Bull Racing,1.0,2.0,19.0,Finished,False,-1.0
2019,12,Budapest,Hungarian Grand Prix,VET,Sebastian Vettel,Ferrari,5.0,3.0,15.0,Finished,False,2.0
2019,12,Budapest,Hungarian Grand Prix,LEC,Charles Leclerc,Ferrari,4.0,4.0,12.0,Finished,False,0.0
2019,12,Budapest,Hungarian Grand Prix,SAI,Carlos Sainz,McLaren,8.0,5.0,10.0,+1 Lap,False,3.0
2019,12,Budapest,Hungarian Grand Prix,GAS,Pierre Gasly,Red Bull Racing,6.0,6.0,8.0,+1 Lap,False,0.0
2019,12,Budapest,Hungarian Grand Prix,RAI,Kimi Räikkönen,Alfa Romeo Racing,10.0,7.0,6.0,+1 Lap,False,3.0
2019,12,Budapest,Hungarian Grand Prix,BOT,Valtteri Bottas,Mercedes,2.0,8.0,4.0,+1 Lap,False,-6.0
2019,12,Budapest,Hungarian Grand Prix,NOR,Lando Norris,McLaren,7.0,9.0,2.0,+1 Lap,False,-2.0
2019,12,Budapest,Hungarian Grand Prix,ALB,Alexander Albon,Toro Rosso,12.0,10.0,1.0,+1 Lap,False,2.0
2019,12,Budapest,Hungarian Grand Prix,PER,Sergio Perez,Racing Point,16.0,11.0,0.0,+1 Lap,False,5.0
2019,12,Budapest,Hungarian Grand Prix,HUL,Nico Hulkenberg,Renault,11.0,12.0,0.0,+1 Lap,False,-1.0
2019,12,Budapest,Hungarian Grand Prix,MAG,Kevin Magnussen,Haas F1 Team,14.0,13.0,0.0,+1 Lap,False,1.0
2019,12,Budapest,Hungarian Grand Prix,RIC,Daniel Ricciardo,Renault,20.0,14.0,0.0,+1 Lap,False,6.0
2019,12,Budapest,Hungarian Grand Prix,KVY,Daniil Kvyat,Toro Rosso,13.0,15.0,0.0,+2 Laps,False,-2.0
2019,12,Budapest,Hungarian Grand Prix,RUS,George Russell,Williams,15.0,16.0,0.0,+2 Laps,False,-1.0
2019,12,Budapest,Hungarian Grand Prix,STR,Lance Stroll,Racing Point,18.0,17.0,0.0,+2 Laps,False,1.0
2019,12,Budapest,Hungarian Grand Prix,GIO,Antonio Giovinazzi,Alfa Romeo Racing,17.0,18.0,0.0,+2 Laps,False,-1.0
2019,12,Budapest,Hungarian Grand Prix,KUB,Robert Kubica,Williams,19.0,19.0,0.0,+3 Laps,False,0.0
2019,12,Budapest,Hungarian Grand Prix,GRO,Romain Grosjean,Haas F1 Team,9.0,20.0,0.0,Water pressure,True,-11.0
2019,13,Spa-Francorchamps,Belgian Grand Prix,LEC,Charles Leclerc,Ferrari,1.0,1.0,25.0,Finished,False,0.0
2019,13,Spa-Francorchamps,Belgian Grand Prix,HAM,Lewis Hamilton,Mercedes,3.0,2.0,18.0,Finished,False,1.0
2019,13,Spa-Francorchamps,Belgian Grand Prix,BOT,Valtteri Bottas,Mercedes,4.0,3.0,15.0,Finished,False,1.0
2019,13,Spa-Francorchamps,Belgian Grand Prix,VET,Sebastian Vettel,Ferrari,2.0,4.0,13.0,Finished,False,-2.0
2019,13,Spa-Francorchamps,Belgian Grand Prix,ALB,Alexander Albon,Red Bull Racing,17.0,5.0,10.0,Finished,False,12.0
2019,13,Spa-Francorchamps,Belgian Grand Prix,PER,Sergio Perez,Racing Point,7.0,6.0,8.0,Finished,False,1.0
2019,13,Spa-Francorchamps,Belgian Grand Prix,KVY,Daniil Kvyat,Toro Rosso,19.0,7.0,6.0,Finished,False,12.0
2019,13,Spa-Francorchamps,Belgian Grand Prix,HUL,Nico Hulkenberg,Renault,12.0,8.0,4.0,Finished,False,4.0
2019,13,Spa-Francorchamps,Belgian Grand Prix,GAS,Pierre Gasly,Toro Rosso,13.0,9.0,2.0,Finished,False,4.0
2019,13,Spa-Francorchamps,Belgian Grand Prix,STR,Lance Stroll,Racing Point,16.0,10.0,1.0,Finished,False,6.0
2019,13,Spa-Francorchamps,Belgian Grand Prix,NOR,Lando Norris,McLaren,11.0,11.0,0.0,Engine,True,0.0
2019,13,Spa-Francorchamps,Belgian Grand Prix,MAG,Kevin Magnussen,Haas F1 Team,8.0,12.0,0.0,+1 Lap,False,-4.0
2019,13,Spa-Francorchamps,Belgian Grand Prix,GRO,Romain Grosjean,Haas F1 Team,9.0,13.0,0.0,+1 Lap,False,-4.0
2019,13,Spa-Francorchamps,Belgian Grand Prix,RIC,Daniel Ricciardo,Renault,10.0,14.0,0.0,+1 Lap,False,-4.0
2019,13,Spa-Francorchamps,Belgian Grand Prix,RUS,George Russell,Williams,14.0,15.0,0.0,+1 Lap,False,-1.0
2019,13,Spa-Francorchamps,Belgian Grand Prix,RAI,Kimi Räikkönen,Alfa Romeo Racing,6.0,16.0,0.0,+1 Lap,False,-10.0
2019,13,Spa-Francorchamps,Belgian Grand Prix,KUB,Robert Kubica,Williams,0.0,17.0,0.0,+1 Lap,False,-17.0
2019,13,Spa-Francorchamps,Belgian Grand Prix,GIO,Antonio Giovinazzi,Alfa Romeo Racing,18.0,18.0,0.0,Accident,True,0.0
2019,13,Spa-Francorchamps,Belgian Grand Prix,SAI,Carlos Sainz,McLaren,15.0,19.0,0.0,Power loss,True,-4.0
2019,13,Spa-Francorchamps,Belgian Grand Prix,VER,Max Verstappen,Red Bull Racing,5.0,20.0,0.0,Accident,True,-15.0
2019,14,Monza,Italian Grand Prix,LEC,Charles Leclerc,Ferrari,1.0,1.0,25.0,Finished,False,0.0
2019,14,Monza,Italian Grand Prix,BOT,Valtteri Bottas,Mercedes,3.0,2.0,18.0,Finished,False,1.0
2019,14,Monza,Italian Grand Prix,HAM,Lewis Hamilton,Mercedes,2.0,3.0,16.0,Finished,False,-1.0
2019,14,Monza,Italian Grand Prix,RIC,Daniel Ricciardo,Renault,5.0,4.0,12.0,Finished,False,1.0
2019,14,Monza,Italian Grand Prix,HUL,Nico Hulkenberg,Renault,6.0,5.0,10.0,Finished,False,1.0
2019,14,Monza,Italian Grand Prix,ALB,Alexander Albon,Red Bull Racing,8.0,6.0,8.0,Finished,False,2.0
2019,14,Monza,Italian Grand Prix,PER,Sergio Perez,Racing Point,18.0,7.0,6.0,Finished,False,11.0
2019,14,Monza,Italian Grand Prix,VER,Max Verstappen,Red Bull Racing,19.0,8.0,4.0,Finished,False,11.0
2019,14,Monza,Italian Grand Prix,GIO,Antonio Giovinazzi,Alfa Romeo Racing,10.0,9.0,2.0,+1 Lap,False,1.0
2019,14,Monza,Italian Grand Prix,NOR,Lando Norris,McLaren,16.0,10.0,1.0,+1 Lap,False,6.0
2019,14,Monza,Italian Grand Prix,GAS,Pierre Gasly,Toro Rosso,17.0,11.0,0.0,+1 Lap,False,6.0
2019,14,Monza,Italian Grand Prix,STR,Lance Stroll,Racing Point,9.0,12.0,0.0,+1 Lap,False,-3.0
2019,14,Monza,Italian Grand Prix,VET,Sebastian Vettel,Ferrari,4.0,13.0,0.0,+1 Lap,False,-9.0
2019,14,Monza,Italian Grand Prix,RUS,George Russell,Williams,14.0,14.0,0.0,+1 Lap,False,0.0
2019,14,Monza,Italian Grand Prix,RAI,Kimi Räikkönen,Alfa Romeo Racing,0.0,15.0,0.0,+1 Lap,False,-15.0
2019,14,Monza,Italian Grand Prix,GRO,Romain Grosjean,Haas F1 Team,13.0,16.0,0.0,+1 Lap,False,-3.0
2019,14,Monza,Italian Grand Prix,KUB,Robert Kubica,Williams,15.0,17.0,0.0,+2 Laps,False,-2.0
2019,14,Monza,Italian Grand Prix,MAG,Kevin Magnussen,Haas F1 Team,11.0,18.0,0.0,Hydraulics,True,-7.0
2019,14,Monza,Italian Grand Prix,KVY,Daniil Kvyat,Toro Rosso,12.0,19.0,0.0,Engine,True,-7.0
2019,14,Monza,Italian Grand Prix,SAI,Carlos Sainz,McLaren,7.0,20.0,0.0,Wheel,True,-13.0
2019,15,Singapore,Singapore Grand Prix,VET,Sebastian Vettel,Ferrari,3.0,1.0,25.0,Finished,False,2.0
2019,15,Singapore,Singapore Grand Prix,LEC,Charles Leclerc,Ferrari,1.0,2.0,18.0,Finished,False,-1.0
2019,15,Singapore,Singapore Grand Prix,VER,Max Verstappen,Red Bull Racing,4.0,3.0,15.0,Finished,False,1.0
2019,15,Singapore,Singapore Grand Prix,HAM,Lewis Hamilton,Mercedes,2.0,4.0,12.0,Finished,False,-2.0
2019,15,Singapore,Singapore Grand Prix,BOT,Valtteri Bottas,Mercedes,5.0,5.0,10.0,Finished,False,0.0
2019,15,Singapore,Singapore Grand Prix,ALB,Alexander Albon,Red Bull Racing,6.0,6.0,8.0,Finished,False,0.0
2019,15,Singapore,Singapore Grand Prix,NOR,Lando Norris,McLaren,9.0,7.0,6.0,Finished,False,2.0
2019,15,Singapore,Singapore Grand Prix,GAS,Pierre Gasly,Toro Rosso,11.0,8.0,4.0,Finished,False,3.0
2019,15,Singapore,Singapore Grand Prix,HUL,Nico Hulkenberg,Renault,8.0,9.0,2.0,Finished,False,-1.0
2019,15,Singapore,Singapore Grand Prix,GIO,Antonio Giovinazzi,Alfa Romeo Racing,10.0,10.0,1.0,Finished,False,0.0
2019,15,Singapore,Singapore Grand Prix,GRO,Romain Grosjean,Haas F1 Team,17.0,11.0,0.0,Finished,False,6.0
2019,15,Singapore,Singapore Grand Prix,SAI,Carlos Sainz,McLaren,7.0,12.0,0.0,Finished,False,-5.0
2019,15,Singapore,Singapore Grand Prix,STR,Lance Stroll,Racing Point,16.0,13.0,0.0,Finished,False,3.0
2019,15,Singapore,Singapore Grand Prix,RIC,Daniel Ricciardo,Renault,20.0,14.0,0.0,Finished,False,6.0
2019,15,Singapore,Singapore Grand Prix,KVY,Daniil Kvyat,Toro Rosso,14.0,15.0,0.0,Finished,False,-1.0
2019,15,Singapore,Singapore Grand Prix,KUB,Robert Kubica,Williams,19.0,16.0,0.0,Finished,False,3.0
2019,15,Singapore,Singapore Grand Prix,MAG,Kevin Magnussen,Haas F1 Team,13.0,17.0,0.0,Finished,False,-4.0
2019,15,Singapore,Singapore Grand Prix,RAI,Kimi Räikkönen,Alfa Romeo Racing,12.0,18.0,0.0,Collision,True,-6.0
2019,15,Singapore,Singapore Grand Prix,PER,Sergio Perez,Racing Point,15.0,19.0,0.0,Engine,True,-4.0
2019,15,Singapore,Singapore Grand Prix,RUS,George Russell,Williams,18.0,20.0,0.0,Collision,True,-2.0
2019,16,Sochi,Russian Grand Prix,HAM,Lewis Hamilton,Mercedes,2.0,1.0,26.0,Finished,False,1.0
2019,16,Sochi,Russian Grand Prix,BOT,Valtteri Bottas,Mercedes,4.0,2.0,18.0,Finished,False,2.0
2019,16,Sochi,Russian Grand Prix,LEC,Charles Leclerc,Ferrari,1.0,3.0,15.0,Finished,False,-2.0
2019,16,Sochi,Russian Grand Prix,VER,Max Verstappen,Red Bull Racing,9.0,4.0,12.0,Finished,False,5.0
2019,16,Sochi,Russian Grand Prix,ALB,Alexander Albon,Red Bull Racing,0.0,5.0,10.0,Finished,False,-5.0
2019,16,Sochi,Russian Grand Prix,SAI,Carlos Sainz,McLaren,5.0,6.0,8.0,Finished,False,-1.0
2019,16,Sochi,Russian Grand Prix,PER,Sergio Perez,Racing Point,11.0,7.0,6.0,Finished,False,4.0
2019,16,Sochi,Russian Grand Prix,NOR,Lando Norris,McLaren,7.0,8.0,4.0,Finished,False,-1.0
2019,16,Sochi,Russian Grand Prix,MAG,Kevin Magnussen,Haas F1 Team,13.0,9.0,2.0,Finished,False,4.0
2019,16,Sochi,Russian Grand Prix,HUL,Nico Hulkenberg,Renault,6.0,10.0,1.0,Finished,False,-4.0
2019,16,Sochi,Russian Grand Prix,STR,Lance Stroll,Racing Point,14.0,11.0,0.0,Finished,False,3.0
2019,16,Sochi,Russian Grand Prix,KVY,Daniil Kvyat,Toro Rosso,19.0,12.0,0.0,Finished,False,7.0
2019,16,Sochi,Russian Grand Prix,RAI,Kimi Räikkönen,Alfa Romeo Racing,15.0,13.0,0.0,Finished,False,2.0
2019,16,Sochi,Russian Grand Prix,GAS,Pierre Gasly,Toro Rosso,16.0,14.0,0.0,Finished,False,2.0
2019,16,Sochi,Russian Grand Prix,GIO,Antonio Giovinazzi,Alfa Romeo Racing,12.0,15.0,0.0,Finished,False,-3.0
2019,16,Sochi,Russian Grand Prix,KUB,Robert Kubica,Williams,18.0,16.0,0.0,Brakes,True,2.0
2019,16,Sochi,Russian Grand Prix,RUS,George Russell,Williams,17.0,17.0,0.0,Brakes,True,0.0
2019,16,Sochi,Russian Grand Prix,VET,Sebastian Vettel,Ferrari,3.0,18.0,0.0,Power loss,True,-15.0
2019,16,Sochi,Russian Grand Prix,RIC,Daniel Ricciardo,Renault,10.0,19.0,0.0,Collision,True,-9.0
2019,16,Sochi,Russian Grand Prix,GRO,Romain Grosjean,Haas F1 Team,8.0,20.0,0.0,Collision,True,-12.0
2019,17,Suzuka,Japanese Grand Prix,BOT,Valtteri Bottas,Mercedes,3.0,1.0,25.0,Finished,False,2.0
2019,17,Suzuka,Japanese Grand Prix,VET,Sebastian Vettel,Ferrari,1.0,2.0,18.0,Finished,False,-1.0
2019,17,Suzuka,Japanese Grand Prix,HAM,Lewis Hamilton,Mercedes,4.0,3.0,16.0,Finished,False,1.0
2019,17,Suzuka,Japanese Grand Prix,ALB,Alexander Albon,Red Bull Racing,6.0,4.0,12.0,Finished,False,2.0
2019,17,Suzuka,Japanese Grand Prix,SAI,Carlos Sainz,McLaren,7.0,5.0,10.0,Finished,False,2.0
2019,17,Suzuka,Japanese Grand Prix,LEC,Charles Leclerc,Ferrari,2.0,6.0,8.0,+1 Lap,False,-4.0
2019,17,Suzuka,Japanese Grand Prix,GAS,Pierre Gasly,Toro Rosso,9.0,7.0,6.0,+1 Lap,False,2.0
2019,17,Suzuka,Japanese Grand Prix,PER,Sergio Perez,Racing Point,17.0,8.0,4.0,+1 Lap,False,9.0
2019,17,Suzuka,Japanese Grand Prix,STR,Lance Stroll,Racing Point,12.0,9.0,2.0,+1 Lap,False,3.0
2019,17,Suzuka,Japanese Grand Prix,KVY,Daniil Kvyat,Toro Rosso,14.0,10.0,1.0,+1 Lap,False,4.0
2019,17,Suzuka,Japanese Grand Prix,NOR,Lando Norris,McLaren,8.0,11.0,0.0,+1 Lap,False,-3.0
2019,17,Suzuka,Japanese Grand Prix,RAI,Kimi Räikkönen,Alfa Romeo Racing,13.0,12.0,0.0,+1 Lap,False,1.0
2019,17,Suzuka,Japanese Grand Prix,GRO,Romain Grosjean,Haas F1 Team,10.0,13.0,0.0,+1 Lap,False,-3.0
2019,17,Suzuka,Japanese Grand Prix,GIO,Antonio Giovinazzi,Alfa Romeo Racing,11.0,14.0,0.0,+1 Lap,False,-3.0
2019,17,Suzuka,Japanese Grand Prix,MAG,Kevin Magnussen,Haas F1 Team,19.0,15.0,0.0,+1 Lap,False,4.0
2019,17,Suzuka,Japanese Grand Prix,RUS,George Russell,Williams,18.0,16.0,0.0,+2 Laps,False,2.0
2019,17,Suzuka,Japanese Grand Prix,KUB,Robert Kubica,Williams,0.0,17.0,0.0,+2 Laps,False,-17.0
2019,17,Suzuka,Japanese Grand Prix,VER,Max Verstappen,Red Bull Racing,5.0,18.0,0.0,Brakes,True,-13.0
2019,17,Suzuka,Japanese Grand Prix,RIC,Daniel Ricciardo,Renault,16.0,19.0,0.0,Disqualified,True,-3.0
2019,17,Suzuka,Japanese Grand Prix,HUL,Nico Hulkenberg,Renault,15.0,20.0,0.0,Disqualified,True,-5.0
2019,18,Mexico City,Mexican Grand Prix,HAM,Lewis Hamilton,Mercedes,3.0,1.0,25.0,Finished,False,2.0
2019,18,Mexico City,Mexican Grand Prix,VET,Sebastian Vettel,Ferrari,2.0,2.0,18.0,Finished,False,0.0
2019,18,Mexico City,Mexican Grand Prix,BOT,Valtteri Bottas,Mercedes,6.0,3.0,15.0,Finished,False,3.0
2019,18,Mexico City,Mexican Grand Prix,LEC,Charles Leclerc,Ferrari,1.0,4.0,13.0,Finished,False,-3.0
2019,18,Mexico City,Mexican Grand Prix,ALB,Alexander Albon,Red Bull Racing,5.0,5.0,10.0,Finished,False,0.0
2019,18,Mexico City,Mexican Grand Prix,VER,Max Verstappen,Red Bull Racing,4.0,6.0,8.0,Finished,False,-2.0
2019,18,Mexico City,Mexican Grand Prix,PER,Sergio Perez,Racing Point,11.0,7.0,6.0,Finished,False,4.0
2019,18,Mexico City,Mexican Grand Prix,RIC,Daniel Ricciardo,Renault,13.0,8.0,4.0,Finished,False,5.0
2019,18,Mexico City,Mexican Grand Prix,GAS,Pierre Gasly,Toro Rosso,10.0,9.0,2.0,+1 Lap,False,1.0
2019,18,Mexico City,Mexican Grand Prix,HUL,Nico Hulkenberg,Renault,12.0,10.0,1.0,+1 Lap,False,2.0
2019,18,Mexico City,Mexican Grand Prix,KVY,Daniil Kvyat,Toro Rosso,9.0,11.0,0.0,+1 Lap,False,-2.0
2019,18,Mexico City,Mexican Grand Prix,STR,Lance Stroll,Racing Point,16.0,12.0,0.0,+1 Lap,False,4.0
2019,18,Mexico City,Mexican Grand Prix,SAI,Carlos Sainz,McLaren,7.0,13.0,0.0,+1 Lap,False,-6.0
2019,18,Mexico City,Mexican Grand Prix,GIO,Antonio Giovinazzi,Alfa Romeo Racing,15.0,14.0,0.0,+1 Lap,False,1.0
2019,18,Mexico City,Mexican Grand Prix,MAG,Kevin Magnussen,Haas F1 Team,17.0,15.0,0.0,+2 Laps,False,2.0
2019,18,Mexico City,Mexican Grand Prix,RUS,George Russell,Williams,19.0,16.0,0.0,+2 Laps,False,3.0
2019,18,Mexico City,Mexican Grand Prix,GRO,Romain Grosjean,Haas F1 Team,18.0,17.0,0.0,+2 Laps,False,1.0
2019,18,Mexico City,Mexican Grand Prix,KUB,Robert Kubica,Williams,20.0,18.0,0.0,+2 Laps,False,2.0
2019,18,Mexico City,Mexican Grand Prix,RAI,Kimi Räikkönen,Alfa Romeo Racing,14.0,19.0,0.0,Overheating,True,-5.0
2019,18,Mexico City,Mexican Grand Prix,NOR,Lando Norris,McLaren,8.0,20.0,0.0,Withdrew,True,-12.0
2019,19,Austin,United States Grand Prix,BOT,Valtteri Bottas,Mercedes,1.0,1.0,25.0,Finished,False,0.0
2019,19,Austin,United States Grand Prix,HAM,Lewis Hamilton,Mercedes,5.0,2.0,18.0,Finished,False,3.0
2019,19,Austin,United States Grand Prix,VER,Max Verstappen,Red Bull Racing,3.0,3.0,15.0,Finished,False,0.0
2019,19,Austin,United States Grand Prix,LEC,Charles Leclerc,Ferrari,4.0,4.0,13.0,Finished,False,0.0
2019,19,Austin,United States Grand Prix,ALB,Alexander Albon,Red Bull Racing,6.0,5.0,10.0,Finished,False,1.0
2019,19,Austin,United States Grand Prix,RIC,Daniel Ricciardo,Renault,9.0,6.0,8.0,Finished,False,3.0
2019,19,Austin,United States Grand Prix,NOR,Lando Norris,McLaren,8.0,7.0,6.0,Finished,False,1.0
2019,19,Austin,United States Grand Prix,SAI,Carlos Sainz,McLaren,7.0,8.0,4.0,+1 Lap,False,-1.0
2019,19,Austin,United States Grand Prix,HUL,Nico Hulkenberg,Renault,11.0,9.0,2.0,+1 Lap,False,2.0
2019,19,Austin,United States Grand Prix,PER,Sergio Perez,Racing Point,0.0,10.0,1.0,+1 Lap,False,-10.0
2019,19,Austin,United States Grand Prix,RAI,Kimi Räikkönen,Alfa Romeo Racing,17.0,11.0,0.0,+1 Lap,False,6.0
2019,19,Austin,United States Grand Prix,KVY,Daniil Kvyat,Toro Rosso,13.0,12.0,0.0,+1 Lap,False,1.0
2019,19,Austin,United States Grand Prix,STR,Lance Stroll,Racing Point,14.0,13.0,0.0,+1 Lap,False,1.0
2019,19,Austin,United States Grand Prix,GIO,Antonio Giovinazzi,Alfa Romeo Racing,16.0,14.0,0.0,+1 Lap,False,2.0
2019,19,Austin,United States Grand Prix,GRO,Romain Grosjean,Haas F1 Team,15.0,15.0,0.0,+1 Lap,False,0.0
2019,19,Austin,United States Grand Prix,GAS,Pierre Gasly,Toro Rosso,10.0,16.0,0.0,Suspension,True,-6.0
2019,19,Austin,United States Grand Prix,RUS,George Russell,Williams,18.0,17.0,0.0,+2 Laps,False,1.0
2019,19,Austin,United States Grand Prix,MAG,Kevin Magnussen,Haas F1 Team,12.0,18.0,0.0,Brakes,True,-6.0
2019,19,Austin,United States Grand Prix,KUB,Robert Kubica,Williams,19.0,19.0,0.0,Oil leak,True,0.0
2019,19,Austin,United States Grand Prix,VET,Sebastian Vettel,Ferrari,2.0,20.0,0.0,Suspension,True,-18.0
2019,20,São Paulo,Brazilian Grand Prix,VER,Max Verstappen,Red Bull Racing,1.0,1.0,25.0,Finished,False,0.0
2019,20,São Paulo,Brazilian Grand Prix,GAS,Pierre Gasly,Toro Rosso,6.0,2.0,18.0,Finished,False,4.0
2019,20,São Paulo,Brazilian Grand Prix,SAI,Carlos Sainz,McLaren,20.0,3.0,15.0,Finished,False,17.0
2019,20,São Paulo,Brazilian Grand Prix,RAI,Kimi Räikkönen,Alfa Romeo Racing,8.0,4.0,12.0,Finished,False,4.0
2019,20,São Paulo,Brazilian Grand Prix,GIO,Antonio Giovinazzi,Alfa Romeo Racing,12.0,5.0,10.0,Finished,False,7.0
2019,20,São Paulo,Brazilian Grand Prix,RIC,Daniel Ricciardo,Renault,11.0,6.0,8.0,Finished,False,5.0
2019,20,São Paulo,Brazilian Grand Prix,HAM,Lewis Hamilton,Mercedes,3.0,7.0,6.0,Finished,False,-4.0
2019,20,São Paulo,Brazilian Grand Prix,NOR,Lando Norris,McLaren,10.0,8.0,4.0,Finished,False,2.0
2019,20,São Paulo,Brazilian Grand Prix,PER,Sergio Perez,Racing Point,15.0,9.0,2.0,Finished,False,6.0
2019,20,São Paulo,Brazilian Grand Prix,KVY,Daniil Kvyat,Toro Rosso,16.0,10.0,1.0,Finished,False,6.0
2019,20,São Paulo,Brazilian Grand Prix,MAG,Kevin Magnussen,Haas F1 Team,9.0,11.0,0.0,Finished,False,-2.0
2019,20,São Paulo,Brazilian Grand Prix,RUS,George Russell,Williams,18.0,12.0,0.0,Finished,False,6.0
2019,20,São Paulo,Brazilian Grand Prix,GRO,Romain Grosjean,Haas F1 Team,7.0,13.0,0.0,Finished,False,-6.0
2019,20,São Paulo,Brazilian Grand Prix,ALB,Alexander Albon,Red Bull Racing,5.0,14.0,0.0,Finished,False,-9.0
2019,20,São Paulo,Brazilian Grand Prix,HUL,Nico Hulkenberg,Renault,13.0,15.0,0.0,Finished,False,-2.0
2019,20,São Paulo,Brazilian Grand Prix,KUB,Robert Kubica,Williams,19.0,16.0,0.0,+1 Lap,False,3.0
2019,20,São Paulo,Brazilian Grand Prix,VET,Sebastian Vettel,Ferrari,2.0,17.0,0.0,Collision,True,-15.0
2019,20,São Paulo,Brazilian Grand Prix,LEC,Charles Leclerc,Ferrari,14.0,18.0,0.0,Collision,True,-4.0
2019,20,São Paulo,Brazilian Grand Prix,STR,Lance Stroll,Racing Point,17.0,19.0,0.0,Suspension,True,-2.0
2019,20,São Paulo,Brazilian Grand Prix,BOT,Valtteri Bottas,Mercedes,4.0,20.0,0.0,Power Unit,True,-16.0
2019,21,Yas Island,Abu Dhabi Grand Prix,HAM,Lewis Hamilton,Mercedes,1.0,1.0,26.0,Finished,False,0.0
2019,21,Yas Island,Abu Dhabi Grand Prix,VER,Max Verstappen,Red Bull Racing,2.0,2.0,18.0,Finished,False,0.0
2019,21,Yas Island,Abu Dhabi Grand Prix,LEC,Charles Leclerc,Ferrari,3.0,3.0,15.0,Finished,False,0.0
2019,21,Yas Island,Abu Dhabi Grand Prix,BOT,Valtteri Bottas,Mercedes,20.0,4.0,12.0,Finished,False,16.0
2019,21,Yas Island,Abu Dhabi Grand Prix,VET,Sebastian Vettel,Ferrari,4.0,5.0,10.0,Finished,False,-1.0
2019,21,Yas Island,Abu Dhabi Grand Prix,ALB,Alexander Albon,Red Bull Racing,5.0,6.0,8.0,Finished,False,-1.0
2019,21,Yas Island,Abu Dhabi Grand Prix,PER,Sergio Perez,Racing Point,10.0,7.0,6.0,+1 Lap,False,3.0
2019,21,Yas Island,Abu Dhabi Grand Prix,NOR,Lando Norris,McLaren,6.0,8.0,4.0,+1 Lap,False,-2.0
2019,21,Yas Island,Abu Dhabi Grand Prix,KVY,Daniil Kvyat,Toro Rosso,13.0,9.0,2.0,+1 Lap,False,4.0
2019,21,Yas Island,Abu Dhabi Grand Prix,SAI,Carlos Sainz,McLaren,8.0,10.0,1.0,+1 Lap,False,-2.0
2019,21,Yas Island,Abu Dhabi Grand Prix,RIC,Daniel Ricciardo,Renault,7.0,11.0,0.0,+1 Lap,False,-4.0
2019,21,Yas Island,Abu Dhabi Grand Prix,HUL,Nico Hulkenberg,Renault,9.0,12.0,0.0,+1 Lap,False,-3.0
2019,21,Yas Island,Abu Dhabi Grand Prix,RAI,Kimi Räikkönen,Alfa Romeo Racing,17.0,13.0,0.0,+1 Lap,False,4.0
2019,21,Yas Island,Abu Dhabi Grand Prix,MAG,Kevin Magnussen,Haas F1 Team,14.0,14.0,0.0,+1 Lap,False,0.0
2019,21,Yas Island,Abu Dhabi Grand Prix,GRO,Romain Grosjean,Haas F1 Team,15.0,15.0,0.0,+1 Lap,False,0.0
2019,21,Yas Island,Abu Dhabi Grand Prix,GIO,Antonio Giovinazzi,Alfa Romeo Racing,16.0,16.0,0.0,+1 Lap,False,0.0
2019,21,Yas Island,Abu Dhabi Grand Prix,RUS,George Russell,Williams,18.0,17.0,0.0,+1 Lap,False,1.0
2019,21,Yas Island,Abu Dhabi Grand Prix,GAS,Pierre Gasly,Toro Rosso,11.0,18.0,0.0,+2 Laps,False,-7.0
2019,21,Yas Island,Abu Dhabi Grand Prix,KUB,Robert Kubica,Williams,19.0,19.0,0.0,+2 Laps,False,0.0
2019,21,Yas Island,Abu Dhabi Grand Prix,STR,Lance Stroll,Racing Point,12.0,20.0,0.0,Brakes,True,-8.0
2020,1,Spielberg,Austrian Grand Prix,BOT,Valtteri Bottas,Mercedes,1.0,1.0,25.0,Finished,False,0.0
2020,1,Spielberg,Austrian Grand Prix,LEC,Charles Leclerc,Ferrari,7.0,2.0,18.0,Finished,False,5.0
2020,1,Spielberg,Austrian Grand Prix,NOR,Lando Norris,McLaren,3.0,3.0,16.0,Finished,False,0.0
2020,1,Spielberg,Austrian Grand Prix,HAM,Lewis Hamilton,Mercedes,5.0,4.0,12.0,Finished,False,1.0
2020,1,Spielberg,Austrian Grand Prix,SAI,Carlos Sainz,McLaren,8.0,5.0,10.0,Finished,False,3.0
2020,1,Spielberg,Austrian Grand Prix,PER,Sergio Perez,Racing Point,6.0,6.0,8.0,Finished,False,0.0
2020,1,Spielberg,Austrian Grand Prix,GAS,Pierre Gasly,AlphaTauri,12.0,7.0,6.0,Finished,False,5.0
2020,1,Spielberg,Austrian Grand Prix,OCO,Esteban Ocon,Renault,14.0,8.0,4.0,Finished,False,6.0
2020,1,Spielberg,Austrian Grand Prix,GIO,Antonio Giovinazzi,Alfa Romeo Racing,18.0,9.0,2.0,Finished,False,9.0
2020,1,Spielberg,Austrian Grand Prix,VET,Sebastian Vettel,Ferrari,11.0,10.0,1.0,Finished,False,1.0
2020,1,Spielberg,Austrian Grand Prix,LAT,Nicholas Latifi,Williams,20.0,11.0,0.0,Finished,False,9.0
2020,1,Spielberg,Austrian Grand Prix,KVY,Daniil Kvyat,AlphaTauri,13.0,12.0,0.0,Suspension,True,1.0
2020,1,Spielberg,Austrian Grand Prix,ALB,Alexander Albon,Red Bull Racing,4.0,13.0,0.0,Electronics,True,-9.0
2020,1,Spielberg,Austrian Grand Prix,RAI,Kimi Räikkönen,Alfa Romeo Racing,19.0,14.0,0.0,Wheel,True,5.0
2020,1,Spielberg,Austrian Grand Prix,RUS,George Russell,Williams,17.0,15.0,0.0,Fuel pressure,True,2.0
2020,1,Spielberg,Austrian Grand Prix,GRO,Romain Grosjean,Haas F1 Team,15.0,16.0,0.0,Brakes,True,-1.0
2020,1,Spielberg,Austrian Grand Prix,MAG,Kevin Magnussen,Haas F1 Team,16.0,17.0,0.0,Brakes,True,-1.0
2020,1,Spielberg,Austrian Grand Prix,STR,Lance Stroll,Racing Point,9.0,18.0,0.0,Engine,True,-9.0
2020,1,Spielberg,Austrian Grand Prix,RIC,Daniel Ricciardo,Renault,10.0,19.0,0.0,Overheating,True,-9.0
2020,1,Spielberg,Austrian Grand Prix,VER,Max Verstappen,Red Bull Racing,2.0,20.0,0.0,Electronics,True,-18.0
2020,2,Spielberg,Styrian Grand Prix,HAM,Lewis Hamilton,Mercedes,1.0,1.0,25.0,Finished,False,0.0
2020,2,Spielberg,Styrian Grand Prix,BOT,Valtteri Bottas,Mercedes,4.0,2.0,18.0,Finished,False,2.0
2020,2,Spielberg,Styrian Grand Prix,VER,Max Verstappen,Red Bull Racing,2.0,3.0,15.0,Finished,False,-1.0
2020,2,Spielberg,Styrian Grand Prix,ALB,Alexander Albon,Red Bull Racing,6.0,4.0,12.0,Finished,False,2.0
2020,2,Spielberg,Styrian Grand Prix,NOR,Lando Norris,McLaren,9.0,5.0,10.0,Finished,False,4.0
2020,2,Spielberg,Styrian Grand Prix,PER,Sergio Perez,Racing Point,17.0,6.0,8.0,Finished,False,11.0
2020,2,Spielberg,Styrian Grand Prix,STR,Lance Stroll,Racing Point,12.0,7.0,6.0,Finished,False,5.0
2020,2,Spielberg,Styrian Grand Prix,RIC,Daniel Ricciardo,Renault,8.0,8.0,4.0,Finished,False,0.0
2020,2,Spielberg,Styrian Grand Prix,SAI,Carlos Sainz,McLaren,3.0,9.0,3.0,+1 Lap,False,-6.0
2020,2,Spielberg,Styrian Grand Prix,KVY,Daniil Kvyat,AlphaTauri,13.0,10.0,1.0,+1 Lap,False,3.0
2020,2,Spielberg,Styrian Grand Prix,RAI,Kimi Räikkönen,Alfa Romeo Racing,16.0,11.0,0.0,+1 Lap,False,5.0
2020,2,Spielberg,Styrian Grand Prix,MAG,Kevin Magnussen,Haas F1 Team,15.0,12.0,0.0,+1 Lap,False,3.0
2020,2,Spielberg,Styrian Grand Prix,GRO,Romain Grosjean,Haas F1 Team,0.0,13.0,0.0,+1 Lap,False,-13.0
2020,2,Spielberg,Styrian Grand Prix,GIO,Antonio Giovinazzi,Alfa Romeo Racing,19.0,14.0,0.0,+1 Lap,False,5.0
2020,2,Spielberg,Styrian Grand Prix,GAS,Pierre Gasly,AlphaTauri,7.0,15.0,0.0,+1 Lap,False,-8.0
2020,2,Spielberg,Styrian Grand Prix,RUS,George Russell,Williams,11.0,16.0,0.0,+2 Laps,False,-5.0
2020,2,Spielberg,Styrian Grand Prix,LAT,Nicholas Latifi,Williams,18.0,17.0,0.0,+2 Laps,False,1.0
2020,2,Spielberg,Styrian Grand Prix,OCO,Esteban Ocon,Renault,5.0,18.0,0.0,Overheating,True,-13.0
2020,2,Spielberg,Styrian Grand Prix,LEC,Charles Leclerc,Ferrari,14.0,19.0,0.0,Collision damage,True,-5.0
2020,2,Spielberg,Styrian Grand Prix,VET,Sebastian Vettel,Ferrari,10.0,20.0,0.0,Collision damage,True,-10.0
2020,3,Budapest,Hungarian Grand Prix,HAM,Lewis Hamilton,Mercedes,1.0,1.0,26.0,Finished,False,0.0
2020,3,Budapest,Hungarian Grand Prix,VER,Max Verstappen,Red Bull Racing,7.0,2.0,18.0,Finished,False,5.0
2020,3,Budapest,Hungarian Grand Prix,BOT,Valtteri Bottas,Mercedes,2.0,3.0,15.0,Finished,False,-1.0
2020,3,Budapest,Hungarian Grand Prix,STR,Lance Stroll,Racing Point,3.0,4.0,12.0,Finished,False,-1.0
2020,3,Budapest,Hungarian Grand Prix,ALB,Alexander Albon,Red Bull Racing,13.0,5.0,10.0,Finished,False,8.0
2020,3,Budapest,Hungarian Grand Prix,VET,Sebastian Vettel,Ferrari,5.0,6.0,8.0,+1 Lap,False,-1.0
2020,3,Budapest,Hungarian Grand Prix,PER,Sergio Perez,Racing Point,4.0,7.0,6.0,+1 Lap,False,-3.0
2020,3,Budapest,Hungarian Grand Prix,RIC,Daniel Ricciardo,Renault,11.0,8.0,4.0,+1 Lap,False,3.0
2020,3,Budapest,Hungarian Grand Prix,SAI,Carlos Sainz,McLaren,9.0,9.0,2.0,+1 Lap,False,0.0
2020,3,Budapest,Hungarian Grand Prix,MAG,Kevin Magnussen,Haas F1 Team,0.0,10.0,1.0,+1 Lap,False,-10.0
2020,3,Budapest,Hungarian Grand Prix,LEC,Charles Leclerc,Ferrari,6.0,11.0,0.0,+1 Lap,False,-5.0
2020,3,Budapest,Hungarian Grand Prix,KVY,Daniil Kvyat,AlphaTauri,17.0,12.0,0.0,+1 Lap,False,5.0
2020,3,Budapest,Hungarian Grand Prix,NOR,Lando Norris,McLaren,8.0,13.0,0.0,+1 Lap,False,-5.0
2020,3,Budapest,Hungarian Grand Prix,OCO,Esteban Ocon,Renault,14.0,14.0,0.0,+1 Lap,False,0.0
2020,3,Budapest,Hungarian Grand Prix,RAI,Kimi Räikkönen,Alfa Romeo Racing,20.0,15.0,0.0,+1 Lap,False,5.0
2020,3,Budapest,Hungarian Grand Prix,GRO,Romain Grosjean,Haas F1 Team,0.0,16.0,0.0,+1 Lap,False,-16.0
2020,3,Budapest,Hungarian Grand Prix,GIO,Antonio Giovinazzi,Alfa Romeo Racing,19.0,17.0,0.0,+1 Lap,False,2.0
2020,3,Budapest,Hungarian Grand Prix,RUS,George Russell,Williams,12.0,18.0,0.0,+1 Lap,False,-6.0
2020,3,Budapest,Hungarian Grand Prix,LAT,Nicholas Latifi,Williams,15.0,19.0,0.0,+5 Laps,False,-4.0
2020,3,Budapest,Hungarian Grand Prix,GAS,Pierre Gasly,AlphaTauri,10.0,20.0,0.0,Engine,True,-10.0
2020,4,Silverstone,British Grand Prix,HAM,Lewis Hamilton,Mercedes,1.0,1.0,25.0,Finished,False,0.0
2020,4,Silverstone,British Grand Prix,VER,Max Verstappen,Red Bull Racing,3.0,2.0,19.0,Finished,False,1.0
2020,4,Silverstone,British Grand Prix,LEC,Charles Leclerc,Ferrari,4.0,3.0,15.0,Finished,False,1.0
2020,4,Silverstone,British Grand Prix,RIC,Daniel Ricciardo,Renault,8.0,4.0,12.0,Finished,False,4.0
2020,4,Silverstone,British Grand Prix,NOR,Lando Norris,McLaren,5.0,5.0,10.0,Finished,False,0.0
2020,4,Silverstone,British Grand Prix,OCO,Esteban Ocon,Renault,9.0,6.0,8.0,Finished,False,3.0
2020,4,Silverstone,British Grand Prix,GAS,Pierre Gasly,AlphaTauri,11.0,7.0,6.0,Finished,False,4.0
2020,4,Silverstone,British Grand Prix,ALB,Alexander Albon,Red Bull Racing,12.0,8.0,4.0,Finished,False,4.0
2020,4,Silverstone,British Grand Prix,STR,Lance Stroll,Racing Point,6.0,9.0,2.0,Finished,False,-3.0
2020,4,Silverstone,British Grand Prix,VET,Sebastian Vettel,Ferrari,10.0,10.0,1.0,Finished,False,0.0
2020,4,Silverstone,British Grand Prix,BOT,Valtteri Bottas,Mercedes,2.0,11.0,0.0,Finished,False,-9.0
2020,4,Silverstone,British Grand Prix,RUS,George Russell,Williams,20.0,12.0,0.0,Finished,False,8.0
2020,4,Silverstone,British Grand Prix,SAI,Carlos Sainz,McLaren,7.0,13.0,0.0,Finished,False,-6.0
2020,4,Silverstone,British Grand Prix,GIO,Antonio Giovinazzi,Alfa Romeo Racing,15.0,14.0,0.0,Finished,False,1.0
2020,4,Silverstone,British Grand Prix,LAT,Nicholas Latifi,Williams,18.0,15.0,0.0,Finished,False,3.0
2020,4,Silverstone,British Grand Prix,GRO,Romain Grosjean,Haas F1 Team,17.0,16.0,0.0,Finished,False,1.0
2020,4,Silverstone,British Grand Prix,RAI,Kimi Räikkönen,Alfa Romeo Racing,16.0,17.0,0.0,+1 Lap,False,-1.0
2020,4,Silverstone,British Grand Prix,KVY,Daniil Kvyat,AlphaTauri,19.0,18.0,0.0,Accident,True,1.0
2020,4,Silverstone,British Grand Prix,MAG,Kevin Magnussen,Haas F1 Team,14.0,19.0,0.0,Collision,True,-5.0
2020,4,Silverstone,British Grand Prix,HUL,Nico Hulkenberg,Racing Point,13.0,20.0,0.0,Power Unit,True,-7.0
2020,5,Silverstone,70th Anniversary Grand Prix,VER,Max Verstappen,Red Bull Racing,4.0,1.0,25.0,Finished,False,3.0
2020,5,Silverstone,70th Anniversary Grand Prix,HAM,Lewis Hamilton,Mercedes,2.0,2.0,19.0,Finished,False,0.0
2020,5,Silverstone,70th Anniversary Grand Prix,BOT,Valtteri Bottas,Mercedes,1.0,3.0,15.0,Finished,False,-2.0
2020,5,Silverstone,70th Anniversary Grand Prix,LEC,Charles Leclerc,Ferrari,8.0,4.0,12.0,Finished,False,4.0
2020,5,Silverstone,70th Anniversary Grand Prix,ALB,Alexander Albon,Red Bull Racing,9.0,5.0,10.0,Finished,False,4.0
2020,5,Silverstone,70th Anniversary Grand Prix,STR,Lance Stroll,Racing Point,6.0,6.0,8.0,Finished,False,0.0
2020,5,Silverstone,70th Anniversary Grand Prix,HUL,Nico Hulkenberg,Racing Point,3.0,7.0,6.0,Finished,False,-4.0
2020,5,Silverstone,70th Anniversary Grand Prix,OCO,Esteban Ocon,Renault,14.0,8.0,4.0,Finished,False,6.0
2020,5,Silverstone,70th Anniversary Grand Prix,NOR,Lando Norris,McLaren,10.0,9.0,2.0,Finished,False,1.0
2020,5,Silverstone,70th Anniversary Grand Prix,KVY,Daniil Kvyat,AlphaTauri,16.0,10.0,1.0,Finished,False,6.0
2020,5,Silverstone,70th Anniversary Grand Prix,GAS,Pierre Gasly,AlphaTauri,7.0,11.0,0.0,Finished,False,-4.0
2020,5,Silverstone,70th Anniversary Grand Prix,VET,Sebastian Vettel,Ferrari,11.0,12.0,0.0,Finished,False,-1.0
2020,5,Silverstone,70th Anniversary Grand Prix,SAI,Carlos Sainz,McLaren,12.0,13.0,0.0,Finished,False,-1.0
2020,5,Silverstone,70th Anniversary Grand Prix,RIC,Daniel Ricciardo,Renault,5.0,14.0,0.0,+1 Lap,False,-9.0
2020,5,Silverstone,70th Anniversary Grand Prix,RAI,Kimi Räikkönen,Alfa Romeo Racing,20.0,15.0,0.0,+1 Lap,False,5.0
2020,5,Silverstone,70th Anniversary Grand Prix,GRO,Romain Grosjean,Haas F1 Team,13.0,16.0,0.0,+1 Lap,False,-3.0
2020,5,Silverstone,70th Anniversary Grand Prix,GIO,Antonio Giovinazzi,Alfa Romeo Racing,19.0,17.0,0.0,+1 Lap,False,2.0
2020,5,Silverstone,70th Anniversary Grand Prix,RUS,George Russell,Williams,15.0,18.0,0.0,+1 Lap,False,-3.0
2020,5,Silverstone,70th Anniversary Grand Prix,LAT,Nicholas Latifi,Williams,18.0,19.0,0.0,+1 Lap,False,-1.0
2020,5,Silverstone,70th Anniversary Grand Prix,MAG,Kevin Magnussen,Haas F1 Team,17.0,20.0,0.0,Retired,True,-3.0
2020,6,Barcelona,Spanish Grand Prix,HAM,Lewis Hamilton,Mercedes,1.0,1.0,25.0,Finished,False,0.0
2020,6,Barcelona,Spanish Grand Prix,VER,Max Verstappen,Red Bull Racing,3.0,2.0,18.0,Finished,False,1.0
2020,6,Barcelona,Spanish Grand Prix,BOT,Valtteri Bottas,Mercedes,2.0,3.0,16.0,Finished,False,-1.0
2020,6,Barcelona,Spanish Grand Prix,STR,Lance Stroll,Racing Point,5.0,4.0,12.0,+1 Lap,False,1.0
2020,6,Barcelona,Spanish Grand Prix,PER,Sergio Perez,Racing Point,4.0,5.0,10.0,+1 Lap,False,-1.0
2020,6,Barcelona,Spanish Grand Prix,SAI,Carlos Sainz,McLaren,7.0,6.0,8.0,+1 Lap,False,1.0
2020,6,Barcelona,Spanish Grand Prix,VET,Sebastian Vettel,Ferrari,11.0,7.0,6.0,+1 Lap,False,4.0
2020,6,Barcelona,Spanish Grand Prix,ALB,Alexander Albon,Red Bull Racing,6.0,8.0,4.0,+1 Lap,False,-2.0
2020,6,Barcelona,Spanish Grand Prix,GAS,Pierre Gasly,AlphaTauri,10.0,9.0,2.0,+1 Lap,False,1.0
2020,6,Barcelona,Spanish Grand Prix,NOR,Lando Norris,McLaren,8.0,10.0,1.0,+1 Lap,False,-2.0
2020,6,Barcelona,Spanish Grand Prix,RIC,Daniel Ricciardo,Renault,13.0,11.0,0.0,+1 Lap,False,2.0
2020,6,Barcelona,Spanish Grand Prix,KVY,Daniil Kvyat,AlphaTauri,12.0,12.0,0.0,+1 Lap,False,0.0
2020,6,Barcelona,Spanish Grand Prix,OCO,Esteban Ocon,Renault,15.0,13.0,0.0,+1 Lap,False,2.0
2020,6,Barcelona,Spanish Grand Prix,RAI,Kimi Räikkönen,Alfa Romeo Racing,14.0,14.0,0.0,+1 Lap,False,0.0
2020,6,Barcelona,Spanish Grand Prix,MAG,Kevin Magnussen,Haas F1 Team,16.0,15.0,0.0,+1 Lap,False,1.0
2020,6,Barcelona,Spanish Grand Prix,GIO,Antonio Giovinazzi,Alfa Romeo Racing,20.0,16.0,0.0,+1 Lap,False,4.0
2020,6,Barcelona,Spanish Grand Prix,RUS,George Russell,Williams,18.0,17.0,0.0,+1 Lap,False,1.0
2020,6,Barcelona,Spanish Grand Prix,LAT,Nicholas Latifi,Williams,19.0,18.0,0.0,+2 Laps,False,1.0
2020,6,Barcelona,Spanish Grand Prix,GRO,Romain Grosjean,Haas F1 Team,17.0,19.0,0.0,+2 Laps,False,-2.0
2020,6,Barcelona,Spanish Grand Prix,LEC,Charles Leclerc,Ferrari,9.0,20.0,0.0,Electronics,True,-11.0
2020,7,Spa-Francorchamps,Belgian Grand Prix,HAM,Lewis Hamilton,Mercedes,1.0,1.0,25.0,Finished,False,0.0
2020,7,Spa-Francorchamps,Belgian Grand Prix,BOT,Valtteri Bottas,Mercedes,2.0,2.0,18.0,Finished,False,0.0
2020,7,Spa-Francorchamps,Belgian Grand Prix,VER,Max Verstappen,Red Bull Racing,3.0,3.0,15.0,Finished,False,0.0
2020,7,Spa-Francorchamps,Belgian Grand Prix,RIC,Daniel Ricciardo,Renault,4.0,4.0,13.0,Finished,False,0.0
2020,7,Spa-Francorchamps,Belgian Grand Prix,OCO,Esteban Ocon,Renault,6.0,5.0,10.0,Finished,False,1.0
2020,7,Spa-Francorchamps,Belgian Grand Prix,ALB,Alexander Albon,Red Bull Racing,5.0,6.0,8.0,Finished,False,-1.0
2020,7,Spa-Francorchamps,Belgian Grand Prix,NOR,Lando Norris,McLaren,10.0,7.0,6.0,Finished,False,3.0
2020,7,Spa-Francorchamps,Belgian Grand Prix,GAS,Pierre Gasly,AlphaTauri,12.0,8.0,4.0,Finished,False,4.0
2020,7,Spa-Francorchamps,Belgian Grand Prix,STR,Lance Stroll,Racing Point,9.0,9.0,2.0,Finished,False,0.0
2020,7,Spa-Francorchamps,Belgian Grand Prix,PER,Sergio Perez,Racing Point,8.0,10.0,1.0,Finished,False,-2.0
2020,7,Spa-Francorchamps,Belgian Grand Prix,KVY,Daniil Kvyat,AlphaTauri,11.0,11.0,0.0,Finished,False,0.0
2020,7,Spa-Francorchamps,Belgian Grand Prix,RAI,Kimi Räikkönen,Alfa Romeo Racing,16.0,12.0,0.0,Finished,False,4.0
2020,7,Spa-Francorchamps,Belgian Grand Prix,VET,Sebastian Vettel,Ferrari,14.0,13.0,0.0,Finished,False,1.0
2020,7,Spa-Francorchamps,Belgian Grand Prix,LEC,Charles Leclerc,Ferrari,13.0,14.0,0.0,Finished,False,-1.0
2020,7,Spa-Francorchamps,Belgian Grand Prix,GRO,Romain Grosjean,Haas F1 Team,17.0,15.0,0.0,Finished,False,2.0
2020,7,Spa-Francorchamps,Belgian Grand Prix,LAT,Nicholas Latifi,Williams,19.0,16.0,0.0,Finished,False,3.0
2020,7,Spa-Francorchamps,Belgian Grand Prix,MAG,Kevin Magnussen,Haas F1 Team,20.0,17.0,0.0,Finished,False,3.0
2020,7,Spa-Francorchamps,Belgian Grand Prix,GIO,Antonio Giovinazzi,Alfa Romeo Racing,18.0,18.0,0.0,Accident,True,0.0
2020,7,Spa-Francorchamps,Belgian Grand Prix,RUS,George Russell,Williams,15.0,19.0,0.0,Debris,True,-4.0
2020,7,Spa-Francorchamps,Belgian Grand Prix,SAI,Carlos Sainz,McLaren,7.0,20.0,0.0,Exhaust,True,-13.0
2020,8,Monza,Italian Grand Prix,GAS,Pierre Gasly,AlphaTauri,10.0,1.0,25.0,Finished,False,9.0
2020,8,Monza,Italian Grand Prix,SAI,Carlos Sainz,McLaren,3.0,2.0,18.0,Finished,False,1.0
2020,8,Monza,Italian Grand Prix,STR,Lance Stroll,Racing Point,8.0,3.0,15.0,Finished,False,5.0
2020,8,Monza,Italian Grand Prix,NOR,Lando Norris,McLaren,6.0,4.0,12.0,Finished,False,2.0
2020,8,Monza,Italian Grand Prix,BOT,Valtteri Bottas,Mercedes,2.0,5.0,10.0,Finished,False,-3.0
2020,8,Monza,Italian Grand Prix,RIC,Daniel Ricciardo,Renault,7.0,6.0,8.0,Finished,False,1.0
2020,8,Monza,Italian Grand Prix,HAM,Lewis Hamilton,Mercedes,1.0,7.0,7.0,Finished,False,-6.0
2020,8,Monza,Italian Grand Prix,OCO,Esteban Ocon,Renault,12.0,8.0,4.0,Finished,False,4.0
2020,8,Monza,Italian Grand Prix,KVY,Daniil Kvyat,AlphaTauri,11.0,9.0,2.0,Finished,False,2.0
2020,8,Monza,Italian Grand Prix,PER,Sergio Perez,Racing Point,4.0,10.0,1.0,Finished,False,-6.0
2020,8,Monza,Italian Grand Prix,LAT,Nicholas Latifi,Williams,20.0,11.0,0.0,Finished,False,9.0
2020,8,Monza,Italian Grand Prix,GRO,Romain Grosjean,Haas F1 Team,16.0,12.0,0.0,Finished,False,4.0
2020,8,Monza,Italian Grand Prix,RAI,Kimi Räikkönen,Alfa Romeo Racing,14.0,13.0,0.0,Finished,False,1.0
2020,8,Monza,Italian Grand Prix,RUS,George Russell,Williams,19.0,14.0,0.0,Finished,False,5.0
2020,8,Monza,Italian Grand Prix,ALB,Alexander Albon,Red Bull Racing,9.0,15.0,0.0,Finished,False,-6.0
2020,8,Monza,Italian Grand Prix,GIO,Antonio Giovinazzi,Alfa Romeo Racing,18.0,16.0,0.0,Finished,False,2.0
2020,8,Monza,Italian Grand Prix,VER,Max Verstappen,Red Bull Racing,5.0,17.0,0.0,Power Unit,True,-12.0
2020,8,Monza,Italian Grand Prix,LEC,Charles Leclerc,Ferrari,13.0,18.0,0.0,Accident,True,-5.0
2020,8,Monza,Italian Grand Prix,MAG,Kevin Magnussen,Haas F1 Team,15.0,19.0,0.0,Power Unit,True,-4.0
2020,8,Monza,Italian Grand Prix,VET,Sebastian Vettel,Ferrari,17.0,20.0,0.0,Brakes,True,-3.0
2020,9,Mugello,Tuscan Grand Prix,HAM,Lewis Hamilton,Mercedes,1.0,1.0,26.0,Finished,False,0.0
2020,9,Mugello,Tuscan Grand Prix,BOT,Valtteri Bottas,Mercedes,2.0,2.0,18.0,Finished,False,0.0
2020,9,Mugello,Tuscan Grand Prix,ALB,Alexander Albon,Red Bull Racing,4.0,3.0,15.0,Finished,False,1.0
2020,9,Mugello,Tuscan Grand Prix,RIC,Daniel Ricciardo,Renault,8.0,4.0,12.0,Finished,False,4.0
2020,9,Mugello,Tuscan Grand Prix,PER,Sergio Perez,Racing Point,7.0,5.0,10.0,Finished,False,2.0
2020,9,Mugello,Tuscan Grand Prix,NOR,Lando Norris,McLaren,11.0,6.0,8.0,Finished,False,5.0
2020,9,Mugello,Tuscan Grand Prix,KVY,Daniil Kvyat,AlphaTauri,12.0,7.0,6.0,Finished,False,5.0
2020,9,Mugello,Tuscan Grand Prix,LEC,Charles Leclerc,Ferrari,5.0,8.0,4.0,Finished,False,-3.0
2020,9,Mugello,Tuscan Grand Prix,RAI,Kimi Räikkönen,Alfa Romeo Racing,13.0,9.0,2.0,Finished,False,4.0
2020,9,Mugello,Tuscan Grand Prix,VET,Sebastian Vettel,Ferrari,14.0,10.0,1.0,Finished,False,4.0
2020,9,Mugello,Tuscan Grand Prix,RUS,George Russell,Williams,18.0,11.0,0.0,Finished,False,7.0
2020,9,Mugello,Tuscan Grand Prix,GRO,Romain Grosjean,Haas F1 Team,15.0,12.0,0.0,Finished,False,3.0
2020,9,Mugello,Tuscan Grand Prix,STR,Lance Stroll,Racing Point,6.0,13.0,0.0,Puncture,True,-7.0
2020,9,Mugello,Tuscan Grand Prix,OCO,Esteban Ocon,Renault,10.0,14.0,0.0,Brakes,True,-4.0
2020,9,Mugello,Tuscan Grand Prix,LAT,Nicholas Latifi,Williams,19.0,15.0,0.0,Collision,True,4.0
2020,9,Mugello,Tuscan Grand Prix,MAG,Kevin Magnussen,Haas F1 Team,20.0,16.0,0.0,Collision,True,4.0
2020,9,Mugello,Tuscan Grand Prix,GIO,Antonio Giovinazzi,Alfa Romeo Racing,17.0,17.0,0.0,Collision,True,0.0
2020,9,Mugello,Tuscan Grand Prix,SAI,Carlos Sainz,McLaren,9.0,18.0,0.0,Collision,True,-9.0
2020,9,Mugello,Tuscan Grand Prix,VER,Max Verstappen,Red Bull Racing,3.0,19.0,0.0,Collision,True,-16.0
2020,9,Mugello,Tuscan Grand Prix,GAS,Pierre Gasly,AlphaTauri,16.0,20.0,0.0,Collision,True,-4.0
2020,10,Sochi,Russian Grand Prix,BOT,Valtteri Bottas,Mercedes,3.0,1.0,26.0,Finished,False,2.0
2020,10,Sochi,Russian Grand Prix,VER,Max Verstappen,Red Bull Racing,2.0,2.0,18.0,Finished,False,0.0
2020,10,Sochi,Russian Grand Prix,HAM,Lewis Hamilton,Mercedes,1.0,3.0,15.0,Finished,False,-2.0
2020,10,Sochi,Russian Grand Prix,PER,Sergio Perez,Racing Point,4.0,4.0,12.0,Finished,False,0.0
2020,10,Sochi,Russian Grand Prix,RIC,Daniel Ricciardo,Renault,5.0,5.0,10.0,Finished,False,0.0
2020,10,Sochi,Russian Grand Prix,LEC,Charles Leclerc,Ferrari,10.0,6.0,8.0,Finished,False,4.0
2020,10,Sochi,Russian Grand Prix,OCO,Esteban Ocon,Renault,7.0,7.0,6.0,Finished,False,0.0
2020,10,Sochi,Russian Grand Prix,KVY,Daniil Kvyat,AlphaTauri,11.0,8.0,4.0,Finished,False,3.0
2020,10,Sochi,Russian Grand Prix,GAS,Pierre Gasly,AlphaTauri,9.0,9.0,2.0,Finished,False,0.0
2020,10,Sochi,Russian Grand Prix,ALB,Alexander Albon,Red Bull Racing,15.0,10.0,1.0,Finished,False,5.0
2020,10,Sochi,Russian Grand Prix,GIO,Antonio Giovinazzi,Alfa Romeo Racing,17.0,11.0,0.0,+1 Lap,False,6.0
2020,10,Sochi,Russian Grand Prix,MAG,Kevin Magnussen,Haas F1 Team,18.0,12.0,0.0,+1 Lap,False,6.0
2020,10,Sochi,Russian Grand Prix,VET,Sebastian Vettel,Ferrari,14.0,13.0,0.0,+1 Lap,False,1.0
2020,10,Sochi,Russian Grand Prix,RAI,Kimi Räikkönen,Alfa Romeo Racing,19.0,14.0,0.0,+1 Lap,False,5.0
2020,10,Sochi,Russian Grand Prix,NOR,Lando Norris,McLaren,8.0,15.0,0.0,+1 Lap,False,-7.0
2020,10,Sochi,Russian Grand Prix,LAT,Nicholas Latifi,Williams,20.0,16.0,0.0,+1 Lap,False,4.0
2020,10,Sochi,Russian Grand Prix,GRO,Romain Grosjean,Haas F1 Team,16.0,17.0,0.0,+1 Lap,False,-1.0
2020,10,Sochi,Russian Grand Prix,RUS,George Russell,Williams,13.0,18.0,0.0,+1 Lap,False,-5.0
2020,10,Sochi,Russian Grand Prix,SAI,Carlos Sainz,McLaren,6.0,19.0,0.0,Accident,True,-13.0
2020,10,Sochi,Russian Grand Prix,STR,Lance Stroll,Racing Point,12.0,20.0,0.0,Collision,True,-8.0
2020,11,Nürburgring,Eifel Grand Prix,HAM,Lewis Hamilton,Mercedes,2.0,1.0,25.0,Finished,False,1.0
2020,11,Nürburgring,Eifel Grand Prix,VER,Max Verstappen,Red Bull Racing,3.0,2.0,19.0,Finished,False,1.0
2020,11,Nürburgring,Eifel Grand Prix,RIC,Daniel Ricciardo,Renault,6.0,3.0,15.0,Finished,False,3.0
2020,11,Nürburgring,Eifel Grand Prix,PER,Sergio Perez,Racing Point,9.0,4.0,12.0,Finished,False,5.0
2020,11,Nürburgring,Eifel Grand Prix,SAI,Carlos Sainz,McLaren,10.0,5.0,10.0,Finished,False,5.0
2020,11,Nürburgring,Eifel Grand Prix,GAS,Pierre Gasly,AlphaTauri,12.0,6.0,8.0,Finished,False,6.0
2020,11,Nürburgring,Eifel Grand Prix,LEC,Charles Leclerc,Ferrari,4.0,7.0,6.0,Finished,False,-3.0
2020,11,Nürburgring,Eifel Grand Prix,HUL,Nico Hulkenberg,Racing Point,20.0,8.0,4.0,Finished,False,12.0
2020,11,Nürburgring,Eifel Grand Prix,GRO,Romain Grosjean,Haas F1 Team,16.0,9.0,2.0,Finished,False,7.0
2020,11,Nürburgring,Eifel Grand Prix,GIO,Antonio Giovinazzi,Alfa Romeo Racing,14.0,10.0,1.0,Finished,False,4.0
2020,11,Nürburgring,Eifel Grand Prix,VET,Sebastian Vettel,Ferrari,11.0,11.0,0.0,Finished,False,0.0
2020,11,Nürburgring,Eifel Grand Prix,RAI,Kimi Räikkönen,Alfa Romeo Racing,19.0,12.0,0.0,Finished,False,7.0
2020,11,Nürburgring,Eifel Grand Prix,MAG,Kevin Magnussen,Haas F1 Team,15.0,13.0,0.0,Finished,False,2.0
2020,11,Nürburgring,Eifel Grand Prix,LAT,Nicholas Latifi,Williams,18.0,14.0,0.0,Finished,False,4.0
2020,11,Nürburgring,Eifel Grand Prix,KVY,Daniil Kvyat,AlphaTauri,13.0,15.0,0.0,Finished,False,-2.0
2020,11,Nürburgring,Eifel Grand Prix,NOR,Lando Norris,McLaren,8.0,16.0,0.0,Power Unit,True,-8.0
2020,11,Nürburgring,Eifel Grand Prix,ALB,Alexander Albon,Red Bull Racing,5.0,17.0,0.0,Radiator,True,-12.0
2020,11,Nürburgring,Eifel Grand Prix,OCO,Esteban Ocon,Renault,7.0,18.0,0.0,Gearbox,True,-11.0
2020,11,Nürburgring,Eifel Grand Prix,BOT,Valtteri Bottas,Mercedes,1.0,19.0,0.0,Power Unit,True,-18.0
2020,11,Nürburgring,Eifel Grand Prix,RUS,George Russell,Williams,17.0,20.0,0.0,Collision,True,-3.0
2020,12,Portimão,Portuguese Grand Prix,HAM,Lewis Hamilton,Mercedes,1.0,1.0,26.0,Finished,False,0.0
2020,12,Portimão,Portuguese Grand Prix,BOT,Valtteri Bottas,Mercedes,2.0,2.0,18.0,Finished,False,0.0
2020,12,Portimão,Portuguese Grand Prix,VER,Max Verstappen,Red Bull Racing,3.0,3.0,15.0,Finished,False,0.0
2020,12,Portimão,Portuguese Grand Prix,LEC,Charles Leclerc,Ferrari,4.0,4.0,12.0,Finished,False,0.0
2020,12,Portimão,Portuguese Grand Prix,GAS,Pierre Gasly,AlphaTauri,9.0,5.0,10.0,+1 Lap,False,4.0
2020,12,Portimão,Portuguese Grand Prix,SAI,Carlos Sainz,McLaren,7.0,6.0,8.0,+1 Lap,False,1.0
2020,12,Portimão,Portuguese Grand Prix,PER,Sergio Perez,Racing Point,5.0,7.0,6.0,+1 Lap,False,-2.0
2020,12,Portimão,Portuguese Grand Prix,OCO,Esteban Ocon,Renault,11.0,8.0,4.0,+1 Lap,False,3.0
2020,12,Portimão,Portuguese Grand Prix,RIC,Daniel Ricciardo,Renault,10.0,9.0,2.0,+1 Lap,False,1.0
2020,12,Portimão,Portuguese Grand Prix,VET,Sebastian Vettel,Ferrari,15.0,10.0,1.0,+1 Lap,False,5.0
2020,12,Portimão,Portuguese Grand Prix,RAI,Kimi Räikkönen,Alfa Romeo Racing,16.0,11.0,0.0,+1 Lap,False,5.0
2020,12,Portimão,Portuguese Grand Prix,ALB,Alexander Albon,Red Bull Racing,6.0,12.0,0.0,+1 Lap,False,-6.0
2020,12,Portimão,Portuguese Grand Prix,NOR,Lando Norris,McLaren,8.0,13.0,0.0,+1 Lap,False,-5.0
2020,12,Portimão,Portuguese Grand Prix,RUS,George Russell,Williams,14.0,14.0,0.0,+1 Lap,False,0.0
2020,12,Portimão,Portuguese Grand Prix,GIO,Antonio Giovinazzi,Alfa Romeo Racing,17.0,15.0,0.0,+1 Lap,False,2.0
2020,12,Portimão,Portuguese Grand Prix,MAG,Kevin Magnussen,Haas F1 Team,19.0,16.0,0.0,+1 Lap,False,3.0
2020,12,Portimão,Portuguese Grand Prix,GRO,Romain Grosjean,Haas F1 Team,18.0,17.0,0.0,+1 Lap,False,1.0
2020,12,Portimão,Portuguese Grand Prix,LAT,Nicholas Latifi,Williams,20.0,18.0,0.0,+2 Laps,False,2.0
2020,12,Portimão,Portuguese Grand Prix,KVY,Daniil Kvyat,AlphaTauri,13.0,19.0,0.0,+2 Laps,False,-6.0
2020,12,Portimão,Portuguese Grand Prix,STR,Lance Stroll,Racing Point,12.0,20.0,0.0,Collision damage,True,-8.0
2020,13,Imola,Emilia Romagna Grand Prix,HAM,Lewis Hamilton,Mercedes,2.0,1.0,26.0,Finished,False,1.0
2020,13,Imola,Emilia Romagna Grand Prix,BOT,Valtteri Bottas,Mercedes,1.0,2.0,18.0,Finished,False,-1.0
2020,13,Imola,Emilia Romagna Grand Prix,RIC,Daniel Ricciardo,Renault,5.0,3.0,15.0,Finished,False,2.0
2020,13,Imola,Emilia Romagna Grand Prix,KVY,Daniil Kvyat,AlphaTauri,8.0,4.0,12.0,Finished,False,4.0
2020,13,Imola,Emilia Romagna Grand Prix,LEC,Charles Leclerc,Ferrari,7.0,5.0,10.0,Finished,False,2.0
2020,13,Imola,Emilia Romagna Grand Prix,PER,Sergio Perez,Racing Point,11.0,6.0,8.0,Finished,False,5.0
2020,13,Imola,Emilia Romagna Grand Prix,SAI,Carlos Sainz,McLaren,10.0,7.0,6.0,Finished,False,3.0
2020,13,Imola,Emilia Romagna Grand Prix,NOR,Lando Norris,McLaren,9.0,8.0,4.0,Finished,False,1.0
2020,13,Imola,Emilia Romagna Grand Prix,RAI,Kimi Räikkönen,Alfa Romeo Racing,18.0,9.0,2.0,Finished,False,9.0
2020,13,Imola,Emilia Romagna Grand Prix,GIO,Antonio Giovinazzi,Alfa Romeo Racing,20.0,10.0,1.0,Finished,False,10.0
2020,13,Imola,Emilia Romagna Grand Prix,LAT,Nicholas Latifi,Williams,19.0,11.0,0.0,Finished,False,8.0
2020,13,Imola,Emilia Romagna Grand Prix,VET,Sebastian Vettel,Ferrari,14.0,12.0,0.0,Finished,False,2.0
2020,13,Imola,Emilia Romagna Grand Prix,STR,Lance Stroll,Racing Point,15.0,13.0,0.0,Finished,False,2.0
2020,13,Imola,Emilia Romagna Grand Prix,GRO,Romain Grosjean,Haas F1 Team,16.0,14.0,0.0,Finished,False,2.0
2020,13,Imola,Emilia Romagna Grand Prix,ALB,Alexander Albon,Red Bull Racing,6.0,15.0,0.0,Finished,False,-9.0
2020,13,Imola,Emilia Romagna Grand Prix,RUS,George Russell,Williams,13.0,16.0,0.0,Accident,True,-3.0
2020,13,Imola,Emilia Romagna Grand Prix,VER,Max Verstappen,Red Bull Racing,3.0,17.0,0.0,Puncture,True,-14.0
2020,13,Imola,Emilia Romagna Grand Prix,MAG,Kevin Magnussen,Haas F1 Team,17.0,18.0,0.0,Illness,True,-1.0
2020,13,Imola,Emilia Romagna Grand Prix,OCO,Esteban Ocon,Renault,12.0,19.0,0.0,Gearbox,True,-7.0
2020,13,Imola,Emilia Romagna Grand Prix,GAS,Pierre Gasly,AlphaTauri,4.0,20.0,0.0,Water pressure,True,-16.0
2020,14,Istanbul,Turkish Grand Prix,HAM,Lewis Hamilton,Mercedes,6.0,1.0,25.0,Finished,False,5.0
2020,14,Istanbul,Turkish Grand Prix,PER,Sergio Perez,Racing Point,3.0,2.0,18.0,Finished,False,1.0
2020,14,Istanbul,Turkish Grand Prix,VET,Sebastian Vettel,Ferrari,11.0,3.0,15.0,Finished,False,8.0
2020,14,Istanbul,Turkish Grand Prix,LEC,Charles Leclerc,Ferrari,12.0,4.0,12.0,Finished,False,8.0
2020,14,Istanbul,Turkish Grand Prix,SAI,Carlos Sainz,McLaren,15.0,5.0,10.0,Finished,False,10.0
2020,14,Istanbul,Turkish Grand Prix,VER,Max Verstappen,Red Bull Racing,2.0,6.0,8.0,Finished,False,-4.0
2020,14,Istanbul,Turkish Grand Prix,ALB,Alexander Albon,Red Bull Racing,4.0,7.0,6.0,Finished,False,-3.0
2020,14,Istanbul,Turkish Grand Prix,NOR,Lando Norris,McLaren,14.0,8.0,5.0,Finished,False,6.0
2020,14,Istanbul,Turkish Grand Prix,STR,Lance Stroll,Racing Point,1.0,9.0,2.0,Finished,False,-8.0
2020,14,Istanbul,Turkish Grand Prix,RIC,Daniel Ricciardo,Renault,5.0,10.0,1.0,Finished,False,-5.0
2020,14,Istanbul,Turkish Grand Prix,OCO,Esteban Ocon,Renault,7.0,11.0,0.0,+1 Lap,False,-4.0
2020,14,Istanbul,Turkish Grand Prix,KVY,Daniil Kvyat,AlphaTauri,16.0,12.0,0.0,+1 Lap,False,4.0
2020,14,Istanbul,Turkish Grand Prix,GAS,Pierre Gasly,AlphaTauri,19.0,13.0,0.0,+1 Lap,False,6.0
2020,14,Istanbul,Turkish Grand Prix,BOT,Valtteri Bottas,Mercedes,9.0,14.0,0.0,+1 Lap,False,-5.0
2020,14,Istanbul,Turkish Grand Prix,RAI,Kimi Räikkönen,Alfa Romeo Racing,8.0,15.0,0.0,+1 Lap,False,-7.0
2020,14,Istanbul,Turkish Grand Prix,RUS,George Russell,Williams,0.0,16.0,0.0,+1 Lap,False,-16.0
2020,14,Istanbul,Turkish Grand Prix,MAG,Kevin Magnussen,Haas F1 Team,13.0,17.0,0.0,Withdrew,True,-4.0
2020,14,Istanbul,Turkish Grand Prix,GRO,Romain Grosjean,Haas F1 Team,17.0,18.0,0.0,Collision damage,True,-1.0
2020,14,Istanbul,Turkish Grand Prix,LAT,Nicholas Latifi,Williams,0.0,19.0,0.0,Collision damage,True,-19.0
2020,14,Istanbul,Turkish Grand Prix,GIO,Antonio Giovinazzi,Alfa Romeo Racing,10.0,20.0,0.0,Gearbox,True,-10.0
2020,15,Sakhir,Bahrain Grand Prix,HAM,Lewis Hamilton,Mercedes,1.0,1.0,25.0,Finished,False,0.0
2020,15,Sakhir,Bahrain Grand Prix,VER,Max Verstappen,Red Bull Racing,3.0,2.0,19.0,Finished,False,1.0
2020,15,Sakhir,Bahrain Grand Prix,ALB,Alexander Albon,Red Bull Racing,4.0,3.0,15.0,Finished,False,1.0
2020,15,Sakhir,Bahrain Grand Prix,NOR,Lando Norris,McLaren,9.0,4.0,12.0,Finished,False,5.0
2020,15,Sakhir,Bahrain Grand Prix,SAI,Carlos Sainz,McLaren,15.0,5.0,10.0,Finished,False,10.0
2020,15,Sakhir,Bahrain Grand Prix,GAS,Pierre Gasly,AlphaTauri,8.0,6.0,8.0,Finished,False,2.0
2020,15,Sakhir,Bahrain Grand Prix,RIC,Daniel Ricciardo,Renault,6.0,7.0,6.0,Finished,False,-1.0
2020,15,Sakhir,Bahrain Grand Prix,BOT,Valtteri Bottas,Mercedes,2.0,8.0,4.0,Finished,False,-6.0
2020,15,Sakhir,Bahrain Grand Prix,OCO,Esteban Ocon,Renault,7.0,9.0,2.0,Finished,False,-2.0
2020,15,Sakhir,Bahrain Grand Prix,LEC,Charles Leclerc,Ferrari,12.0,10.0,1.0,+1 Lap,False,2.0
2020,15,Sakhir,Bahrain Grand Prix,KVY,Daniil Kvyat,AlphaTauri,10.0,11.0,0.0,+1 Lap,False,-1.0
2020,15,Sakhir,Bahrain Grand Prix,RUS,George Russell,Williams,14.0,12.0,0.0,+1 Lap,False,2.0
2020,15,Sakhir,Bahrain Grand Prix,VET,Sebastian Vettel,Ferrari,11.0,13.0,0.0,+1 Lap,False,-2.0
2020,15,Sakhir,Bahrain Grand Prix,LAT,Nicholas Latifi,Williams,20.0,14.0,0.0,+1 Lap,False,6.0
2020,15,Sakhir,Bahrain Grand Prix,RAI,Kimi Räikkönen,Alfa Romeo Racing,17.0,15.0,0.0,+1 Lap,False,2.0
2020,15,Sakhir,Bahrain Grand Prix,GIO,Antonio Giovinazzi,Alfa Romeo Racing,16.0,16.0,0.0,+1 Lap,False,0.0
2020,15,Sakhir,Bahrain Grand Prix,MAG,Kevin Magnussen,Haas F1 Team,18.0,17.0,0.0,+1 Lap,False,1.0
2020,15,Sakhir,Bahrain Grand Prix,PER,Sergio Perez,Racing Point,5.0,18.0,0.0,Engine,True,-13.0
2020,15,Sakhir,Bahrain Grand Prix,STR,Lance Stroll,Racing Point,13.0,19.0,0.0,Collision,True,-6.0
2020,15,Sakhir,Bahrain Grand Prix,GRO,Romain Grosjean,Haas F1 Team,19.0,20.0,0.0,Collision,True,-1.0
2020,16,Sakhir,Sakhir Grand Prix,PER,Sergio Perez,Racing Point,5.0,1.0,25.0,Finished,False,4.0
2020,16,Sakhir,Sakhir Grand Prix,OCO,Esteban Ocon,Renault,11.0,2.0,18.0,Finished,False,9.0
2020,16,Sakhir,Sakhir Grand Prix,STR,Lance Stroll,Racing Point,10.0,3.0,15.0,Finished,False,7.0
2020,16,Sakhir,Sakhir Grand Prix,SAI,Carlos Sainz,McLaren,8.0,4.0,12.0,Finished,False,4.0
2020,16,Sakhir,Sakhir Grand Prix,RIC,Daniel Ricciardo,Renault,7.0,5.0,10.0,Finished,False,2.0
2020,16,Sakhir,Sakhir Grand Prix,ALB,Alexander Albon,Red Bull Racing,12.0,6.0,8.0,Finished,False,6.0
2020,16,Sakhir,Sakhir Grand Prix,KVY,Daniil Kvyat,AlphaTauri,6.0,7.0,6.0,Finished,False,-1.0
2020,16,Sakhir,Sakhir Grand Prix,BOT,Valtteri Bottas,Mercedes,1.0,8.0,4.0,Finished,False,-7.0
2020,16,Sakhir,Sakhir Grand Prix,RUS,George Russell,Mercedes,2.0,9.0,3.0,Finished,False,-7.0
2020,16,Sakhir,Sakhir Grand Prix,NOR,Lando Norris,McLaren,19.0,10.0,1.0,Finished,False,9.0
2020,16,Sakhir,Sakhir Grand Prix,GAS,Pierre Gasly,AlphaTauri,9.0,11.0,0.0,Finished,False,-2.0
2020,16,Sakhir,Sakhir Grand Prix,VET,Sebastian Vettel,Ferrari,13.0,12.0,0.0,Finished,False,1.0
2020,16,Sakhir,Sakhir Grand Prix,GIO,Antonio Giovinazzi,Alfa Romeo Racing,14.0,13.0,0.0,Finished,False,1.0
2020,16,Sakhir,Sakhir Grand Prix,RAI,Kimi Räikkönen,Alfa Romeo Racing,18.0,14.0,0.0,Finished,False,4.0
2020,16,Sakhir,Sakhir Grand Prix,MAG,Kevin Magnussen,Haas F1 Team,15.0,15.0,0.0,Finished,False,0.0
2020,16,Sakhir,Sakhir Grand Prix,AIT,Jack Aitken,Williams,17.0,16.0,0.0,Finished,False,1.0
2020,16,Sakhir,Sakhir Grand Prix,FIT,Pietro Fittipaldi,Haas F1 Team,20.0,17.0,0.0,Finished,False,3.0
2020,16,Sakhir,Sakhir Grand Prix,LAT,Nicholas Latifi,Williams,16.0,18.0,0.0,Engine,True,-2.0
2020,16,Sakhir,Sakhir Grand Prix,VER,Max Verstappen,Red Bull Racing,3.0,19.0,0.0,Accident,True,-16.0
2020,16,Sakhir,Sakhir Grand Prix,LEC,Charles Leclerc,Ferrari,4.0,20.0,0.0,Collision,True,-16.0
2020,17,Yas Island,Abu Dhabi Grand Prix,VER,Max Verstappen,Red Bull Racing,1.0,1.0,25.0,Finished,False,0.0
2020,17,Yas Island,Abu Dhabi Grand Prix,BOT,Valtteri Bottas,Mercedes,2.0,2.0,18.0,Finished,False,0.0
2020,17,Yas Island,Abu Dhabi Grand Prix,HAM,Lewis Hamilton,Mercedes,3.0,3.0,15.0,Finished,False,0.0
2020,17,Yas Island,Abu Dhabi Grand Prix,ALB,Alexander Albon,Red Bull Racing,5.0,4.0,12.0,Finished,False,1.0
2020,17,Yas Island,Abu Dhabi Grand Prix,NOR,Lando Norris,McLaren,4.0,5.0,10.0,Finished,False,-1.0
2020,17,Yas Island,Abu Dhabi Grand Prix,SAI,Carlos Sainz,McLaren,6.0,6.0,8.0,Finished,False,0.0
2020,17,Yas Island,Abu Dhabi Grand Prix,RIC,Daniel Ricciardo,Renault,11.0,7.0,7.0,Finished,False,4.0
2020,17,Yas Island,Abu Dhabi Grand Prix,GAS,Pierre Gasly,AlphaTauri,9.0,8.0,4.0,Finished,False,1.0
2020,17,Yas Island,Abu Dhabi Grand Prix,OCO,Esteban Ocon,Renault,10.0,9.0,2.0,Finished,False,1.0
2020,17,Yas Island,Abu Dhabi Grand Prix,STR,Lance Stroll,Racing Point,8.0,10.0,1.0,Finished,False,-2.0
2020,17,Yas Island,Abu Dhabi Grand Prix,KVY,Daniil Kvyat,AlphaTauri,7.0,11.0,0.0,+1 Lap,False,-4.0
2020,17,Yas Island,Abu Dhabi Grand Prix,RAI,Kimi Räikkönen,Alfa Romeo Racing,15.0,12.0,0.0,+1 Lap,False,3.0
2020,17,Yas Island,Abu Dhabi Grand Prix,LEC,Charles Leclerc,Ferrari,12.0,13.0,0.0,+1 Lap,False,-1.0
2020,17,Yas Island,Abu Dhabi Grand Prix,VET,Sebastian Vettel,Ferrari,13.0,14.0,0.0,+1 Lap,False,-1.0
2020,17,Yas Island,Abu Dhabi Grand Prix,RUS,George Russell,Williams,16.0,15.0,0.0,+1 Lap,False,1.0
2020,17,Yas Island,Abu Dhabi Grand Prix,GIO,Antonio Giovinazzi,Alfa Romeo Racing,14.0,16.0,0.0,+1 Lap,False,-2.0
2020,17,Yas Island,Abu Dhabi Grand Prix,LAT,Nicholas Latifi,Williams,18.0,17.0,0.0,+1 Lap,False,1.0
2020,17,Yas Island,Abu Dhabi Grand Prix,MAG,Kevin Magnussen,Haas F1 Team,20.0,18.0,0.0,+1 Lap,False,2.0
2020,17,Yas Island,Abu Dhabi Grand Prix,FIT,Pietro Fittipaldi,Haas F1 Team,17.0,19.0,0.0,+2 Laps,False,-2.0
2020,17,Yas Island,Abu Dhabi Grand Prix,PER,Sergio Perez,Racing Point,19.0,20.0,0.0,Transmission,True,-1.0
2021,1,Sakhir,Bahrain Grand Prix,HAM,Lewis Hamilton,Mercedes,2.0,1.0,25.0,Finished,False,1.0
2021,1,Sakhir,Bahrain Grand Prix,VER,Max Verstappen,Red Bull Racing,1.0,2.0,18.0,Finished,False,-1.0
2021,1,Sakhir,Bahrain Grand Prix,BOT,Valtteri Bottas,Mercedes,3.0,3.0,16.0,Finished,False,0.0
2021,1,Sakhir,Bahrain Grand Prix,NOR,Lando Norris,McLaren,7.0,4.0,12.0,Finished,False,3.0
2021,1,Sakhir,Bahrain Grand Prix,PER,Sergio Perez,Red Bull Racing,0.0,5.0,10.0,Finished,False,-5.0
2021,1,Sakhir,Bahrain Grand Prix,LEC,Charles Leclerc,Ferrari,4.0,6.0,8.0,Finished,False,-2.0
2021,1,Sakhir,Bahrain Grand Prix,RIC,Daniel Ricciardo,McLaren,6.0,7.0,6.0,Finished,False,-1.0
2021,1,Sakhir,Bahrain Grand Prix,SAI,Carlos Sainz,Ferrari,8.0,8.0,4.0,Finished,False,0.0
2021,1,Sakhir,Bahrain Grand Prix,TSU,Yuki Tsunoda,AlphaTauri,13.0,9.0,2.0,Finished,False,4.0
2021,1,Sakhir,Bahrain Grand Prix,STR,Lance Stroll,Aston Martin,10.0,10.0,1.0,Finished,False,0.0
2021,1,Sakhir,Bahrain Grand Prix,RAI,Kimi Räikkönen,Alfa Romeo Racing,14.0,11.0,0.0,Finished,False,3.0
2021,1,Sakhir,Bahrain Grand Prix,GIO,Antonio Giovinazzi,Alfa Romeo Racing,12.0,12.0,0.0,+1 Lap,False,0.0
2021,1,Sakhir,Bahrain Grand Prix,OCO,Esteban Ocon,Alpine,16.0,13.0,0.0,+1 Lap,False,3.0
2021,1,Sakhir,Bahrain Grand Prix,RUS,George Russell,Williams,15.0,14.0,0.0,+1 Lap,False,1.0
2021,1,Sakhir,Bahrain Grand Prix,VET,Sebastian Vettel,Aston Martin,20.0,15.0,0.0,+1 Lap,False,5.0
2021,1,Sakhir,Bahrain Grand Prix,MSC,Mick Schumacher,Haas F1 Team,18.0,16.0,0.0,+1 Lap,False,2.0
2021,1,Sakhir,Bahrain Grand Prix,GAS,Pierre Gasly,AlphaTauri,5.0,17.0,0.0,Retired,True,-12.0
2021,1,Sakhir,Bahrain Grand Prix,LAT,Nicholas Latifi,Williams,17.0,18.0,0.0,Retired,True,-1.0
2021,1,Sakhir,Bahrain Grand Prix,ALO,Fernando Alonso,Alpine,9.0,19.0,0.0,Brakes,True,-10.0
2021,1,Sakhir,Bahrain Grand Prix,MAZ,Nikita Mazepin,Haas F1 Team,19.0,20.0,0.0,Accident,True,-1.0
2021,2,Imola,Emilia Romagna Grand Prix,VER,Max Verstappen,Red Bull Racing,3.0,1.0,25.0,Finished,False,2.0
2021,2,Imola,Emilia Romagna Grand Prix,HAM,Lewis Hamilton,Mercedes,1.0,2.0,19.0,Finished,False,-1.0
2021,2,Imola,Emilia Romagna Grand Prix,NOR,Lando Norris,McLaren,7.0,3.0,15.0,Finished,False,4.0
2021,2,Imola,Emilia Romagna Grand Prix,LEC,Charles Leclerc,Ferrari,4.0,4.0,12.0,Finished,False,0.0
2021,2,Imola,Emilia Romagna Grand Prix,SAI,Carlos Sainz,Ferrari,11.0,5.0,10.0,Finished,False,6.0
2021,2,Imola,Emilia Romagna Grand Prix,RIC,Daniel Ricciardo,McLaren,6.0,6.0,8.0,Finished,False,0.0
2021,2,Imola,Emilia Romagna Grand Prix,GAS,Pierre Gasly,AlphaTauri,5.0,7.0,6.0,Finished,False,-2.0
2021,2,Imola,Emilia Romagna Grand Prix,STR,Lance Stroll,Aston Martin,10.0,8.0,4.0,Finished,False,2.0
2021,2,Imola,Emilia Romagna Grand Prix,OCO,Esteban Ocon,Alpine,9.0,9.0,2.0,Finished,False,0.0
2021,2,Imola,Emilia Romagna Grand Prix,ALO,Fernando Alonso,Alpine,15.0,10.0,1.0,Finished,False,5.0
2021,2,Imola,Emilia Romagna Grand Prix,PER,Sergio Perez,Red Bull Racing,2.0,11.0,0.0,Finished,False,-9.0
2021,2,Imola,Emilia Romagna Grand Prix,TSU,Yuki Tsunoda,AlphaTauri,20.0,12.0,0.0,Finished,False,8.0
2021,2,Imola,Emilia Romagna Grand Prix,RAI,Kimi Räikkönen,Alfa Romeo Racing,16.0,13.0,0.0,Finished,False,3.0
2021,2,Imola,Emilia Romagna Grand Prix,GIO,Antonio Giovinazzi,Alfa Romeo Racing,17.0,14.0,0.0,+1 Lap,False,3.0
2021,2,Imola,Emilia Romagna Grand Prix,VET,Sebastian Vettel,Aston Martin,0.0,15.0,0.0,Gearbox,True,-15.0
2021,2,Imola,Emilia Romagna Grand Prix,MSC,Mick Schumacher,Haas F1 Team,18.0,16.0,0.0,+2 Laps,False,2.0
2021,2,Imola,Emilia Romagna Grand Prix,MAZ,Nikita Mazepin,Haas F1 Team,19.0,17.0,0.0,+2 Laps,False,2.0
2021,2,Imola,Emilia Romagna Grand Prix,BOT,Valtteri Bottas,Mercedes,8.0,18.0,0.0,Collision,True,-10.0
2021,2,Imola,Emilia Romagna Grand Prix,RUS,George Russell,Williams,12.0,19.0,0.0,Collision,True,-7.0
2021,2,Imola,Emilia Romagna Grand Prix,LAT,Nicholas Latifi,Williams,14.0,20.0,0.0,Collision,True,-6.0
2021,3,Portimão,Portuguese Grand Prix,HAM,Lewis Hamilton,Mercedes,2.0,1.0,25.0,Finished,False,1.0
2021,3,Portimão,Portuguese Grand Prix,VER,Max Verstappen,Red Bull Racing,3.0,2.0,18.0,Finished,False,1.0
2021,3,Portimão,Portuguese Grand Prix,BOT,Valtteri Bottas,Mercedes,1.0,3.0,16.0,Finished,False,-2.0
2021,3,Portimão,Portuguese Grand Prix,PER,Sergio Perez,Red Bull Racing,4.0,4.0,12.0,Finished,False,0.0
2021,3,Portimão,Portuguese Grand Prix,NOR,Lando Norris,McLaren,7.0,5.0,10.0,Finished,False,2.0
2021,3,Portimão,Portuguese Grand Prix,LEC,Charles Leclerc,Ferrari,8.0,6.0,8.0,Finished,False,2.0
2021,3,Portimão,Portuguese Grand Prix,OCO,Esteban Ocon,Alpine,6.0,7.0,6.0,Finished,False,-1.0
2021,3,Portimão,Portuguese Grand Prix,ALO,Fernando Alonso,Alpine,13.0,8.0,4.0,Finished,False,5.0
2021,3,Portimão,Portuguese Grand Prix,RIC,Daniel Ricciardo,McLaren,16.0,9.0,2.0,Finished,False,7.0
2021,3,Portimão,Portuguese Grand Prix,GAS,Pierre Gasly,AlphaTauri,9.0,10.0,1.0,Finished,False,-1.0
2021,3,Portimão,Portuguese Grand Prix,SAI,Carlos Sainz,Ferrari,5.0,11.0,0.0,Finished,False,-6.0
2021,3,Portimão,Portuguese Grand Prix,GIO,Antonio Giovinazzi,Alfa Romeo Racing,12.0,12.0,0.0,+1 Lap,False,0.0
2021,3,Portimão,Portuguese Grand Prix,VET,Sebastian Vettel,Aston Martin,10.0,13.0,0.0,+1 Lap,False,-3.0
2021,3,Portimão,Portuguese Grand Prix,STR,Lance Stroll,Aston Martin,17.0,14.0,0.0,+1 Lap,False,3.0
2021,3,Portimão,Portuguese Grand Prix,TSU,Yuki Tsunoda,AlphaTauri,14.0,15.0,0.0,+1 Lap,False,-1.0
2021,3,Portimão,Portuguese Grand Prix,RUS,George Russell,Williams,11.0,16.0,0.0,+1 Lap,False,-5.0
2021,3,Portimão,Portuguese Grand Prix,MSC,Mick Schumacher,Haas F1 Team,19.0,17.0,0.0,+2 Laps,False,2.0
2021,3,Portimão,Portuguese Grand Prix,LAT,Nicholas Latifi,Williams,18.0,18.0,0.0,+2 Laps,False,0.0
2021,3,Portimão,Portuguese Grand Prix,MAZ,Nikita Mazepin,Haas F1 Team,20.0,19.0,0.0,+2 Laps,False,1.0
2021,3,Portimão,Portuguese Grand Prix,RAI,Kimi Räikkönen,Alfa Romeo Racing,15.0,20.0,0.0,Collision damage,True,-5.0
2021,4,Barcelona,Spanish Grand Prix,HAM,Lewis Hamilton,Mercedes,1.0,1.0,25.0,Finished,False,0.0
2021,4,Barcelona,Spanish Grand Prix,VER,Max Verstappen,Red Bull Racing,2.0,2.0,19.0,Finished,False,0.0
2021,4,Barcelona,Spanish Grand Prix,BOT,Valtteri Bottas,Mercedes,3.0,3.0,15.0,Finished,False,0.0
2021,4,Barcelona,Spanish Grand Prix,LEC,Charles Leclerc,Ferrari,4.0,4.0,12.0,Finished,False,0.0
2021,4,Barcelona,Spanish Grand Prix,PER,Sergio Perez,Red Bull Racing,8.0,5.0,10.0,Finished,False,3.0
2021,4,Barcelona,Spanish Grand Prix,RIC,Daniel Ricciardo,McLaren,7.0,6.0,8.0,Finished,False,1.0
2021,4,Barcelona,Spanish Grand Prix,SAI,Carlos Sainz,Ferrari,6.0,7.0,6.0,Finished,False,-1.0
2021,4,Barcelona,Spanish Grand Prix,NOR,Lando Norris,McLaren,9.0,8.0,4.0,+1 Lap,False,1.0
2021,4,Barcelona,Spanish Grand Prix,OCO,Esteban Ocon,Alpine,5.0,9.0,2.0,+1 Lap,False,-4.0
2021,4,Barcelona,Spanish Grand Prix,GAS,Pierre Gasly,AlphaTauri,12.0,10.0,1.0,+1 Lap,False,2.0
2021,4,Barcelona,Spanish Grand Prix,STR,Lance Stroll,Aston Martin,11.0,11.0,0.0,+1 Lap,False,0.0
2021,4,Barcelona,Spanish Grand Prix,RAI,Kimi Räikkönen,Alfa Romeo Racing,17.0,12.0,0.0,+1 Lap,False,5.0
2021,4,Barcelona,Spanish Grand Prix,VET,Sebastian Vettel,Aston Martin,13.0,13.0,0.0,+1 Lap,False,0.0
2021,4,Barcelona,Spanish Grand Prix,RUS,George Russell,Williams,15.0,14.0,0.0,+1 Lap,False,1.0
2021,4,Barcelona,Spanish Grand Prix,GIO,Antonio Giovinazzi,Alfa Romeo Racing,14.0,15.0,0.0,+1 Lap,False,-1.0
2021,4,Barcelona,Spanish Grand Prix,LAT,Nicholas Latifi,Williams,19.0,16.0,0.0,+1 Lap,False,3.0
2021,4,Barcelona,Spanish Grand Prix,ALO,Fernando Alonso,Alpine,10.0,17.0,0.0,+1 Lap,False,-7.0
2021,4,Barcelona,Spanish Grand Prix,MSC,Mick Schumacher,Haas F1 Team,18.0,18.0,0.0,+2 Laps,False,0.0
2021,4,Barcelona,Spanish Grand Prix,MAZ,Nikita Mazepin,Haas F1 Team,20.0,19.0,0.0,+2 Laps,False,1.0
2021,4,Barcelona,Spanish Grand Prix,TSU,Yuki Tsunoda,AlphaTauri,16.0,20.0,0.0,Electrical,True,-4.0
2021,5,Monte Carlo,Monaco Grand Prix,VER,Max Verstappen,Red Bull Racing,2.0,1.0,25.0,Finished,False,1.0
2021,5,Monte Carlo,Monaco Grand Prix,SAI,Carlos Sainz,Ferrari,4.0,2.0,18.0,Finished,False,2.0
2021,5,Monte Carlo,Monaco Grand Prix,NOR,Lando Norris,McLaren,5.0,3.0,15.0,Finished,False,2.0
2021,5,Monte Carlo,Monaco Grand Prix,PER,Sergio Perez,Red Bull Racing,9.0,4.0,12.0,Finished,False,5.0
2021,5,Monte Carlo,Monaco Grand Prix,VET,Sebastian Vettel,Aston Martin,8.0,5.0,10.0,Finished,False,3.0
2021,5,Monte Carlo,Monaco Grand Prix,GAS,Pierre Gasly,AlphaTauri,6.0,6.0,8.0,Finished,False,0.0
2021,5,Monte Carlo,Monaco Grand Prix,HAM,Lewis Hamilton,Mercedes,7.0,7.0,7.0,Finished,False,0.0
2021,5,Monte Carlo,Monaco Grand Prix,STR,Lance Stroll,Aston Martin,13.0,8.0,4.0,+1 Lap,False,5.0
2021,5,Monte Carlo,Monaco Grand Prix,OCO,Esteban Ocon,Alpine,11.0,9.0,2.0,+1 Lap,False,2.0
2021,5,Monte Carlo,Monaco Grand Prix,GIO,Antonio Giovinazzi,Alfa Romeo Racing,10.0,10.0,1.0,+1 Lap,False,0.0
2021,5,Monte Carlo,Monaco Grand Prix,RAI,Kimi Räikkönen,Alfa Romeo Racing,14.0,11.0,0.0,+1 Lap,False,3.0
2021,5,Monte Carlo,Monaco Grand Prix,RIC,Daniel Ricciardo,McLaren,12.0,12.0,0.0,+1 Lap,False,0.0
2021,5,Monte Carlo,Monaco Grand Prix,ALO,Fernando Alonso,Alpine,17.0,13.0,0.0,+1 Lap,False,4.0
2021,5,Monte Carlo,Monaco Grand Prix,RUS,George Russell,Williams,15.0,14.0,0.0,+1 Lap,False,1.0
2021,5,Monte Carlo,Monaco Grand Prix,LAT,Nicholas Latifi,Williams,18.0,15.0,0.0,+1 Lap,False,3.0
2021,5,Monte Carlo,Monaco Grand Prix,TSU,Yuki Tsunoda,AlphaTauri,16.0,16.0,0.0,+1 Lap,False,0.0
2021,5,Monte Carlo,Monaco Grand Prix,MAZ,Nikita Mazepin,Haas F1 Team,19.0,17.0,0.0,+3 Laps,False,2.0
2021,5,Monte Carlo,Monaco Grand Prix,MSC,Mick Schumacher,Haas F1 Team,20.0,18.0,0.0,+3 Laps,False,2.0
2021,5,Monte Carlo,Monaco Grand Prix,BOT,Valtteri Bottas,Mercedes,3.0,19.0,0.0,Wheel nut,True,-16.0
2021,5,Monte Carlo,Monaco Grand Prix,LEC,Charles Leclerc,Ferrari,1.0,20.0,0.0,Driveshaft,True,-19.0
2021,6,Baku,Azerbaijan Grand Prix,PER,Sergio Perez,Red Bull Racing,6.0,1.0,25.0,Finished,False,5.0
2021,6,Baku,Azerbaijan Grand Prix,VET,Sebastian Vettel,Aston Martin,11.0,2.0,18.0,Finished,False,9.0
2021,6,Baku,Azerbaijan Grand Prix,GAS,Pierre Gasly,AlphaTauri,4.0,3.0,15.0,Finished,False,1.0
2021,6,Baku,Azerbaijan Grand Prix,LEC,Charles Leclerc,Ferrari,1.0,4.0,12.0,Finished,False,-3.0
2021,6,Baku,Azerbaijan Grand Prix,NOR,Lando Norris,McLaren,9.0,5.0,10.0,Finished,False,4.0
2021,6,Baku,Azerbaijan Grand Prix,ALO,Fernando Alonso,Alpine,8.0,6.0,8.0,Finished,False,2.0
2021,6,Baku,Azerbaijan Grand Prix,TSU,Yuki Tsunoda,AlphaTauri,7.0,7.0,6.0,Finished,False,0.0
2021,6,Baku,Azerbaijan Grand Prix,SAI,Carlos Sainz,Ferrari,5.0,8.0,4.0,Finished,False,-3.0
2021,6,Baku,Azerbaijan Grand Prix,RIC,Daniel Ricciardo,McLaren,13.0,9.0,2.0,Finished,False,4.0
2021,6,Baku,Azerbaijan Grand Prix,RAI,Kimi Räikkönen,Alfa Romeo Racing,14.0,10.0,1.0,Finished,False,4.0
2021,6,Baku,Azerbaijan Grand Prix,GIO,Antonio Giovinazzi,Alfa Romeo Racing,20.0,11.0,0.0,Finished,False,9.0
2021,6,Baku,Azerbaijan Grand Prix,BOT,Valtteri Bottas,Mercedes,10.0,12.0,0.0,Finished,False,-2.0
2021,6,Baku,Azerbaijan Grand Prix,MSC,Mick Schumacher,Haas F1 Team,17.0,13.0,0.0,Finished,False,4.0
2021,6,Baku,Azerbaijan Grand Prix,MAZ,Nikita Mazepin,Haas F1 Team,18.0,14.0,0.0,Finished,False,4.0
2021,6,Baku,Azerbaijan Grand Prix,HAM,Lewis Hamilton,Mercedes,2.0,15.0,0.0,Finished,False,-13.0
2021,6,Baku,Azerbaijan Grand Prix,LAT,Nicholas Latifi,Williams,16.0,16.0,0.0,Finished,False,0.0
2021,6,Baku,Azerbaijan Grand Prix,RUS,George Russell,Williams,15.0,17.0,0.0,Gearbox,True,-2.0
2021,6,Baku,Azerbaijan Grand Prix,VER,Max Verstappen,Red Bull Racing,3.0,18.0,0.0,Accident,True,-15.0
2021,6,Baku,Azerbaijan Grand Prix,STR,Lance Stroll,Aston Martin,19.0,19.0,0.0,Accident,True,0.0
2021,6,Baku,Azerbaijan Grand Prix,OCO,Esteban Ocon,Alpine,12.0,20.0,0.0,Turbo,True,-8.0
2021,7,Le Castellet,French Grand Prix,VER,Max Verstappen,Red Bull Racing,1.0,1.0,26.0,Finished,False,0.0
2021,7,Le Castellet,French Grand Prix,HAM,Lewis Hamilton,Mercedes,2.0,2.0,18.0,Finished,False,0.0
2021,7,Le Castellet,French Grand Prix,PER,Sergio Perez,Red Bull Racing,4.0,3.0,15.0,Finished,False,1.0
2021,7,Le Castellet,French Grand Prix,BOT,Valtteri Bottas,Mercedes,3.0,4.0,12.0,Finished,False,-1.0
2021,7,Le Castellet,French Grand Prix,NOR,Lando Norris,McLaren,8.0,5.0,10.0,Finished,False,3.0
2021,7,Le Castellet,French Grand Prix,RIC,Daniel Ricciardo,McLaren,10.0,6.0,8.0,Finished,False,4.0
2021,7,Le Castellet,French Grand Prix,GAS,Pierre Gasly,AlphaTauri,6.0,7.0,6.0,Finished,False,-1.0
2021,7,Le Castellet,French Grand Prix,ALO,Fernando Alonso,Alpine,9.0,8.0,4.0,Finished,False,1.0
2021,7,Le Castellet,French Grand Prix,VET,Sebastian Vettel,Aston Martin,12.0,9.0,2.0,Finished,False,3.0
2021,7,Le Castellet,French Grand Prix,STR,Lance Stroll,Aston Martin,19.0,10.0,1.0,Finished,False,9.0
2021,7,Le Castellet,French Grand Prix,SAI,Carlos Sainz,Ferrari,5.0,11.0,0.0,Finished,False,-6.0
2021,7,Le Castellet,French Grand Prix,RUS,George Russell,Williams,14.0,12.0,0.0,+1 Lap,False,2.0
2021,7,Le Castellet,French Grand Prix,TSU,Yuki Tsunoda,AlphaTauri,0.0,13.0,0.0,+1 Lap,False,-13.0
2021,7,Le Castellet,French Grand Prix,OCO,Esteban Ocon,Alpine,11.0,14.0,0.0,+1 Lap,False,-3.0
2021,7,Le Castellet,French Grand Prix,GIO,Antonio Giovinazzi,Alfa Romeo Racing,13.0,15.0,0.0,+1 Lap,False,-2.0
2021,7,Le Castellet,French Grand Prix,LEC,Charles Leclerc,Ferrari,7.0,16.0,0.0,+1 Lap,False,-9.0
2021,7,Le Castellet,French Grand Prix,RAI,Kimi Räikkönen,Alfa Romeo Racing,17.0,17.0,0.0,+1 Lap,False,0.0
2021,7,Le Castellet,French Grand Prix,LAT,Nicholas Latifi,Williams,16.0,18.0,0.0,+1 Lap,False,-2.0
2021,7,Le Castellet,French Grand Prix,MSC,Mick Schumacher,Haas F1 Team,15.0,19.0,0.0,+1 Lap,False,-4.0
2021,7,Le Castellet,French Grand Prix,MAZ,Nikita Mazepin,Haas F1 Team,18.0,20.0,0.0,+1 Lap,False,-2.0
2021,8,Spielberg,Styrian Grand Prix,VER,Max Verstappen,Red Bull Racing,1.0,1.0,25.0,Finished,False,0.0
2021,8,Spielberg,Styrian Grand Prix,HAM,Lewis Hamilton,Mercedes,2.0,2.0,19.0,Finished,False,0.0
2021,8,Spielberg,Styrian Grand Prix,BOT,Valtteri Bottas,Mercedes,5.0,3.0,15.0,Finished,False,2.0
2021,8,Spielberg,Styrian Grand Prix,PER,Sergio Perez,Red Bull Racing,4.0,4.0,12.0,Finished,False,0.0
2021,8,Spielberg,Styrian Grand Prix,NOR,Lando Norris,McLaren,3.0,5.0,10.0,+1 Lap,False,-2.0
2021,8,Spielberg,Styrian Grand Prix,SAI,Carlos Sainz,Ferrari,12.0,6.0,8.0,+1 Lap,False,6.0
2021,8,Spielberg,Styrian Grand Prix,LEC,Charles Leclerc,Ferrari,7.0,7.0,6.0,+1 Lap,False,0.0
2021,8,Spielberg,Styrian Grand Prix,STR,Lance Stroll,Aston Martin,9.0,8.0,4.0,+1 Lap,False,1.0
2021,8,Spielberg,Styrian Grand Prix,ALO,Fernando Alonso,Alpine,8.0,9.0,2.0,+1 Lap,False,-1.0
2021,8,Spielberg,Styrian Grand Prix,TSU,Yuki Tsunoda,AlphaTauri,11.0,10.0,1.0,+1 Lap,False,1.0
2021,8,Spielberg,Styrian Grand Prix,RAI,Kimi Räikkönen,Alfa Romeo Racing,18.0,11.0,0.0,+1 Lap,False,7.0
2021,8,Spielberg,Styrian Grand Prix,VET,Sebastian Vettel,Aston Martin,14.0,12.0,0.0,+1 Lap,False,2.0
2021,8,Spielberg,Styrian Grand Prix,RIC,Daniel Ricciardo,McLaren,13.0,13.0,0.0,+1 Lap,False,0.0
2021,8,Spielberg,Styrian Grand Prix,OCO,Esteban Ocon,Alpine,17.0,14.0,0.0,+1 Lap,False,3.0
2021,8,Spielberg,Styrian Grand Prix,GIO,Antonio Giovinazzi,Alfa Romeo Racing,15.0,15.0,0.0,+1 Lap,False,0.0
2021,8,Spielberg,Styrian Grand Prix,MSC,Mick Schumacher,Haas F1 Team,19.0,16.0,0.0,+2 Laps,False,3.0
2021,8,Spielberg,Styrian Grand Prix,LAT,Nicholas Latifi,Williams,16.0,17.0,0.0,+3 Laps,False,-1.0
2021,8,Spielberg,Styrian Grand Prix,MAZ,Nikita Mazepin,Haas F1 Team,20.0,18.0,0.0,+3 Laps,False,2.0
2021,8,Spielberg,Styrian Grand Prix,RUS,George Russell,Williams,10.0,19.0,0.0,Engine,True,-9.0
2021,8,Spielberg,Styrian Grand Prix,GAS,Pierre Gasly,AlphaTauri,6.0,20.0,0.0,Collision,True,-14.0
2021,9,Spielberg,Austrian Grand Prix,VER,Max Verstappen,Red Bull Racing,1.0,1.0,26.0,Finished,False,0.0
2021,9,Spielberg,Austrian Grand Prix,BOT,Valtteri Bottas,Mercedes,5.0,2.0,18.0,Finished,False,3.0
2021,9,Spielberg,Austrian Grand Prix,NOR,Lando Norris,McLaren,2.0,3.0,15.0,Finished,False,-1.0
2021,9,Spielberg,Austrian Grand Prix,HAM,Lewis Hamilton,Mercedes,4.0,4.0,12.0,Finished,False,0.0
2021,9,Spielberg,Austrian Grand Prix,SAI,Carlos Sainz,Ferrari,10.0,5.0,10.0,Finished,False,5.0
2021,9,Spielberg,Austrian Grand Prix,PER,Sergio Perez,Red Bull Racing,3.0,6.0,8.0,Finished,False,-3.0
2021,9,Spielberg,Austrian Grand Prix,RIC,Daniel Ricciardo,McLaren,13.0,7.0,6.0,Finished,False,6.0
2021,9,Spielberg,Austrian Grand Prix,LEC,Charles Leclerc,Ferrari,12.0,8.0,4.0,Finished,False,4.0
2021,9,Spielberg,Austrian Grand Prix,GAS,Pierre Gasly,AlphaTauri,6.0,9.0,2.0,Finished,False,-3.0
2021,9,Spielberg,Austrian Grand Prix,ALO,Fernando Alonso,Alpine,14.0,10.0,1.0,+1 Lap,False,4.0
2021,9,Spielberg,Austrian Grand Prix,RUS,George Russell,Williams,8.0,11.0,0.0,+1 Lap,False,-3.0
2021,9,Spielberg,Austrian Grand Prix,TSU,Yuki Tsunoda,AlphaTauri,7.0,12.0,0.0,+1 Lap,False,-5.0
2021,9,Spielberg,Austrian Grand Prix,STR,Lance Stroll,Aston Martin,9.0,13.0,0.0,+1 Lap,False,-4.0
2021,9,Spielberg,Austrian Grand Prix,GIO,Antonio Giovinazzi,Alfa Romeo Racing,15.0,14.0,0.0,+1 Lap,False,1.0
2021,9,Spielberg,Austrian Grand Prix,RAI,Kimi Räikkönen,Alfa Romeo Racing,16.0,15.0,0.0,+1 Lap,False,1.0
2021,9,Spielberg,Austrian Grand Prix,LAT,Nicholas Latifi,Williams,18.0,16.0,0.0,+1 Lap,False,2.0
2021,9,Spielberg,Austrian Grand Prix,VET,Sebastian Vettel,Aston Martin,11.0,17.0,0.0,Collision,True,-6.0
2021,9,Spielberg,Austrian Grand Prix,MSC,Mick Schumacher,Haas F1 Team,19.0,18.0,0.0,+2 Laps,False,1.0
2021,9,Spielberg,Austrian Grand Prix,MAZ,Nikita Mazepin,Haas F1 Team,20.0,19.0,0.0,+2 Laps,False,1.0
2021,9,Spielberg,Austrian Grand Prix,OCO,Esteban Ocon,Alpine,17.0,20.0,0.0,Collision,True,-3.0
2021,10,Silverstone,British Grand Prix,HAM,Lewis Hamilton,Mercedes,2.0,1.0,25.0,Finished,False,1.0
2021,10,Silverstone,British Grand Prix,LEC,Charles Leclerc,Ferrari,4.0,2.0,18.0,Finished,False,2.0
2021,10,Silverstone,British Grand Prix,BOT,Valtteri Bottas,Mercedes,3.0,3.0,15.0,Finished,False,0.0
2021,10,Silverstone,British Grand Prix,NOR,Lando Norris,McLaren,5.0,4.0,12.0,Finished,False,1.0
2021,10,Silverstone,British Grand Prix,RIC,Daniel Ricciardo,McLaren,6.0,5.0,10.0,Finished,False,1.0
2021,10,Silverstone,British Grand Prix,SAI,Carlos Sainz,Ferrari,10.0,6.0,8.0,Finished,False,4.0
2021,10,Silverstone,British Grand Prix,ALO,Fernando Alonso,Alpine,7.0,7.0,6.0,Finished,False,0.0
2021,10,Silverstone,British Grand Prix,STR,Lance Stroll,Aston Martin,14.0,8.0,4.0,Finished,False,6.0
2021,10,Silverstone,British Grand Prix,OCO,Esteban Ocon,Alpine,9.0,9.0,2.0,Finished,False,0.0
2021,10,Silverstone,British Grand Prix,TSU,Yuki Tsunoda,AlphaTauri,16.0,10.0,1.0,Finished,False,6.0
2021,10,Silverstone,British Grand Prix,GAS,Pierre Gasly,AlphaTauri,11.0,11.0,0.0,Finished,False,0.0
2021,10,Silverstone,British Grand Prix,RUS,George Russell,Williams,12.0,12.0,0.0,+1 Lap,False,0.0
2021,10,Silverstone,British Grand Prix,GIO,Antonio Giovinazzi,Alfa Romeo Racing,15.0,13.0,0.0,+1 Lap,False,2.0
2021,10,Silverstone,British Grand Prix,LAT,Nicholas Latifi,Williams,17.0,14.0,0.0,+1 Lap,False,3.0
2021,10,Silverstone,British Grand Prix,RAI,Kimi Räikkönen,Alfa Romeo Racing,13.0,15.0,0.0,+1 Lap,False,-2.0
2021,10,Silverstone,British Grand Prix,PER,Sergio Perez,Red Bull Racing,0.0,16.0,0.0,+1 Lap,False,-16.0
2021,10,Silverstone,British Grand Prix,MAZ,Nikita Mazepin,Haas F1 Team,19.0,17.0,0.0,+1 Lap,False,2.0
2021,10,Silverstone,British Grand Prix,MSC,Mick Schumacher,Haas F1 Team,18.0,18.0,0.0,+1 Lap,False,0.0
2021,10,Silverstone,British Grand Prix,VET,Sebastian Vettel,Aston Martin,8.0,19.0,0.0,Retired,True,-11.0
2021,10,Silverstone,British Grand Prix,VER,Max Verstappen,Red Bull Racing,1.0,20.0,0.0,Collision,True,-19.0
2021,11,Budapest,Hungarian Grand Prix,OCO,Esteban Ocon,Alpine,8.0,1.0,25.0,Finished,False,7.0
2021,11,Budapest,Hungarian Grand Prix,HAM,Lewis Hamilton,Mercedes,1.0,2.0,18.0,Finished,False,-1.0
2021,11,Budapest,Hungarian Grand Prix,SAI,Carlos Sainz,Ferrari,15.0,3.0,15.0,Finished,False,12.0
2021,11,Budapest,Hungarian Grand Prix,ALO,Fernando Alonso,Alpine,9.0,4.0,12.0,Finished,False,5.0
2021,11,Budapest,Hungarian Grand Prix,GAS,Pierre Gasly,AlphaTauri,5.0,5.0,11.0,Finished,False,0.0
2021,11,Budapest,Hungarian Grand Prix,TSU,Yuki Tsunoda,AlphaTauri,16.0,6.0,8.0,Finished,False,10.0
2021,11,Budapest,Hungarian Grand Prix,LAT,Nicholas Latifi,Williams,18.0,7.0,6.0,Finished,False,11.0
2021,11,Budapest,Hungarian Grand Prix,RUS,George Russell,Williams,17.0,8.0,4.0,Finished,False,9.0
2021,11,Budapest,Hungarian Grand Prix,VER,Max Verstappen,Red Bull Racing,3.0,9.0,2.0,Finished,False,-6.0
2021,11,Budapest,Hungarian Grand Prix,RAI,Kimi Räikkönen,Alfa Romeo Racing,13.0,10.0,1.0,+1 Lap,False,3.0
2021,11,Budapest,Hungarian Grand Prix,RIC,Daniel Ricciardo,McLaren,11.0,11.0,0.0,+1 Lap,False,0.0
2021,11,Budapest,Hungarian Grand Prix,MSC,Mick Schumacher,Haas F1 Team,20.0,12.0,0.0,+1 Lap,False,8.0
2021,11,Budapest,Hungarian Grand Prix,GIO,Antonio Giovinazzi,Alfa Romeo Racing,0.0,13.0,0.0,+1 Lap,False,-13.0
2021,11,Budapest,Hungarian Grand Prix,MAZ,Nikita Mazepin,Haas F1 Team,19.0,14.0,0.0,Collision,True,5.0
2021,11,Budapest,Hungarian Grand Prix,NOR,Lando Norris,McLaren,6.0,15.0,0.0,Collision,True,-9.0
2021,11,Budapest,Hungarian Grand Prix,BOT,Valtteri Bottas,Mercedes,2.0,16.0,0.0,Collision,True,-14.0
2021,11,Budapest,Hungarian Grand Prix,PER,Sergio Perez,Red Bull Racing,4.0,17.0,0.0,Collision,True,-13.0
2021,11,Budapest,Hungarian Grand Prix,LEC,Charles Leclerc,Ferrari,7.0,18.0,0.0,Collision,True,-11.0
2021,11,Budapest,Hungarian Grand Prix,STR,Lance Stroll,Aston Martin,12.0,19.0,0.0,Collision,True,-7.0
2021,11,Budapest,Hungarian Grand Prix,VET,Sebastian Vettel,Aston Martin,10.0,20.0,0.0,Disqualified,True,-10.0
2021,12,Spa-Francorchamps,Belgian Grand Prix,VER,Max Verstappen,Red Bull Racing,1.0,1.0,12.5,Finished,False,0.0
2021,12,Spa-Francorchamps,Belgian Grand Prix,RUS,George Russell,Williams,2.0,2.0,9.0,Finished,False,0.0
2021,12,Spa-Francorchamps,Belgian Grand Prix,HAM,Lewis Hamilton,Mercedes,3.0,3.0,7.5,Finished,False,0.0
2021,12,Spa-Francorchamps,Belgian Grand Prix,RIC,Daniel Ricciardo,McLaren,4.0,4.0,6.0,Finished,False,0.0
2021,12,Spa-Francorchamps,Belgian Grand Prix,VET,Sebastian Vettel,Aston Martin,5.0,5.0,5.0,Finished,False,0.0
2021,12,Spa-Francorchamps,Belgian Grand Prix,GAS,Pierre Gasly,AlphaTauri,6.0,6.0,4.0,Finished,False,0.0
2021,12,Spa-Francorchamps,Belgian Grand Prix,OCO,Esteban Ocon,Alpine,8.0,7.0,3.0,Finished,False,1.0
2021,12,Spa-Francorchamps,Belgian Grand Prix,LEC,Charles Leclerc,Ferrari,9.0,8.0,2.0,Finished,False,1.0
2021,12,Spa-Francorchamps,Belgian Grand Prix,LAT,Nicholas Latifi,Williams,10.0,9.0,1.0,Finished,False,1.0
2021,12,Spa-Francorchamps,Belgian Grand Prix,SAI,Carlos Sainz,Ferrari,11.0,10.0,0.5,Finished,False,1.0
2021,12,Spa-Francorchamps,Belgian Grand Prix,ALO,Fernando Alonso,Alpine,12.0,11.0,0.0,Finished,False,1.0
2021,12,Spa-Francorchamps,Belgian Grand Prix,BOT,Valtteri Bottas,Mercedes,13.0,12.0,0.0,Finished,False,1.0
2021,12,Spa-Francorchamps,Belgian Grand Prix,GIO,Antonio Giovinazzi,Alfa Romeo Racing,14.0,13.0,0.0,Finished,False,1.0
2021,12,Spa-Francorchamps,Belgian Grand Prix,NOR,Lando Norris,McLaren,15.0,14.0,0.0,Finished,False,1.0
2021,12,Spa-Francorchamps,Belgian Grand Prix,TSU,Yuki Tsunoda,AlphaTauri,16.0,15.0,0.0,Finished,False,1.0
2021,12,Spa-Francorchamps,Belgian Grand Prix,MSC,Mick Schumacher,Haas F1 Team,17.0,16.0,0.0,Finished,False,1.0
2021,12,Spa-Francorchamps,Belgian Grand Prix,MAZ,Nikita Mazepin,Haas F1 Team,18.0,17.0,0.0,Finished,False,1.0
2021,12,Spa-Francorchamps,Belgian Grand Prix,RAI,Kimi Räikkönen,Alfa Romeo Racing,0.0,18.0,0.0,Finished,False,-18.0
2021,12,Spa-Francorchamps,Belgian Grand Prix,PER,Sergio Perez,Red Bull Racing,0.0,19.0,0.0,Finished,False,-19.0
2021,12,Spa-Francorchamps,Belgian Grand Prix,STR,Lance Stroll,Aston Martin,19.0,20.0,0.0,Finished,False,-1.0
2021,13,Zandvoort,Dutch Grand Prix,VER,Max Verstappen,Red Bull Racing,1.0,1.0,25.0,Finished,False,0.0
2021,13,Zandvoort,Dutch Grand Prix,HAM,Lewis Hamilton,Mercedes,2.0,2.0,19.0,Finished,False,0.0
2021,13,Zandvoort,Dutch Grand Prix,BOT,Valtteri Bottas,Mercedes,3.0,3.0,15.0,Finished,False,0.0
2021,13,Zandvoort,Dutch Grand Prix,GAS,Pierre Gasly,AlphaTauri,4.0,4.0,12.0,+1 Lap,False,0.0
2021,13,Zandvoort,Dutch Grand Prix,LEC,Charles Leclerc,Ferrari,5.0,5.0,10.0,+1 Lap,False,0.0
2021,13,Zandvoort,Dutch Grand Prix,ALO,Fernando Alonso,Alpine,9.0,6.0,8.0,+1 Lap,False,3.0
2021,13,Zandvoort,Dutch Grand Prix,SAI,Carlos Sainz,Ferrari,6.0,7.0,6.0,+1 Lap,False,-1.0
2021,13,Zandvoort,Dutch Grand Prix,PER,Sergio Perez,Red Bull Racing,0.0,8.0,4.0,+1 Lap,False,-8.0
2021,13,Zandvoort,Dutch Grand Prix,OCO,Esteban Ocon,Alpine,8.0,9.0,2.0,+1 Lap,False,-1.0
2021,13,Zandvoort,Dutch Grand Prix,NOR,Lando Norris,McLaren,13.0,10.0,1.0,+1 Lap,False,3.0
2021,13,Zandvoort,Dutch Grand Prix,RIC,Daniel Ricciardo,McLaren,10.0,11.0,0.0,+1 Lap,False,-1.0
2021,13,Zandvoort,Dutch Grand Prix,STR,Lance Stroll,Aston Martin,12.0,12.0,0.0,+2 Laps,False,0.0
2021,13,Zandvoort,Dutch Grand Prix,VET,Sebastian Vettel,Aston Martin,15.0,13.0,0.0,+2 Laps,False,2.0
2021,13,Zandvoort,Dutch Grand Prix,GIO,Antonio Giovinazzi,Alfa Romeo Racing,7.0,14.0,0.0,+2 Laps,False,-7.0
2021,13,Zandvoort,Dutch Grand Prix,KUB,Robert Kubica,Alfa Romeo Racing,16.0,15.0,0.0,+2 Laps,False,1.0
2021,13,Zandvoort,Dutch Grand Prix,LAT,Nicholas Latifi,Williams,0.0,16.0,0.0,+2 Laps,False,-16.0
2021,13,Zandvoort,Dutch Grand Prix,RUS,George Russell,Williams,11.0,17.0,0.0,Gearbox,True,-6.0
2021,13,Zandvoort,Dutch Grand Prix,MSC,Mick Schumacher,Haas F1 Team,17.0,18.0,0.0,+3 Laps,False,-1.0
2021,13,Zandvoort,Dutch Grand Prix,TSU,Yuki Tsunoda,AlphaTauri,14.0,19.0,0.0,Power Unit,True,-5.0
2021,13,Zandvoort,Dutch Grand Prix,MAZ,Nikita Mazepin,Haas F1 Team,18.0,20.0,0.0,Hydraulics,True,-2.0
2021,14,Monza,Italian Grand Prix,RIC,Daniel Ricciardo,McLaren,2.0,1.0,26.0,Finished,False,1.0
2021,14,Monza,Italian Grand Prix,NOR,Lando Norris,McLaren,3.0,2.0,18.0,Finished,False,1.0
2021,14,Monza,Italian Grand Prix,BOT,Valtteri Bottas,Mercedes,19.0,3.0,15.0,Finished,False,16.0
2021,14,Monza,Italian Grand Prix,LEC,Charles Leclerc,Ferrari,5.0,4.0,12.0,Finished,False,1.0
2021,14,Monza,Italian Grand Prix,PER,Sergio Perez,Red Bull Racing,8.0,5.0,10.0,Finished,False,3.0
2021,14,Monza,Italian Grand Prix,SAI,Carlos Sainz,Ferrari,6.0,6.0,8.0,Finished,False,0.0
2021,14,Monza,Italian Grand Prix,STR,Lance Stroll,Aston Martin,9.0,7.0,6.0,Finished,False,2.0
2021,14,Monza,Italian Grand Prix,ALO,Fernando Alonso,Alpine,10.0,8.0,4.0,Finished,False,2.0
2021,14,Monza,Italian Grand Prix,RUS,George Russell,Williams,14.0,9.0,2.0,Finished,False,5.0
2021,14,Monza,Italian Grand Prix,OCO,Esteban Ocon,Alpine,12.0,10.0,1.0,Finished,False,2.0
2021,14,Monza,Italian Grand Prix,LAT,Nicholas Latifi,Williams,13.0,11.0,0.0,Finished,False,2.0
2021,14,Monza,Italian Grand Prix,VET,Sebastian Vettel,Aston Martin,11.0,12.0,0.0,Finished,False,-1.0
2021,14,Monza,Italian Grand Prix,GIO,Antonio Giovinazzi,Alfa Romeo Racing,7.0,13.0,0.0,Finished,False,-6.0
2021,14,Monza,Italian Grand Prix,KUB,Robert Kubica,Alfa Romeo Racing,17.0,14.0,0.0,Finished,False,3.0
2021,14,Monza,Italian Grand Prix,MSC,Mick Schumacher,Haas F1 Team,18.0,15.0,0.0,Finished,False,3.0
2021,14,Monza,Italian Grand Prix,MAZ,Nikita Mazepin,Haas F1 Team,16.0,16.0,0.0,Power Unit,True,0.0
2021,14,Monza,Italian Grand Prix,HAM,Lewis Hamilton,Mercedes,4.0,17.0,0.0,Collision,True,-13.0
2021,14,Monza,Italian Grand Prix,VER,Max Verstappen,Red Bull Racing,1.0,18.0,0.0,Collision,True,-17.0
2021,14,Monza,Italian Grand Prix,GAS,Pierre Gasly,AlphaTauri,0.0,19.0,0.0,Suspension,True,-19.0
2021,14,Monza,Italian Grand Prix,TSU,Yuki Tsunoda,AlphaTauri,0.0,20.0,0.0,Brakes,True,-20.0
2021,15,Sochi,Russian Grand Prix,HAM,Lewis Hamilton,Mercedes,4.0,1.0,25.0,Finished,False,3.0
2021,15,Sochi,Russian Grand Prix,VER,Max Verstappen,Red Bull Racing,20.0,2.0,18.0,Finished,False,18.0
2021,15,Sochi,Russian Grand Prix,SAI,Carlos Sainz,Ferrari,2.0,3.0,15.0,Finished,False,-1.0
2021,15,Sochi,Russian Grand Prix,RIC,Daniel Ricciardo,McLaren,5.0,4.0,12.0,Finished,False,1.0
2021,15,Sochi,Russian Grand Prix,BOT,Valtteri Bottas,Mercedes,16.0,5.0,10.0,Finished,False,11.0
2021,15,Sochi,Russian Grand Prix,ALO,Fernando Alonso,Alpine,6.0,6.0,8.0,Finished,False,0.0
2021,15,Sochi,Russian Grand Prix,NOR,Lando Norris,McLaren,1.0,7.0,7.0,Finished,False,-6.0
2021,15,Sochi,Russian Grand Prix,RAI,Kimi Räikkönen,Alfa Romeo Racing,13.0,8.0,4.0,Finished,False,5.0
2021,15,Sochi,Russian Grand Prix,PER,Sergio Perez,Red Bull Racing,8.0,9.0,2.0,Finished,False,-1.0
2021,15,Sochi,Russian Grand Prix,RUS,George Russell,Williams,3.0,10.0,1.0,Finished,False,-7.0
2021,15,Sochi,Russian Grand Prix,STR,Lance Stroll,Aston Martin,7.0,11.0,0.0,Finished,False,-4.0
2021,15,Sochi,Russian Grand Prix,VET,Sebastian Vettel,Aston Martin,10.0,12.0,0.0,+1 Lap,False,-2.0
2021,15,Sochi,Russian Grand Prix,GAS,Pierre Gasly,AlphaTauri,11.0,13.0,0.0,+1 Lap,False,-2.0
2021,15,Sochi,Russian Grand Prix,OCO,Esteban Ocon,Alpine,9.0,14.0,0.0,+1 Lap,False,-5.0
2021,15,Sochi,Russian Grand Prix,LEC,Charles Leclerc,Ferrari,19.0,15.0,0.0,+1 Lap,False,4.0
2021,15,Sochi,Russian Grand Prix,GIO,Antonio Giovinazzi,Alfa Romeo Racing,17.0,16.0,0.0,+1 Lap,False,1.0
2021,15,Sochi,Russian Grand Prix,TSU,Yuki Tsunoda,AlphaTauri,12.0,17.0,0.0,+1 Lap,False,-5.0
2021,15,Sochi,Russian Grand Prix,MAZ,Nikita Mazepin,Haas F1 Team,15.0,18.0,0.0,+2 Laps,False,-3.0
2021,15,Sochi,Russian Grand Prix,LAT,Nicholas Latifi,Williams,18.0,19.0,0.0,Accident,True,-1.0
2021,15,Sochi,Russian Grand Prix,MSC,Mick Schumacher,Haas F1 Team,14.0,20.0,0.0,Oil leak,True,-6.0
2021,16,Istanbul,Turkish Grand Prix,BOT,Valtteri Bottas,Mercedes,1.0,1.0,26.0,Finished,False,0.0
2021,16,Istanbul,Turkish Grand Prix,VER,Max Verstappen,Red Bull Racing,2.0,2.0,18.0,Finished,False,0.0
2021,16,Istanbul,Turkish Grand Prix,PER,Sergio Perez,Red Bull Racing,6.0,3.0,15.0,Finished,False,3.0
2021,16,Istanbul,Turkish Grand Prix,LEC,Charles Leclerc,Ferrari,3.0,4.0,12.0,Finished,False,-1.0
2021,16,Istanbul,Turkish Grand Prix,HAM,Lewis Hamilton,Mercedes,11.0,5.0,10.0,Finished,False,6.0
2021,16,Istanbul,Turkish Grand Prix,GAS,Pierre Gasly,AlphaTauri,4.0,6.0,8.0,Finished,False,-2.0
2021,16,Istanbul,Turkish Grand Prix,NOR,Lando Norris,McLaren,7.0,7.0,6.0,Finished,False,0.0
2021,16,Istanbul,Turkish Grand Prix,SAI,Carlos Sainz,Ferrari,19.0,8.0,4.0,Finished,False,11.0
2021,16,Istanbul,Turkish Grand Prix,STR,Lance Stroll,Aston Martin,8.0,9.0,2.0,Finished,False,-1.0
2021,16,Istanbul,Turkish Grand Prix,OCO,Esteban Ocon,Alpine,12.0,10.0,1.0,+1 Lap,False,2.0
2021,16,Istanbul,Turkish Grand Prix,GIO,Antonio Giovinazzi,Alfa Romeo Racing,16.0,11.0,0.0,+1 Lap,False,5.0
2021,16,Istanbul,Turkish Grand Prix,RAI,Kimi Räikkönen,Alfa Romeo Racing,17.0,12.0,0.0,+1 Lap,False,5.0
2021,16,Istanbul,Turkish Grand Prix,RIC,Daniel Ricciardo,McLaren,20.0,13.0,0.0,+1 Lap,False,7.0
2021,16,Istanbul,Turkish Grand Prix,TSU,Yuki Tsunoda,AlphaTauri,9.0,14.0,0.0,+1 Lap,False,-5.0
2021,16,Istanbul,Turkish Grand Prix,RUS,George Russell,Williams,13.0,15.0,0.0,+1 Lap,False,-2.0
2021,16,Istanbul,Turkish Grand Prix,ALO,Fernando Alonso,Alpine,5.0,16.0,0.0,+1 Lap,False,-11.0
2021,16,Istanbul,Turkish Grand Prix,LAT,Nicholas Latifi,Williams,15.0,17.0,0.0,+1 Lap,False,-2.0
2021,16,Istanbul,Turkish Grand Prix,VET,Sebastian Vettel,Aston Martin,10.0,18.0,0.0,+1 Lap,False,-8.0
2021,16,Istanbul,Turkish Grand Prix,MSC,Mick Schumacher,Haas F1 Team,14.0,19.0,0.0,+2 Laps,False,-5.0
2021,16,Istanbul,Turkish Grand Prix,MAZ,Nikita Mazepin,Haas F1 Team,18.0,20.0,0.0,+2 Laps,False,-2.0
2021,17,Austin,United States Grand Prix,VER,Max Verstappen,Red Bull Racing,1.0,1.0,25.0,Finished,False,0.0
2021,17,Austin,United States Grand Prix,HAM,Lewis Hamilton,Mercedes,2.0,2.0,19.0,Finished,False,0.0
2021,17,Austin,United States Grand Prix,PER,Sergio Perez,Red Bull Racing,3.0,3.0,15.0,Finished,False,0.0
2021,17,Austin,United States Grand Prix,LEC,Charles Leclerc,Ferrari,4.0,4.0,12.0,Finished,False,0.0
2021,17,Austin,United States Grand Prix,RIC,Daniel Ricciardo,McLaren,6.0,5.0,10.0,Finished,False,1.0
2021,17,Austin,United States Grand Prix,BOT,Valtteri Bottas,Mercedes,9.0,6.0,8.0,Finished,False,3.0
2021,17,Austin,United States Grand Prix,SAI,Carlos Sainz,Ferrari,5.0,7.0,6.0,Finished,False,-2.0
2021,17,Austin,United States Grand Prix,NOR,Lando Norris,McLaren,7.0,8.0,4.0,Finished,False,-1.0
2021,17,Austin,United States Grand Prix,TSU,Yuki Tsunoda,AlphaTauri,10.0,9.0,2.0,+1 Lap,False,1.0
2021,17,Austin,United States Grand Prix,VET,Sebastian Vettel,Aston Martin,18.0,10.0,1.0,+1 Lap,False,8.0
2021,17,Austin,United States Grand Prix,GIO,Antonio Giovinazzi,Alfa Romeo Racing,12.0,11.0,0.0,+1 Lap,False,1.0
2021,17,Austin,United States Grand Prix,STR,Lance Stroll,Aston Martin,13.0,12.0,0.0,+1 Lap,False,1.0
2021,17,Austin,United States Grand Prix,RAI,Kimi Räikkönen,Alfa Romeo Racing,15.0,13.0,0.0,+1 Lap,False,2.0
2021,17,Austin,United States Grand Prix,RUS,George Russell,Williams,20.0,14.0,0.0,+1 Lap,False,6.0
2021,17,Austin,United States Grand Prix,LAT,Nicholas Latifi,Williams,14.0,15.0,0.0,+1 Lap,False,-1.0
2021,17,Austin,United States Grand Prix,MSC,Mick Schumacher,Haas F1 Team,16.0,16.0,0.0,+2 Laps,False,0.0
2021,17,Austin,United States Grand Prix,MAZ,Nikita Mazepin,Haas F1 Team,17.0,17.0,0.0,+2 Laps,False,0.0
2021,17,Austin,United States Grand Prix,ALO,Fernando Alonso,Alpine,19.0,18.0,0.0,Rear wing,True,1.0
2021,17,Austin,United States Grand Prix,OCO,Esteban Ocon,Alpine,11.0,19.0,0.0,Mechanical,True,-8.0
2021,17,Austin,United States Grand Prix,GAS,Pierre Gasly,AlphaTauri,8.0,20.0,0.0,Suspension,True,-12.0
2021,18,Mexico City,Mexico City Grand Prix,VER,Max Verstappen,Red Bull Racing,3.0,1.0,25.0,Finished,False,2.0
2021,18,Mexico City,Mexico City Grand Prix,HAM,Lewis Hamilton,Mercedes,2.0,2.0,18.0,Finished,False,0.0
2021,18,Mexico City,Mexico City Grand Prix,PER,Sergio Perez,Red Bull Racing,4.0,3.0,15.0,Finished,False,1.0
2021,18,Mexico City,Mexico City Grand Prix,GAS,Pierre Gasly,AlphaTauri,5.0,4.0,12.0,Finished,False,1.0
2021,18,Mexico City,Mexico City Grand Prix,LEC,Charles Leclerc,Ferrari,8.0,5.0,10.0,Finished,False,3.0
2021,18,Mexico City,Mexico City Grand Prix,SAI,Carlos Sainz,Ferrari,6.0,6.0,8.0,+1 Lap,False,0.0
2021,18,Mexico City,Mexico City Grand Prix,VET,Sebastian Vettel,Aston Martin,9.0,7.0,6.0,+1 Lap,False,2.0
2021,18,Mexico City,Mexico City Grand Prix,RAI,Kimi Räikkönen,Alfa Romeo Racing,10.0,8.0,4.0,+1 Lap,False,2.0
2021,18,Mexico City,Mexico City Grand Prix,ALO,Fernando Alonso,Alpine,12.0,9.0,2.0,+1 Lap,False,3.0
2021,18,Mexico City,Mexico City Grand Prix,NOR,Lando Norris,McLaren,18.0,10.0,1.0,+1 Lap,False,8.0
2021,18,Mexico City,Mexico City Grand Prix,GIO,Antonio Giovinazzi,Alfa Romeo Racing,11.0,11.0,0.0,+1 Lap,False,0.0
2021,18,Mexico City,Mexico City Grand Prix,RIC,Daniel Ricciardo,McLaren,7.0,12.0,0.0,+1 Lap,False,-5.0
2021,18,Mexico City,Mexico City Grand Prix,OCO,Esteban Ocon,Alpine,19.0,13.0,0.0,+1 Lap,False,6.0
2021,18,Mexico City,Mexico City Grand Prix,STR,Lance Stroll,Aston Martin,20.0,14.0,0.0,+2 Laps,False,6.0
2021,18,Mexico City,Mexico City Grand Prix,BOT,Valtteri Bottas,Mercedes,1.0,15.0,0.0,+2 Laps,False,-14.0
2021,18,Mexico City,Mexico City Grand Prix,RUS,George Russell,Williams,16.0,16.0,0.0,+2 Laps,False,0.0
2021,18,Mexico City,Mexico City Grand Prix,LAT,Nicholas Latifi,Williams,13.0,17.0,0.0,+2 Laps,False,-4.0
2021,18,Mexico City,Mexico City Grand Prix,MAZ,Nikita Mazepin,Haas F1 Team,15.0,18.0,0.0,+3 Laps,False,-3.0
2021,18,Mexico City,Mexico City Grand Prix,MSC,Mick Schumacher,Haas F1 Team,14.0,19.0,0.0,Collision,True,-5.0
2021,18,Mexico City,Mexico City Grand Prix,TSU,Yuki Tsunoda,AlphaTauri,17.0,20.0,0.0,Collision,True,-3.0
2021,19,São Paulo,São Paulo Grand Prix,HAM,Lewis Hamilton,Mercedes,10.0,1.0,25.0,Finished,False,9.0
2021,19,São Paulo,São Paulo Grand Prix,VER,Max Verstappen,Red Bull Racing,2.0,2.0,18.0,Finished,False,0.0
2021,19,São Paulo,São Paulo Grand Prix,BOT,Valtteri Bottas,Mercedes,1.0,3.0,15.0,Finished,False,-2.0
2021,19,São Paulo,São Paulo Grand Prix,PER,Sergio Perez,Red Bull Racing,4.0,4.0,13.0,Finished,False,0.0
2021,19,São Paulo,São Paulo Grand Prix,LEC,Charles Leclerc,Ferrari,6.0,5.0,10.0,Finished,False,1.0
2021,19,São Paulo,São Paulo Grand Prix,SAI,Carlos Sainz,Ferrari,3.0,6.0,8.0,Finished,False,-3.0
2021,19,São Paulo,São Paulo Grand Prix,GAS,Pierre Gasly,AlphaTauri,7.0,7.0,6.0,+1 Lap,False,0.0
2021,19,São Paulo,São Paulo Grand Prix,OCO,Esteban Ocon,Alpine,8.0,8.0,4.0,+1 Lap,False,0.0
2021,19,São Paulo,São Paulo Grand Prix,ALO,Fernando Alonso,Alpine,12.0,9.0,2.0,+1 Lap,False,3.0
2021,19,São Paulo,São Paulo Grand Prix,NOR,Lando Norris,McLaren,5.0,10.0,1.0,+1 Lap,False,-5.0
2021,19,São Paulo,São Paulo Grand Prix,VET,Sebastian Vettel,Aston Martin,9.0,11.0,0.0,+1 Lap,False,-2.0
2021,19,São Paulo,São Paulo Grand Prix,RAI,Kimi Räikkönen,Alfa Romeo Racing,0.0,12.0,0.0,+1 Lap,False,-12.0
2021,19,São Paulo,São Paulo Grand Prix,RUS,George Russell,Williams,17.0,13.0,0.0,+1 Lap,False,4.0
2021,19,São Paulo,São Paulo Grand Prix,GIO,Antonio Giovinazzi,Alfa Romeo Racing,13.0,14.0,0.0,+1 Lap,False,-1.0
2021,19,São Paulo,São Paulo Grand Prix,TSU,Yuki Tsunoda,AlphaTauri,15.0,15.0,0.0,+1 Lap,False,0.0
2021,19,São Paulo,São Paulo Grand Prix,LAT,Nicholas Latifi,Williams,16.0,16.0,0.0,+1 Lap,False,0.0
2021,19,São Paulo,São Paulo Grand Prix,MAZ,Nikita Mazepin,Haas F1 Team,19.0,17.0,0.0,+2 Laps,False,2.0
2021,19,São Paulo,São Paulo Grand Prix,MSC,Mick Schumacher,Haas F1 Team,18.0,18.0,0.0,+2 Laps,False,0.0
2021,19,São Paulo,São Paulo Grand Prix,RIC,Daniel Ricciardo,McLaren,11.0,19.0,0.0,Power loss,True,-8.0
2021,19,São Paulo,São Paulo Grand Prix,STR,Lance Stroll,Aston Martin,14.0,20.0,0.0,Collision damage,True,-6.0
2021,20,Lusail,Qatar Grand Prix,HAM,Lewis Hamilton,Mercedes,1.0,1.0,25.0,Finished,False,0.0
2021,20,Lusail,Qatar Grand Prix,VER,Max Verstappen,Red Bull Racing,7.0,2.0,19.0,Finished,False,5.0
2021,20,Lusail,Qatar Grand Prix,ALO,Fernando Alonso,Alpine,3.0,3.0,15.0,Finished,False,0.0
2021,20,Lusail,Qatar Grand Prix,PER,Sergio Perez,Red Bull Racing,11.0,4.0,12.0,Finished,False,7.0
2021,20,Lusail,Qatar Grand Prix,OCO,Esteban Ocon,Alpine,9.0,5.0,10.0,Finished,False,4.0
2021,20,Lusail,Qatar Grand Prix,STR,Lance Stroll,Aston Martin,12.0,6.0,8.0,Finished,False,6.0
2021,20,Lusail,Qatar Grand Prix,SAI,Carlos Sainz,Ferrari,5.0,7.0,6.0,Finished,False,-2.0
2021,20,Lusail,Qatar Grand Prix,LEC,Charles Leclerc,Ferrari,13.0,8.0,4.0,Finished,False,5.0
2021,20,Lusail,Qatar Grand Prix,NOR,Lando Norris,McLaren,4.0,9.0,2.0,+1 Lap,False,-5.0
2021,20,Lusail,Qatar Grand Prix,VET,Sebastian Vettel,Aston Martin,10.0,10.0,1.0,+1 Lap,False,0.0
2021,20,Lusail,Qatar Grand Prix,GAS,Pierre Gasly,AlphaTauri,2.0,11.0,0.0,+1 Lap,False,-9.0
2021,20,Lusail,Qatar Grand Prix,RIC,Daniel Ricciardo,McLaren,14.0,12.0,0.0,+1 Lap,False,2.0
2021,20,Lusail,Qatar Grand Prix,TSU,Yuki Tsunoda,AlphaTauri,8.0,13.0,0.0,+1 Lap,False,-5.0
2021,20,Lusail,Qatar Grand Prix,RAI,Kimi Räikkönen,Alfa Romeo Racing,16.0,14.0,0.0,+1 Lap,False,2.0
2021,20,Lusail,Qatar Grand Prix,GIO,Antonio Giovinazzi,Alfa Romeo Racing,18.0,15.0,0.0,+1 Lap,False,3.0
2021,20,Lusail,Qatar Grand Prix,MSC,Mick Schumacher,Haas F1 Team,19.0,16.0,0.0,+1 Lap,False,3.0
2021,20,Lusail,Qatar Grand Prix,RUS,George Russell,Williams,15.0,17.0,0.0,+2 Laps,False,-2.0
2021,20,Lusail,Qatar Grand Prix,MAZ,Nikita Mazepin,Haas F1 Team,20.0,18.0,0.0,+2 Laps,False,2.0
2021,20,Lusail,Qatar Grand Prix,LAT,Nicholas Latifi,Williams,17.0,19.0,0.0,Puncture,True,-2.0
2021,20,Lusail,Qatar Grand Prix,BOT,Valtteri Bottas,Mercedes,6.0,20.0,0.0,Damage,True,-14.0
2021,21,Jeddah,Saudi Arabian Grand Prix,HAM,Lewis Hamilton,Mercedes,1.0,1.0,26.0,Finished,False,0.0
2021,21,Jeddah,Saudi Arabian Grand Prix,VER,Max Verstappen,Red Bull Racing,3.0,2.0,18.0,Finished,False,1.0
2021,21,Jeddah,Saudi Arabian Grand Prix,BOT,Valtteri Bottas,Mercedes,2.0,3.0,15.0,Finished,False,-1.0
2021,21,Jeddah,Saudi Arabian Grand Prix,OCO,Esteban Ocon,Alpine,9.0,4.0,12.0,Finished,False,5.0
2021,21,Jeddah,Saudi Arabian Grand Prix,RIC,Daniel Ricciardo,McLaren,11.0,5.0,10.0,Finished,False,6.0
2021,21,Jeddah,Saudi Arabian Grand Prix,GAS,Pierre Gasly,AlphaTauri,6.0,6.0,8.0,Finished,False,0.0
2021,21,Jeddah,Saudi Arabian Grand Prix,LEC,Charles Leclerc,Ferrari,4.0,7.0,6.0,Finished,False,-3.0
2021,21,Jeddah,Saudi Arabian Grand Prix,SAI,Carlos Sainz,Ferrari,15.0,8.0,4.0,Finished,False,7.0
2021,21,Jeddah,Saudi Arabian Grand Prix,GIO,Antonio Giovinazzi,Alfa Romeo Racing,10.0,9.0,2.0,Finished,False,1.0
2021,21,Jeddah,Saudi Arabian Grand Prix,NOR,Lando Norris,McLaren,7.0,10.0,1.0,Finished,False,-3.0
2021,21,Jeddah,Saudi Arabian Grand Prix,STR,Lance Stroll,Aston Martin,18.0,11.0,0.0,Finished,False,7.0
2021,21,Jeddah,Saudi Arabian Grand Prix,LAT,Nicholas Latifi,Williams,16.0,12.0,0.0,Finished,False,4.0
2021,21,Jeddah,Saudi Arabian Grand Prix,ALO,Fernando Alonso,Alpine,13.0,13.0,0.0,+1 Lap,False,0.0
2021,21,Jeddah,Saudi Arabian Grand Prix,TSU,Yuki Tsunoda,AlphaTauri,8.0,14.0,0.0,+1 Lap,False,-6.0
2021,21,Jeddah,Saudi Arabian Grand Prix,RAI,Kimi Räikkönen,Alfa Romeo Racing,12.0,15.0,0.0,+1 Lap,False,-3.0
2021,21,Jeddah,Saudi Arabian Grand Prix,VET,Sebastian Vettel,Aston Martin,17.0,16.0,0.0,Collision damage,True,1.0
2021,21,Jeddah,Saudi Arabian Grand Prix,PER,Sergio Perez,Red Bull Racing,5.0,17.0,0.0,Collision,True,-12.0
2021,21,Jeddah,Saudi Arabian Grand Prix,MAZ,Nikita Mazepin,Haas F1 Team,20.0,18.0,0.0,Collision,True,2.0
2021,21,Jeddah,Saudi Arabian Grand Prix,RUS,George Russell,Williams,14.0,19.0,0.0,Collision,True,-5.0
2021,21,Jeddah,Saudi Arabian Grand Prix,MSC,Mick Schumacher,Haas F1 Team,19.0,20.0,0.0,Accident,True,-1.0
2021,22,Yas Island,Abu Dhabi Grand Prix,VER,Max Verstappen,Red Bull Racing,1.0,1.0,26.0,Finished,False,0.0
2021,22,Yas Island,Abu Dhabi Grand Prix,HAM,Lewis Hamilton,Mercedes,2.0,2.0,18.0,Finished,False,0.0
2021,22,Yas Island,Abu Dhabi Grand Prix,SAI,Carlos Sainz,Ferrari,5.0,3.0,15.0,Finished,False,2.0
2021,22,Yas Island,Abu Dhabi Grand Prix,TSU,Yuki Tsunoda,AlphaTauri,8.0,4.0,12.0,Finished,False,4.0
2021,22,Yas Island,Abu Dhabi Grand Prix,GAS,Pierre Gasly,AlphaTauri,12.0,5.0,10.0,Finished,False,7.0
2021,22,Yas Island,Abu Dhabi Grand Prix,BOT,Valtteri Bottas,Mercedes,6.0,6.0,8.0,Finished,False,0.0
2021,22,Yas Island,Abu Dhabi Grand Prix,NOR,Lando Norris,McLaren,3.0,7.0,6.0,Finished,False,-4.0
2021,22,Yas Island,Abu Dhabi Grand Prix,ALO,Fernando Alonso,Alpine,11.0,8.0,4.0,Finished,False,3.0
2021,22,Yas Island,Abu Dhabi Grand Prix,OCO,Esteban Ocon,Alpine,9.0,9.0,2.0,Finished,False,0.0
2021,22,Yas Island,Abu Dhabi Grand Prix,LEC,Charles Leclerc,Ferrari,7.0,10.0,1.0,Finished,False,-3.0
2021,22,Yas Island,Abu Dhabi Grand Prix,VET,Sebastian Vettel,Aston Martin,15.0,11.0,0.0,Finished,False,4.0
2021,22,Yas Island,Abu Dhabi Grand Prix,RIC,Daniel Ricciardo,McLaren,10.0,12.0,0.0,+1 Lap,False,-2.0
2021,22,Yas Island,Abu Dhabi Grand Prix,STR,Lance Stroll,Aston Martin,13.0,13.0,0.0,+1 Lap,False,0.0
2021,22,Yas Island,Abu Dhabi Grand Prix,MSC,Mick Schumacher,Haas F1 Team,19.0,14.0,0.0,+1 Lap,False,5.0
2021,22,Yas Island,Abu Dhabi Grand Prix,PER,Sergio Perez,Red Bull Racing,4.0,15.0,0.0,Engine,True,-11.0
2021,22,Yas Island,Abu Dhabi Grand Prix,LAT,Nicholas Latifi,Williams,16.0,16.0,0.0,Accident,True,0.0
2021,22,Yas Island,Abu Dhabi Grand Prix,GIO,Antonio Giovinazzi,Alfa Romeo Racing,14.0,17.0,0.0,Gearbox,True,-3.0
2021,22,Yas Island,Abu Dhabi Grand Prix,RUS,George Russell,Williams,17.0,18.0,0.0,Gearbox,True,-1.0
2021,22,Yas Island,Abu Dhabi Grand Prix,RAI,Kimi Räikkönen,Alfa Romeo Racing,18.0,19.0,0.0,Brakes,True,-1.0
2022,1,Sakhir,Bahrain Grand Prix,LEC,Charles Leclerc,Ferrari,1.0,1.0,26.0,Finished,False,0.0
2022,1,Sakhir,Bahrain Grand Prix,SAI,Carlos Sainz,Ferrari,3.0,2.0,18.0,Finished,False,1.0
2022,1,Sakhir,Bahrain Grand Prix,HAM,Lewis Hamilton,Mercedes,5.0,3.0,15.0,Finished,False,2.0
2022,1,Sakhir,Bahrain Grand Prix,RUS,George Russell,Mercedes,9.0,4.0,12.0,Finished,False,5.0
2022,1,Sakhir,Bahrain Grand Prix,MAG,Kevin Magnussen,Haas F1 Team,7.0,5.0,10.0,Finished,False,2.0
2022,1,Sakhir,Bahrain Grand Prix,BOT,Valtteri Bottas,Alfa Romeo,6.0,6.0,8.0,Finished,False,0.0
2022,1,Sakhir,Bahrain Grand Prix,OCO,Esteban Ocon,Alpine,11.0,7.0,6.0,Finished,False,4.0
2022,1,Sakhir,Bahrain Grand Prix,TSU,Yuki Tsunoda,AlphaTauri,16.0,8.0,4.0,Finished,False,8.0
2022,1,Sakhir,Bahrain Grand Prix,ALO,Fernando Alonso,Alpine,8.0,9.0,2.0,Finished,False,-1.0
2022,1,Sakhir,Bahrain Grand Prix,ZHO,Guanyu Zhou,Alfa Romeo,15.0,10.0,1.0,Finished,False,5.0
2022,1,Sakhir,Bahrain Grand Prix,MSC,Mick Schumacher,Haas F1 Team,12.0,11.0,0.0,Finished,False,1.0
2022,1,Sakhir,Bahrain Grand Prix,STR,Lance Stroll,Aston Martin,19.0,12.0,0.0,Finished,False,7.0
2022,1,Sakhir,Bahrain Grand Prix,ALB,Alexander Albon,Williams,14.0,13.0,0.0,Finished,False,1.0
2022,1,Sakhir,Bahrain Grand Prix,RIC,Daniel Ricciardo,McLaren,18.0,14.0,0.0,Finished,False,4.0
2022,1,Sakhir,Bahrain Grand Prix,NOR,Lando Norris,McLaren,13.0,15.0,0.0,Finished,False,-2.0
2022,1,Sakhir,Bahrain Grand Prix,LAT,Nicholas Latifi,Williams,20.0,16.0,0.0,Finished,False,4.0
2022,1,Sakhir,Bahrain Grand Prix,HUL,Nico Hulkenberg,Aston Martin,17.0,17.0,0.0,Finished,False,0.0
2022,1,Sakhir,Bahrain Grand Prix,PER,Sergio Perez,Red Bull Racing,4.0,18.0,0.0,Fuel pressure,True,-14.0
2022,1,Sakhir,Bahrain Grand Prix,VER,Max Verstappen,Red Bull Racing,2.0,19.0,0.0,Fuel pressure,True,-17.0
2022,1,Sakhir,Bahrain Grand Prix,GAS,Pierre Gasly,AlphaTauri,10.0,20.0,0.0,Power Unit,True,-10.0
2022,2,Jeddah,Saudi Arabian Grand Prix,VER,Max Verstappen,Red Bull Racing,4.0,1.0,25.0,Finished,False,3.0
2022,2,Jeddah,Saudi Arabian Grand Prix,LEC,Charles Leclerc,Ferrari,2.0,2.0,19.0,Finished,False,0.0
2022,2,Jeddah,Saudi Arabian Grand Prix,SAI,Carlos Sainz,Ferrari,3.0,3.0,15.0,Finished,False,0.0
2022,2,Jeddah,Saudi Arabian Grand Prix,PER,Sergio Perez,Red Bull Racing,1.0,4.0,12.0,Finished,False,-3.0
2022,2,Jeddah,Saudi Arabian Grand Prix,RUS,George Russell,Mercedes,6.0,5.0,10.0,Finished,False,1.0
2022,2,Jeddah,Saudi Arabian Grand Prix,OCO,Esteban Ocon,Alpine,5.0,6.0,8.0,Finished,False,-1.0
2022,2,Jeddah,Saudi Arabian Grand Prix,NOR,Lando Norris,McLaren,11.0,7.0,6.0,Finished,False,4.0
2022,2,Jeddah,Saudi Arabian Grand Prix,GAS,Pierre Gasly,AlphaTauri,9.0,8.0,4.0,Finished,False,1.0
2022,2,Jeddah,Saudi Arabian Grand Prix,MAG,Kevin Magnussen,Haas F1 Team,10.0,9.0,2.0,Finished,False,1.0
2022,2,Jeddah,Saudi Arabian Grand Prix,HAM,Lewis Hamilton,Mercedes,15.0,10.0,1.0,Finished,False,5.0
2022,2,Jeddah,Saudi Arabian Grand Prix,ZHO,Guanyu Zhou,Alfa Romeo,12.0,11.0,0.0,Finished,False,1.0
2022,2,Jeddah,Saudi Arabian Grand Prix,HUL,Nico Hulkenberg,Aston Martin,17.0,12.0,0.0,Finished,False,5.0
2022,2,Jeddah,Saudi Arabian Grand Prix,STR,Lance Stroll,Aston Martin,13.0,13.0,0.0,+1 Lap,False,0.0
2022,2,Jeddah,Saudi Arabian Grand Prix,ALB,Alexander Albon,Williams,16.0,14.0,0.0,Collision damage,True,2.0
2022,2,Jeddah,Saudi Arabian Grand Prix,BOT,Valtteri Bottas,Alfa Romeo,8.0,15.0,0.0,Cooling system,True,-7.0
2022,2,Jeddah,Saudi Arabian Grand Prix,ALO,Fernando Alonso,Alpine,7.0,16.0,0.0,Water pump,True,-9.0
2022,2,Jeddah,Saudi Arabian Grand Prix,RIC,Daniel Ricciardo,McLaren,14.0,17.0,0.0,Gearbox,True,-3.0
2022,2,Jeddah,Saudi Arabian Grand Prix,LAT,Nicholas Latifi,Williams,18.0,18.0,0.0,Accident,True,0.0
2022,2,Jeddah,Saudi Arabian Grand Prix,TSU,Yuki Tsunoda,AlphaTauri,19.0,19.0,0.0,Power Unit,True,0.0
2022,3,Melbourne,Australian Grand Prix,LEC,Charles Leclerc,Ferrari,1.0,1.0,26.0,Finished,False,0.0
2022,3,Melbourne,Australian Grand Prix,PER,Sergio Perez,Red Bull Racing,3.0,2.0,18.0,Finished,False,1.0
2022,3,Melbourne,Australian Grand Prix,RUS,George Russell,Mercedes,6.0,3.0,15.0,Finished,False,3.0
2022,3,Melbourne,Australian Grand Prix,HAM,Lewis Hamilton,Mercedes,5.0,4.0,12.0,Finished,False,1.0
2022,3,Melbourne,Australian Grand Prix,NOR,Lando Norris,McLaren,4.0,5.0,10.0,Finished,False,-1.0
2022,3,Melbourne,Australian Grand Prix,RIC,Daniel Ricciardo,McLaren,7.0,6.0,8.0,Finished,False,1.0
2022,3,Melbourne,Australian Grand Prix,OCO,Esteban Ocon,Alpine,8.0,7.0,6.0,Finished,False,1.0
2022,3,Melbourne,Australian Grand Prix,BOT,Valtteri Bottas,Alfa Romeo,12.0,8.0,4.0,Finished,False,4.0
2022,3,Melbourne,Australian Grand Prix,GAS,Pierre Gasly,AlphaTauri,11.0,9.0,2.0,Finished,False,2.0
2022,3,Melbourne,Australian Grand Prix,ALB,Alexander Albon,Williams,20.0,10.0,1.0,Finished,False,10.0
2022,3,Melbourne,Australian Grand Prix,ZHO,Guanyu Zhou,Alfa Romeo,14.0,11.0,0.0,Finished,False,3.0
2022,3,Melbourne,Australian Grand Prix,STR,Lance Stroll,Aston Martin,19.0,12.0,0.0,Finished,False,7.0
2022,3,Melbourne,Australian Grand Prix,MSC,Mick Schumacher,Haas F1 Team,15.0,13.0,0.0,+1 Lap,False,2.0
2022,3,Melbourne,Australian Grand Prix,MAG,Kevin Magnussen,Haas F1 Team,16.0,14.0,0.0,+1 Lap,False,2.0
2022,3,Melbourne,Australian Grand Prix,TSU,Yuki Tsunoda,AlphaTauri,13.0,15.0,0.0,+1 Lap,False,-2.0
2022,3,Melbourne,Australian Grand Prix,LAT,Nicholas Latifi,Williams,18.0,16.0,0.0,+1 Lap,False,2.0
2022,3,Melbourne,Australian Grand Prix,ALO,Fernando Alonso,Alpine,10.0,17.0,0.0,+1 Lap,False,-7.0
2022,3,Melbourne,Australian Grand Prix,VER,Max Verstappen,Red Bull Racing,2.0,18.0,0.0,Fuel leak,True,-16.0
2022,3,Melbourne,Australian Grand Prix,VET,Sebastian Vettel,Aston Martin,17.0,19.0,0.0,Accident,True,-2.0
2022,3,Melbourne,Australian Grand Prix,SAI,Carlos Sainz,Ferrari,9.0,20.0,0.0,Spun off,True,-11.0
2022,4,Imola,Emilia Romagna Grand Prix,VER,Max Verstappen,Red Bull Racing,1.0,1.0,26.0,Finished,False,0.0
2022,4,Imola,Emilia Romagna Grand Prix,PER,Sergio Perez,Red Bull Racing,3.0,2.0,18.0,Finished,False,1.0
2022,4,Imola,Emilia Romagna Grand Prix,NOR,Lando Norris,McLaren,5.0,3.0,15.0,Finished,False,2.0
2022,4,Imola,Emilia Romagna Grand Prix,RUS,George Russell,Mercedes,11.0,4.0,12.0,Finished,False,7.0
2022,4,Imola,Emilia Romagna Grand Prix,BOT,Valtteri Bottas,Alfa Romeo,7.0,5.0,10.0,Finished,False,2.0
2022,4,Imola,Emilia Romagna Grand Prix,LEC,Charles Leclerc,Ferrari,2.0,6.0,8.0,Finished,False,-4.0
2022,4,Imola,Emilia Romagna Grand Prix,TSU,Yuki Tsunoda,AlphaTauri,12.0,7.0,6.0,Finished,False,5.0
2022,4,Imola,Emilia Romagna Grand Prix,VET,Sebastian Vettel,Aston Martin,13.0,8.0,4.0,Finished,False,5.0
2022,4,Imola,Emilia Romagna Grand Prix,MAG,Kevin Magnussen,Haas F1 Team,8.0,9.0,2.0,Finished,False,-1.0
2022,4,Imola,Emilia Romagna Grand Prix,STR,Lance Stroll,Aston Martin,15.0,10.0,1.0,+1 Lap,False,5.0
2022,4,Imola,Emilia Romagna Grand Prix,ALB,Alexander Albon,Williams,18.0,11.0,0.0,+1 Lap,False,7.0
2022,4,Imola,Emilia Romagna Grand Prix,GAS,Pierre Gasly,AlphaTauri,17.0,12.0,0.0,+1 Lap,False,5.0
2022,4,Imola,Emilia Romagna Grand Prix,HAM,Lewis Hamilton,Mercedes,14.0,13.0,0.0,+1 Lap,False,1.0
2022,4,Imola,Emilia Romagna Grand Prix,OCO,Esteban Ocon,Alpine,16.0,14.0,0.0,+1 Lap,False,2.0
2022,4,Imola,Emilia Romagna Grand Prix,ZHO,Guanyu Zhou,Alfa Romeo,0.0,15.0,0.0,+1 Lap,False,-15.0
2022,4,Imola,Emilia Romagna Grand Prix,LAT,Nicholas Latifi,Williams,19.0,16.0,0.0,+1 Lap,False,3.0
2022,4,Imola,Emilia Romagna Grand Prix,MSC,Mick Schumacher,Haas F1 Team,10.0,17.0,0.0,+1 Lap,False,-7.0
2022,4,Imola,Emilia Romagna Grand Prix,RIC,Daniel Ricciardo,McLaren,6.0,18.0,0.0,+1 Lap,False,-12.0
2022,4,Imola,Emilia Romagna Grand Prix,ALO,Fernando Alonso,Alpine,9.0,19.0,0.0,Collision damage,True,-10.0
2022,4,Imola,Emilia Romagna Grand Prix,SAI,Carlos Sainz,Ferrari,4.0,20.0,0.0,Collision,True,-16.0
2022,5,Miami,Miami Grand Prix,VER,Max Verstappen,Red Bull Racing,3.0,1.0,26.0,Finished,False,2.0
2022,5,Miami,Miami Grand Prix,LEC,Charles Leclerc,Ferrari,1.0,2.0,18.0,Finished,False,-1.0
2022,5,Miami,Miami Grand Prix,SAI,Carlos Sainz,Ferrari,2.0,3.0,15.0,Finished,False,-1.0
2022,5,Miami,Miami Grand Prix,PER,Sergio Perez,Red Bull Racing,4.0,4.0,12.0,Finished,False,0.0
2022,5,Miami,Miami Grand Prix,RUS,George Russell,Mercedes,12.0,5.0,10.0,Finished,False,7.0
2022,5,Miami,Miami Grand Prix,HAM,Lewis Hamilton,Mercedes,6.0,6.0,8.0,Finished,False,0.0
2022,5,Miami,Miami Grand Prix,BOT,Valtteri Bottas,Alfa Romeo,5.0,7.0,6.0,Finished,False,-2.0
2022,5,Miami,Miami Grand Prix,OCO,Esteban Ocon,Alpine,20.0,8.0,4.0,Finished,False,12.0
2022,5,Miami,Miami Grand Prix,ALB,Alexander Albon,Williams,18.0,9.0,2.0,Finished,False,9.0
2022,5,Miami,Miami Grand Prix,STR,Lance Stroll,Aston Martin,0.0,10.0,1.0,Finished,False,-10.0
2022,5,Miami,Miami Grand Prix,ALO,Fernando Alonso,Alpine,11.0,11.0,0.0,Finished,False,0.0
2022,5,Miami,Miami Grand Prix,TSU,Yuki Tsunoda,AlphaTauri,9.0,12.0,0.0,Finished,False,-3.0
2022,5,Miami,Miami Grand Prix,RIC,Daniel Ricciardo,McLaren,14.0,13.0,0.0,Finished,False,1.0
2022,5,Miami,Miami Grand Prix,LAT,Nicholas Latifi,Williams,19.0,14.0,0.0,Finished,False,5.0
2022,5,Miami,Miami Grand Prix,MSC,Mick Schumacher,Haas F1 Team,15.0,15.0,0.0,Finished,False,0.0
2022,5,Miami,Miami Grand Prix,MAG,Kevin Magnussen,Haas F1 Team,16.0,16.0,0.0,Front wing,True,0.0
2022,5,Miami,Miami Grand Prix,VET,Sebastian Vettel,Aston Martin,0.0,17.0,0.0,Collision,True,-17.0
2022,5,Miami,Miami Grand Prix,GAS,Pierre Gasly,AlphaTauri,7.0,18.0,0.0,Suspension,True,-11.0
2022,5,Miami,Miami Grand Prix,NOR,Lando Norris,McLaren,8.0,19.0,0.0,Collision,True,-11.0
2022,5,Miami,Miami Grand Prix,ZHO,Guanyu Zhou,Alfa Romeo,17.0,20.0,0.0,Water leak,True,-3.0
2022,6,Barcelona,Spanish Grand Prix,VER,Max Verstappen,Red Bull Racing,2.0,1.0,25.0,Finished,False,1.0
2022,6,Barcelona,Spanish Grand Prix,PER,Sergio Perez,Red Bull Racing,5.0,2.0,19.0,Finished,False,3.0
2022,6,Barcelona,Spanish Grand Prix,RUS,George Russell,Mercedes,4.0,3.0,15.0,Finished,False,1.0
2022,6,Barcelona,Spanish Grand Prix,SAI,Carlos Sainz,Ferrari,3.0,4.0,12.0,Finished,False,-1.0
2022,6,Barcelona,Spanish Grand Prix,HAM,Lewis Hamilton,Mercedes,6.0,5.0,10.0,Finished,False,1.0
2022,6,Barcelona,Spanish Grand Prix,BOT,Valtteri Bottas,Alfa Romeo,7.0,6.0,8.0,Finished,False,1.0
2022,6,Barcelona,Spanish Grand Prix,OCO,Esteban Ocon,Alpine,12.0,7.0,6.0,Finished,False,5.0
2022,6,Barcelona,Spanish Grand Prix,NOR,Lando Norris,McLaren,11.0,8.0,4.0,Finished,False,3.0
2022,6,Barcelona,Spanish Grand Prix,ALO,Fernando Alonso,Alpine,20.0,9.0,2.0,+1 Lap,False,11.0
2022,6,Barcelona,Spanish Grand Prix,TSU,Yuki Tsunoda,AlphaTauri,13.0,10.0,1.0,+1 Lap,False,3.0
2022,6,Barcelona,Spanish Grand Prix,VET,Sebastian Vettel,Aston Martin,16.0,11.0,0.0,+1 Lap,False,5.0
2022,6,Barcelona,Spanish Grand Prix,RIC,Daniel Ricciardo,McLaren,9.0,12.0,0.0,+1 Lap,False,-3.0
2022,6,Barcelona,Spanish Grand Prix,GAS,Pierre Gasly,AlphaTauri,14.0,13.0,0.0,+1 Lap,False,1.0
2022,6,Barcelona,Spanish Grand Prix,MSC,Mick Schumacher,Haas F1 Team,10.0,14.0,0.0,+1 Lap,False,-4.0
2022,6,Barcelona,Spanish Grand Prix,STR,Lance Stroll,Aston Martin,17.0,15.0,0.0,+1 Lap,False,2.0
2022,6,Barcelona,Spanish Grand Prix,LAT,Nicholas Latifi,Williams,19.0,16.0,0.0,+2 Laps,False,3.0
2022,6,Barcelona,Spanish Grand Prix,MAG,Kevin Magnussen,Haas F1 Team,8.0,17.0,0.0,+2 Laps,False,-9.0
2022,6,Barcelona,Spanish Grand Prix,ALB,Alexander Albon,Williams,18.0,18.0,0.0,+2 Laps,False,0.0
2022,6,Barcelona,Spanish Grand Prix,ZHO,Guanyu Zhou,Alfa Romeo,15.0,19.0,0.0,Power loss,True,-4.0
2022,6,Barcelona,Spanish Grand Prix,LEC,Charles Leclerc,Ferrari,1.0,20.0,0.0,Turbo,True,-19.0
2022,7,Monaco,Monaco Grand Prix,PER,Sergio Perez,Red Bull Racing,3.0,1.0,25.0,Finished,False,2.0
2022,7,Monaco,Monaco Grand Prix,SAI,Carlos Sainz,Ferrari,2.0,2.0,18.0,Finished,False,0.0
2022,7,Monaco,Monaco Grand Prix,VER,Max Verstappen,Red Bull Racing,4.0,3.0,15.0,Finished,False,1.0
2022,7,Monaco,Monaco Grand Prix,LEC,Charles Leclerc,Ferrari,1.0,4.0,12.0,Finished,False,-3.0
2022,7,Monaco,Monaco Grand Prix,RUS,George Russell,Mercedes,6.0,5.0,10.0,Finished,False,1.0
2022,7,Monaco,Monaco Grand Prix,NOR,Lando Norris,McLaren,5.0,6.0,9.0,Finished,False,-1.0
2022,7,Monaco,Monaco Grand Prix,ALO,Fernando Alonso,Alpine,7.0,7.0,6.0,Finished,False,0.0
2022,7,Monaco,Monaco Grand Prix,HAM,Lewis Hamilton,Mercedes,8.0,8.0,4.0,Finished,False,0.0
2022,7,Monaco,Monaco Grand Prix,BOT,Valtteri Bottas,Alfa Romeo,12.0,9.0,2.0,Finished,False,3.0
2022,7,Monaco,Monaco Grand Prix,VET,Sebastian Vettel,Aston Martin,9.0,10.0,1.0,Finished,False,-1.0
2022,7,Monaco,Monaco Grand Prix,GAS,Pierre Gasly,AlphaTauri,17.0,11.0,0.0,Finished,False,6.0
2022,7,Monaco,Monaco Grand Prix,OCO,Esteban Ocon,Alpine,10.0,12.0,0.0,Finished,False,-2.0
2022,7,Monaco,Monaco Grand Prix,RIC,Daniel Ricciardo,McLaren,14.0,13.0,0.0,Finished,False,1.0
2022,7,Monaco,Monaco Grand Prix,STR,Lance Stroll,Aston Martin,18.0,14.0,0.0,Finished,False,4.0
2022,7,Monaco,Monaco Grand Prix,LAT,Nicholas Latifi,Williams,19.0,15.0,0.0,+1 Lap,False,4.0
2022,7,Monaco,Monaco Grand Prix,ZHO,Guanyu Zhou,Alfa Romeo,20.0,16.0,0.0,+1 Lap,False,4.0
2022,7,Monaco,Monaco Grand Prix,TSU,Yuki Tsunoda,AlphaTauri,11.0,17.0,0.0,+1 Lap,False,-6.0
2022,7,Monaco,Monaco Grand Prix,ALB,Alexander Albon,Williams,16.0,18.0,0.0,Mechanical,True,-2.0
2022,7,Monaco,Monaco Grand Prix,MSC,Mick Schumacher,Haas F1 Team,15.0,19.0,0.0,Accident,True,-4.0
2022,7,Monaco,Monaco Grand Prix,MAG,Kevin Magnussen,Haas F1 Team,13.0,20.0,0.0,Water pressure,True,-7.0
2022,8,Baku,Azerbaijan Grand Prix,VER,Max Verstappen,Red Bull Racing,3.0,1.0,25.0,Finished,False,2.0
2022,8,Baku,Azerbaijan Grand Prix,PER,Sergio Perez,Red Bull Racing,2.0,2.0,19.0,Finished,False,0.0
2022,8,Baku,Azerbaijan Grand Prix,RUS,George Russell,Mercedes,5.0,3.0,15.0,Finished,False,2.0
2022,8,Baku,Azerbaijan Grand Prix,HAM,Lewis Hamilton,Mercedes,7.0,4.0,12.0,Finished,False,3.0
2022,8,Baku,Azerbaijan Grand Prix,GAS,Pierre Gasly,AlphaTauri,6.0,5.0,10.0,Finished,False,1.0
2022,8,Baku,Azerbaijan Grand Prix,VET,Sebastian Vettel,Aston Martin,9.0,6.0,8.0,Finished,False,3.0
2022,8,Baku,Azerbaijan Grand Prix,ALO,Fernando Alonso,Alpine,10.0,7.0,6.0,Finished,False,3.0
2022,8,Baku,Azerbaijan Grand Prix,RIC,Daniel Ricciardo,McLaren,12.0,8.0,4.0,Finished,False,4.0
2022,8,Baku,Azerbaijan Grand Prix,NOR,Lando Norris,McLaren,11.0,9.0,2.0,Finished,False,2.0
2022,8,Baku,Azerbaijan Grand Prix,OCO,Esteban Ocon,Alpine,13.0,10.0,1.0,Finished,False,3.0
2022,8,Baku,Azerbaijan Grand Prix,BOT,Valtteri Bottas,Alfa Romeo,15.0,11.0,0.0,+1 Lap,False,4.0
2022,8,Baku,Azerbaijan Grand Prix,ALB,Alexander Albon,Williams,17.0,12.0,0.0,+1 Lap,False,5.0
2022,8,Baku,Azerbaijan Grand Prix,TSU,Yuki Tsunoda,AlphaTauri,8.0,13.0,0.0,+1 Lap,False,-5.0
2022,8,Baku,Azerbaijan Grand Prix,MSC,Mick Schumacher,Haas F1 Team,20.0,14.0,0.0,+1 Lap,False,6.0
2022,8,Baku,Azerbaijan Grand Prix,LAT,Nicholas Latifi,Williams,18.0,15.0,0.0,+1 Lap,False,3.0
2022,8,Baku,Azerbaijan Grand Prix,STR,Lance Stroll,Aston Martin,19.0,16.0,0.0,Vibrations,True,3.0
2022,8,Baku,Azerbaijan Grand Prix,MAG,Kevin Magnussen,Haas F1 Team,16.0,17.0,0.0,Power Unit,True,-1.0
2022,8,Baku,Azerbaijan Grand Prix,ZHO,Guanyu Zhou,Alfa Romeo,14.0,18.0,0.0,Hydraulics,True,-4.0
2022,8,Baku,Azerbaijan Grand Prix,LEC,Charles Leclerc,Ferrari,1.0,19.0,0.0,Power Unit,True,-18.0
2022,8,Baku,Azerbaijan Grand Prix,SAI,Carlos Sainz,Ferrari,4.0,20.0,0.0,Hydraulics,True,-16.0
2022,9,Montréal,Canadian Grand Prix,VER,Max Verstappen,Red Bull Racing,1.0,1.0,25.0,Finished,False,0.0
2022,9,Montréal,Canadian Grand Prix,SAI,Carlos Sainz,Ferrari,3.0,2.0,19.0,Finished,False,1.0
2022,9,Montréal,Canadian Grand Prix,HAM,Lewis Hamilton,Mercedes,4.0,3.0,15.0,Finished,False,1.0
2022,9,Montréal,Canadian Grand Prix,RUS,George Russell,Mercedes,8.0,4.0,12.0,Finished,False,4.0
2022,9,Montréal,Canadian Grand Prix,LEC,Charles Leclerc,Ferrari,19.0,5.0,10.0,Finished,False,14.0
2022,9,Montréal,Canadian Grand Prix,OCO,Esteban Ocon,Alpine,7.0,6.0,8.0,Finished,False,1.0
2022,9,Montréal,Canadian Grand Prix,BOT,Valtteri Bottas,Alfa Romeo,11.0,7.0,6.0,Finished,False,4.0
2022,9,Montréal,Canadian Grand Prix,ZHO,Guanyu Zhou,Alfa Romeo,10.0,8.0,4.0,Finished,False,2.0
2022,9,Montréal,Canadian Grand Prix,ALO,Fernando Alonso,Alpine,2.0,9.0,2.0,Finished,False,-7.0
2022,9,Montréal,Canadian Grand Prix,STR,Lance Stroll,Aston Martin,17.0,10.0,1.0,Finished,False,7.0
2022,9,Montréal,Canadian Grand Prix,RIC,Daniel Ricciardo,McLaren,9.0,11.0,0.0,Finished,False,-2.0
2022,9,Montréal,Canadian Grand Prix,VET,Sebastian Vettel,Aston Martin,16.0,12.0,0.0,Finished,False,4.0
2022,9,Montréal,Canadian Grand Prix,ALB,Alexander Albon,Williams,12.0,13.0,0.0,Finished,False,-1.0
2022,9,Montréal,Canadian Grand Prix,GAS,Pierre Gasly,AlphaTauri,15.0,14.0,0.0,Finished,False,1.0
2022,9,Montréal,Canadian Grand Prix,NOR,Lando Norris,McLaren,14.0,15.0,0.0,Finished,False,-1.0
2022,9,Montréal,Canadian Grand Prix,LAT,Nicholas Latifi,Williams,18.0,16.0,0.0,Finished,False,2.0
2022,9,Montréal,Canadian Grand Prix,MAG,Kevin Magnussen,Haas F1 Team,5.0,17.0,0.0,Finished,False,-12.0
2022,9,Montréal,Canadian Grand Prix,TSU,Yuki Tsunoda,AlphaTauri,20.0,18.0,0.0,Accident,True,2.0
2022,9,Montréal,Canadian Grand Prix,MSC,Mick Schumacher,Haas F1 Team,6.0,19.0,0.0,Engine,True,-13.0
2022,9,Montréal,Canadian Grand Prix,PER,Sergio Perez,Red Bull Racing,13.0,20.0,0.0,Gearbox,True,-7.0
2022,10,Silverstone,British Grand Prix,SAI,Carlos Sainz,Ferrari,1.0,1.0,25.0,Finished,False,0.0
2022,10,Silverstone,British Grand Prix,PER,Sergio Perez,Red Bull Racing,4.0,2.0,18.0,Finished,False,2.0
2022,10,Silverstone,British Grand Prix,HAM,Lewis Hamilton,Mercedes,5.0,3.0,16.0,Finished,False,2.0
2022,10,Silverstone,British Grand Prix,LEC,Charles Leclerc,Ferrari,3.0,4.0,12.0,Finished,False,-1.0
2022,10,Silverstone,British Grand Prix,ALO,Fernando Alonso,Alpine,7.0,5.0,10.0,Finished,False,2.0
2022,10,Silverstone,British Grand Prix,NOR,Lando Norris,McLaren,6.0,6.0,8.0,Finished,False,0.0
2022,10,Silverstone,British Grand Prix,VER,Max Verstappen,Red Bull Racing,2.0,7.0,6.0,Finished,False,-5.0
2022,10,Silverstone,British Grand Prix,MSC,Mick Schumacher,Haas F1 Team,19.0,8.0,4.0,Finished,False,11.0
2022,10,Silverstone,British Grand Prix,VET,Sebastian Vettel,Aston Martin,18.0,9.0,2.0,Finished,False,9.0
2022,10,Silverstone,British Grand Prix,MAG,Kevin Magnussen,Haas F1 Team,17.0,10.0,1.0,Finished,False,7.0
2022,10,Silverstone,British Grand Prix,STR,Lance Stroll,Aston Martin,20.0,11.0,0.0,Finished,False,9.0
2022,10,Silverstone,British Grand Prix,LAT,Nicholas Latifi,Williams,10.0,12.0,0.0,Finished,False,-2.0
2022,10,Silverstone,British Grand Prix,RIC,Daniel Ricciardo,McLaren,14.0,13.0,0.0,Finished,False,1.0
2022,10,Silverstone,British Grand Prix,TSU,Yuki Tsunoda,AlphaTauri,13.0,14.0,0.0,Finished,False,-1.0
2022,10,Silverstone,British Grand Prix,OCO,Esteban Ocon,Alpine,15.0,15.0,0.0,Fuel pump,True,0.0
2022,10,Silverstone,British Grand Prix,GAS,Pierre Gasly,AlphaTauri,11.0,16.0,0.0,Collision damage,True,-5.0
2022,10,Silverstone,British Grand Prix,BOT,Valtteri Bottas,Alfa Romeo,12.0,17.0,0.0,Gearbox,True,-5.0
2022,10,Silverstone,British Grand Prix,RUS,George Russell,Mercedes,8.0,18.0,0.0,Collision,True,-10.0
2022,10,Silverstone,British Grand Prix,ZHO,Guanyu Zhou,Alfa Romeo,9.0,19.0,0.0,Collision,True,-10.0
2022,10,Silverstone,British Grand Prix,ALB,Alexander Albon,Williams,16.0,20.0,0.0,Collision,True,-4.0
2022,11,Spielberg,Austrian Grand Prix,LEC,Charles Leclerc,Ferrari,2.0,1.0,25.0,Finished,False,1.0
2022,11,Spielberg,Austrian Grand Prix,VER,Max Verstappen,Red Bull Racing,1.0,2.0,19.0,Finished,False,-1.0
2022,11,Spielberg,Austrian Grand Prix,HAM,Lewis Hamilton,Mercedes,8.0,3.0,15.0,Finished,False,5.0
2022,11,Spielberg,Austrian Grand Prix,RUS,George Russell,Mercedes,4.0,4.0,12.0,Finished,False,0.0
2022,11,Spielberg,Austrian Grand Prix,OCO,Esteban Ocon,Alpine,6.0,5.0,10.0,Finished,False,1.0
2022,11,Spielberg,Austrian Grand Prix,MSC,Mick Schumacher,Haas F1 Team,9.0,6.0,8.0,+1 Lap,False,3.0
2022,11,Spielberg,Austrian Grand Prix,NOR,Lando Norris,McLaren,10.0,7.0,6.0,+1 Lap,False,3.0
2022,11,Spielberg,Austrian Grand Prix,MAG,Kevin Magnussen,Haas F1 Team,7.0,8.0,4.0,+1 Lap,False,-1.0
2022,11,Spielberg,Austrian Grand Prix,RIC,Daniel Ricciardo,McLaren,11.0,9.0,2.0,+1 Lap,False,2.0
2022,11,Spielberg,Austrian Grand Prix,ALO,Fernando Alonso,Alpine,19.0,10.0,1.0,+1 Lap,False,9.0
2022,11,Spielberg,Austrian Grand Prix,BOT,Valtteri Bottas,Alfa Romeo,0.0,11.0,0.0,+1 Lap,False,-11.0
2022,11,Spielberg,Austrian Grand Prix,ALB,Alexander Albon,Williams,15.0,12.0,0.0,+1 Lap,False,3.0
2022,11,Spielberg,Austrian Grand Prix,STR,Lance Stroll,Aston Martin,12.0,13.0,0.0,+1 Lap,False,-1.0
2022,11,Spielberg,Austrian Grand Prix,ZHO,Guanyu Zhou,Alfa Romeo,13.0,14.0,0.0,+1 Lap,False,-1.0
2022,11,Spielberg,Austrian Grand Prix,GAS,Pierre Gasly,AlphaTauri,14.0,15.0,0.0,+1 Lap,False,-1.0
2022,11,Spielberg,Austrian Grand Prix,TSU,Yuki Tsunoda,AlphaTauri,16.0,16.0,0.0,+1 Lap,False,0.0
2022,11,Spielberg,Austrian Grand Prix,VET,Sebastian Vettel,Aston Martin,18.0,17.0,0.0,+1 Lap,False,1.0
2022,11,Spielberg,Austrian Grand Prix,SAI,Carlos Sainz,Ferrari,3.0,18.0,0.0,Power Unit,True,-15.0
2022,11,Spielberg,Austrian Grand Prix,LAT,Nicholas Latifi,Williams,17.0,19.0,0.0,Undertray,True,-2.0
2022,11,Spielberg,Austrian Grand Prix,PER,Sergio Perez,Red Bull Racing,5.0,20.0,0.0,Collision damage,True,-15.0
2022,12,Le Castellet,French Grand Prix,VER,Max Verstappen,Red Bull Racing,2.0,1.0,25.0,Finished,False,1.0
2022,12,Le Castellet,French Grand Prix,HAM,Lewis Hamilton,Mercedes,4.0,2.0,18.0,Finished,False,2.0
2022,12,Le Castellet,French Grand Prix,RUS,George Russell,Mercedes,6.0,3.0,15.0,Finished,False,3.0
2022,12,Le Castellet,French Grand Prix,PER,Sergio Perez,Red Bull Racing,3.0,4.0,12.0,Finished,False,-1.0
2022,12,Le Castellet,French Grand Prix,SAI,Carlos Sainz,Ferrari,19.0,5.0,11.0,Finished,False,14.0
2022,12,Le Castellet,French Grand Prix,ALO,Fernando Alonso,Alpine,7.0,6.0,8.0,Finished,False,1.0
2022,12,Le Castellet,French Grand Prix,NOR,Lando Norris,McLaren,5.0,7.0,6.0,Finished,False,-2.0
2022,12,Le Castellet,French Grand Prix,OCO,Esteban Ocon,Alpine,10.0,8.0,4.0,Finished,False,2.0
2022,12,Le Castellet,French Grand Prix,RIC,Daniel Ricciardo,McLaren,9.0,9.0,2.0,Finished,False,0.0
2022,12,Le Castellet,French Grand Prix,STR,Lance Stroll,Aston Martin,15.0,10.0,1.0,Finished,False,5.0
2022,12,Le Castellet,French Grand Prix,VET,Sebastian Vettel,Aston Martin,12.0,11.0,0.0,Finished,False,1.0
2022,12,Le Castellet,French Grand Prix,GAS,Pierre Gasly,AlphaTauri,14.0,12.0,0.0,Finished,False,2.0
2022,12,Le Castellet,French Grand Prix,ALB,Alexander Albon,Williams,13.0,13.0,0.0,Finished,False,0.0
2022,12,Le Castellet,French Grand Prix,BOT,Valtteri Bottas,Alfa Romeo,11.0,14.0,0.0,Finished,False,-3.0
2022,12,Le Castellet,French Grand Prix,MSC,Mick Schumacher,Haas F1 Team,17.0,15.0,0.0,Finished,False,2.0
2022,12,Le Castellet,French Grand Prix,ZHO,Guanyu Zhou,Alfa Romeo,16.0,16.0,0.0,+6 Laps,False,0.0
2022,12,Le Castellet,French Grand Prix,LAT,Nicholas Latifi,Williams,18.0,17.0,0.0,Collision damage,True,1.0
2022,12,Le Castellet,French Grand Prix,MAG,Kevin Magnussen,Haas F1 Team,20.0,18.0,0.0,Collision damage,True,2.0
2022,12,Le Castellet,French Grand Prix,LEC,Charles Leclerc,Ferrari,1.0,19.0,0.0,Accident,True,-18.0
2022,12,Le Castellet,French Grand Prix,TSU,Yuki Tsunoda,AlphaTauri,8.0,20.0,0.0,Undertray,True,-12.0
2022,13,Budapest,Hungarian Grand Prix,VER,Max Verstappen,Red Bull Racing,10.0,1.0,25.0,Finished,False,9.0
2022,13,Budapest,Hungarian Grand Prix,HAM,Lewis Hamilton,Mercedes,7.0,2.0,19.0,Finished,False,5.0
2022,13,Budapest,Hungarian Grand Prix,RUS,George Russell,Mercedes,1.0,3.0,15.0,Finished,False,-2.0
2022,13,Budapest,Hungarian Grand Prix,SAI,Carlos Sainz,Ferrari,2.0,4.0,12.0,Finished,False,-2.0
2022,13,Budapest,Hungarian Grand Prix,PER,Sergio Perez,Red Bull Racing,11.0,5.0,10.0,Finished,False,6.0
2022,13,Budapest,Hungarian Grand Prix,LEC,Charles Leclerc,Ferrari,3.0,6.0,8.0,Finished,False,-3.0
2022,13,Budapest,Hungarian Grand Prix,NOR,Lando Norris,McLaren,4.0,7.0,6.0,Finished,False,-3.0
2022,13,Budapest,Hungarian Grand Prix,ALO,Fernando Alonso,Alpine,6.0,8.0,4.0,+1 Lap,False,-2.0
2022,13,Budapest,Hungarian Grand Prix,OCO,Esteban Ocon,Alpine,5.0,9.0,2.0,+1 Lap,False,-4.0
2022,13,Budapest,Hungarian Grand Prix,VET,Sebastian Vettel,Aston Martin,18.0,10.0,1.0,+1 Lap,False,8.0
2022,13,Budapest,Hungarian Grand Prix,STR,Lance Stroll,Aston Martin,14.0,11.0,0.0,+1 Lap,False,3.0
2022,13,Budapest,Hungarian Grand Prix,GAS,Pierre Gasly,AlphaTauri,0.0,12.0,0.0,+1 Lap,False,-12.0
2022,13,Budapest,Hungarian Grand Prix,ZHO,Guanyu Zhou,Alfa Romeo,12.0,13.0,0.0,+1 Lap,False,-1.0
2022,13,Budapest,Hungarian Grand Prix,MSC,Mick Schumacher,Haas F1 Team,15.0,14.0,0.0,+1 Lap,False,1.0
2022,13,Budapest,Hungarian Grand Prix,RIC,Daniel Ricciardo,McLaren,9.0,15.0,0.0,+1 Lap,False,-6.0
2022,13,Budapest,Hungarian Grand Prix,MAG,Kevin Magnussen,Haas F1 Team,13.0,16.0,0.0,+1 Lap,False,-3.0
2022,13,Budapest,Hungarian Grand Prix,ALB,Alexander Albon,Williams,17.0,17.0,0.0,+1 Lap,False,0.0
2022,13,Budapest,Hungarian Grand Prix,LAT,Nicholas Latifi,Williams,19.0,18.0,0.0,+1 Lap,False,1.0
2022,13,Budapest,Hungarian Grand Prix,TSU,Yuki Tsunoda,AlphaTauri,16.0,19.0,0.0,+2 Laps,False,-3.0
2022,13,Budapest,Hungarian Grand Prix,BOT,Valtteri Bottas,Alfa Romeo,8.0,20.0,0.0,Power Unit,True,-12.0
2022,14,Spa-Francorchamps,Belgian Grand Prix,VER,Max Verstappen,Red Bull Racing,14.0,1.0,26.0,Finished,False,13.0
2022,14,Spa-Francorchamps,Belgian Grand Prix,PER,Sergio Perez,Red Bull Racing,2.0,2.0,18.0,Finished,False,0.0
2022,14,Spa-Francorchamps,Belgian Grand Prix,SAI,Carlos Sainz,Ferrari,1.0,3.0,15.0,Finished,False,-2.0
2022,14,Spa-Francorchamps,Belgian Grand Prix,RUS,George Russell,Mercedes,5.0,4.0,12.0,Finished,False,1.0
2022,14,Spa-Francorchamps,Belgian Grand Prix,ALO,Fernando Alonso,Alpine,3.0,5.0,10.0,Finished,False,-2.0
2022,14,Spa-Francorchamps,Belgian Grand Prix,LEC,Charles Leclerc,Ferrari,15.0,6.0,8.0,Finished,False,9.0
2022,14,Spa-Francorchamps,Belgian Grand Prix,OCO,Esteban Ocon,Alpine,16.0,7.0,6.0,Finished,False,9.0
2022,14,Spa-Francorchamps,Belgian Grand Prix,VET,Sebastian Vettel,Aston Martin,10.0,8.0,4.0,Finished,False,2.0
2022,14,Spa-Francorchamps,Belgian Grand Prix,GAS,Pierre Gasly,AlphaTauri,0.0,9.0,2.0,Finished,False,-9.0
2022,14,Spa-Francorchamps,Belgian Grand Prix,ALB,Alexander Albon,Williams,6.0,10.0,1.0,Finished,False,-4.0
2022,14,Spa-Francorchamps,Belgian Grand Prix,STR,Lance Stroll,Aston Martin,9.0,11.0,0.0,Finished,False,-2.0
2022,14,Spa-Francorchamps,Belgian Grand Prix,NOR,Lando Norris,McLaren,17.0,12.0,0.0,Finished,False,5.0
2022,14,Spa-Francorchamps,Belgian Grand Prix,TSU,Yuki Tsunoda,AlphaTauri,0.0,13.0,0.0,Finished,False,-13.0
2022,14,Spa-Francorchamps,Belgian Grand Prix,ZHO,Guanyu Zhou,Alfa Romeo,18.0,14.0,0.0,Finished,False,4.0
2022,14,Spa-Francorchamps,Belgian Grand Prix,RIC,Daniel Ricciardo,McLaren,7.0,15.0,0.0,Finished,False,-8.0
2022,14,Spa-Francorchamps,Belgian Grand Prix,MAG,Kevin Magnussen,Haas F1 Team,12.0,16.0,0.0,+1 Lap,False,-4.0
2022,14,Spa-Francorchamps,Belgian Grand Prix,MSC,Mick Schumacher,Haas F1 Team,19.0,17.0,0.0,+1 Lap,False,2.0
2022,14,Spa-Francorchamps,Belgian Grand Prix,LAT,Nicholas Latifi,Williams,11.0,18.0,0.0,+1 Lap,False,-7.0
2022,14,Spa-Francorchamps,Belgian Grand Prix,BOT,Valtteri Bottas,Alfa Romeo,13.0,19.0,0.0,Accident,True,-6.0
2022,14,Spa-Francorchamps,Belgian Grand Prix,HAM,Lewis Hamilton,Mercedes,4.0,20.0,0.0,Collision damage,True,-16.0
2022,15,Zandvoort,Dutch Grand Prix,VER,Max Verstappen,Red Bull Racing,1.0,1.0,26.0,Finished,False,0.0
2022,15,Zandvoort,Dutch Grand Prix,RUS,George Russell,Mercedes,6.0,2.0,18.0,Finished,False,4.0
2022,15,Zandvoort,Dutch Grand Prix,LEC,Charles Leclerc,Ferrari,2.0,3.0,15.0,Finished,False,-1.0
2022,15,Zandvoort,Dutch Grand Prix,HAM,Lewis Hamilton,Mercedes,4.0,4.0,12.0,Finished,False,0.0
2022,15,Zandvoort,Dutch Grand Prix,PER,Sergio Perez,Red Bull Racing,5.0,5.0,10.0,Finished,False,0.0
2022,15,Zandvoort,Dutch Grand Prix,ALO,Fernando Alonso,Alpine,13.0,6.0,8.0,Finished,False,7.0
2022,15,Zandvoort,Dutch Grand Prix,NOR,Lando Norris,McLaren,7.0,7.0,6.0,Finished,False,0.0
2022,15,Zandvoort,Dutch Grand Prix,SAI,Carlos Sainz,Ferrari,3.0,8.0,4.0,Finished,False,-5.0
2022,15,Zandvoort,Dutch Grand Prix,OCO,Esteban Ocon,Alpine,12.0,9.0,2.0,Finished,False,3.0
2022,15,Zandvoort,Dutch Grand Prix,STR,Lance Stroll,Aston Martin,10.0,10.0,1.0,Finished,False,0.0
2022,15,Zandvoort,Dutch Grand Prix,GAS,Pierre Gasly,AlphaTauri,11.0,11.0,0.0,Finished,False,0.0
2022,15,Zandvoort,Dutch Grand Prix,ALB,Alexander Albon,Williams,15.0,12.0,0.0,Finished,False,3.0
2022,15,Zandvoort,Dutch Grand Prix,MSC,Mick Schumacher,Haas F1 Team,8.0,13.0,0.0,Finished,False,-5.0
2022,15,Zandvoort,Dutch Grand Prix,VET,Sebastian Vettel,Aston Martin,19.0,14.0,0.0,Finished,False,5.0
2022,15,Zandvoort,Dutch Grand Prix,MAG,Kevin Magnussen,Haas F1 Team,18.0,15.0,0.0,Finished,False,3.0
2022,15,Zandvoort,Dutch Grand Prix,ZHO,Guanyu Zhou,Alfa Romeo,14.0,16.0,0.0,Finished,False,-2.0
2022,15,Zandvoort,Dutch Grand Prix,RIC,Daniel Ricciardo,McLaren,17.0,17.0,0.0,Finished,False,0.0
2022,15,Zandvoort,Dutch Grand Prix,LAT,Nicholas Latifi,Williams,20.0,18.0,0.0,+1 Lap,False,2.0
2022,15,Zandvoort,Dutch Grand Prix,BOT,Valtteri Bottas,Alfa Romeo,16.0,19.0,0.0,Engine,True,-3.0
2022,15,Zandvoort,Dutch Grand Prix,TSU,Yuki Tsunoda,AlphaTauri,9.0,20.0,0.0,Differential,True,-11.0
2022,16,Monza,Italian Grand Prix,VER,Max Verstappen,Red Bull Racing,7.0,1.0,25.0,Finished,False,6.0
2022,16,Monza,Italian Grand Prix,LEC,Charles Leclerc,Ferrari,1.0,2.0,18.0,Finished,False,-1.0
2022,16,Monza,Italian Grand Prix,RUS,George Russell,Mercedes,2.0,3.0,15.0,Finished,False,-1.0
2022,16,Monza,Italian Grand Prix,SAI,Carlos Sainz,Ferrari,18.0,4.0,12.0,Finished,False,14.0
2022,16,Monza,Italian Grand Prix,HAM,Lewis Hamilton,Mercedes,19.0,5.0,10.0,Finished,False,14.0
2022,16,Monza,Italian Grand Prix,PER,Sergio Perez,Red Bull Racing,13.0,6.0,9.0,Finished,False,7.0
2022,16,Monza,Italian Grand Prix,NOR,Lando Norris,McLaren,3.0,7.0,6.0,Finished,False,-4.0
2022,16,Monza,Italian Grand Prix,GAS,Pierre Gasly,AlphaTauri,5.0,8.0,4.0,Finished,False,-3.0
2022,16,Monza,Italian Grand Prix,DEV,Nyck De Vries,Williams,8.0,9.0,2.0,Finished,False,-1.0
2022,16,Monza,Italian Grand Prix,ZHO,Guanyu Zhou,Alfa Romeo,9.0,10.0,1.0,Finished,False,-1.0
2022,16,Monza,Italian Grand Prix,OCO,Esteban Ocon,Alpine,14.0,11.0,0.0,Finished,False,3.0
2022,16,Monza,Italian Grand Prix,MSC,Mick Schumacher,Haas F1 Team,17.0,12.0,0.0,Finished,False,5.0
2022,16,Monza,Italian Grand Prix,BOT,Valtteri Bottas,Alfa Romeo,15.0,13.0,0.0,+1 Lap,False,2.0
2022,16,Monza,Italian Grand Prix,TSU,Yuki Tsunoda,AlphaTauri,20.0,14.0,0.0,+1 Lap,False,6.0
2022,16,Monza,Italian Grand Prix,LAT,Nicholas Latifi,Williams,10.0,15.0,0.0,+1 Lap,False,-5.0
2022,16,Monza,Italian Grand Prix,MAG,Kevin Magnussen,Haas F1 Team,16.0,16.0,0.0,+1 Lap,False,0.0
2022,16,Monza,Italian Grand Prix,RIC,Daniel Ricciardo,McLaren,4.0,17.0,0.0,Oil leak,True,-13.0
2022,16,Monza,Italian Grand Prix,STR,Lance Stroll,Aston Martin,12.0,18.0,0.0,Engine,True,-6.0
2022,16,Monza,Italian Grand Prix,ALO,Fernando Alonso,Alpine,6.0,19.0,0.0,Water pressure,True,-13.0
2022,16,Monza,Italian Grand Prix,VET,Sebastian Vettel,Aston Martin,11.0,20.0,0.0,Engine,True,-9.0
2022,17,Marina Bay,Singapore Grand Prix,PER,Sergio Perez,Red Bull Racing,2.0,1.0,25.0,Finished,False,1.0
2022,17,Marina Bay,Singapore Grand Prix,LEC,Charles Leclerc,Ferrari,1.0,2.0,18.0,Finished,False,-1.0
2022,17,Marina Bay,Singapore Grand Prix,SAI,Carlos Sainz,Ferrari,4.0,3.0,15.0,Finished,False,1.0
2022,17,Marina Bay,Singapore Grand Prix,NOR,Lando Norris,McLaren,6.0,4.0,12.0,Finished,False,2.0
2022,17,Marina Bay,Singapore Grand Prix,RIC,Daniel Ricciardo,McLaren,16.0,5.0,10.0,Finished,False,11.0
2022,17,Marina Bay,Singapore Grand Prix,STR,Lance Stroll,Aston Martin,11.0,6.0,8.0,Finished,False,5.0
2022,17,Marina Bay,Singapore Grand Prix,VER,Max Verstappen,Red Bull Racing,8.0,7.0,6.0,Finished,False,1.0
2022,17,Marina Bay,Singapore Grand Prix,VET,Sebastian Vettel,Aston Martin,13.0,8.0,4.0,Finished,False,5.0
2022,17,Marina Bay,Singapore Grand Prix,HAM,Lewis Hamilton,Mercedes,3.0,9.0,2.0,Finished,False,-6.0
2022,17,Marina Bay,Singapore Grand Prix,GAS,Pierre Gasly,AlphaTauri,7.0,10.0,1.0,Finished,False,-3.0
2022,17,Marina Bay,Singapore Grand Prix,BOT,Valtteri Bottas,Alfa Romeo,15.0,11.0,0.0,Finished,False,4.0
2022,17,Marina Bay,Singapore Grand Prix,MAG,Kevin Magnussen,Haas F1 Team,9.0,12.0,0.0,Finished,False,-3.0
2022,17,Marina Bay,Singapore Grand Prix,MSC,Mick Schumacher,Haas F1 Team,12.0,13.0,0.0,+1 Lap,False,-1.0
2022,17,Marina Bay,Singapore Grand Prix,RUS,George Russell,Mercedes,0.0,14.0,0.0,+2 Laps,False,-14.0
2022,17,Marina Bay,Singapore Grand Prix,TSU,Yuki Tsunoda,AlphaTauri,10.0,15.0,0.0,Accident,True,-5.0
2022,17,Marina Bay,Singapore Grand Prix,OCO,Esteban Ocon,Alpine,17.0,16.0,0.0,Engine,True,1.0
2022,17,Marina Bay,Singapore Grand Prix,ALB,Alexander Albon,Williams,18.0,17.0,0.0,Collision damage,True,1.0
2022,17,Marina Bay,Singapore Grand Prix,ALO,Fernando Alonso,Alpine,5.0,18.0,0.0,Engine,True,-13.0
2022,17,Marina Bay,Singapore Grand Prix,LAT,Nicholas Latifi,Williams,19.0,19.0,0.0,Collision damage,True,0.0
2022,17,Marina Bay,Singapore Grand Prix,ZHO,Guanyu Zhou,Alfa Romeo,14.0,20.0,0.0,Collision,True,-6.0
2022,18,Suzuka,Japanese Grand Prix,VER,Max Verstappen,Red Bull Racing,1.0,1.0,25.0,Finished,False,0.0
2022,18,Suzuka,Japanese Grand Prix,PER,Sergio Perez,Red Bull Racing,4.0,2.0,18.0,Finished,False,2.0
2022,18,Suzuka,Japanese Grand Prix,LEC,Charles Leclerc,Ferrari,2.0,3.0,15.0,Finished,False,-1.0
2022,18,Suzuka,Japanese Grand Prix,OCO,Esteban Ocon,Alpine,5.0,4.0,12.0,Finished,False,1.0
2022,18,Suzuka,Japanese Grand Prix,HAM,Lewis Hamilton,Mercedes,6.0,5.0,10.0,Finished,False,1.0
2022,18,Suzuka,Japanese Grand Prix,VET,Sebastian Vettel,Aston Martin,9.0,6.0,8.0,Finished,False,3.0
2022,18,Suzuka,Japanese Grand Prix,ALO,Fernando Alonso,Alpine,7.0,7.0,6.0,Finished,False,0.0
2022,18,Suzuka,Japanese Grand Prix,RUS,George Russell,Mercedes,8.0,8.0,4.0,Finished,False,0.0
2022,18,Suzuka,Japanese Grand Prix,LAT,Nicholas Latifi,Williams,20.0,9.0,2.0,Finished,False,11.0
2022,18,Suzuka,Japanese Grand Prix,NOR,Lando Norris,McLaren,10.0,10.0,1.0,Finished,False,0.0
2022,18,Suzuka,Japanese Grand Prix,RIC,Daniel Ricciardo,McLaren,11.0,11.0,0.0,Finished,False,0.0
2022,18,Suzuka,Japanese Grand Prix,STR,Lance Stroll,Aston Martin,19.0,12.0,0.0,Finished,False,7.0
2022,18,Suzuka,Japanese Grand Prix,TSU,Yuki Tsunoda,AlphaTauri,13.0,13.0,0.0,Finished,False,0.0
2022,18,Suzuka,Japanese Grand Prix,MAG,Kevin Magnussen,Haas F1 Team,18.0,14.0,0.0,Finished,False,4.0
2022,18,Suzuka,Japanese Grand Prix,BOT,Valtteri Bottas,Alfa Romeo,12.0,15.0,0.0,Finished,False,-3.0
2022,18,Suzuka,Japanese Grand Prix,ZHO,Guanyu Zhou,Alfa Romeo,14.0,16.0,0.0,Finished,False,-2.0
2022,18,Suzuka,Japanese Grand Prix,MSC,Mick Schumacher,Haas F1 Team,15.0,17.0,0.0,Finished,False,-2.0
2022,18,Suzuka,Japanese Grand Prix,GAS,Pierre Gasly,AlphaTauri,17.0,18.0,0.0,Finished,False,-1.0
2022,18,Suzuka,Japanese Grand Prix,SAI,Carlos Sainz,Ferrari,3.0,19.0,0.0,Accident,True,-16.0
2022,18,Suzuka,Japanese Grand Prix,ALB,Alexander Albon,Williams,16.0,20.0,0.0,Hydraulics,True,-4.0
2022,19,Austin,United States Grand Prix,VER,Max Verstappen,Red Bull Racing,2.0,1.0,25.0,Finished,False,1.0
2022,19,Austin,United States Grand Prix,HAM,Lewis Hamilton,Mercedes,3.0,2.0,18.0,Finished,False,1.0
2022,19,Austin,United States Grand Prix,LEC,Charles Leclerc,Ferrari,12.0,3.0,15.0,Finished,False,9.0
2022,19,Austin,United States Grand Prix,PER,Sergio Perez,Red Bull Racing,9.0,4.0,12.0,Finished,False,5.0
2022,19,Austin,United States Grand Prix,RUS,George Russell,Mercedes,4.0,5.0,11.0,Finished,False,-1.0
2022,19,Austin,United States Grand Prix,NOR,Lando Norris,McLaren,6.0,6.0,8.0,Finished,False,0.0
2022,19,Austin,United States Grand Prix,ALO,Fernando Alonso,Alpine,14.0,7.0,6.0,Finished,False,7.0
2022,19,Austin,United States Grand Prix,VET,Sebastian Vettel,Aston Martin,10.0,8.0,4.0,Finished,False,2.0
2022,19,Austin,United States Grand Prix,MAG,Kevin Magnussen,Haas F1 Team,13.0,9.0,2.0,Finished,False,4.0
2022,19,Austin,United States Grand Prix,TSU,Yuki Tsunoda,AlphaTauri,19.0,10.0,1.0,Finished,False,9.0
2022,19,Austin,United States Grand Prix,OCO,Esteban Ocon,Alpine,0.0,11.0,0.0,Finished,False,-11.0
2022,19,Austin,United States Grand Prix,ZHO,Guanyu Zhou,Alfa Romeo,18.0,12.0,0.0,Finished,False,6.0
2022,19,Austin,United States Grand Prix,ALB,Alexander Albon,Williams,8.0,13.0,0.0,Finished,False,-5.0
2022,19,Austin,United States Grand Prix,GAS,Pierre Gasly,AlphaTauri,11.0,14.0,0.0,Finished,False,-3.0
2022,19,Austin,United States Grand Prix,MSC,Mick Schumacher,Haas F1 Team,16.0,15.0,0.0,Finished,False,1.0
2022,19,Austin,United States Grand Prix,RIC,Daniel Ricciardo,McLaren,15.0,16.0,0.0,Finished,False,-1.0
2022,19,Austin,United States Grand Prix,LAT,Nicholas Latifi,Williams,17.0,17.0,0.0,Finished,False,0.0
2022,19,Austin,United States Grand Prix,STR,Lance Stroll,Aston Martin,5.0,18.0,0.0,Collision,True,-13.0
2022,19,Austin,United States Grand Prix,BOT,Valtteri Bottas,Alfa Romeo,7.0,19.0,0.0,Spun off,True,-12.0
2022,19,Austin,United States Grand Prix,SAI,Carlos Sainz,Ferrari,1.0,20.0,0.0,Collision damage,True,-19.0
2022,20,Mexico City,Mexico City Grand Prix,VER,Max Verstappen,Red Bull Racing,1.0,1.0,25.0,Finished,False,0.0
2022,20,Mexico City,Mexico City Grand Prix,HAM,Lewis Hamilton,Mercedes,3.0,2.0,18.0,Finished,False,1.0
2022,20,Mexico City,Mexico City Grand Prix,PER,Sergio Perez,Red Bull Racing,4.0,3.0,15.0,Finished,False,1.0
2022,20,Mexico City,Mexico City Grand Prix,RUS,George Russell,Mercedes,2.0,4.0,13.0,Finished,False,-2.0
2022,20,Mexico City,Mexico City Grand Prix,SAI,Carlos Sainz,Ferrari,5.0,5.0,10.0,Finished,False,0.0
2022,20,Mexico City,Mexico City Grand Prix,LEC,Charles Leclerc,Ferrari,7.0,6.0,8.0,Finished,False,1.0
2022,20,Mexico City,Mexico City Grand Prix,RIC,Daniel Ricciardo,McLaren,11.0,7.0,6.0,+1 Lap,False,4.0
2022,20,Mexico City,Mexico City Grand Prix,OCO,Esteban Ocon,Alpine,10.0,8.0,4.0,+1 Lap,False,2.0
2022,20,Mexico City,Mexico City Grand Prix,NOR,Lando Norris,McLaren,8.0,9.0,2.0,+1 Lap,False,-1.0
2022,20,Mexico City,Mexico City Grand Prix,BOT,Valtteri Bottas,Alfa Romeo,6.0,10.0,1.0,+1 Lap,False,-4.0
2022,20,Mexico City,Mexico City Grand Prix,GAS,Pierre Gasly,AlphaTauri,14.0,11.0,0.0,+1 Lap,False,3.0
2022,20,Mexico City,Mexico City Grand Prix,ALB,Alexander Albon,Williams,17.0,12.0,0.0,+1 Lap,False,5.0
2022,20,Mexico City,Mexico City Grand Prix,ZHO,Guanyu Zhou,Alfa Romeo,12.0,13.0,0.0,+1 Lap,False,-1.0
2022,20,Mexico City,Mexico City Grand Prix,VET,Sebastian Vettel,Aston Martin,16.0,14.0,0.0,+1 Lap,False,2.0
2022,20,Mexico City,Mexico City Grand Prix,STR,Lance Stroll,Aston Martin,20.0,15.0,0.0,+1 Lap,False,5.0
2022,20,Mexico City,Mexico City Grand Prix,MSC,Mick Schumacher,Haas F1 Team,15.0,16.0,0.0,+1 Lap,False,-1.0
2022,20,Mexico City,Mexico City Grand Prix,MAG,Kevin Magnussen,Haas F1 Team,19.0,17.0,0.0,+1 Lap,False,2.0
2022,20,Mexico City,Mexico City Grand Prix,LAT,Nicholas Latifi,Williams,18.0,18.0,0.0,+2 Laps,False,0.0
2022,20,Mexico City,Mexico City Grand Prix,ALO,Fernando Alonso,Alpine,9.0,19.0,0.0,Engine,True,-10.0
2022,20,Mexico City,Mexico City Grand Prix,TSU,Yuki Tsunoda,AlphaTauri,13.0,20.0,0.0,Collision damage,True,-7.0
2022,21,São Paulo,São Paulo Grand Prix,RUS,George Russell,Mercedes,1.0,1.0,26.0,Finished,False,0.0
2022,21,São Paulo,São Paulo Grand Prix,HAM,Lewis Hamilton,Mercedes,2.0,2.0,18.0,Finished,False,0.0
2022,21,São Paulo,São Paulo Grand Prix,SAI,Carlos Sainz,Ferrari,7.0,3.0,15.0,Finished,False,4.0
2022,21,São Paulo,São Paulo Grand Prix,LEC,Charles Leclerc,Ferrari,5.0,4.0,12.0,Finished,False,1.0
2022,21,São Paulo,São Paulo Grand Prix,ALO,Fernando Alonso,Alpine,17.0,5.0,10.0,Finished,False,12.0
2022,21,São Paulo,São Paulo Grand Prix,VER,Max Verstappen,Red Bull Racing,3.0,6.0,8.0,Finished,False,-3.0
2022,21,São Paulo,São Paulo Grand Prix,PER,Sergio Perez,Red Bull Racing,4.0,7.0,6.0,Finished,False,-3.0
2022,21,São Paulo,São Paulo Grand Prix,OCO,Esteban Ocon,Alpine,16.0,8.0,4.0,Finished,False,8.0
2022,21,São Paulo,São Paulo Grand Prix,BOT,Valtteri Bottas,Alfa Romeo,14.0,9.0,2.0,Finished,False,5.0
2022,21,São Paulo,São Paulo Grand Prix,STR,Lance Stroll,Aston Martin,15.0,10.0,1.0,Finished,False,5.0
2022,21,São Paulo,São Paulo Grand Prix,VET,Sebastian Vettel,Aston Martin,9.0,11.0,0.0,Finished,False,-2.0
2022,21,São Paulo,São Paulo Grand Prix,ZHO,Guanyu Zhou,Alfa Romeo,13.0,12.0,0.0,Finished,False,1.0
2022,21,São Paulo,São Paulo Grand Prix,MSC,Mick Schumacher,Haas F1 Team,12.0,13.0,0.0,Finished,False,-1.0
2022,21,São Paulo,São Paulo Grand Prix,GAS,Pierre Gasly,AlphaTauri,10.0,14.0,0.0,Finished,False,-4.0
2022,21,São Paulo,São Paulo Grand Prix,ALB,Alexander Albon,Williams,19.0,15.0,0.0,Finished,False,4.0
2022,21,São Paulo,São Paulo Grand Prix,LAT,Nicholas Latifi,Williams,18.0,16.0,0.0,Finished,False,2.0
2022,21,São Paulo,São Paulo Grand Prix,TSU,Yuki Tsunoda,AlphaTauri,0.0,17.0,0.0,+1 Lap,False,-17.0
2022,21,São Paulo,São Paulo Grand Prix,NOR,Lando Norris,McLaren,6.0,18.0,0.0,Gearbox,True,-12.0
2022,21,São Paulo,São Paulo Grand Prix,MAG,Kevin Magnussen,Haas F1 Team,8.0,19.0,0.0,Collision,True,-11.0
2022,21,São Paulo,São Paulo Grand Prix,RIC,Daniel Ricciardo,McLaren,11.0,20.0,0.0,Collision,True,-9.0
2022,22,Yas Island,Abu Dhabi Grand Prix,VER,Max Verstappen,Red Bull Racing,1.0,1.0,25.0,Finished,False,0.0
2022,22,Yas Island,Abu Dhabi Grand Prix,LEC,Charles Leclerc,Ferrari,3.0,2.0,18.0,Finished,False,1.0
2022,22,Yas Island,Abu Dhabi Grand Prix,PER,Sergio Perez,Red Bull Racing,2.0,3.0,15.0,Finished,False,-1.0
2022,22,Yas Island,Abu Dhabi Grand Prix,SAI,Carlos Sainz,Ferrari,4.0,4.0,12.0,Finished,False,0.0
2022,22,Yas Island,Abu Dhabi Grand Prix,RUS,George Russell,Mercedes,6.0,5.0,10.0,Finished,False,1.0
2022,22,Yas Island,Abu Dhabi Grand Prix,NOR,Lando Norris,McLaren,7.0,6.0,9.0,Finished,False,1.0
2022,22,Yas Island,Abu Dhabi Grand Prix,OCO,Esteban Ocon,Alpine,8.0,7.0,6.0,Finished,False,1.0
2022,22,Yas Island,Abu Dhabi Grand Prix,STR,Lance Stroll,Aston Martin,14.0,8.0,4.0,Finished,False,6.0
2022,22,Yas Island,Abu Dhabi Grand Prix,RIC,Daniel Ricciardo,McLaren,13.0,9.0,2.0,Finished,False,4.0
2022,22,Yas Island,Abu Dhabi Grand Prix,VET,Sebastian Vettel,Aston Martin,9.0,10.0,1.0,Finished,False,-1.0
2022,22,Yas Island,Abu Dhabi Grand Prix,TSU,Yuki Tsunoda,AlphaTauri,11.0,11.0,0.0,Finished,False,0.0
2022,22,Yas Island,Abu Dhabi Grand Prix,ZHO,Guanyu Zhou,Alfa Romeo,15.0,12.0,0.0,+1 Lap,False,3.0
2022,22,Yas Island,Abu Dhabi Grand Prix,ALB,Alexander Albon,Williams,19.0,13.0,0.0,+1 Lap,False,6.0
2022,22,Yas Island,Abu Dhabi Grand Prix,GAS,Pierre Gasly,AlphaTauri,17.0,14.0,0.0,+1 Lap,False,3.0
2022,22,Yas Island,Abu Dhabi Grand Prix,BOT,Valtteri Bottas,Alfa Romeo,18.0,15.0,0.0,+1 Lap,False,3.0
2022,22,Yas Island,Abu Dhabi Grand Prix,MSC,Mick Schumacher,Haas F1 Team,12.0,16.0,0.0,+1 Lap,False,-4.0
2022,22,Yas Island,Abu Dhabi Grand Prix,MAG,Kevin Magnussen,Haas F1 Team,16.0,17.0,0.0,+1 Lap,False,-1.0
2022,22,Yas Island,Abu Dhabi Grand Prix,HAM,Lewis Hamilton,Mercedes,5.0,18.0,0.0,Hydraulics,True,-13.0
2022,22,Yas Island,Abu Dhabi Grand Prix,LAT,Nicholas Latifi,Williams,20.0,19.0,0.0,Collision damage,True,1.0
2022,22,Yas Island,Abu Dhabi Grand Prix,ALO,Fernando Alonso,Alpine,10.0,20.0,0.0,Water leak,True,-10.0
2023,1,Sakhir,Bahrain Grand Prix,VER,Max Verstappen,Red Bull Racing,1.0,1.0,25.0,Finished,False,0.0
2023,1,Sakhir,Bahrain Grand Prix,PER,Sergio Perez,Red Bull Racing,2.0,2.0,18.0,Finished,False,0.0
2023,1,Sakhir,Bahrain Grand Prix,ALO,Fernando Alonso,Aston Martin,5.0,3.0,15.0,Finished,False,2.0
2023,1,Sakhir,Bahrain Grand Prix,SAI,Carlos Sainz,Ferrari,4.0,4.0,12.0,Finished,False,0.0
2023,1,Sakhir,Bahrain Grand Prix,HAM,Lewis Hamilton,Mercedes,7.0,5.0,10.0,Finished,False,2.0
2023,1,Sakhir,Bahrain Grand Prix,STR,Lance Stroll,Aston Martin,8.0,6.0,8.0,Finished,False,2.0
2023,1,Sakhir,Bahrain Grand Prix,RUS,George Russell,Mercedes,6.0,7.0,6.0,Finished,False,-1.0
2023,1,Sakhir,Bahrain Grand Prix,BOT,Valtteri Bottas,Alfa Romeo,12.0,8.0,4.0,Finished,False,4.0
2023,1,Sakhir,Bahrain Grand Prix,GAS,Pierre Gasly,Alpine,20.0,9.0,2.0,Finished,False,11.0
2023,1,Sakhir,Bahrain Grand Prix,ALB,Alexander Albon,Williams,15.0,10.0,1.0,Finished,False,5.0
2023,1,Sakhir,Bahrain Grand Prix,TSU,Yuki Tsunoda,AlphaTauri,14.0,11.0,0.0,Finished,False,3.0
2023,1,Sakhir,Bahrain Grand Prix,SAR,Logan Sargeant,Williams,16.0,12.0,0.0,Lapped,True,4.0
2023,1,Sakhir,Bahrain Grand Prix,MAG,Kevin Magnussen,Haas F1 Team,17.0,13.0,0.0,Lapped,True,4.0
2023,1,Sakhir,Bahrain Grand Prix,DEV,Nyck De Vries,AlphaTauri,19.0,14.0,0.0,Lapped,True,5.0
2023,1,Sakhir,Bahrain Grand Prix,HUL,Nico Hulkenberg,Haas F1 Team,10.0,15.0,0.0,Lapped,True,-5.0
2023,1,Sakhir,Bahrain Grand Prix,ZHO,Guanyu Zhou,Alfa Romeo,13.0,16.0,0.0,Lapped,True,-3.0
2023,1,Sakhir,Bahrain Grand Prix,NOR,Lando Norris,McLaren,11.0,17.0,0.0,Lapped,True,-6.0
2023,1,Sakhir,Bahrain Grand Prix,OCO,Esteban Ocon,Alpine,9.0,18.0,0.0,Retired,True,-9.0
2023,1,Sakhir,Bahrain Grand Prix,LEC,Charles Leclerc,Ferrari,3.0,19.0,0.0,Retired,True,-16.0
2023,1,Sakhir,Bahrain Grand Prix,PIA,Oscar Piastri,McLaren,18.0,20.0,0.0,Retired,True,-2.0
2023,2,Jeddah,Saudi Arabian Grand Prix,PER,Sergio Perez,Red Bull Racing,1.0,1.0,25.0,Finished,False,0.0
2023,2,Jeddah,Saudi Arabian Grand Prix,VER,Max Verstappen,Red Bull Racing,15.0,2.0,19.0,Finished,False,13.0
2023,2,Jeddah,Saudi Arabian Grand Prix,ALO,Fernando Alonso,Aston Martin,2.0,3.0,15.0,Finished,False,-1.0
2023,2,Jeddah,Saudi Arabian Grand Prix,RUS,George Russell,Mercedes,3.0,4.0,12.0,Finished,False,-1.0
2023,2,Jeddah,Saudi Arabian Grand Prix,HAM,Lewis Hamilton,Mercedes,7.0,5.0,10.0,Finished,False,2.0
2023,2,Jeddah,Saudi Arabian Grand Prix,SAI,Carlos Sainz,Ferrari,4.0,6.0,8.0,Finished,False,-2.0
2023,2,Jeddah,Saudi Arabian Grand Prix,LEC,Charles Leclerc,Ferrari,12.0,7.0,6.0,Finished,False,5.0
2023,2,Jeddah,Saudi Arabian Grand Prix,OCO,Esteban Ocon,Alpine,6.0,8.0,4.0,Finished,False,-2.0
2023,2,Jeddah,Saudi Arabian Grand Prix,GAS,Pierre Gasly,Alpine,9.0,9.0,2.0,Finished,False,0.0
2023,2,Jeddah,Saudi Arabian Grand Prix,MAG,Kevin Magnussen,Haas F1 Team,13.0,10.0,1.0,Finished,False,3.0
2023,2,Jeddah,Saudi Arabian Grand Prix,TSU,Yuki Tsunoda,AlphaTauri,16.0,11.0,0.0,Finished,False,5.0
2023,2,Jeddah,Saudi Arabian Grand Prix,HUL,Nico Hulkenberg,Haas F1 Team,10.0,12.0,0.0,Finished,False,-2.0
2023,2,Jeddah,Saudi Arabian Grand Prix,ZHO,Guanyu Zhou,Alfa Romeo,11.0,13.0,0.0,Finished,False,-2.0
2023,2,Jeddah,Saudi Arabian Grand Prix,DEV,Nyck De Vries,AlphaTauri,18.0,14.0,0.0,Finished,False,4.0
2023,2,Jeddah,Saudi Arabian Grand Prix,PIA,Oscar Piastri,McLaren,8.0,15.0,0.0,Finished,False,-7.0
2023,2,Jeddah,Saudi Arabian Grand Prix,SAR,Logan Sargeant,Williams,20.0,16.0,0.0,Finished,False,4.0
2023,2,Jeddah,Saudi Arabian Grand Prix,NOR,Lando Norris,McLaren,19.0,17.0,0.0,Finished,False,2.0
2023,2,Jeddah,Saudi Arabian Grand Prix,BOT,Valtteri Bottas,Alfa Romeo,14.0,18.0,0.0,Lapped,True,-4.0
2023,2,Jeddah,Saudi Arabian Grand Prix,ALB,Alexander Albon,Williams,17.0,19.0,0.0,Retired,True,-2.0
2023,2,Jeddah,Saudi Arabian Grand Prix,STR,Lance Stroll,Aston Martin,5.0,20.0,0.0,Retired,True,-15.0
2023,3,Melbourne,Australian Grand Prix,VER,Max Verstappen,Red Bull Racing,1.0,1.0,25.0,Finished,False,0.0
2023,3,Melbourne,Australian Grand Prix,HAM,Lewis Hamilton,Mercedes,3.0,2.0,18.0,Finished,False,1.0
2023,3,Melbourne,Australian Grand Prix,ALO,Fernando Alonso,Aston Martin,4.0,3.0,15.0,Finished,False,1.0
2023,3,Melbourne,Australian Grand Prix,STR,Lance Stroll,Aston Martin,6.0,4.0,12.0,Finished,False,2.0
2023,3,Melbourne,Australian Grand Prix,PER,Sergio Perez,Red Bull Racing,20.0,5.0,11.0,Finished,False,15.0
2023,3,Melbourne,Australian Grand Prix,NOR,Lando Norris,McLaren,13.0,6.0,8.0,Finished,False,7.0
2023,3,Melbourne,Australian Grand Prix,HUL,Nico Hulkenberg,Haas F1 Team,10.0,7.0,6.0,Finished,False,3.0
2023,3,Melbourne,Australian Grand Prix,PIA,Oscar Piastri,McLaren,16.0,8.0,4.0,Finished,False,8.0
2023,3,Melbourne,Australian Grand Prix,ZHO,Guanyu Zhou,Alfa Romeo,17.0,9.0,2.0,Finished,False,8.0
2023,3,Melbourne,Australian Grand Prix,TSU,Yuki Tsunoda,AlphaTauri,12.0,10.0,1.0,Finished,False,2.0
2023,3,Melbourne,Australian Grand Prix,BOT,Valtteri Bottas,Alfa Romeo,19.0,11.0,0.0,Finished,False,8.0
2023,3,Melbourne,Australian Grand Prix,SAI,Carlos Sainz,Ferrari,5.0,12.0,0.0,Finished,False,-7.0
2023,3,Melbourne,Australian Grand Prix,GAS,Pierre Gasly,Alpine,9.0,13.0,0.0,Retired,True,-4.0
2023,3,Melbourne,Australian Grand Prix,OCO,Esteban Ocon,Alpine,11.0,14.0,0.0,Retired,True,-3.0
2023,3,Melbourne,Australian Grand Prix,DEV,Nyck De Vries,AlphaTauri,15.0,15.0,0.0,Retired,True,0.0
2023,3,Melbourne,Australian Grand Prix,SAR,Logan Sargeant,Williams,18.0,16.0,0.0,Retired,True,2.0
2023,3,Melbourne,Australian Grand Prix,MAG,Kevin Magnussen,Haas F1 Team,14.0,17.0,0.0,Retired,True,-3.0
2023,3,Melbourne,Australian Grand Prix,RUS,George Russell,Mercedes,2.0,18.0,0.0,Retired,True,-16.0
2023,3,Melbourne,Australian Grand Prix,ALB,Alexander Albon,Williams,8.0,19.0,0.0,Retired,True,-11.0
2023,3,Melbourne,Australian Grand Prix,LEC,Charles Leclerc,Ferrari,7.0,20.0,0.0,Retired,True,-13.0
2023,4,Baku,Azerbaijan Grand Prix,PER,Sergio Perez,Red Bull Racing,3.0,1.0,25.0,Finished,False,2.0
2023,4,Baku,Azerbaijan Grand Prix,VER,Max Verstappen,Red Bull Racing,2.0,2.0,18.0,Finished,False,0.0
2023,4,Baku,Azerbaijan Grand Prix,LEC,Charles Leclerc,Ferrari,1.0,3.0,15.0,Finished,False,-2.0
2023,4,Baku,Azerbaijan Grand Prix,ALO,Fernando Alonso,Aston Martin,6.0,4.0,12.0,Finished,False,2.0
2023,4,Baku,Azerbaijan Grand Prix,SAI,Carlos Sainz,Ferrari,4.0,5.0,10.0,Finished,False,-1.0
2023,4,Baku,Azerbaijan Grand Prix,HAM,Lewis Hamilton,Mercedes,5.0,6.0,8.0,Finished,False,-1.0
2023,4,Baku,Azerbaijan Grand Prix,STR,Lance Stroll,Aston Martin,9.0,7.0,6.0,Finished,False,2.0
2023,4,Baku,Azerbaijan Grand Prix,RUS,George Russell,Mercedes,11.0,8.0,5.0,Finished,False,3.0
2023,4,Baku,Azerbaijan Grand Prix,NOR,Lando Norris,McLaren,7.0,9.0,2.0,Finished,False,-2.0
2023,4,Baku,Azerbaijan Grand Prix,TSU,Yuki Tsunoda,AlphaTauri,8.0,10.0,1.0,Finished,False,-2.0
2023,4,Baku,Azerbaijan Grand Prix,PIA,Oscar Piastri,McLaren,10.0,11.0,0.0,Finished,False,-1.0
2023,4,Baku,Azerbaijan Grand Prix,ALB,Alexander Albon,Williams,12.0,12.0,0.0,Finished,False,0.0
2023,4,Baku,Azerbaijan Grand Prix,MAG,Kevin Magnussen,Haas F1 Team,16.0,13.0,0.0,Finished,False,3.0
2023,4,Baku,Azerbaijan Grand Prix,GAS,Pierre Gasly,Alpine,17.0,14.0,0.0,Finished,False,3.0
2023,4,Baku,Azerbaijan Grand Prix,OCO,Esteban Ocon,Alpine,19.0,15.0,0.0,Finished,False,4.0
2023,4,Baku,Azerbaijan Grand Prix,SAR,Logan Sargeant,Williams,14.0,16.0,0.0,Finished,False,-2.0
2023,4,Baku,Azerbaijan Grand Prix,HUL,Nico Hulkenberg,Haas F1 Team,20.0,17.0,0.0,Lapped,True,3.0
2023,4,Baku,Azerbaijan Grand Prix,BOT,Valtteri Bottas,Alfa Romeo,13.0,18.0,0.0,Lapped,True,-5.0
2023,4,Baku,Azerbaijan Grand Prix,ZHO,Guanyu Zhou,Alfa Romeo,15.0,19.0,0.0,Retired,True,-4.0
2023,4,Baku,Azerbaijan Grand Prix,DEV,Nyck De Vries,AlphaTauri,18.0,20.0,0.0,Retired,True,-2.0
2023,5,Miami,Miami Grand Prix,VER,Max Verstappen,Red Bull Racing,9.0,1.0,26.0,Finished,False,8.0
2023,5,Miami,Miami Grand Prix,PER,Sergio Perez,Red Bull Racing,1.0,2.0,18.0,Finished,False,-1.0
2023,5,Miami,Miami Grand Prix,ALO,Fernando Alonso,Aston Martin,2.0,3.0,15.0,Finished,False,-1.0
2023,5,Miami,Miami Grand Prix,RUS,George Russell,Mercedes,6.0,4.0,12.0,Finished,False,2.0
2023,5,Miami,Miami Grand Prix,SAI,Carlos Sainz,Ferrari,3.0,5.0,10.0,Finished,False,-2.0
2023,5,Miami,Miami Grand Prix,HAM,Lewis Hamilton,Mercedes,13.0,6.0,8.0,Finished,False,7.0
2023,5,Miami,Miami Grand Prix,LEC,Charles Leclerc,Ferrari,7.0,7.0,6.0,Finished,False,0.0
2023,5,Miami,Miami Grand Prix,GAS,Pierre Gasly,Alpine,5.0,8.0,4.0,Finished,False,-3.0
2023,5,Miami,Miami Grand Prix,OCO,Esteban Ocon,Alpine,8.0,9.0,2.0,Finished,False,-1.0
2023,5,Miami,Miami Grand Prix,MAG,Kevin Magnussen,Haas F1 Team,4.0,10.0,1.0,Finished,False,-6.0
2023,5,Miami,Miami Grand Prix,TSU,Yuki Tsunoda,AlphaTauri,17.0,11.0,0.0,Finished,False,6.0
2023,5,Miami,Miami Grand Prix,STR,Lance Stroll,Aston Martin,18.0,12.0,0.0,Finished,False,6.0
2023,5,Miami,Miami Grand Prix,BOT,Valtteri Bottas,Alfa Romeo,10.0,13.0,0.0,Finished,False,-3.0
2023,5,Miami,Miami Grand Prix,ALB,Alexander Albon,Williams,11.0,14.0,0.0,Finished,False,-3.0
2023,5,Miami,Miami Grand Prix,HUL,Nico Hulkenberg,Haas F1 Team,12.0,15.0,0.0,Finished,False,-3.0
2023,5,Miami,Miami Grand Prix,ZHO,Guanyu Zhou,Alfa Romeo,14.0,16.0,0.0,Finished,False,-2.0
2023,5,Miami,Miami Grand Prix,NOR,Lando Norris,McLaren,16.0,17.0,0.0,Finished,False,-1.0
2023,5,Miami,Miami Grand Prix,DEV,Nyck De Vries,AlphaTauri,15.0,18.0,0.0,Finished,False,-3.0
2023,5,Miami,Miami Grand Prix,PIA,Oscar Piastri,McLaren,19.0,19.0,0.0,Lapped,True,0.0
2023,5,Miami,Miami Grand Prix,SAR,Logan Sargeant,Williams,20.0,20.0,0.0,Lapped,True,0.0
2023,6,Monaco,Monaco Grand Prix,VER,Max Verstappen,Red Bull Racing,1.0,1.0,25.0,Finished,False,0.0
2023,6,Monaco,Monaco Grand Prix,ALO,Fernando Alonso,Aston Martin,2.0,2.0,18.0,Finished,False,0.0
2023,6,Monaco,Monaco Grand Prix,OCO,Esteban Ocon,Alpine,3.0,3.0,15.0,Finished,False,0.0
2023,6,Monaco,Monaco Grand Prix,HAM,Lewis Hamilton,Mercedes,5.0,4.0,13.0,Finished,False,1.0
2023,6,Monaco,Monaco Grand Prix,RUS,George Russell,Mercedes,8.0,5.0,10.0,Finished,False,3.0
2023,6,Monaco,Monaco Grand Prix,LEC,Charles Leclerc,Ferrari,6.0,6.0,8.0,Finished,False,0.0
2023,6,Monaco,Monaco Grand Prix,GAS,Pierre Gasly,Alpine,7.0,7.0,6.0,Finished,False,0.0
2023,6,Monaco,Monaco Grand Prix,SAI,Carlos Sainz,Ferrari,4.0,8.0,4.0,Finished,False,-4.0
2023,6,Monaco,Monaco Grand Prix,NOR,Lando Norris,McLaren,10.0,9.0,2.0,Lapped,True,1.0
2023,6,Monaco,Monaco Grand Prix,PIA,Oscar Piastri,McLaren,11.0,10.0,1.0,Lapped,True,1.0
2023,6,Monaco,Monaco Grand Prix,BOT,Valtteri Bottas,Alfa Romeo,15.0,11.0,0.0,Lapped,True,4.0
2023,6,Monaco,Monaco Grand Prix,DEV,Nyck De Vries,AlphaTauri,12.0,12.0,0.0,Lapped,True,0.0
2023,6,Monaco,Monaco Grand Prix,ZHO,Guanyu Zhou,Alfa Romeo,19.0,13.0,0.0,Lapped,True,6.0
2023,6,Monaco,Monaco Grand Prix,ALB,Alexander Albon,Williams,13.0,14.0,0.0,Lapped,True,-1.0
2023,6,Monaco,Monaco Grand Prix,TSU,Yuki Tsunoda,AlphaTauri,9.0,15.0,0.0,Lapped,True,-6.0
2023,6,Monaco,Monaco Grand Prix,PER,Sergio Perez,Red Bull Racing,20.0,16.0,0.0,Lapped,True,4.0
2023,6,Monaco,Monaco Grand Prix,HUL,Nico Hulkenberg,Haas F1 Team,18.0,17.0,0.0,Lapped,True,1.0
2023,6,Monaco,Monaco Grand Prix,SAR,Logan Sargeant,Williams,16.0,18.0,0.0,Lapped,True,-2.0
2023,6,Monaco,Monaco Grand Prix,MAG,Kevin Magnussen,Haas F1 Team,17.0,19.0,0.0,Retired,True,-2.0
2023,6,Monaco,Monaco Grand Prix,STR,Lance Stroll,Aston Martin,14.0,20.0,0.0,Retired,True,-6.0
2023,7,Barcelona,Spanish Grand Prix,VER,Max Verstappen,Red Bull Racing,1.0,1.0,26.0,Finished,False,0.0
2023,7,Barcelona,Spanish Grand Prix,HAM,Lewis Hamilton,Mercedes,4.0,2.0,18.0,Finished,False,2.0
2023,7,Barcelona,Spanish Grand Prix,RUS,George Russell,Mercedes,12.0,3.0,15.0,Finished,False,9.0
2023,7,Barcelona,Spanish Grand Prix,PER,Sergio Perez,Red Bull Racing,11.0,4.0,12.0,Finished,False,7.0
2023,7,Barcelona,Spanish Grand Prix,SAI,Carlos Sainz,Ferrari,2.0,5.0,10.0,Finished,False,-3.0
2023,7,Barcelona,Spanish Grand Prix,STR,Lance Stroll,Aston Martin,5.0,6.0,8.0,Finished,False,-1.0
2023,7,Barcelona,Spanish Grand Prix,ALO,Fernando Alonso,Aston Martin,8.0,7.0,6.0,Finished,False,1.0
2023,7,Barcelona,Spanish Grand Prix,OCO,Esteban Ocon,Alpine,6.0,8.0,4.0,Finished,False,-2.0
2023,7,Barcelona,Spanish Grand Prix,ZHO,Guanyu Zhou,Alfa Romeo,13.0,9.0,2.0,Finished,False,4.0
2023,7,Barcelona,Spanish Grand Prix,GAS,Pierre Gasly,Alpine,10.0,10.0,1.0,Finished,False,0.0
2023,7,Barcelona,Spanish Grand Prix,LEC,Charles Leclerc,Ferrari,19.0,11.0,0.0,Finished,False,8.0
2023,7,Barcelona,Spanish Grand Prix,TSU,Yuki Tsunoda,AlphaTauri,15.0,12.0,0.0,Finished,False,3.0
2023,7,Barcelona,Spanish Grand Prix,PIA,Oscar Piastri,McLaren,9.0,13.0,0.0,Lapped,True,-4.0
2023,7,Barcelona,Spanish Grand Prix,DEV,Nyck De Vries,AlphaTauri,14.0,14.0,0.0,Lapped,True,0.0
2023,7,Barcelona,Spanish Grand Prix,HUL,Nico Hulkenberg,Haas F1 Team,7.0,15.0,0.0,Lapped,True,-8.0
2023,7,Barcelona,Spanish Grand Prix,ALB,Alexander Albon,Williams,18.0,16.0,0.0,Lapped,True,2.0
2023,7,Barcelona,Spanish Grand Prix,NOR,Lando Norris,McLaren,3.0,17.0,0.0,Lapped,True,-14.0
2023,7,Barcelona,Spanish Grand Prix,MAG,Kevin Magnussen,Haas F1 Team,17.0,18.0,0.0,Lapped,True,-1.0
2023,7,Barcelona,Spanish Grand Prix,BOT,Valtteri Bottas,Alfa Romeo,16.0,19.0,0.0,Lapped,True,-3.0
2023,7,Barcelona,Spanish Grand Prix,SAR,Logan Sargeant,Williams,20.0,20.0,0.0,Lapped,True,0.0
2023,8,Montréal,Canadian Grand Prix,VER,Max Verstappen,Red Bull Racing,1.0,1.0,25.0,Finished,False,0.0
2023,8,Montréal,Canadian Grand Prix,ALO,Fernando Alonso,Aston Martin,2.0,2.0,18.0,Finished,False,0.0
2023,8,Montréal,Canadian Grand Prix,HAM,Lewis Hamilton,Mercedes,3.0,3.0,15.0,Finished,False,0.0
2023,8,Montréal,Canadian Grand Prix,LEC,Charles Leclerc,Ferrari,10.0,4.0,12.0,Finished,False,6.0
2023,8,Montréal,Canadian Grand Prix,SAI,Carlos Sainz,Ferrari,11.0,5.0,10.0,Finished,False,6.0
2023,8,Montréal,Canadian Grand Prix,PER,Sergio Perez,Red Bull Racing,12.0,6.0,9.0,Finished,False,6.0
2023,8,Montréal,Canadian Grand Prix,ALB,Alexander Albon,Williams,9.0,7.0,6.0,Finished,False,2.0
2023,8,Montréal,Canadian Grand Prix,OCO,Esteban Ocon,Alpine,6.0,8.0,4.0,Finished,False,-2.0
2023,8,Montréal,Canadian Grand Prix,STR,Lance Stroll,Aston Martin,16.0,9.0,2.0,Finished,False,7.0
2023,8,Montréal,Canadian Grand Prix,BOT,Valtteri Bottas,Alfa Romeo,14.0,10.0,1.0,Finished,False,4.0
2023,8,Montréal,Canadian Grand Prix,PIA,Oscar Piastri,McLaren,8.0,11.0,0.0,Finished,False,-3.0
2023,8,Montréal,Canadian Grand Prix,GAS,Pierre Gasly,Alpine,15.0,12.0,0.0,Finished,False,3.0
2023,8,Montréal,Canadian Grand Prix,NOR,Lando Norris,McLaren,7.0,13.0,0.0,Finished,False,-6.0
2023,8,Montréal,Canadian Grand Prix,TSU,Yuki Tsunoda,AlphaTauri,19.0,14.0,0.0,Finished,False,5.0
2023,8,Montréal,Canadian Grand Prix,HUL,Nico Hulkenberg,Haas F1 Team,5.0,15.0,0.0,Lapped,True,-10.0
2023,8,Montréal,Canadian Grand Prix,ZHO,Guanyu Zhou,Alfa Romeo,20.0,16.0,0.0,Lapped,True,4.0
2023,8,Montréal,Canadian Grand Prix,MAG,Kevin Magnussen,Haas F1 Team,13.0,17.0,0.0,Lapped,True,-4.0
2023,8,Montréal,Canadian Grand Prix,DEV,Nyck De Vries,AlphaTauri,17.0,18.0,0.0,Lapped,True,-1.0
2023,8,Montréal,Canadian Grand Prix,RUS,George Russell,Mercedes,4.0,19.0,0.0,Retired,True,-15.0
2023,8,Montréal,Canadian Grand Prix,SAR,Logan Sargeant,Williams,18.0,20.0,0.0,Retired,True,-2.0
2023,9,Spielberg,Austrian Grand Prix,VER,Max Verstappen,Red Bull Racing,1.0,1.0,26.0,Finished,False,0.0
2023,9,Spielberg,Austrian Grand Prix,LEC,Charles Leclerc,Ferrari,2.0,2.0,18.0,Finished,False,0.0
2023,9,Spielberg,Austrian Grand Prix,PER,Sergio Perez,Red Bull Racing,15.0,3.0,15.0,Finished,False,12.0
2023,9,Spielberg,Austrian Grand Prix,NOR,Lando Norris,McLaren,4.0,4.0,12.0,Finished,False,0.0
2023,9,Spielberg,Austrian Grand Prix,ALO,Fernando Alonso,Aston Martin,7.0,5.0,10.0,Finished,False,2.0
2023,9,Spielberg,Austrian Grand Prix,SAI,Carlos Sainz,Ferrari,3.0,6.0,8.0,Finished,False,-3.0
2023,9,Spielberg,Austrian Grand Prix,RUS,George Russell,Mercedes,11.0,7.0,6.0,Finished,False,4.0
2023,9,Spielberg,Austrian Grand Prix,HAM,Lewis Hamilton,Mercedes,5.0,8.0,4.0,Finished,False,-3.0
2023,9,Spielberg,Austrian Grand Prix,STR,Lance Stroll,Aston Martin,6.0,9.0,2.0,Finished,False,-3.0
2023,9,Spielberg,Austrian Grand Prix,GAS,Pierre Gasly,Alpine,9.0,10.0,1.0,Finished,False,-1.0
2023,9,Spielberg,Austrian Grand Prix,ALB,Alexander Albon,Williams,10.0,11.0,0.0,Finished,False,-1.0
2023,9,Spielberg,Austrian Grand Prix,ZHO,Guanyu Zhou,Alfa Romeo,17.0,12.0,0.0,Lapped,True,5.0
2023,9,Spielberg,Austrian Grand Prix,SAR,Logan Sargeant,Williams,18.0,13.0,0.0,Lapped,True,5.0
2023,9,Spielberg,Austrian Grand Prix,OCO,Esteban Ocon,Alpine,12.0,14.0,0.0,Lapped,True,-2.0
2023,9,Spielberg,Austrian Grand Prix,BOT,Valtteri Bottas,Alfa Romeo,14.0,15.0,0.0,Lapped,True,-1.0
2023,9,Spielberg,Austrian Grand Prix,PIA,Oscar Piastri,McLaren,13.0,16.0,0.0,Lapped,True,-3.0
2023,9,Spielberg,Austrian Grand Prix,DEV,Nyck De Vries,AlphaTauri,20.0,17.0,0.0,Lapped,True,3.0
2023,9,Spielberg,Austrian Grand Prix,MAG,Kevin Magnussen,Haas F1 Team,19.0,18.0,0.0,Lapped,True,1.0
2023,9,Spielberg,Austrian Grand Prix,TSU,Yuki Tsunoda,AlphaTauri,16.0,19.0,0.0,Lapped,True,-3.0
2023,9,Spielberg,Austrian Grand Prix,HUL,Nico Hulkenberg,Haas F1 Team,8.0,20.0,0.0,Retired,True,-12.0
2023,10,Silverstone,British Grand Prix,VER,Max Verstappen,Red Bull Racing,1.0,1.0,26.0,Finished,False,0.0
2023,10,Silverstone,British Grand Prix,NOR,Lando Norris,McLaren,2.0,2.0,18.0,Finished,False,0.0
2023,10,Silverstone,British Grand Prix,HAM,Lewis Hamilton,Mercedes,7.0,3.0,15.0,Finished,False,4.0
2023,10,Silverstone,British Grand Prix,PIA,Oscar Piastri,McLaren,3.0,4.0,12.0,Finished,False,-1.0
2023,10,Silverstone,British Grand Prix,RUS,George Russell,Mercedes,6.0,5.0,10.0,Finished,False,1.0
2023,10,Silverstone,British Grand Prix,PER,Sergio Perez,Red Bull Racing,15.0,6.0,8.0,Finished,False,9.0
2023,10,Silverstone,British Grand Prix,ALO,Fernando Alonso,Aston Martin,9.0,7.0,6.0,Finished,False,2.0
2023,10,Silverstone,British Grand Prix,ALB,Alexander Albon,Williams,8.0,8.0,4.0,Finished,False,0.0
2023,10,Silverstone,British Grand Prix,LEC,Charles Leclerc,Ferrari,4.0,9.0,2.0,Finished,False,-5.0
2023,10,Silverstone,British Grand Prix,SAI,Carlos Sainz,Ferrari,5.0,10.0,1.0,Finished,False,-5.0
2023,10,Silverstone,British Grand Prix,SAR,Logan Sargeant,Williams,14.0,11.0,0.0,Finished,False,3.0
2023,10,Silverstone,British Grand Prix,BOT,Valtteri Bottas,Alfa Romeo,20.0,12.0,0.0,Finished,False,8.0
2023,10,Silverstone,British Grand Prix,HUL,Nico Hulkenberg,Haas F1 Team,11.0,13.0,0.0,Finished,False,-2.0
2023,10,Silverstone,British Grand Prix,STR,Lance Stroll,Aston Martin,12.0,14.0,0.0,Finished,False,-2.0
2023,10,Silverstone,British Grand Prix,ZHO,Guanyu Zhou,Alfa Romeo,17.0,15.0,0.0,Finished,False,2.0
2023,10,Silverstone,British Grand Prix,TSU,Yuki Tsunoda,AlphaTauri,16.0,16.0,0.0,Finished,False,0.0
2023,10,Silverstone,British Grand Prix,DEV,Nyck De Vries,AlphaTauri,18.0,17.0,0.0,Finished,False,1.0
2023,10,Silverstone,British Grand Prix,GAS,Pierre Gasly,Alpine,10.0,18.0,0.0,Retired,True,-8.0
2023,10,Silverstone,British Grand Prix,MAG,Kevin Magnussen,Haas F1 Team,19.0,19.0,0.0,Retired,True,0.0
2023,10,Silverstone,British Grand Prix,OCO,Esteban Ocon,Alpine,13.0,20.0,0.0,Retired,True,-7.0
2023,11,Budapest,Hungarian Grand Prix,VER,Max Verstappen,Red Bull Racing,2.0,1.0,26.0,Finished,False,1.0
2023,11,Budapest,Hungarian Grand Prix,NOR,Lando Norris,McLaren,3.0,2.0,18.0,Finished,False,1.0
2023,11,Budapest,Hungarian Grand Prix,PER,Sergio Perez,Red Bull Racing,9.0,3.0,15.0,Finished,False,6.0
2023,11,Budapest,Hungarian Grand Prix,HAM,Lewis Hamilton,Mercedes,1.0,4.0,12.0,Finished,False,-3.0
2023,11,Budapest,Hungarian Grand Prix,PIA,Oscar Piastri,McLaren,4.0,5.0,10.0,Finished,False,-1.0
2023,11,Budapest,Hungarian Grand Prix,RUS,George Russell,Mercedes,18.0,6.0,8.0,Finished,False,12.0
2023,11,Budapest,Hungarian Grand Prix,LEC,Charles Leclerc,Ferrari,6.0,7.0,6.0,Finished,False,-1.0
2023,11,Budapest,Hungarian Grand Prix,SAI,Carlos Sainz,Ferrari,11.0,8.0,4.0,Finished,False,3.0
2023,11,Budapest,Hungarian Grand Prix,ALO,Fernando Alonso,Aston Martin,8.0,9.0,2.0,Finished,False,-1.0
2023,11,Budapest,Hungarian Grand Prix,STR,Lance Stroll,Aston Martin,14.0,10.0,1.0,Lapped,True,4.0
2023,11,Budapest,Hungarian Grand Prix,ALB,Alexander Albon,Williams,16.0,11.0,0.0,Lapped,True,5.0
2023,11,Budapest,Hungarian Grand Prix,BOT,Valtteri Bottas,Alfa Romeo,7.0,12.0,0.0,Lapped,True,-5.0
2023,11,Budapest,Hungarian Grand Prix,RIC,Daniel Ricciardo,AlphaTauri,13.0,13.0,0.0,Lapped,True,0.0
2023,11,Budapest,Hungarian Grand Prix,HUL,Nico Hulkenberg,Haas F1 Team,10.0,14.0,0.0,Lapped,True,-4.0
2023,11,Budapest,Hungarian Grand Prix,TSU,Yuki Tsunoda,AlphaTauri,17.0,15.0,0.0,Lapped,True,2.0
2023,11,Budapest,Hungarian Grand Prix,ZHO,Guanyu Zhou,Alfa Romeo,5.0,16.0,0.0,Lapped,True,-11.0
2023,11,Budapest,Hungarian Grand Prix,MAG,Kevin Magnussen,Haas F1 Team,19.0,17.0,0.0,Lapped,True,2.0
2023,11,Budapest,Hungarian Grand Prix,SAR,Logan Sargeant,Williams,20.0,18.0,0.0,Retired,True,2.0
2023,11,Budapest,Hungarian Grand Prix,OCO,Esteban Ocon,Alpine,12.0,19.0,0.0,Retired,True,-7.0
2023,11,Budapest,Hungarian Grand Prix,GAS,Pierre Gasly,Alpine,15.0,20.0,0.0,Retired,True,-5.0
2023,12,Spa-Francorchamps,Belgian Grand Prix,VER,Max Verstappen,Red Bull Racing,6.0,1.0,25.0,Finished,False,5.0
2023,12,Spa-Francorchamps,Belgian Grand Prix,PER,Sergio Perez,Red Bull Racing,2.0,2.0,18.0,Finished,False,0.0
2023,12,Spa-Francorchamps,Belgian Grand Prix,LEC,Charles Leclerc,Ferrari,1.0,3.0,15.0,Finished,False,-2.0
2023,12,Spa-Francorchamps,Belgian Grand Prix,HAM,Lewis Hamilton,Mercedes,3.0,4.0,13.0,Finished,False,-1.0
2023,12,Spa-Francorchamps,Belgian Grand Prix,ALO,Fernando Alonso,Aston Martin,9.0,5.0,10.0,Finished,False,4.0
2023,12,Spa-Francorchamps,Belgian Grand Prix,RUS,George Russell,Mercedes,8.0,6.0,8.0,Finished,False,2.0
2023,12,Spa-Francorchamps,Belgian Grand Prix,NOR,Lando Norris,McLaren,7.0,7.0,6.0,Finished,False,0.0
2023,12,Spa-Francorchamps,Belgian Grand Prix,OCO,Esteban Ocon,Alpine,14.0,8.0,4.0,Finished,False,6.0
2023,12,Spa-Francorchamps,Belgian Grand Prix,STR,Lance Stroll,Aston Martin,10.0,9.0,2.0,Finished,False,1.0
2023,12,Spa-Francorchamps,Belgian Grand Prix,TSU,Yuki Tsunoda,AlphaTauri,11.0,10.0,1.0,Finished,False,1.0
2023,12,Spa-Francorchamps,Belgian Grand Prix,GAS,Pierre Gasly,Alpine,12.0,11.0,0.0,Finished,False,1.0
2023,12,Spa-Francorchamps,Belgian Grand Prix,BOT,Valtteri Bottas,Alfa Romeo,13.0,12.0,0.0,Finished,False,1.0
2023,12,Spa-Francorchamps,Belgian Grand Prix,ZHO,Guanyu Zhou,Alfa Romeo,17.0,13.0,0.0,Finished,False,4.0
2023,12,Spa-Francorchamps,Belgian Grand Prix,ALB,Alexander Albon,Williams,15.0,14.0,0.0,Finished,False,1.0
2023,12,Spa-Francorchamps,Belgian Grand Prix,MAG,Kevin Magnussen,Haas F1 Team,16.0,15.0,0.0,Finished,False,1.0
2023,12,Spa-Francorchamps,Belgian Grand Prix,RIC,Daniel Ricciardo,AlphaTauri,19.0,16.0,0.0,Finished,False,3.0
2023,12,Spa-Francorchamps,Belgian Grand Prix,SAR,Logan Sargeant,Williams,18.0,17.0,0.0,Finished,False,1.0
2023,12,Spa-Francorchamps,Belgian Grand Prix,HUL,Nico Hulkenberg,Haas F1 Team,20.0,18.0,0.0,Finished,False,2.0
2023,12,Spa-Francorchamps,Belgian Grand Prix,SAI,Carlos Sainz,Ferrari,4.0,19.0,0.0,Retired,True,-15.0
2023,12,Spa-Francorchamps,Belgian Grand Prix,PIA,Oscar Piastri,McLaren,5.0,20.0,0.0,Retired,True,-15.0
2023,13,Zandvoort,Dutch Grand Prix,VER,Max Verstappen,Red Bull Racing,1.0,1.0,25.0,Finished,False,0.0
2023,13,Zandvoort,Dutch Grand Prix,ALO,Fernando Alonso,Aston Martin,5.0,2.0,19.0,Finished,False,3.0
2023,13,Zandvoort,Dutch Grand Prix,GAS,Pierre Gasly,Alpine,12.0,3.0,15.0,Finished,False,9.0
2023,13,Zandvoort,Dutch Grand Prix,PER,Sergio Perez,Red Bull Racing,7.0,4.0,12.0,Finished,False,3.0
2023,13,Zandvoort,Dutch Grand Prix,SAI,Carlos Sainz,Ferrari,6.0,5.0,10.0,Finished,False,1.0
2023,13,Zandvoort,Dutch Grand Prix,HAM,Lewis Hamilton,Mercedes,13.0,6.0,8.0,Finished,False,7.0
2023,13,Zandvoort,Dutch Grand Prix,NOR,Lando Norris,McLaren,2.0,7.0,6.0,Finished,False,-5.0
2023,13,Zandvoort,Dutch Grand Prix,ALB,Alexander Albon,Williams,4.0,8.0,4.0,Finished,False,-4.0
2023,13,Zandvoort,Dutch Grand Prix,PIA,Oscar Piastri,McLaren,8.0,9.0,2.0,Finished,False,-1.0
2023,13,Zandvoort,Dutch Grand Prix,OCO,Esteban Ocon,Alpine,16.0,10.0,1.0,Finished,False,6.0
2023,13,Zandvoort,Dutch Grand Prix,STR,Lance Stroll,Aston Martin,11.0,11.0,0.0,Finished,False,0.0
2023,13,Zandvoort,Dutch Grand Prix,HUL,Nico Hulkenberg,Haas F1 Team,14.0,12.0,0.0,Finished,False,2.0
2023,13,Zandvoort,Dutch Grand Prix,LAW,Liam Lawson,AlphaTauri,19.0,13.0,0.0,Finished,False,6.0
2023,13,Zandvoort,Dutch Grand Prix,BOT,Valtteri Bottas,Alfa Romeo,18.0,14.0,0.0,Finished,False,4.0
2023,13,Zandvoort,Dutch Grand Prix,TSU,Yuki Tsunoda,AlphaTauri,17.0,15.0,0.0,Finished,False,2.0
2023,13,Zandvoort,Dutch Grand Prix,MAG,Kevin Magnussen,Haas F1 Team,0.0,16.0,0.0,Finished,False,-16.0
2023,13,Zandvoort,Dutch Grand Prix,RUS,George Russell,Mercedes,3.0,17.0,0.0,Finished,False,-14.0
2023,13,Zandvoort,Dutch Grand Prix,ZHO,Guanyu Zhou,Alfa Romeo,15.0,18.0,0.0,Accident,True,-3.0
2023,13,Zandvoort,Dutch Grand Prix,LEC,Charles Leclerc,Ferrari,9.0,19.0,0.0,Undertray,True,-10.0
2023,13,Zandvoort,Dutch Grand Prix,SAR,Logan Sargeant,Williams,10.0,20.0,0.0,Accident,True,-10.0
2023,14,Monza,Italian Grand Prix,VER,Max Verstappen,Red Bull Racing,2.0,1.0,25.0,Finished,False,1.0
2023,14,Monza,Italian Grand Prix,PER,Sergio Perez,Red Bull Racing,5.0,2.0,18.0,Finished,False,3.0
2023,14,Monza,Italian Grand Prix,SAI,Carlos Sainz,Ferrari,1.0,3.0,15.0,Finished,False,-2.0
2023,14,Monza,Italian Grand Prix,LEC,Charles Leclerc,Ferrari,3.0,4.0,12.0,Finished,False,-1.0
2023,14,Monza,Italian Grand Prix,RUS,George Russell,Mercedes,4.0,5.0,10.0,Finished,False,-1.0
2023,14,Monza,Italian Grand Prix,HAM,Lewis Hamilton,Mercedes,8.0,6.0,8.0,Finished,False,2.0
2023,14,Monza,Italian Grand Prix,ALB,Alexander Albon,Williams,6.0,7.0,6.0,Finished,False,-1.0
2023,14,Monza,Italian Grand Prix,NOR,Lando Norris,McLaren,9.0,8.0,4.0,Finished,False,1.0
2023,14,Monza,Italian Grand Prix,ALO,Fernando Alonso,Aston Martin,10.0,9.0,2.0,Finished,False,1.0
2023,14,Monza,Italian Grand Prix,BOT,Valtteri Bottas,Alfa Romeo,14.0,10.0,1.0,Finished,False,4.0
2023,14,Monza,Italian Grand Prix,LAW,Liam Lawson,AlphaTauri,12.0,11.0,0.0,Finished,False,1.0
2023,14,Monza,Italian Grand Prix,PIA,Oscar Piastri,McLaren,7.0,12.0,0.0,Finished,False,-5.0
2023,14,Monza,Italian Grand Prix,SAR,Logan Sargeant,Williams,15.0,13.0,0.0,Finished,False,2.0
2023,14,Monza,Italian Grand Prix,ZHO,Guanyu Zhou,Alfa Romeo,16.0,14.0,0.0,Finished,False,2.0
2023,14,Monza,Italian Grand Prix,GAS,Pierre Gasly,Alpine,17.0,15.0,0.0,Finished,False,2.0
2023,14,Monza,Italian Grand Prix,STR,Lance Stroll,Aston Martin,20.0,16.0,0.0,Finished,False,4.0
2023,14,Monza,Italian Grand Prix,HUL,Nico Hulkenberg,Haas F1 Team,13.0,17.0,0.0,Lapped,True,-4.0
2023,14,Monza,Italian Grand Prix,MAG,Kevin Magnussen,Haas F1 Team,19.0,18.0,0.0,Lapped,True,1.0
2023,14,Monza,Italian Grand Prix,OCO,Esteban Ocon,Alpine,18.0,19.0,0.0,Retired,True,-1.0
2023,14,Monza,Italian Grand Prix,TSU,Yuki Tsunoda,AlphaTauri,11.0,20.0,0.0,Did not start,True,-9.0
2023,15,Marina Bay,Singapore Grand Prix,SAI,Carlos Sainz,Ferrari,1.0,1.0,25.0,Finished,False,0.0
2023,15,Marina Bay,Singapore Grand Prix,NOR,Lando Norris,McLaren,4.0,2.0,18.0,Finished,False,2.0
2023,15,Marina Bay,Singapore Grand Prix,HAM,Lewis Hamilton,Mercedes,5.0,3.0,16.0,Finished,False,2.0
2023,15,Marina Bay,Singapore Grand Prix,LEC,Charles Leclerc,Ferrari,3.0,4.0,12.0,Finished,False,-1.0
2023,15,Marina Bay,Singapore Grand Prix,VER,Max Verstappen,Red Bull Racing,11.0,5.0,10.0,Finished,False,6.0
2023,15,Marina Bay,Singapore Grand Prix,GAS,Pierre Gasly,Alpine,12.0,6.0,8.0,Finished,False,6.0
2023,15,Marina Bay,Singapore Grand Prix,PIA,Oscar Piastri,McLaren,17.0,7.0,6.0,Finished,False,10.0
2023,15,Marina Bay,Singapore Grand Prix,PER,Sergio Perez,Red Bull Racing,13.0,8.0,4.0,Finished,False,5.0
2023,15,Marina Bay,Singapore Grand Prix,LAW,Liam Lawson,AlphaTauri,10.0,9.0,2.0,Finished,False,1.0
2023,15,Marina Bay,Singapore Grand Prix,MAG,Kevin Magnussen,Haas F1 Team,6.0,10.0,1.0,Finished,False,-4.0
2023,15,Marina Bay,Singapore Grand Prix,ALB,Alexander Albon,Williams,14.0,11.0,0.0,Finished,False,3.0
2023,15,Marina Bay,Singapore Grand Prix,ZHO,Guanyu Zhou,Alfa Romeo,19.0,12.0,0.0,Finished,False,7.0
2023,15,Marina Bay,Singapore Grand Prix,HUL,Nico Hulkenberg,Haas F1 Team,9.0,13.0,0.0,Finished,False,-4.0
2023,15,Marina Bay,Singapore Grand Prix,SAR,Logan Sargeant,Williams,18.0,14.0,0.0,Finished,False,4.0
2023,15,Marina Bay,Singapore Grand Prix,ALO,Fernando Alonso,Aston Martin,7.0,15.0,0.0,Finished,False,-8.0
2023,15,Marina Bay,Singapore Grand Prix,RUS,George Russell,Mercedes,2.0,16.0,0.0,Retired,True,-14.0
2023,15,Marina Bay,Singapore Grand Prix,BOT,Valtteri Bottas,Alfa Romeo,16.0,17.0,0.0,Retired,True,-1.0
2023,15,Marina Bay,Singapore Grand Prix,OCO,Esteban Ocon,Alpine,8.0,18.0,0.0,Retired,True,-10.0
2023,15,Marina Bay,Singapore Grand Prix,TSU,Yuki Tsunoda,AlphaTauri,15.0,19.0,0.0,Retired,True,-4.0
2023,16,Suzuka,Japanese Grand Prix,VER,Max Verstappen,Red Bull Racing,1.0,1.0,26.0,Finished,False,0.0
2023,16,Suzuka,Japanese Grand Prix,NOR,Lando Norris,McLaren,3.0,2.0,18.0,Finished,False,1.0
2023,16,Suzuka,Japanese Grand Prix,PIA,Oscar Piastri,McLaren,2.0,3.0,15.0,Finished,False,-1.0
2023,16,Suzuka,Japanese Grand Prix,LEC,Charles Leclerc,Ferrari,4.0,4.0,12.0,Finished,False,0.0
2023,16,Suzuka,Japanese Grand Prix,HAM,Lewis Hamilton,Mercedes,7.0,5.0,10.0,Finished,False,2.0
2023,16,Suzuka,Japanese Grand Prix,SAI,Carlos Sainz,Ferrari,6.0,6.0,8.0,Finished,False,0.0
2023,16,Suzuka,Japanese Grand Prix,RUS,George Russell,Mercedes,8.0,7.0,6.0,Finished,False,1.0
2023,16,Suzuka,Japanese Grand Prix,ALO,Fernando Alonso,Aston Martin,10.0,8.0,4.0,Finished,False,2.0
2023,16,Suzuka,Japanese Grand Prix,OCO,Esteban Ocon,Alpine,14.0,9.0,2.0,Finished,False,5.0
2023,16,Suzuka,Japanese Grand Prix,GAS,Pierre Gasly,Alpine,12.0,10.0,1.0,Finished,False,2.0
2023,16,Suzuka,Japanese Grand Prix,LAW,Liam Lawson,AlphaTauri,11.0,11.0,0.0,Lapped,True,0.0
2023,16,Suzuka,Japanese Grand Prix,TSU,Yuki Tsunoda,AlphaTauri,9.0,12.0,0.0,Lapped,True,-3.0
2023,16,Suzuka,Japanese Grand Prix,ZHO,Guanyu Zhou,Alfa Romeo,19.0,13.0,0.0,Lapped,True,6.0
2023,16,Suzuka,Japanese Grand Prix,HUL,Nico Hulkenberg,Haas F1 Team,18.0,14.0,0.0,Lapped,True,4.0
2023,16,Suzuka,Japanese Grand Prix,MAG,Kevin Magnussen,Haas F1 Team,15.0,15.0,0.0,Lapped,True,0.0
2023,16,Suzuka,Japanese Grand Prix,ALB,Alexander Albon,Williams,13.0,16.0,0.0,Retired,True,-3.0
2023,16,Suzuka,Japanese Grand Prix,SAR,Logan Sargeant,Williams,20.0,17.0,0.0,Retired,True,3.0
2023,16,Suzuka,Japanese Grand Prix,STR,Lance Stroll,Aston Martin,17.0,18.0,0.0,Retired,True,-1.0
2023,16,Suzuka,Japanese Grand Prix,PER,Sergio Perez,Red Bull Racing,5.0,19.0,0.0,Retired,True,-14.0
2023,16,Suzuka,Japanese Grand Prix,BOT,Valtteri Bottas,Alfa Romeo,16.0,20.0,0.0,Retired,True,-4.0
2023,17,Lusail,Qatar Grand Prix,VER,Max Verstappen,Red Bull Racing,1.0,1.0,26.0,Finished,False,0.0
2023,17,Lusail,Qatar Grand Prix,PIA,Oscar Piastri,McLaren,6.0,2.0,18.0,Finished,False,4.0
2023,17,Lusail,Qatar Grand Prix,NOR,Lando Norris,McLaren,10.0,3.0,15.0,Finished,False,7.0
2023,17,Lusail,Qatar Grand Prix,RUS,George Russell,Mercedes,2.0,4.0,12.0,Finished,False,-2.0
2023,17,Lusail,Qatar Grand Prix,LEC,Charles Leclerc,Ferrari,5.0,5.0,10.0,Finished,False,0.0
2023,17,Lusail,Qatar Grand Prix,ALO,Fernando Alonso,Aston Martin,4.0,6.0,8.0,Finished,False,-2.0
2023,17,Lusail,Qatar Grand Prix,OCO,Esteban Ocon,Alpine,8.0,7.0,6.0,Finished,False,1.0
2023,17,Lusail,Qatar Grand Prix,BOT,Valtteri Bottas,Alfa Romeo,9.0,8.0,4.0,Finished,False,1.0
2023,17,Lusail,Qatar Grand Prix,ZHO,Guanyu Zhou,Alfa Romeo,19.0,9.0,2.0,Finished,False,10.0
2023,17,Lusail,Qatar Grand Prix,PER,Sergio Perez,Red Bull Racing,20.0,10.0,1.0,Finished,False,10.0
2023,17,Lusail,Qatar Grand Prix,STR,Lance Stroll,Aston Martin,16.0,11.0,0.0,Finished,False,5.0
2023,17,Lusail,Qatar Grand Prix,GAS,Pierre Gasly,Alpine,7.0,12.0,0.0,Finished,False,-5.0
2023,17,Lusail,Qatar Grand Prix,ALB,Alexander Albon,Williams,13.0,13.0,0.0,Finished,False,0.0
2023,17,Lusail,Qatar Grand Prix,MAG,Kevin Magnussen,Haas F1 Team,18.0,14.0,0.0,Lapped,True,4.0
2023,17,Lusail,Qatar Grand Prix,TSU,Yuki Tsunoda,AlphaTauri,11.0,15.0,0.0,Lapped,True,-4.0
2023,17,Lusail,Qatar Grand Prix,HUL,Nico Hulkenberg,Haas F1 Team,14.0,16.0,0.0,Lapped,True,-2.0
2023,17,Lusail,Qatar Grand Prix,LAW,Liam Lawson,AlphaTauri,17.0,17.0,0.0,Lapped,True,0.0
2023,17,Lusail,Qatar Grand Prix,SAR,Logan Sargeant,Williams,15.0,18.0,0.0,Retired,True,-3.0
2023,17,Lusail,Qatar Grand Prix,HAM,Lewis Hamilton,Mercedes,3.0,19.0,0.0,Retired,True,-16.0
2023,17,Lusail,Qatar Grand Prix,SAI,Carlos Sainz,Ferrari,12.0,20.0,0.0,Did not start,True,-8.0
2023,18,Austin,United States Grand Prix,VER,Max Verstappen,Red Bull Racing,6.0,1.0,25.0,Finished,False,5.0
2023,18,Austin,United States Grand Prix,NOR,Lando Norris,McLaren,2.0,2.0,18.0,Finished,False,0.0
2023,18,Austin,United States Grand Prix,SAI,Carlos Sainz,Ferrari,4.0,3.0,15.0,Finished,False,1.0
2023,18,Austin,United States Grand Prix,PER,Sergio Perez,Red Bull Racing,9.0,4.0,12.0,Finished,False,5.0
2023,18,Austin,United States Grand Prix,RUS,George Russell,Mercedes,5.0,5.0,10.0,Finished,False,0.0
2023,18,Austin,United States Grand Prix,GAS,Pierre Gasly,Alpine,7.0,6.0,8.0,Finished,False,1.0
2023,18,Austin,United States Grand Prix,STR,Lance Stroll,Aston Martin,20.0,7.0,6.0,Finished,False,13.0
2023,18,Austin,United States Grand Prix,TSU,Yuki Tsunoda,AlphaTauri,11.0,8.0,5.0,Finished,False,3.0
2023,18,Austin,United States Grand Prix,ALB,Alexander Albon,Williams,15.0,9.0,2.0,Finished,False,6.0
2023,18,Austin,United States Grand Prix,SAR,Logan Sargeant,Williams,16.0,10.0,1.0,Finished,False,6.0
2023,18,Austin,United States Grand Prix,HUL,Nico Hulkenberg,Haas F1 Team,18.0,11.0,0.0,Finished,False,7.0
2023,18,Austin,United States Grand Prix,BOT,Valtteri Bottas,Alfa Romeo,13.0,12.0,0.0,Finished,False,1.0
2023,18,Austin,United States Grand Prix,ZHO,Guanyu Zhou,Alfa Romeo,12.0,13.0,0.0,Lapped,True,-1.0
2023,18,Austin,United States Grand Prix,MAG,Kevin Magnussen,Haas F1 Team,17.0,14.0,0.0,Lapped,True,3.0
2023,18,Austin,United States Grand Prix,RIC,Daniel Ricciardo,AlphaTauri,14.0,15.0,0.0,Lapped,True,-1.0
2023,18,Austin,United States Grand Prix,ALO,Fernando Alonso,Aston Martin,19.0,16.0,0.0,Retired,True,3.0
2023,18,Austin,United States Grand Prix,PIA,Oscar Piastri,McLaren,10.0,17.0,0.0,Retired,True,-7.0
2023,18,Austin,United States Grand Prix,OCO,Esteban Ocon,Alpine,8.0,18.0,0.0,Retired,True,-10.0
2023,18,Austin,United States Grand Prix,HAM,Lewis Hamilton,Mercedes,3.0,19.0,0.0,Disqualified,True,-16.0
2023,18,Austin,United States Grand Prix,LEC,Charles Leclerc,Ferrari,1.0,20.0,0.0,Disqualified,True,-19.0
2023,19,Mexico City,Mexico City Grand Prix,VER,Max Verstappen,Red Bull Racing,3.0,1.0,25.0,Finished,False,2.0
2023,19,Mexico City,Mexico City Grand Prix,HAM,Lewis Hamilton,Mercedes,6.0,2.0,19.0,Finished,False,4.0
2023,19,Mexico City,Mexico City Grand Prix,LEC,Charles Leclerc,Ferrari,1.0,3.0,15.0,Finished,False,-2.0
2023,19,Mexico City,Mexico City Grand Prix,SAI,Carlos Sainz,Ferrari,2.0,4.0,12.0,Finished,False,-2.0
2023,19,Mexico City,Mexico City Grand Prix,NOR,Lando Norris,McLaren,17.0,5.0,10.0,Finished,False,12.0
2023,19,Mexico City,Mexico City Grand Prix,RUS,George Russell,Mercedes,8.0,6.0,8.0,Finished,False,2.0
2023,19,Mexico City,Mexico City Grand Prix,RIC,Daniel Ricciardo,AlphaTauri,4.0,7.0,6.0,Finished,False,-3.0
2023,19,Mexico City,Mexico City Grand Prix,PIA,Oscar Piastri,McLaren,7.0,8.0,4.0,Finished,False,-1.0
2023,19,Mexico City,Mexico City Grand Prix,ALB,Alexander Albon,Williams,14.0,9.0,2.0,Finished,False,5.0
2023,19,Mexico City,Mexico City Grand Prix,OCO,Esteban Ocon,Alpine,15.0,10.0,1.0,Finished,False,5.0
2023,19,Mexico City,Mexico City Grand Prix,GAS,Pierre Gasly,Alpine,11.0,11.0,0.0,Finished,False,0.0
2023,19,Mexico City,Mexico City Grand Prix,TSU,Yuki Tsunoda,AlphaTauri,18.0,12.0,0.0,Finished,False,6.0
2023,19,Mexico City,Mexico City Grand Prix,HUL,Nico Hulkenberg,Haas F1 Team,12.0,13.0,0.0,Finished,False,-1.0
2023,19,Mexico City,Mexico City Grand Prix,ZHO,Guanyu Zhou,Alfa Romeo,10.0,14.0,0.0,Finished,False,-4.0
2023,19,Mexico City,Mexico City Grand Prix,BOT,Valtteri Bottas,Alfa Romeo,9.0,15.0,0.0,Finished,False,-6.0
2023,19,Mexico City,Mexico City Grand Prix,SAR,Logan Sargeant,Williams,19.0,16.0,0.0,Retired,True,3.0
2023,19,Mexico City,Mexico City Grand Prix,STR,Lance Stroll,Aston Martin,0.0,17.0,0.0,Collision damage,True,-17.0
2023,19,Mexico City,Mexico City Grand Prix,ALO,Fernando Alonso,Aston Martin,13.0,18.0,0.0,Withdrew,True,-5.0
2023,19,Mexico City,Mexico City Grand Prix,MAG,Kevin Magnussen,Haas F1 Team,16.0,19.0,0.0,Accident,True,-3.0
2023,19,Mexico City,Mexico City Grand Prix,PER,Sergio Perez,Red Bull Racing,5.0,20.0,0.0,Collision damage,True,-15.0
2023,20,São Paulo,São Paulo Grand Prix,VER,Max Verstappen,Red Bull Racing,1.0,1.0,25.0,Finished,False,0.0
2023,20,São Paulo,São Paulo Grand Prix,NOR,Lando Norris,McLaren,6.0,2.0,19.0,Finished,False,4.0
2023,20,São Paulo,São Paulo Grand Prix,ALO,Fernando Alonso,Aston Martin,4.0,3.0,15.0,Finished,False,1.0
2023,20,São Paulo,São Paulo Grand Prix,PER,Sergio Perez,Red Bull Racing,9.0,4.0,12.0,Finished,False,5.0
2023,20,São Paulo,São Paulo Grand Prix,STR,Lance Stroll,Aston Martin,3.0,5.0,10.0,Finished,False,-2.0
2023,20,São Paulo,São Paulo Grand Prix,SAI,Carlos Sainz,Ferrari,7.0,6.0,8.0,Finished,False,1.0
2023,20,São Paulo,São Paulo Grand Prix,GAS,Pierre Gasly,Alpine,15.0,7.0,6.0,Finished,False,8.0
2023,20,São Paulo,São Paulo Grand Prix,HAM,Lewis Hamilton,Mercedes,5.0,8.0,4.0,Finished,False,-3.0
2023,20,São Paulo,São Paulo Grand Prix,TSU,Yuki Tsunoda,AlphaTauri,16.0,9.0,2.0,Finished,False,7.0
2023,20,São Paulo,São Paulo Grand Prix,OCO,Esteban Ocon,Alpine,14.0,10.0,1.0,Lapped,True,4.0
2023,20,São Paulo,São Paulo Grand Prix,SAR,Logan Sargeant,Williams,19.0,11.0,0.0,Lapped,True,8.0
2023,20,São Paulo,São Paulo Grand Prix,HUL,Nico Hulkenberg,Haas F1 Team,11.0,12.0,0.0,Lapped,True,-1.0
2023,20,São Paulo,São Paulo Grand Prix,RIC,Daniel Ricciardo,AlphaTauri,17.0,13.0,0.0,Lapped,True,4.0
2023,20,São Paulo,São Paulo Grand Prix,PIA,Oscar Piastri,McLaren,10.0,14.0,0.0,Lapped,True,-4.0
2023,20,São Paulo,São Paulo Grand Prix,RUS,George Russell,Mercedes,8.0,15.0,0.0,Retired,True,-7.0
2023,20,São Paulo,São Paulo Grand Prix,BOT,Valtteri Bottas,Alfa Romeo,18.0,16.0,0.0,Retired,True,2.0
2023,20,São Paulo,São Paulo Grand Prix,ZHO,Guanyu Zhou,Alfa Romeo,20.0,17.0,0.0,Retired,True,3.0
2023,20,São Paulo,São Paulo Grand Prix,MAG,Kevin Magnussen,Haas F1 Team,12.0,18.0,0.0,Retired,True,-6.0
2023,20,São Paulo,São Paulo Grand Prix,ALB,Alexander Albon,Williams,13.0,19.0,0.0,Retired,True,-6.0
2023,20,São Paulo,São Paulo Grand Prix,LEC,Charles Leclerc,Ferrari,2.0,20.0,0.0,Did not start,True,-18.0
2023,21,Las Vegas,Las Vegas Grand Prix,VER,Max Verstappen,Red Bull Racing,2.0,1.0,25.0,Finished,False,1.0
2023,21,Las Vegas,Las Vegas Grand Prix,LEC,Charles Leclerc,Ferrari,1.0,2.0,18.0,Finished,False,-1.0
2023,21,Las Vegas,Las Vegas Grand Prix,PER,Sergio Perez,Red Bull Racing,11.0,3.0,15.0,Finished,False,8.0
2023,21,Las Vegas,Las Vegas Grand Prix,OCO,Esteban Ocon,Alpine,16.0,4.0,12.0,Finished,False,12.0
2023,21,Las Vegas,Las Vegas Grand Prix,STR,Lance Stroll,Aston Martin,19.0,5.0,10.0,Finished,False,14.0
2023,21,Las Vegas,Las Vegas Grand Prix,SAI,Carlos Sainz,Ferrari,12.0,6.0,8.0,Finished,False,6.0
2023,21,Las Vegas,Las Vegas Grand Prix,HAM,Lewis Hamilton,Mercedes,10.0,7.0,6.0,Finished,False,3.0
2023,21,Las Vegas,Las Vegas Grand Prix,RUS,George Russell,Mercedes,3.0,8.0,4.0,Finished,False,-5.0
2023,21,Las Vegas,Las Vegas Grand Prix,ALO,Fernando Alonso,Aston Martin,9.0,9.0,2.0,Finished,False,0.0
2023,21,Las Vegas,Las Vegas Grand Prix,PIA,Oscar Piastri,McLaren,18.0,10.0,2.0,Finished,False,8.0
2023,21,Las Vegas,Las Vegas Grand Prix,GAS,Pierre Gasly,Alpine,4.0,11.0,0.0,Finished,False,-7.0
2023,21,Las Vegas,Las Vegas Grand Prix,ALB,Alexander Albon,Williams,5.0,12.0,0.0,Finished,False,-7.0
2023,21,Las Vegas,Las Vegas Grand Prix,MAG,Kevin Magnussen,Haas F1 Team,8.0,13.0,0.0,Finished,False,-5.0
2023,21,Las Vegas,Las Vegas Grand Prix,RIC,Daniel Ricciardo,AlphaTauri,14.0,14.0,0.0,Finished,False,0.0
2023,21,Las Vegas,Las Vegas Grand Prix,ZHO,Guanyu Zhou,Alfa Romeo,17.0,15.0,0.0,Finished,False,2.0
2023,21,Las Vegas,Las Vegas Grand Prix,SAR,Logan Sargeant,Williams,6.0,16.0,0.0,Finished,False,-10.0
2023,21,Las Vegas,Las Vegas Grand Prix,BOT,Valtteri Bottas,Alfa Romeo,7.0,17.0,0.0,Finished,False,-10.0
2023,21,Las Vegas,Las Vegas Grand Prix,TSU,Yuki Tsunoda,AlphaTauri,20.0,18.0,0.0,Retired,True,2.0
2023,21,Las Vegas,Las Vegas Grand Prix,HUL,Nico Hulkenberg,Haas F1 Team,13.0,19.0,0.0,Retired,True,-6.0
2023,21,Las Vegas,Las Vegas Grand Prix,NOR,Lando Norris,McLaren,15.0,20.0,0.0,Retired,True,-5.0
2023,22,Yas Island,Abu Dhabi Grand Prix,VER,Max Verstappen,Red Bull Racing,1.0,1.0,26.0,Finished,False,0.0
2023,22,Yas Island,Abu Dhabi Grand Prix,LEC,Charles Leclerc,Ferrari,2.0,2.0,18.0,Finished,False,0.0
2023,22,Yas Island,Abu Dhabi Grand Prix,RUS,George Russell,Mercedes,4.0,3.0,15.0,Finished,False,1.0
2023,22,Yas Island,Abu Dhabi Grand Prix,PER,Sergio Perez,Red Bull Racing,9.0,4.0,12.0,Finished,False,5.0
2023,22,Yas Island,Abu Dhabi Grand Prix,NOR,Lando Norris,McLaren,5.0,5.0,10.0,Finished,False,0.0
2023,22,Yas Island,Abu Dhabi Grand Prix,PIA,Oscar Piastri,McLaren,3.0,6.0,8.0,Finished,False,-3.0
2023,22,Yas Island,Abu Dhabi Grand Prix,ALO,Fernando Alonso,Aston Martin,7.0,7.0,6.0,Finished,False,0.0
2023,22,Yas Island,Abu Dhabi Grand Prix,TSU,Yuki Tsunoda,AlphaTauri,6.0,8.0,4.0,Finished,False,-2.0
2023,22,Yas Island,Abu Dhabi Grand Prix,HAM,Lewis Hamilton,Mercedes,11.0,9.0,2.0,Finished,False,2.0
2023,22,Yas Island,Abu Dhabi Grand Prix,STR,Lance Stroll,Aston Martin,13.0,10.0,1.0,Finished,False,3.0
2023,22,Yas Island,Abu Dhabi Grand Prix,RIC,Daniel Ricciardo,AlphaTauri,15.0,11.0,0.0,Finished,False,4.0
2023,22,Yas Island,Abu Dhabi Grand Prix,OCO,Esteban Ocon,Alpine,12.0,12.0,0.0,Finished,False,0.0
2023,22,Yas Island,Abu Dhabi Grand Prix,GAS,Pierre Gasly,Alpine,10.0,13.0,0.0,Finished,False,-3.0
2023,22,Yas Island,Abu Dhabi Grand Prix,ALB,Alexander Albon,Williams,14.0,14.0,0.0,Finished,False,0.0
2023,22,Yas Island,Abu Dhabi Grand Prix,HUL,Nico Hulkenberg,Haas F1 Team,8.0,15.0,0.0,Finished,False,-7.0
2023,22,Yas Island,Abu Dhabi Grand Prix,SAR,Logan Sargeant,Williams,20.0,16.0,0.0,Finished,False,4.0
2023,22,Yas Island,Abu Dhabi Grand Prix,ZHO,Guanyu Zhou,Alfa Romeo,19.0,17.0,0.0,Finished,False,2.0
2023,22,Yas Island,Abu Dhabi Grand Prix,SAI,Carlos Sainz,Ferrari,16.0,18.0,0.0,Retired,True,-2.0
2023,22,Yas Island,Abu Dhabi Grand Prix,BOT,Valtteri Bottas,Alfa Romeo,18.0,19.0,0.0,Lapped,True,-1.0
2023,22,Yas Island,Abu Dhabi Grand Prix,MAG,Kevin Magnussen,Haas F1 Team,17.0,20.0,0.0,Lapped,True,-3.0
2024,1,Sakhir,Bahrain Grand Prix,VER,Max Verstappen,Red Bull Racing,1.0,1.0,26.0,Finished,False,0.0
2024,1,Sakhir,Bahrain Grand Prix,PER,Sergio Perez,Red Bull Racing,5.0,2.0,18.0,Finished,False,3.0
2024,1,Sakhir,Bahrain Grand Prix,SAI,Carlos Sainz,Ferrari,4.0,3.0,15.0,Finished,False,1.0
2024,1,Sakhir,Bahrain Grand Prix,LEC,Charles Leclerc,Ferrari,2.0,4.0,12.0,Finished,False,-2.0
2024,1,Sakhir,Bahrain Grand Prix,RUS,George Russell,Mercedes,3.0,5.0,10.0,Finished,False,-2.0
2024,1,Sakhir,Bahrain Grand Prix,NOR,Lando Norris,McLaren,7.0,6.0,8.0,Finished,False,1.0
2024,1,Sakhir,Bahrain Grand Prix,HAM,Lewis Hamilton,Mercedes,9.0,7.0,6.0,Finished,False,2.0
2024,1,Sakhir,Bahrain Grand Prix,PIA,Oscar Piastri,McLaren,8.0,8.0,4.0,Finished,False,0.0
2024,1,Sakhir,Bahrain Grand Prix,ALO,Fernando Alonso,Aston Martin,6.0,9.0,2.0,Finished,False,-3.0
2024,1,Sakhir,Bahrain Grand Prix,STR,Lance Stroll,Aston Martin,12.0,10.0,1.0,Finished,False,2.0
2024,1,Sakhir,Bahrain Grand Prix,ZHO,Guanyu Zhou,Kick Sauber,17.0,11.0,0.0,Lapped,True,6.0
2024,1,Sakhir,Bahrain Grand Prix,MAG,Kevin Magnussen,Haas F1 Team,15.0,12.0,0.0,Lapped,True,3.0
2024,1,Sakhir,Bahrain Grand Prix,RIC,Daniel Ricciardo,RB,14.0,13.0,0.0,Lapped,True,1.0
2024,1,Sakhir,Bahrain Grand Prix,TSU,Yuki Tsunoda,RB,11.0,14.0,0.0,Lapped,True,-3.0
2024,1,Sakhir,Bahrain Grand Prix,ALB,Alexander Albon,Williams,13.0,15.0,0.0,Lapped,True,-2.0
2024,1,Sakhir,Bahrain Grand Prix,HUL,Nico Hulkenberg,Haas F1 Team,10.0,16.0,0.0,Lapped,True,-6.0
2024,1,Sakhir,Bahrain Grand Prix,OCO,Esteban Ocon,Alpine,19.0,17.0,0.0,Lapped,True,2.0
2024,1,Sakhir,Bahrain Grand Prix,GAS,Pierre Gasly,Alpine,20.0,18.0,0.0,Lapped,True,2.0
2024,1,Sakhir,Bahrain Grand Prix,BOT,Valtteri Bottas,Kick Sauber,16.0,19.0,0.0,Lapped,True,-3.0
2024,1,Sakhir,Bahrain Grand Prix,SAR,Logan Sargeant,Williams,18.0,20.0,0.0,Lapped,True,-2.0
2024,2,Jeddah,Saudi Arabian Grand Prix,VER,Max Verstappen,Red Bull Racing,1.0,1.0,25.0,Finished,False,0.0
2024,2,Jeddah,Saudi Arabian Grand Prix,PER,Sergio Perez,Red Bull Racing,3.0,2.0,18.0,Finished,False,1.0
2024,2,Jeddah,Saudi Arabian Grand Prix,LEC,Charles Leclerc,Ferrari,2.0,3.0,16.0,Finished,False,-1.0
2024,2,Jeddah,Saudi Arabian Grand Prix,PIA,Oscar Piastri,McLaren,5.0,4.0,12.0,Finished,False,1.0
2024,2,Jeddah,Saudi Arabian Grand Prix,ALO,Fernando Alonso,Aston Martin,4.0,5.0,10.0,Finished,False,-1.0
2024,2,Jeddah,Saudi Arabian Grand Prix,RUS,George Russell,Mercedes,7.0,6.0,8.0,Finished,False,1.0
2024,2,Jeddah,Saudi Arabian Grand Prix,BEA,Oliver Bearman,Ferrari,11.0,7.0,6.0,Finished,False,4.0
2024,2,Jeddah,Saudi Arabian Grand Prix,NOR,Lando Norris,McLaren,6.0,8.0,4.0,Finished,False,-2.0
2024,2,Jeddah,Saudi Arabian Grand Prix,HAM,Lewis Hamilton,Mercedes,8.0,9.0,2.0,Finished,False,-1.0
2024,2,Jeddah,Saudi Arabian Grand Prix,HUL,Nico Hulkenberg,Haas F1 Team,15.0,10.0,1.0,Finished,False,5.0
2024,2,Jeddah,Saudi Arabian Grand Prix,ALB,Alexander Albon,Williams,12.0,11.0,0.0,Finished,False,1.0
2024,2,Jeddah,Saudi Arabian Grand Prix,MAG,Kevin Magnussen,Haas F1 Team,13.0,12.0,0.0,Finished,False,1.0
2024,2,Jeddah,Saudi Arabian Grand Prix,OCO,Esteban Ocon,Alpine,17.0,13.0,0.0,Lapped,True,4.0
2024,2,Jeddah,Saudi Arabian Grand Prix,SAR,Logan Sargeant,Williams,19.0,14.0,0.0,Lapped,True,5.0
2024,2,Jeddah,Saudi Arabian Grand Prix,TSU,Yuki Tsunoda,RB,9.0,15.0,0.0,Lapped,True,-6.0
2024,2,Jeddah,Saudi Arabian Grand Prix,RIC,Daniel Ricciardo,RB,14.0,16.0,0.0,Lapped,True,-2.0
2024,2,Jeddah,Saudi Arabian Grand Prix,BOT,Valtteri Bottas,Kick Sauber,16.0,17.0,0.0,Lapped,True,-1.0
2024,2,Jeddah,Saudi Arabian Grand Prix,ZHO,Guanyu Zhou,Kick Sauber,20.0,18.0,0.0,Lapped,True,2.0
2024,2,Jeddah,Saudi Arabian Grand Prix,STR,Lance Stroll,Aston Martin,10.0,19.0,0.0,Retired,True,-9.0
2024,2,Jeddah,Saudi Arabian Grand Prix,GAS,Pierre Gasly,Alpine,18.0,20.0,0.0,Retired,True,-2.0
2024,3,Melbourne,Australian Grand Prix,SAI,Carlos Sainz,Ferrari,2.0,1.0,25.0,Finished,False,1.0
2024,3,Melbourne,Australian Grand Prix,LEC,Charles Leclerc,Ferrari,4.0,2.0,19.0,Finished,False,2.0
2024,3,Melbourne,Australian Grand Prix,NOR,Lando Norris,McLaren,3.0,3.0,15.0,Finished,False,0.0
2024,3,Melbourne,Australian Grand Prix,PIA,Oscar Piastri,McLaren,5.0,4.0,12.0,Finished,False,1.0
2024,3,Melbourne,Australian Grand Prix,PER,Sergio Perez,Red Bull Racing,6.0,5.0,10.0,Finished,False,1.0
2024,3,Melbourne,Australian Grand Prix,STR,Lance Stroll,Aston Martin,9.0,6.0,8.0,Finished,False,3.0
2024,3,Melbourne,Australian Grand Prix,TSU,Yuki Tsunoda,RB,8.0,7.0,6.0,Finished,False,1.0
2024,3,Melbourne,Australian Grand Prix,ALO,Fernando Alonso,Aston Martin,10.0,8.0,4.0,Finished,False,2.0
2024,3,Melbourne,Australian Grand Prix,HUL,Nico Hulkenberg,Haas F1 Team,16.0,9.0,2.0,Finished,False,7.0
2024,3,Melbourne,Australian Grand Prix,MAG,Kevin Magnussen,Haas F1 Team,14.0,10.0,1.0,Lapped,True,4.0
2024,3,Melbourne,Australian Grand Prix,ALB,Alexander Albon,Williams,12.0,11.0,0.0,Lapped,True,1.0
2024,3,Melbourne,Australian Grand Prix,RIC,Daniel Ricciardo,RB,18.0,12.0,0.0,Lapped,True,6.0
2024,3,Melbourne,Australian Grand Prix,GAS,Pierre Gasly,Alpine,17.0,13.0,0.0,Lapped,True,4.0
2024,3,Melbourne,Australian Grand Prix,BOT,Valtteri Bottas,Kick Sauber,13.0,14.0,0.0,Lapped,True,-1.0
2024,3,Melbourne,Australian Grand Prix,ZHO,Guanyu Zhou,Kick Sauber,19.0,15.0,0.0,Lapped,True,4.0
2024,3,Melbourne,Australian Grand Prix,OCO,Esteban Ocon,Alpine,15.0,16.0,0.0,Lapped,True,-1.0
2024,3,Melbourne,Australian Grand Prix,RUS,George Russell,Mercedes,7.0,17.0,0.0,Retired,True,-10.0
2024,3,Melbourne,Australian Grand Prix,HAM,Lewis Hamilton,Mercedes,11.0,18.0,0.0,Retired,True,-7.0
2024,3,Melbourne,Australian Grand Prix,VER,Max Verstappen,Red Bull Racing,1.0,19.0,0.0,Retired,True,-18.0
2024,4,Suzuka,Japanese Grand Prix,VER,Max Verstappen,Red Bull Racing,1.0,1.0,26.0,Finished,False,0.0
2024,4,Suzuka,Japanese Grand Prix,PER,Sergio Perez,Red Bull Racing,2.0,2.0,18.0,Finished,False,0.0
2024,4,Suzuka,Japanese Grand Prix,SAI,Carlos Sainz,Ferrari,4.0,3.0,15.0,Finished,False,1.0
2024,4,Suzuka,Japanese Grand Prix,LEC,Charles Leclerc,Ferrari,8.0,4.0,12.0,Finished,False,4.0
2024,4,Suzuka,Japanese Grand Prix,NOR,Lando Norris,McLaren,3.0,5.0,10.0,Finished,False,-2.0
2024,4,Suzuka,Japanese Grand Prix,ALO,Fernando Alonso,Aston Martin,5.0,6.0,8.0,Finished,False,-1.0
2024,4,Suzuka,Japanese Grand Prix,RUS,George Russell,Mercedes,9.0,7.0,6.0,Finished,False,2.0
2024,4,Suzuka,Japanese Grand Prix,PIA,Oscar Piastri,McLaren,6.0,8.0,4.0,Finished,False,-2.0
2024,4,Suzuka,Japanese Grand Prix,HAM,Lewis Hamilton,Mercedes,7.0,9.0,2.0,Finished,False,-2.0
2024,4,Suzuka,Japanese Grand Prix,TSU,Yuki Tsunoda,RB,10.0,10.0,1.0,Lapped,True,0.0
2024,4,Suzuka,Japanese Grand Prix,HUL,Nico Hulkenberg,Haas F1 Team,12.0,11.0,0.0,Lapped,True,1.0
2024,4,Suzuka,Japanese Grand Prix,STR,Lance Stroll,Aston Martin,16.0,12.0,0.0,Lapped,True,4.0
2024,4,Suzuka,Japanese Grand Prix,MAG,Kevin Magnussen,Haas F1 Team,18.0,13.0,0.0,Lapped,True,5.0
2024,4,Suzuka,Japanese Grand Prix,BOT,Valtteri Bottas,Kick Sauber,13.0,14.0,0.0,Lapped,True,-1.0
2024,4,Suzuka,Japanese Grand Prix,OCO,Esteban Ocon,Alpine,15.0,15.0,0.0,Lapped,True,0.0
2024,4,Suzuka,Japanese Grand Prix,GAS,Pierre Gasly,Alpine,17.0,16.0,0.0,Lapped,True,1.0
2024,4,Suzuka,Japanese Grand Prix,SAR,Logan Sargeant,Williams,19.0,17.0,0.0,Lapped,True,2.0
2024,4,Suzuka,Japanese Grand Prix,ZHO,Guanyu Zhou,Kick Sauber,20.0,18.0,0.0,Retired,True,2.0
2024,4,Suzuka,Japanese Grand Prix,RIC,Daniel Ricciardo,RB,11.0,19.0,0.0,Retired,True,-8.0
2024,4,Suzuka,Japanese Grand Prix,ALB,Alexander Albon,Williams,14.0,20.0,0.0,Retired,True,-6.0
2024,5,Shanghai,Chinese Grand Prix,VER,Max Verstappen,Red Bull Racing,1.0,1.0,25.0,Finished,False,0.0
2024,5,Shanghai,Chinese Grand Prix,NOR,Lando Norris,McLaren,4.0,2.0,18.0,Finished,False,2.0
2024,5,Shanghai,Chinese Grand Prix,PER,Sergio Perez,Red Bull Racing,2.0,3.0,15.0,Finished,False,-1.0
2024,5,Shanghai,Chinese Grand Prix,LEC,Charles Leclerc,Ferrari,6.0,4.0,12.0,Finished,False,2.0
2024,5,Shanghai,Chinese Grand Prix,SAI,Carlos Sainz,Ferrari,7.0,5.0,10.0,Finished,False,2.0
2024,5,Shanghai,Chinese Grand Prix,RUS,George Russell,Mercedes,8.0,6.0,8.0,Finished,False,2.0
2024,5,Shanghai,Chinese Grand Prix,ALO,Fernando Alonso,Aston Martin,3.0,7.0,7.0,Finished,False,-4.0
2024,5,Shanghai,Chinese Grand Prix,PIA,Oscar Piastri,McLaren,5.0,8.0,4.0,Finished,False,-3.0
2024,5,Shanghai,Chinese Grand Prix,HAM,Lewis Hamilton,Mercedes,18.0,9.0,2.0,Finished,False,9.0
2024,5,Shanghai,Chinese Grand Prix,HUL,Nico Hulkenberg,Haas F1 Team,9.0,10.0,1.0,Finished,False,-1.0
2024,5,Shanghai,Chinese Grand Prix,OCO,Esteban Ocon,Alpine,13.0,11.0,0.0,Finished,False,2.0
2024,5,Shanghai,Chinese Grand Prix,ALB,Alexander Albon,Williams,14.0,12.0,0.0,Finished,False,2.0
2024,5,Shanghai,Chinese Grand Prix,GAS,Pierre Gasly,Alpine,15.0,13.0,0.0,Finished,False,2.0
2024,5,Shanghai,Chinese Grand Prix,ZHO,Guanyu Zhou,Kick Sauber,16.0,14.0,0.0,Finished,False,2.0
2024,5,Shanghai,Chinese Grand Prix,STR,Lance Stroll,Aston Martin,11.0,15.0,0.0,Finished,False,-4.0
2024,5,Shanghai,Chinese Grand Prix,MAG,Kevin Magnussen,Haas F1 Team,17.0,16.0,0.0,Finished,False,1.0
2024,5,Shanghai,Chinese Grand Prix,SAR,Logan Sargeant,Williams,20.0,17.0,0.0,Finished,False,3.0
2024,5,Shanghai,Chinese Grand Prix,RIC,Daniel Ricciardo,RB,12.0,18.0,0.0,Retired,True,-6.0
2024,5,Shanghai,Chinese Grand Prix,TSU,Yuki Tsunoda,RB,19.0,19.0,0.0,Retired,True,0.0
2024,5,Shanghai,Chinese Grand Prix,BOT,Valtteri Bottas,Kick Sauber,10.0,20.0,0.0,Retired,True,-10.0
2024,6,Miami,Miami Grand Prix,NOR,Lando Norris,McLaren,5.0,1.0,25.0,Finished,False,4.0
2024,6,Miami,Miami Grand Prix,VER,Max Verstappen,Red Bull Racing,1.0,2.0,18.0,Finished,False,-1.0
2024,6,Miami,Miami Grand Prix,LEC,Charles Leclerc,Ferrari,2.0,3.0,15.0,Finished,False,-1.0
2024,6,Miami,Miami Grand Prix,PER,Sergio Perez,Red Bull Racing,4.0,4.0,12.0,Finished,False,0.0
2024,6,Miami,Miami Grand Prix,SAI,Carlos Sainz,Ferrari,3.0,5.0,10.0,Finished,False,-2.0
2024,6,Miami,Miami Grand Prix,HAM,Lewis Hamilton,Mercedes,8.0,6.0,8.0,Finished,False,2.0
2024,6,Miami,Miami Grand Prix,TSU,Yuki Tsunoda,RB,10.0,7.0,6.0,Finished,False,3.0
2024,6,Miami,Miami Grand Prix,RUS,George Russell,Mercedes,7.0,8.0,4.0,Finished,False,-1.0
2024,6,Miami,Miami Grand Prix,ALO,Fernando Alonso,Aston Martin,15.0,9.0,2.0,Finished,False,6.0
2024,6,Miami,Miami Grand Prix,OCO,Esteban Ocon,Alpine,13.0,10.0,1.0,Finished,False,3.0
2024,6,Miami,Miami Grand Prix,HUL,Nico Hulkenberg,Haas F1 Team,9.0,11.0,0.0,Finished,False,-2.0
2024,6,Miami,Miami Grand Prix,GAS,Pierre Gasly,Alpine,12.0,12.0,0.0,Finished,False,0.0
2024,6,Miami,Miami Grand Prix,PIA,Oscar Piastri,McLaren,6.0,13.0,0.0,Finished,False,-7.0
2024,6,Miami,Miami Grand Prix,ZHO,Guanyu Zhou,Kick Sauber,19.0,14.0,0.0,Finished,False,5.0
2024,6,Miami,Miami Grand Prix,RIC,Daniel Ricciardo,RB,20.0,15.0,0.0,Finished,False,5.0
2024,6,Miami,Miami Grand Prix,BOT,Valtteri Bottas,Kick Sauber,16.0,16.0,0.0,Finished,False,0.0
2024,6,Miami,Miami Grand Prix,STR,Lance Stroll,Aston Martin,11.0,17.0,0.0,Finished,False,-6.0
2024,6,Miami,Miami Grand Prix,ALB,Alexander Albon,Williams,14.0,18.0,0.0,Finished,False,-4.0
2024,6,Miami,Miami Grand Prix,MAG,Kevin Magnussen,Haas F1 Team,18.0,19.0,0.0,Finished,False,-1.0
2024,6,Miami,Miami Grand Prix,SAR,Logan Sargeant,Williams,17.0,20.0,0.0,Retired,True,-3.0
2024,7,Imola,Emilia Romagna Grand Prix,VER,Max Verstappen,Red Bull Racing,1.0,1.0,25.0,Finished,False,0.0
2024,7,Imola,Emilia Romagna Grand Prix,NOR,Lando Norris,McLaren,2.0,2.0,18.0,Finished,False,0.0
2024,7,Imola,Emilia Romagna Grand Prix,LEC,Charles Leclerc,Ferrari,3.0,3.0,15.0,Finished,False,0.0
2024,7,Imola,Emilia Romagna Grand Prix,PIA,Oscar Piastri,McLaren,5.0,4.0,12.0,Finished,False,1.0
2024,7,Imola,Emilia Romagna Grand Prix,SAI,Carlos Sainz,Ferrari,4.0,5.0,10.0,Finished,False,-1.0
2024,7,Imola,Emilia Romagna Grand Prix,HAM,Lewis Hamilton,Mercedes,8.0,6.0,8.0,Finished,False,2.0
2024,7,Imola,Emilia Romagna Grand Prix,RUS,George Russell,Mercedes,6.0,7.0,7.0,Finished,False,-1.0
2024,7,Imola,Emilia Romagna Grand Prix,PER,Sergio Perez,Red Bull Racing,11.0,8.0,4.0,Finished,False,3.0
2024,7,Imola,Emilia Romagna Grand Prix,STR,Lance Stroll,Aston Martin,13.0,9.0,2.0,Finished,False,4.0
2024,7,Imola,Emilia Romagna Grand Prix,TSU,Yuki Tsunoda,RB,7.0,10.0,1.0,Lapped,True,-3.0
2024,7,Imola,Emilia Romagna Grand Prix,HUL,Nico Hulkenberg,Haas F1 Team,10.0,11.0,0.0,Lapped,True,-1.0
2024,7,Imola,Emilia Romagna Grand Prix,MAG,Kevin Magnussen,Haas F1 Team,18.0,12.0,0.0,Lapped,True,6.0
2024,7,Imola,Emilia Romagna Grand Prix,RIC,Daniel Ricciardo,RB,9.0,13.0,0.0,Lapped,True,-4.0
2024,7,Imola,Emilia Romagna Grand Prix,OCO,Esteban Ocon,Alpine,12.0,14.0,0.0,Lapped,True,-2.0
2024,7,Imola,Emilia Romagna Grand Prix,ZHO,Guanyu Zhou,Kick Sauber,17.0,15.0,0.0,Lapped,True,2.0
2024,7,Imola,Emilia Romagna Grand Prix,GAS,Pierre Gasly,Alpine,15.0,16.0,0.0,Lapped,True,-1.0
2024,7,Imola,Emilia Romagna Grand Prix,SAR,Logan Sargeant,Williams,19.0,17.0,0.0,Lapped,True,2.0
2024,7,Imola,Emilia Romagna Grand Prix,BOT,Valtteri Bottas,Kick Sauber,16.0,18.0,0.0,Lapped,True,-2.0
2024,7,Imola,Emilia Romagna Grand Prix,ALO,Fernando Alonso,Aston Martin,20.0,19.0,0.0,Lapped,True,1.0
2024,7,Imola,Emilia Romagna Grand Prix,ALB,Alexander Albon,Williams,14.0,20.0,0.0,Retired,True,-6.0
2024,8,Monaco,Monaco Grand Prix,LEC,Charles Leclerc,Ferrari,1.0,1.0,25.0,Finished,False,0.0
2024,8,Monaco,Monaco Grand Prix,PIA,Oscar Piastri,McLaren,2.0,2.0,18.0,Finished,False,0.0
2024,8,Monaco,Monaco Grand Prix,SAI,Carlos Sainz,Ferrari,3.0,3.0,15.0,Finished,False,0.0
2024,8,Monaco,Monaco Grand Prix,NOR,Lando Norris,McLaren,4.0,4.0,12.0,Finished,False,0.0
2024,8,Monaco,Monaco Grand Prix,RUS,George Russell,Mercedes,5.0,5.0,10.0,Finished,False,0.0
2024,8,Monaco,Monaco Grand Prix,VER,Max Verstappen,Red Bull Racing,6.0,6.0,8.0,Finished,False,0.0
2024,8,Monaco,Monaco Grand Prix,HAM,Lewis Hamilton,Mercedes,7.0,7.0,7.0,Finished,False,0.0
2024,8,Monaco,Monaco Grand Prix,TSU,Yuki Tsunoda,RB,8.0,8.0,4.0,Lapped,True,0.0
2024,8,Monaco,Monaco Grand Prix,ALB,Alexander Albon,Williams,9.0,9.0,2.0,Lapped,True,0.0
2024,8,Monaco,Monaco Grand Prix,GAS,Pierre Gasly,Alpine,10.0,10.0,1.0,Lapped,True,0.0
2024,8,Monaco,Monaco Grand Prix,ALO,Fernando Alonso,Aston Martin,14.0,11.0,0.0,Lapped,True,3.0
2024,8,Monaco,Monaco Grand Prix,RIC,Daniel Ricciardo,RB,12.0,12.0,0.0,Lapped,True,0.0
2024,8,Monaco,Monaco Grand Prix,BOT,Valtteri Bottas,Kick Sauber,17.0,13.0,0.0,Lapped,True,4.0
2024,8,Monaco,Monaco Grand Prix,STR,Lance Stroll,Aston Martin,13.0,14.0,0.0,Lapped,True,-1.0
2024,8,Monaco,Monaco Grand Prix,SAR,Logan Sargeant,Williams,15.0,15.0,0.0,Lapped,True,0.0
2024,8,Monaco,Monaco Grand Prix,ZHO,Guanyu Zhou,Kick Sauber,18.0,16.0,0.0,Lapped,True,2.0
2024,8,Monaco,Monaco Grand Prix,OCO,Esteban Ocon,Alpine,11.0,17.0,0.0,Retired,True,-6.0
2024,8,Monaco,Monaco Grand Prix,PER,Sergio Perez,Red Bull Racing,16.0,18.0,0.0,Retired,True,-2.0
2024,8,Monaco,Monaco Grand Prix,HUL,Nico Hulkenberg,Haas F1 Team,19.0,19.0,0.0,Retired,True,0.0
2024,8,Monaco,Monaco Grand Prix,MAG,Kevin Magnussen,Haas F1 Team,20.0,20.0,0.0,Retired,True,0.0
2024,9,Montréal,Canadian Grand Prix,VER,Max Verstappen,Red Bull Racing,2.0,1.0,25.0,Finished,False,1.0
2024,9,Montréal,Canadian Grand Prix,NOR,Lando Norris,McLaren,3.0,2.0,18.0,Finished,False,1.0
2024,9,Montréal,Canadian Grand Prix,RUS,George Russell,Mercedes,1.0,3.0,15.0,Finished,False,-2.0
2024,9,Montréal,Canadian Grand Prix,HAM,Lewis Hamilton,Mercedes,7.0,4.0,13.0,Finished,False,3.0
2024,9,Montréal,Canadian Grand Prix,PIA,Oscar Piastri,McLaren,4.0,5.0,10.0,Finished,False,-1.0
2024,9,Montréal,Canadian Grand Prix,ALO,Fernando Alonso,Aston Martin,6.0,6.0,8.0,Finished,False,0.0
2024,9,Montréal,Canadian Grand Prix,STR,Lance Stroll,Aston Martin,9.0,7.0,6.0,Finished,False,2.0
2024,9,Montréal,Canadian Grand Prix,RIC,Daniel Ricciardo,RB,5.0,8.0,4.0,Finished,False,-3.0
2024,9,Montréal,Canadian Grand Prix,GAS,Pierre Gasly,Alpine,15.0,9.0,2.0,Finished,False,6.0
2024,9,Montréal,Canadian Grand Prix,OCO,Esteban Ocon,Alpine,18.0,10.0,1.0,Finished,False,8.0
2024,9,Montréal,Canadian Grand Prix,HUL,Nico Hulkenberg,Haas F1 Team,17.0,11.0,0.0,Finished,False,6.0
2024,9,Montréal,Canadian Grand Prix,MAG,Kevin Magnussen,Haas F1 Team,14.0,12.0,0.0,Finished,False,2.0
2024,9,Montréal,Canadian Grand Prix,BOT,Valtteri Bottas,Kick Sauber,19.0,13.0,0.0,Finished,False,6.0
2024,9,Montréal,Canadian Grand Prix,TSU,Yuki Tsunoda,RB,8.0,14.0,0.0,Finished,False,-6.0
2024,9,Montréal,Canadian Grand Prix,ZHO,Guanyu Zhou,Kick Sauber,20.0,15.0,0.0,Lapped,True,5.0
2024,9,Montréal,Canadian Grand Prix,SAI,Carlos Sainz,Ferrari,12.0,16.0,0.0,Retired,True,-4.0
2024,9,Montréal,Canadian Grand Prix,ALB,Alexander Albon,Williams,10.0,17.0,0.0,Retired,True,-7.0
2024,9,Montréal,Canadian Grand Prix,PER,Sergio Perez,Red Bull Racing,16.0,18.0,0.0,Retired,True,-2.0
2024,9,Montréal,Canadian Grand Prix,LEC,Charles Leclerc,Ferrari,11.0,19.0,0.0,Retired,True,-8.0
2024,9,Montréal,Canadian Grand Prix,SAR,Logan Sargeant,Williams,13.0,20.0,0.0,Retired,True,-7.0
2024,10,Barcelona,Spanish Grand Prix,VER,Max Verstappen,Red Bull Racing,2.0,1.0,25.0,Finished,False,1.0
2024,10,Barcelona,Spanish Grand Prix,NOR,Lando Norris,McLaren,1.0,2.0,19.0,Finished,False,-1.0
2024,10,Barcelona,Spanish Grand Prix,HAM,Lewis Hamilton,Mercedes,3.0,3.0,15.0,Finished,False,0.0
2024,10,Barcelona,Spanish Grand Prix,RUS,George Russell,Mercedes,4.0,4.0,12.0,Finished,False,0.0
2024,10,Barcelona,Spanish Grand Prix,LEC,Charles Leclerc,Ferrari,5.0,5.0,10.0,Finished,False,0.0
2024,10,Barcelona,Spanish Grand Prix,SAI,Carlos Sainz,Ferrari,6.0,6.0,8.0,Finished,False,0.0
2024,10,Barcelona,Spanish Grand Prix,PIA,Oscar Piastri,McLaren,9.0,7.0,6.0,Finished,False,2.0
2024,10,Barcelona,Spanish Grand Prix,PER,Sergio Perez,Red Bull Racing,11.0,8.0,4.0,Finished,False,3.0
2024,10,Barcelona,Spanish Grand Prix,GAS,Pierre Gasly,Alpine,7.0,9.0,2.0,Finished,False,-2.0
2024,10,Barcelona,Spanish Grand Prix,OCO,Esteban Ocon,Alpine,8.0,10.0,1.0,Finished,False,-2.0
2024,10,Barcelona,Spanish Grand Prix,HUL,Nico Hulkenberg,Haas F1 Team,13.0,11.0,0.0,Finished,False,2.0
2024,10,Barcelona,Spanish Grand Prix,ALO,Fernando Alonso,Aston Martin,10.0,12.0,0.0,Lapped,True,-2.0
2024,10,Barcelona,Spanish Grand Prix,ZHO,Guanyu Zhou,Kick Sauber,15.0,13.0,0.0,Lapped,True,2.0
2024,10,Barcelona,Spanish Grand Prix,STR,Lance Stroll,Aston Martin,14.0,14.0,0.0,Lapped,True,0.0
2024,10,Barcelona,Spanish Grand Prix,RIC,Daniel Ricciardo,RB,18.0,15.0,0.0,Lapped,True,3.0
2024,10,Barcelona,Spanish Grand Prix,BOT,Valtteri Bottas,Kick Sauber,12.0,16.0,0.0,Lapped,True,-4.0
2024,10,Barcelona,Spanish Grand Prix,MAG,Kevin Magnussen,Haas F1 Team,16.0,17.0,0.0,Lapped,True,-1.0
2024,10,Barcelona,Spanish Grand Prix,ALB,Alexander Albon,Williams,20.0,18.0,0.0,Lapped,True,2.0
2024,10,Barcelona,Spanish Grand Prix,TSU,Yuki Tsunoda,RB,17.0,19.0,0.0,Lapped,True,-2.0
2024,10,Barcelona,Spanish Grand Prix,SAR,Logan Sargeant,Williams,19.0,20.0,0.0,Lapped,True,-1.0
2024,11,Spielberg,Austrian Grand Prix,RUS,George Russell,Mercedes,3.0,1.0,25.0,Finished,False,2.0
2024,11,Spielberg,Austrian Grand Prix,PIA,Oscar Piastri,McLaren,7.0,2.0,18.0,Finished,False,5.0
2024,11,Spielberg,Austrian Grand Prix,SAI,Carlos Sainz,Ferrari,4.0,3.0,15.0,Finished,False,1.0
2024,11,Spielberg,Austrian Grand Prix,HAM,Lewis Hamilton,Mercedes,5.0,4.0,12.0,Finished,False,1.0
2024,11,Spielberg,Austrian Grand Prix,VER,Max Verstappen,Red Bull Racing,1.0,5.0,10.0,Finished,False,-4.0
2024,11,Spielberg,Austrian Grand Prix,HUL,Nico Hulkenberg,Haas F1 Team,9.0,6.0,8.0,Finished,False,3.0
2024,11,Spielberg,Austrian Grand Prix,PER,Sergio Perez,Red Bull Racing,8.0,7.0,6.0,Finished,False,1.0
2024,11,Spielberg,Austrian Grand Prix,MAG,Kevin Magnussen,Haas F1 Team,12.0,8.0,4.0,Finished,False,4.0
2024,11,Spielberg,Austrian Grand Prix,RIC,Daniel Ricciardo,RB,11.0,9.0,2.0,Finished,False,2.0
2024,11,Spielberg,Austrian Grand Prix,GAS,Pierre Gasly,Alpine,13.0,10.0,1.0,Finished,False,3.0
2024,11,Spielberg,Austrian Grand Prix,LEC,Charles Leclerc,Ferrari,6.0,11.0,0.0,Finished,False,-5.0
2024,11,Spielberg,Austrian Grand Prix,OCO,Esteban Ocon,Alpine,10.0,12.0,0.0,Finished,False,-2.0
2024,11,Spielberg,Austrian Grand Prix,STR,Lance Stroll,Aston Martin,17.0,13.0,0.0,Lapped,True,4.0
2024,11,Spielberg,Austrian Grand Prix,TSU,Yuki Tsunoda,RB,14.0,14.0,0.0,Lapped,True,0.0
2024,11,Spielberg,Austrian Grand Prix,ALB,Alexander Albon,Williams,16.0,15.0,0.0,Lapped,True,1.0
2024,11,Spielberg,Austrian Grand Prix,BOT,Valtteri Bottas,Kick Sauber,18.0,16.0,0.0,Lapped,True,2.0
2024,11,Spielberg,Austrian Grand Prix,ZHO,Guanyu Zhou,Kick Sauber,20.0,17.0,0.0,Lapped,True,3.0
2024,11,Spielberg,Austrian Grand Prix,ALO,Fernando Alonso,Aston Martin,15.0,18.0,0.0,Lapped,True,-3.0
2024,11,Spielberg,Austrian Grand Prix,SAR,Logan Sargeant,Williams,19.0,19.0,0.0,Lapped,True,0.0
2024,11,Spielberg,Austrian Grand Prix,NOR,Lando Norris,McLaren,2.0,20.0,0.0,Lapped,True,-18.0
2024,12,Silverstone,British Grand Prix,HAM,Lewis Hamilton,Mercedes,2.0,1.0,25.0,Finished,False,1.0
2024,12,Silverstone,British Grand Prix,VER,Max Verstappen,Red Bull Racing,4.0,2.0,18.0,Finished,False,2.0
2024,12,Silverstone,British Grand Prix,NOR,Lando Norris,McLaren,3.0,3.0,15.0,Finished,False,0.0
2024,12,Silverstone,British Grand Prix,PIA,Oscar Piastri,McLaren,5.0,4.0,12.0,Finished,False,1.0
2024,12,Silverstone,British Grand Prix,SAI,Carlos Sainz,Ferrari,7.0,5.0,11.0,Finished,False,2.0
2024,12,Silverstone,British Grand Prix,HUL,Nico Hulkenberg,Haas F1 Team,6.0,6.0,8.0,Finished,False,0.0
2024,12,Silverstone,British Grand Prix,STR,Lance Stroll,Aston Martin,8.0,7.0,6.0,Finished,False,1.0
2024,12,Silverstone,British Grand Prix,ALO,Fernando Alonso,Aston Martin,10.0,8.0,4.0,Finished,False,2.0
2024,12,Silverstone,British Grand Prix,ALB,Alexander Albon,Williams,9.0,9.0,2.0,Finished,False,0.0
2024,12,Silverstone,British Grand Prix,TSU,Yuki Tsunoda,RB,13.0,10.0,1.0,Finished,False,3.0
2024,12,Silverstone,British Grand Prix,SAR,Logan Sargeant,Williams,12.0,11.0,0.0,Finished,False,1.0
2024,12,Silverstone,British Grand Prix,MAG,Kevin Magnussen,Haas F1 Team,17.0,12.0,0.0,Finished,False,5.0
2024,12,Silverstone,British Grand Prix,RIC,Daniel Ricciardo,RB,15.0,13.0,0.0,Lapped,True,2.0
2024,12,Silverstone,British Grand Prix,LEC,Charles Leclerc,Ferrari,11.0,14.0,0.0,Lapped,True,-3.0
2024,12,Silverstone,British Grand Prix,BOT,Valtteri Bottas,Kick Sauber,16.0,15.0,0.0,Lapped,True,1.0
2024,12,Silverstone,British Grand Prix,OCO,Esteban Ocon,Alpine,18.0,16.0,0.0,Lapped,True,2.0
2024,12,Silverstone,British Grand Prix,PER,Sergio Perez,Red Bull Racing,20.0,17.0,0.0,Lapped,True,3.0
2024,12,Silverstone,British Grand Prix,ZHO,Guanyu Zhou,Kick Sauber,14.0,18.0,0.0,Lapped,True,-4.0
2024,12,Silverstone,British Grand Prix,RUS,George Russell,Mercedes,1.0,19.0,0.0,Retired,True,-18.0
2024,12,Silverstone,British Grand Prix,GAS,Pierre Gasly,Alpine,19.0,20.0,0.0,Did not start,True,-1.0
2024,13,Budapest,Hungarian Grand Prix,PIA,Oscar Piastri,McLaren,2.0,1.0,25.0,Finished,False,1.0
2024,13,Budapest,Hungarian Grand Prix,NOR,Lando Norris,McLaren,1.0,2.0,18.0,Finished,False,-1.0
2024,13,Budapest,Hungarian Grand Prix,HAM,Lewis Hamilton,Mercedes,5.0,3.0,15.0,Finished,False,2.0
2024,13,Budapest,Hungarian Grand Prix,LEC,Charles Leclerc,Ferrari,6.0,4.0,12.0,Finished,False,2.0
2024,13,Budapest,Hungarian Grand Prix,VER,Max Verstappen,Red Bull Racing,3.0,5.0,10.0,Finished,False,-2.0
2024,13,Budapest,Hungarian Grand Prix,SAI,Carlos Sainz,Ferrari,4.0,6.0,8.0,Finished,False,-2.0
2024,13,Budapest,Hungarian Grand Prix,PER,Sergio Perez,Red Bull Racing,16.0,7.0,6.0,Finished,False,9.0
2024,13,Budapest,Hungarian Grand Prix,RUS,George Russell,Mercedes,17.0,8.0,5.0,Finished,False,9.0
2024,13,Budapest,Hungarian Grand Prix,TSU,Yuki Tsunoda,RB,10.0,9.0,2.0,Finished,False,1.0
2024,13,Budapest,Hungarian Grand Prix,STR,Lance Stroll,Aston Martin,8.0,10.0,1.0,Finished,False,-2.0
2024,13,Budapest,Hungarian Grand Prix,ALO,Fernando Alonso,Aston Martin,7.0,11.0,0.0,Finished,False,-4.0
2024,13,Budapest,Hungarian Grand Prix,RIC,Daniel Ricciardo,RB,9.0,12.0,0.0,Lapped,True,-3.0
2024,13,Budapest,Hungarian Grand Prix,HUL,Nico Hulkenberg,Haas F1 Team,11.0,13.0,0.0,Lapped,True,-2.0
2024,13,Budapest,Hungarian Grand Prix,ALB,Alexander Albon,Williams,13.0,14.0,0.0,Lapped,True,-1.0
2024,13,Budapest,Hungarian Grand Prix,MAG,Kevin Magnussen,Haas F1 Team,15.0,15.0,0.0,Lapped,True,0.0
2024,13,Budapest,Hungarian Grand Prix,BOT,Valtteri Bottas,Kick Sauber,12.0,16.0,0.0,Lapped,True,-4.0
2024,13,Budapest,Hungarian Grand Prix,SAR,Logan Sargeant,Williams,14.0,17.0,0.0,Lapped,True,-3.0
2024,13,Budapest,Hungarian Grand Prix,OCO,Esteban Ocon,Alpine,19.0,18.0,0.0,Lapped,True,1.0
2024,13,Budapest,Hungarian Grand Prix,ZHO,Guanyu Zhou,Kick Sauber,18.0,19.0,0.0,Lapped,True,-1.0
2024,13,Budapest,Hungarian Grand Prix,GAS,Pierre Gasly,Alpine,20.0,20.0,0.0,Retired,True,0.0
2024,14,Spa-Francorchamps,Belgian Grand Prix,HAM,Lewis Hamilton,Mercedes,3.0,1.0,25.0,Finished,False,2.0
2024,14,Spa-Francorchamps,Belgian Grand Prix,PIA,Oscar Piastri,McLaren,5.0,2.0,18.0,Finished,False,3.0
2024,14,Spa-Francorchamps,Belgian Grand Prix,LEC,Charles Leclerc,Ferrari,1.0,3.0,15.0,Finished,False,-2.0
2024,14,Spa-Francorchamps,Belgian Grand Prix,VER,Max Verstappen,Red Bull Racing,11.0,4.0,12.0,Finished,False,7.0
2024,14,Spa-Francorchamps,Belgian Grand Prix,NOR,Lando Norris,McLaren,4.0,5.0,10.0,Finished,False,-1.0
2024,14,Spa-Francorchamps,Belgian Grand Prix,SAI,Carlos Sainz,Ferrari,7.0,6.0,8.0,Finished,False,1.0
2024,14,Spa-Francorchamps,Belgian Grand Prix,PER,Sergio Perez,Red Bull Racing,2.0,7.0,7.0,Finished,False,-5.0
2024,14,Spa-Francorchamps,Belgian Grand Prix,ALO,Fernando Alonso,Aston Martin,8.0,8.0,4.0,Finished,False,0.0
2024,14,Spa-Francorchamps,Belgian Grand Prix,OCO,Esteban Ocon,Alpine,9.0,9.0,2.0,Finished,False,0.0
2024,14,Spa-Francorchamps,Belgian Grand Prix,RIC,Daniel Ricciardo,RB,13.0,10.0,1.0,Finished,False,3.0
2024,14,Spa-Francorchamps,Belgian Grand Prix,STR,Lance Stroll,Aston Martin,15.0,11.0,0.0,Finished,False,4.0
2024,14,Spa-Francorchamps,Belgian Grand Prix,ALB,Alexander Albon,Williams,10.0,12.0,0.0,Finished,False,-2.0
2024,14,Spa-Francorchamps,Belgian Grand Prix,GAS,Pierre Gasly,Alpine,12.0,13.0,0.0,Finished,False,-1.0
2024,14,Spa-Francorchamps,Belgian Grand Prix,MAG,Kevin Magnussen,Haas F1 Team,17.0,14.0,0.0,Finished,False,3.0
2024,14,Spa-Francorchamps,Belgian Grand Prix,BOT,Valtteri Bottas,Kick Sauber,14.0,15.0,0.0,Finished,False,-1.0
2024,14,Spa-Francorchamps,Belgian Grand Prix,TSU,Yuki Tsunoda,RB,20.0,16.0,0.0,Finished,False,4.0
2024,14,Spa-Francorchamps,Belgian Grand Prix,SAR,Logan Sargeant,Williams,18.0,17.0,0.0,Finished,False,1.0
2024,14,Spa-Francorchamps,Belgian Grand Prix,HUL,Nico Hulkenberg,Haas F1 Team,16.0,18.0,0.0,Finished,False,-2.0
2024,14,Spa-Francorchamps,Belgian Grand Prix,ZHO,Guanyu Zhou,Kick Sauber,19.0,19.0,0.0,Retired,True,0.0
2024,14,Spa-Francorchamps,Belgian Grand Prix,RUS,George Russell,Mercedes,6.0,20.0,0.0,Disqualified,True,-14.0
2024,15,Zandvoort,Dutch Grand Prix,NOR,Lando Norris,McLaren,1.0,1.0,26.0,Finished,False,0.0
2024,15,Zandvoort,Dutch Grand Prix,VER,Max Verstappen,Red Bull Racing,2.0,2.0,18.0,Finished,False,0.0
2024,15,Zandvoort,Dutch Grand Prix,LEC,Charles Leclerc,Ferrari,6.0,3.0,15.0,Finished,False,3.0
2024,15,Zandvoort,Dutch Grand Prix,PIA,Oscar Piastri,McLaren,3.0,4.0,12.0,Finished,False,-1.0
2024,15,Zandvoort,Dutch Grand Prix,SAI,Carlos Sainz,Ferrari,10.0,5.0,10.0,Finished,False,5.0
2024,15,Zandvoort,Dutch Grand Prix,PER,Sergio Perez,Red Bull Racing,5.0,6.0,8.0,Finished,False,-1.0
2024,15,Zandvoort,Dutch Grand Prix,RUS,George Russell,Mercedes,4.0,7.0,6.0,Finished,False,-3.0
2024,15,Zandvoort,Dutch Grand Prix,HAM,Lewis Hamilton,Mercedes,14.0,8.0,4.0,Finished,False,6.0
2024,15,Zandvoort,Dutch Grand Prix,GAS,Pierre Gasly,Alpine,9.0,9.0,2.0,Lapped,True,0.0
2024,15,Zandvoort,Dutch Grand Prix,ALO,Fernando Alonso,Aston Martin,7.0,10.0,1.0,Lapped,True,-3.0
2024,15,Zandvoort,Dutch Grand Prix,HUL,Nico Hulkenberg,Haas F1 Team,12.0,11.0,0.0,Lapped,True,1.0
2024,15,Zandvoort,Dutch Grand Prix,RIC,Daniel Ricciardo,RB,13.0,12.0,0.0,Lapped,True,1.0
2024,15,Zandvoort,Dutch Grand Prix,STR,Lance Stroll,Aston Martin,8.0,13.0,0.0,Lapped,True,-5.0
2024,15,Zandvoort,Dutch Grand Prix,ALB,Alexander Albon,Williams,19.0,14.0,0.0,Lapped,True,5.0
2024,15,Zandvoort,Dutch Grand Prix,OCO,Esteban Ocon,Alpine,15.0,15.0,0.0,Lapped,True,0.0
2024,15,Zandvoort,Dutch Grand Prix,SAR,Logan Sargeant,Williams,18.0,16.0,0.0,Lapped,True,2.0
2024,15,Zandvoort,Dutch Grand Prix,TSU,Yuki Tsunoda,RB,11.0,17.0,0.0,Lapped,True,-6.0
2024,15,Zandvoort,Dutch Grand Prix,MAG,Kevin Magnussen,Haas F1 Team,20.0,18.0,0.0,Lapped,True,2.0
2024,15,Zandvoort,Dutch Grand Prix,BOT,Valtteri Bottas,Kick Sauber,16.0,19.0,0.0,Lapped,True,-3.0
2024,15,Zandvoort,Dutch Grand Prix,ZHO,Guanyu Zhou,Kick Sauber,17.0,20.0,0.0,Lapped,True,-3.0
2024,16,Monza,Italian Grand Prix,LEC,Charles Leclerc,Ferrari,4.0,1.0,25.0,Finished,False,3.0
2024,16,Monza,Italian Grand Prix,PIA,Oscar Piastri,McLaren,2.0,2.0,18.0,Finished,False,0.0
2024,16,Monza,Italian Grand Prix,NOR,Lando Norris,McLaren,1.0,3.0,16.0,Finished,False,-2.0
2024,16,Monza,Italian Grand Prix,SAI,Carlos Sainz,Ferrari,5.0,4.0,12.0,Finished,False,1.0
2024,16,Monza,Italian Grand Prix,HAM,Lewis Hamilton,Mercedes,6.0,5.0,10.0,Finished,False,1.0
2024,16,Monza,Italian Grand Prix,VER,Max Verstappen,Red Bull Racing,7.0,6.0,8.0,Finished,False,1.0
2024,16,Monza,Italian Grand Prix,RUS,George Russell,Mercedes,3.0,7.0,6.0,Finished,False,-4.0
2024,16,Monza,Italian Grand Prix,PER,Sergio Perez,Red Bull Racing,8.0,8.0,4.0,Finished,False,0.0
2024,16,Monza,Italian Grand Prix,ALB,Alexander Albon,Williams,9.0,9.0,2.0,Finished,False,0.0
2024,16,Monza,Italian Grand Prix,MAG,Kevin Magnussen,Haas F1 Team,13.0,10.0,1.0,Finished,False,3.0
2024,16,Monza,Italian Grand Prix,ALO,Fernando Alonso,Aston Martin,11.0,11.0,0.0,Finished,False,0.0
2024,16,Monza,Italian Grand Prix,COL,Franco Colapinto,Williams,18.0,12.0,0.0,Finished,False,6.0
2024,16,Monza,Italian Grand Prix,RIC,Daniel Ricciardo,RB,12.0,13.0,0.0,Finished,False,-1.0
2024,16,Monza,Italian Grand Prix,OCO,Esteban Ocon,Alpine,15.0,14.0,0.0,Lapped,True,1.0
2024,16,Monza,Italian Grand Prix,GAS,Pierre Gasly,Alpine,14.0,15.0,0.0,Lapped,True,-1.0
2024,16,Monza,Italian Grand Prix,BOT,Valtteri Bottas,Kick Sauber,19.0,16.0,0.0,Lapped,True,3.0
2024,16,Monza,Italian Grand Prix,HUL,Nico Hulkenberg,Haas F1 Team,10.0,17.0,0.0,Lapped,True,-7.0
2024,16,Monza,Italian Grand Prix,ZHO,Guanyu Zhou,Kick Sauber,20.0,18.0,0.0,Lapped,True,2.0
2024,16,Monza,Italian Grand Prix,STR,Lance Stroll,Aston Martin,17.0,19.0,0.0,Lapped,True,-2.0
2024,16,Monza,Italian Grand Prix,TSU,Yuki Tsunoda,RB,16.0,20.0,0.0,Retired,True,-4.0
2024,17,Baku,Azerbaijan Grand Prix,PIA,Oscar Piastri,McLaren,2.0,1.0,25.0,Finished,False,1.0
2024,17,Baku,Azerbaijan Grand Prix,LEC,Charles Leclerc,Ferrari,1.0,2.0,18.0,Finished,False,-1.0
2024,17,Baku,Azerbaijan Grand Prix,RUS,George Russell,Mercedes,5.0,3.0,15.0,Finished,False,2.0
2024,17,Baku,Azerbaijan Grand Prix,NOR,Lando Norris,McLaren,15.0,4.0,13.0,Finished,False,11.0
2024,17,Baku,Azerbaijan Grand Prix,VER,Max Verstappen,Red Bull Racing,6.0,5.0,10.0,Finished,False,1.0
2024,17,Baku,Azerbaijan Grand Prix,ALO,Fernando Alonso,Aston Martin,7.0,6.0,8.0,Finished,False,1.0
2024,17,Baku,Azerbaijan Grand Prix,ALB,Alexander Albon,Williams,9.0,7.0,6.0,Finished,False,2.0
2024,17,Baku,Azerbaijan Grand Prix,COL,Franco Colapinto,Williams,8.0,8.0,4.0,Finished,False,0.0
2024,17,Baku,Azerbaijan Grand Prix,HAM,Lewis Hamilton,Mercedes,19.0,9.0,2.0,Finished,False,10.0
2024,17,Baku,Azerbaijan Grand Prix,BEA,Oliver Bearman,Haas F1 Team,10.0,10.0,1.0,Finished,False,0.0
2024,17,Baku,Azerbaijan Grand Prix,HUL,Nico Hulkenberg,Haas F1 Team,12.0,11.0,0.0,Finished,False,1.0
2024,17,Baku,Azerbaijan Grand Prix,GAS,Pierre Gasly,Alpine,18.0,12.0,0.0,Finished,False,6.0
2024,17,Baku,Azerbaijan Grand Prix,RIC,Daniel Ricciardo,RB,14.0,13.0,0.0,Finished,False,1.0
2024,17,Baku,Azerbaijan Grand Prix,ZHO,Guanyu Zhou,Kick Sauber,17.0,14.0,0.0,Finished,False,3.0
2024,17,Baku,Azerbaijan Grand Prix,OCO,Esteban Ocon,Alpine,20.0,15.0,0.0,Lapped,True,5.0
2024,17,Baku,Azerbaijan Grand Prix,BOT,Valtteri Bottas,Kick Sauber,16.0,16.0,0.0,Lapped,True,0.0
2024,17,Baku,Azerbaijan Grand Prix,PER,Sergio Perez,Red Bull Racing,4.0,17.0,0.0,Retired,True,-13.0
2024,17,Baku,Azerbaijan Grand Prix,SAI,Carlos Sainz,Ferrari,3.0,18.0,0.0,Retired,True,-15.0
2024,17,Baku,Azerbaijan Grand Prix,STR,Lance Stroll,Aston Martin,13.0,19.0,0.0,Retired,True,-6.0
2024,17,Baku,Azerbaijan Grand Prix,TSU,Yuki Tsunoda,RB,11.0,20.0,0.0,Retired,True,-9.0
2024,18,Marina Bay,Singapore Grand Prix,NOR,Lando Norris,McLaren,1.0,1.0,25.0,Finished,False,0.0
2024,18,Marina Bay,Singapore Grand Prix,VER,Max Verstappen,Red Bull Racing,2.0,2.0,18.0,Finished,False,0.0
2024,18,Marina Bay,Singapore Grand Prix,PIA,Oscar Piastri,McLaren,5.0,3.0,15.0,Finished,False,2.0
2024,18,Marina Bay,Singapore Grand Prix,RUS,George Russell,Mercedes,4.0,4.0,12.0,Finished,False,0.0
2024,18,Marina Bay,Singapore Grand Prix,LEC,Charles Leclerc,Ferrari,9.0,5.0,10.0,Finished,False,4.0
2024,18,Marina Bay,Singapore Grand Prix,HAM,Lewis Hamilton,Mercedes,3.0,6.0,8.0,Finished,False,-3.0
2024,18,Marina Bay,Singapore Grand Prix,SAI,Carlos Sainz,Ferrari,10.0,7.0,6.0,Finished,False,3.0
2024,18,Marina Bay,Singapore Grand Prix,ALO,Fernando Alonso,Aston Martin,7.0,8.0,4.0,Lapped,True,-1.0
2024,18,Marina Bay,Singapore Grand Prix,HUL,Nico Hulkenberg,Haas F1 Team,6.0,9.0,2.0,Lapped,True,-3.0
2024,18,Marina Bay,Singapore Grand Prix,PER,Sergio Perez,Red Bull Racing,13.0,10.0,1.0,Lapped,True,3.0
2024,18,Marina Bay,Singapore Grand Prix,COL,Franco Colapinto,Williams,12.0,11.0,0.0,Lapped,True,1.0
2024,18,Marina Bay,Singapore Grand Prix,TSU,Yuki Tsunoda,RB,8.0,12.0,0.0,Lapped,True,-4.0
2024,18,Marina Bay,Singapore Grand Prix,OCO,Esteban Ocon,Alpine,15.0,13.0,0.0,Lapped,True,2.0
2024,18,Marina Bay,Singapore Grand Prix,STR,Lance Stroll,Aston Martin,17.0,14.0,0.0,Lapped,True,3.0
2024,18,Marina Bay,Singapore Grand Prix,ZHO,Guanyu Zhou,Kick Sauber,20.0,15.0,0.0,Lapped,True,5.0
2024,18,Marina Bay,Singapore Grand Prix,BOT,Valtteri Bottas,Kick Sauber,19.0,16.0,0.0,Lapped,True,3.0
2024,18,Marina Bay,Singapore Grand Prix,GAS,Pierre Gasly,Alpine,18.0,17.0,0.0,Lapped,True,1.0
2024,18,Marina Bay,Singapore Grand Prix,RIC,Daniel Ricciardo,RB,16.0,18.0,0.0,Lapped,True,-2.0
2024,18,Marina Bay,Singapore Grand Prix,MAG,Kevin Magnussen,Haas F1 Team,14.0,19.0,0.0,Retired,True,-5.0
2024,18,Marina Bay,Singapore Grand Prix,ALB,Alexander Albon,Williams,11.0,20.0,0.0,Retired,True,-9.0
2024,19,Austin,United States Grand Prix,LEC,Charles Leclerc,Ferrari,4.0,1.0,25.0,Finished,False,3.0
2024,19,Austin,United States Grand Prix,SAI,Carlos Sainz,Ferrari,3.0,2.0,18.0,Finished,False,1.0
2024,19,Austin,United States Grand Prix,VER,Max Verstappen,Red Bull Racing,2.0,3.0,15.0,Finished,False,-1.0
2024,19,Austin,United States Grand Prix,NOR,Lando Norris,McLaren,1.0,4.0,12.0,Finished,False,-3.0
2024,19,Austin,United States Grand Prix,PIA,Oscar Piastri,McLaren,5.0,5.0,10.0,Finished,False,0.0
2024,19,Austin,United States Grand Prix,RUS,George Russell,Mercedes,20.0,6.0,8.0,Finished,False,14.0
2024,19,Austin,United States Grand Prix,PER,Sergio Perez,Red Bull Racing,9.0,7.0,6.0,Finished,False,2.0
2024,19,Austin,United States Grand Prix,HUL,Nico Hulkenberg,Haas F1 Team,11.0,8.0,4.0,Finished,False,3.0
2024,19,Austin,United States Grand Prix,LAW,Liam Lawson,RB,19.0,9.0,2.0,Finished,False,10.0
2024,19,Austin,United States Grand Prix,COL,Franco Colapinto,Williams,15.0,10.0,1.0,Finished,False,5.0
2024,19,Austin,United States Grand Prix,MAG,Kevin Magnussen,Haas F1 Team,8.0,11.0,0.0,Finished,False,-3.0
2024,19,Austin,United States Grand Prix,GAS,Pierre Gasly,Alpine,6.0,12.0,0.0,Finished,False,-6.0
2024,19,Austin,United States Grand Prix,ALO,Fernando Alonso,Aston Martin,7.0,13.0,0.0,Lapped,True,-6.0
2024,19,Austin,United States Grand Prix,TSU,Yuki Tsunoda,RB,10.0,14.0,0.0,Lapped,True,-4.0
2024,19,Austin,United States Grand Prix,STR,Lance Stroll,Aston Martin,13.0,15.0,0.0,Lapped,True,-2.0
2024,19,Austin,United States Grand Prix,ALB,Alexander Albon,Williams,14.0,16.0,0.0,Lapped,True,-2.0
2024,19,Austin,United States Grand Prix,BOT,Valtteri Bottas,Kick Sauber,16.0,17.0,0.0,Lapped,True,-1.0
2024,19,Austin,United States Grand Prix,OCO,Esteban Ocon,Alpine,12.0,18.0,0.0,Lapped,True,-6.0
2024,19,Austin,United States Grand Prix,ZHO,Guanyu Zhou,Kick Sauber,18.0,19.0,0.0,Lapped,True,-1.0
2024,19,Austin,United States Grand Prix,HAM,Lewis Hamilton,Mercedes,17.0,20.0,0.0,Retired,True,-3.0
2024,20,Mexico City,Mexico City Grand Prix,SAI,Carlos Sainz,Ferrari,1.0,1.0,25.0,Finished,False,0.0
2024,20,Mexico City,Mexico City Grand Prix,NOR,Lando Norris,McLaren,3.0,2.0,18.0,Finished,False,1.0
2024,20,Mexico City,Mexico City Grand Prix,LEC,Charles Leclerc,Ferrari,4.0,3.0,16.0,Finished,False,1.0
2024,20,Mexico City,Mexico City Grand Prix,HAM,Lewis Hamilton,Mercedes,6.0,4.0,12.0,Finished,False,2.0
2024,20,Mexico City,Mexico City Grand Prix,RUS,George Russell,Mercedes,5.0,5.0,10.0,Finished,False,0.0
2024,20,Mexico City,Mexico City Grand Prix,VER,Max Verstappen,Red Bull Racing,2.0,6.0,8.0,Finished,False,-4.0
2024,20,Mexico City,Mexico City Grand Prix,MAG,Kevin Magnussen,Haas F1 Team,7.0,7.0,6.0,Finished,False,0.0
2024,20,Mexico City,Mexico City Grand Prix,PIA,Oscar Piastri,McLaren,17.0,8.0,4.0,Finished,False,9.0
2024,20,Mexico City,Mexico City Grand Prix,HUL,Nico Hulkenberg,Haas F1 Team,10.0,9.0,2.0,Lapped,True,1.0
2024,20,Mexico City,Mexico City Grand Prix,GAS,Pierre Gasly,Alpine,8.0,10.0,1.0,Lapped,True,-2.0
2024,20,Mexico City,Mexico City Grand Prix,STR,Lance Stroll,Aston Martin,14.0,11.0,0.0,Lapped,True,3.0
2024,20,Mexico City,Mexico City Grand Prix,COL,Franco Colapinto,Williams,16.0,12.0,0.0,Lapped,True,4.0
2024,20,Mexico City,Mexico City Grand Prix,OCO,Esteban Ocon,Alpine,0.0,13.0,0.0,Lapped,True,-13.0
2024,20,Mexico City,Mexico City Grand Prix,BOT,Valtteri Bottas,Kick Sauber,15.0,14.0,0.0,Lapped,True,1.0
2024,20,Mexico City,Mexico City Grand Prix,ZHO,Guanyu Zhou,Kick Sauber,19.0,15.0,0.0,Lapped,True,4.0
2024,20,Mexico City,Mexico City Grand Prix,LAW,Liam Lawson,RB,12.0,16.0,0.0,Lapped,True,-4.0
2024,20,Mexico City,Mexico City Grand Prix,PER,Sergio Perez,Red Bull Racing,18.0,17.0,0.0,Lapped,True,1.0
2024,20,Mexico City,Mexico City Grand Prix,ALO,Fernando Alonso,Aston Martin,13.0,18.0,0.0,Retired,True,-5.0
2024,20,Mexico City,Mexico City Grand Prix,ALB,Alexander Albon,Williams,9.0,19.0,0.0,Retired,True,-10.0
2024,20,Mexico City,Mexico City Grand Prix,TSU,Yuki Tsunoda,RB,11.0,20.0,0.0,Retired,True,-9.0
2024,21,São Paulo,São Paulo Grand Prix,VER,Max Verstappen,Red Bull Racing,17.0,1.0,26.0,Finished,False,16.0
2024,21,São Paulo,São Paulo Grand Prix,OCO,Esteban Ocon,Alpine,4.0,2.0,18.0,Finished,False,2.0
2024,21,São Paulo,São Paulo Grand Prix,GAS,Pierre Gasly,Alpine,13.0,3.0,15.0,Finished,False,10.0
2024,21,São Paulo,São Paulo Grand Prix,RUS,George Russell,Mercedes,2.0,4.0,12.0,Finished,False,-2.0
2024,21,São Paulo,São Paulo Grand Prix,LEC,Charles Leclerc,Ferrari,6.0,5.0,10.0,Finished,False,1.0
2024,21,São Paulo,São Paulo Grand Prix,NOR,Lando Norris,McLaren,1.0,6.0,8.0,Finished,False,-5.0
2024,21,São Paulo,São Paulo Grand Prix,TSU,Yuki Tsunoda,RB,3.0,7.0,6.0,Finished,False,-4.0
2024,21,São Paulo,São Paulo Grand Prix,PIA,Oscar Piastri,McLaren,8.0,8.0,4.0,Finished,False,0.0
2024,21,São Paulo,São Paulo Grand Prix,LAW,Liam Lawson,RB,5.0,9.0,2.0,Finished,False,-4.0
2024,21,São Paulo,São Paulo Grand Prix,HAM,Lewis Hamilton,Mercedes,14.0,10.0,1.0,Finished,False,4.0
2024,21,São Paulo,São Paulo Grand Prix,PER,Sergio Perez,Red Bull Racing,12.0,11.0,0.0,Finished,False,1.0
2024,21,São Paulo,São Paulo Grand Prix,BEA,Oliver Bearman,Haas F1 Team,15.0,12.0,0.0,Finished,False,3.0
2024,21,São Paulo,São Paulo Grand Prix,BOT,Valtteri Bottas,Kick Sauber,11.0,13.0,0.0,Finished,False,-2.0
2024,21,São Paulo,São Paulo Grand Prix,ALO,Fernando Alonso,Aston Martin,9.0,14.0,0.0,Finished,False,-5.0
2024,21,São Paulo,São Paulo Grand Prix,ZHO,Guanyu Zhou,Kick Sauber,19.0,15.0,0.0,Finished,False,4.0
2024,21,São Paulo,São Paulo Grand Prix,SAI,Carlos Sainz,Ferrari,20.0,16.0,0.0,Retired,True,4.0
2024,21,São Paulo,São Paulo Grand Prix,COL,Franco Colapinto,Williams,16.0,17.0,0.0,Retired,True,-1.0
2024,21,São Paulo,São Paulo Grand Prix,ALB,Alexander Albon,Williams,7.0,18.0,0.0,Did not start,True,-11.0
2024,21,São Paulo,São Paulo Grand Prix,STR,Lance Stroll,Aston Martin,10.0,19.0,0.0,Did not start,True,-9.0
2024,21,São Paulo,São Paulo Grand Prix,HUL,Nico Hulkenberg,Haas F1 Team,18.0,20.0,0.0,Disqualified,True,-2.0
2024,22,Las Vegas,Las Vegas Grand Prix,RUS,George Russell,Mercedes,1.0,1.0,25.0,Finished,False,0.0
2024,22,Las Vegas,Las Vegas Grand Prix,HAM,Lewis Hamilton,Mercedes,10.0,2.0,18.0,Finished,False,8.0
2024,22,Las Vegas,Las Vegas Grand Prix,SAI,Carlos Sainz,Ferrari,2.0,3.0,15.0,Finished,False,-1.0
2024,22,Las Vegas,Las Vegas Grand Prix,LEC,Charles Leclerc,Ferrari,4.0,4.0,12.0,Finished,False,0.0
2024,22,Las Vegas,Las Vegas Grand Prix,VER,Max Verstappen,Red Bull Racing,5.0,5.0,10.0,Finished,False,0.0
2024,22,Las Vegas,Las Vegas Grand Prix,NOR,Lando Norris,McLaren,6.0,6.0,9.0,Finished,False,0.0
2024,22,Las Vegas,Las Vegas Grand Prix,PIA,Oscar Piastri,McLaren,8.0,7.0,6.0,Finished,False,1.0
2024,22,Las Vegas,Las Vegas Grand Prix,HUL,Nico Hulkenberg,Haas F1 Team,9.0,8.0,4.0,Finished,False,1.0
2024,22,Las Vegas,Las Vegas Grand Prix,TSU,Yuki Tsunoda,RB,7.0,9.0,2.0,Finished,False,-2.0
2024,22,Las Vegas,Las Vegas Grand Prix,PER,Sergio Perez,Red Bull Racing,15.0,10.0,1.0,Finished,False,5.0
2024,22,Las Vegas,Las Vegas Grand Prix,ALO,Fernando Alonso,Aston Martin,16.0,11.0,0.0,Finished,False,5.0
2024,22,Las Vegas,Las Vegas Grand Prix,MAG,Kevin Magnussen,Haas F1 Team,12.0,12.0,0.0,Finished,False,0.0
2024,22,Las Vegas,Las Vegas Grand Prix,ZHO,Guanyu Zhou,Kick Sauber,13.0,13.0,0.0,Finished,False,0.0
2024,22,Las Vegas,Las Vegas Grand Prix,COL,Franco Colapinto,Williams,20.0,14.0,0.0,Finished,False,6.0
2024,22,Las Vegas,Las Vegas Grand Prix,STR,Lance Stroll,Aston Martin,18.0,15.0,0.0,Finished,False,3.0
2024,22,Las Vegas,Las Vegas Grand Prix,LAW,Liam Lawson,RB,14.0,16.0,0.0,Finished,False,-2.0
2024,22,Las Vegas,Las Vegas Grand Prix,OCO,Esteban Ocon,Alpine,11.0,17.0,0.0,Lapped,True,-6.0
2024,22,Las Vegas,Las Vegas Grand Prix,BOT,Valtteri Bottas,Kick Sauber,19.0,18.0,0.0,Lapped,True,1.0
2024,22,Las Vegas,Las Vegas Grand Prix,ALB,Alexander Albon,Williams,17.0,19.0,0.0,Retired,True,-2.0
2024,22,Las Vegas,Las Vegas Grand Prix,GAS,Pierre Gasly,Alpine,3.0,20.0,0.0,Retired,True,-17.0
2024,23,Lusail,Qatar Grand Prix,VER,Max Verstappen,Red Bull Racing,2.0,1.0,25.0,Finished,False,1.0
2024,23,Lusail,Qatar Grand Prix,LEC,Charles Leclerc,Ferrari,5.0,2.0,18.0,Finished,False,3.0
2024,23,Lusail,Qatar Grand Prix,PIA,Oscar Piastri,McLaren,4.0,3.0,15.0,Finished,False,1.0
2024,23,Lusail,Qatar Grand Prix,RUS,George Russell,Mercedes,1.0,4.0,12.0,Finished,False,-3.0
2024,23,Lusail,Qatar Grand Prix,GAS,Pierre Gasly,Alpine,11.0,5.0,10.0,Finished,False,6.0
2024,23,Lusail,Qatar Grand Prix,SAI,Carlos Sainz,Ferrari,7.0,6.0,8.0,Finished,False,1.0
2024,23,Lusail,Qatar Grand Prix,ALO,Fernando Alonso,Aston Martin,8.0,7.0,6.0,Finished,False,1.0
2024,23,Lusail,Qatar Grand Prix,ZHO,Guanyu Zhou,Kick Sauber,12.0,8.0,4.0,Finished,False,4.0
2024,23,Lusail,Qatar Grand Prix,MAG,Kevin Magnussen,Haas F1 Team,10.0,9.0,2.0,Finished,False,1.0
2024,23,Lusail,Qatar Grand Prix,NOR,Lando Norris,McLaren,3.0,10.0,2.0,Finished,False,-7.0
2024,23,Lusail,Qatar Grand Prix,BOT,Valtteri Bottas,Kick Sauber,13.0,11.0,0.0,Finished,False,2.0
2024,23,Lusail,Qatar Grand Prix,HAM,Lewis Hamilton,Mercedes,6.0,12.0,0.0,Finished,False,-6.0
2024,23,Lusail,Qatar Grand Prix,TSU,Yuki Tsunoda,RB,14.0,13.0,0.0,Finished,False,1.0
2024,23,Lusail,Qatar Grand Prix,LAW,Liam Lawson,RB,17.0,14.0,0.0,Finished,False,3.0
2024,23,Lusail,Qatar Grand Prix,ALB,Alexander Albon,Williams,16.0,15.0,0.0,Lapped,True,1.0
2024,23,Lusail,Qatar Grand Prix,HUL,Nico Hulkenberg,Haas F1 Team,18.0,16.0,0.0,Retired,True,2.0
2024,23,Lusail,Qatar Grand Prix,PER,Sergio Perez,Red Bull Racing,9.0,17.0,0.0,Retired,True,-8.0
2024,23,Lusail,Qatar Grand Prix,STR,Lance Stroll,Aston Martin,15.0,18.0,0.0,Retired,True,-3.0
2024,23,Lusail,Qatar Grand Prix,COL,Franco Colapinto,Williams,19.0,19.0,0.0,Retired,True,0.0
2024,23,Lusail,Qatar Grand Prix,OCO,Esteban Ocon,Alpine,20.0,20.0,0.0,Retired,True,0.0
2024,24,Yas Island,Abu Dhabi Grand Prix,NOR,Lando Norris,McLaren,1.0,1.0,25.0,Finished,False,0.0
2024,24,Yas Island,Abu Dhabi Grand Prix,SAI,Carlos Sainz,Ferrari,3.0,2.0,18.0,Finished,False,1.0
2024,24,Yas Island,Abu Dhabi Grand Prix,LEC,Charles Leclerc,Ferrari,19.0,3.0,15.0,Finished,False,16.0
2024,24,Yas Island,Abu Dhabi Grand Prix,HAM,Lewis Hamilton,Mercedes,16.0,4.0,12.0,Finished,False,12.0
2024,24,Yas Island,Abu Dhabi Grand Prix,RUS,George Russell,Mercedes,6.0,5.0,10.0,Finished,False,1.0
2024,24,Yas Island,Abu Dhabi Grand Prix,VER,Max Verstappen,Red Bull Racing,4.0,6.0,8.0,Finished,False,-2.0
2024,24,Yas Island,Abu Dhabi Grand Prix,GAS,Pierre Gasly,Alpine,5.0,7.0,6.0,Finished,False,-2.0
2024,24,Yas Island,Abu Dhabi Grand Prix,HUL,Nico Hulkenberg,Haas F1 Team,7.0,8.0,4.0,Finished,False,-1.0
2024,24,Yas Island,Abu Dhabi Grand Prix,ALO,Fernando Alonso,Aston Martin,8.0,9.0,2.0,Finished,False,-1.0
2024,24,Yas Island,Abu Dhabi Grand Prix,PIA,Oscar Piastri,McLaren,2.0,10.0,1.0,Finished,False,-8.0
2024,24,Yas Island,Abu Dhabi Grand Prix,ALB,Alexander Albon,Williams,18.0,11.0,0.0,Lapped,True,7.0
2024,24,Yas Island,Abu Dhabi Grand Prix,TSU,Yuki Tsunoda,RB,11.0,12.0,0.0,Lapped,True,-1.0
2024,24,Yas Island,Abu Dhabi Grand Prix,ZHO,Guanyu Zhou,Kick Sauber,15.0,13.0,0.0,Lapped,True,2.0
2024,24,Yas Island,Abu Dhabi Grand Prix,STR,Lance Stroll,Aston Martin,13.0,14.0,0.0,Lapped,True,-1.0
2024,24,Yas Island,Abu Dhabi Grand Prix,DOO,Jack Doohan,Alpine,17.0,15.0,0.0,Lapped,True,2.0
2024,24,Yas Island,Abu Dhabi Grand Prix,MAG,Kevin Magnussen,Haas F1 Team,14.0,16.0,0.0,Lapped,True,-2.0
2024,24,Yas Island,Abu Dhabi Grand Prix,LAW,Liam Lawson,RB,12.0,17.0,0.0,Retired,True,-5.0
2024,24,Yas Island,Abu Dhabi Grand Prix,BOT,Valtteri Bottas,Kick Sauber,9.0,18.0,0.0,Retired,True,-9.0
2024,24,Yas Island,Abu Dhabi Grand Prix,COL,Franco Colapinto,Williams,20.0,19.0,0.0,Retired,True,1.0
2024,24,Yas Island,Abu Dhabi Grand Prix,PER,Sergio Perez,Red Bull Racing,10.0,20.0,0.0,Retired,True,-10.0
2025,1,Melbourne,Australian Grand Prix,NOR,Lando Norris,McLaren,1.0,1.0,25.0,Finished,False,0.0
2025,1,Melbourne,Australian Grand Prix,VER,Max Verstappen,Red Bull Racing,3.0,2.0,18.0,Finished,False,1.0
2025,1,Melbourne,Australian Grand Prix,RUS,George Russell,Mercedes,4.0,3.0,15.0,Finished,False,1.0
2025,1,Melbourne,Australian Grand Prix,ANT,Andrea Kimi Antonelli,Mercedes,16.0,4.0,12.0,Finished,False,12.0
2025,1,Melbourne,Australian Grand Prix,ALB,Alexander Albon,Williams,6.0,5.0,10.0,Finished,False,1.0
2025,1,Melbourne,Australian Grand Prix,STR,Lance Stroll,Aston Martin,13.0,6.0,8.0,Finished,False,7.0
2025,1,Melbourne,Australian Grand Prix,HUL,Nico Hulkenberg,Kick Sauber,17.0,7.0,6.0,Finished,False,10.0
2025,1,Melbourne,Australian Grand Prix,LEC,Charles Leclerc,Ferrari,7.0,8.0,4.0,Finished,False,-1.0
2025,1,Melbourne,Australian Grand Prix,PIA,Oscar Piastri,McLaren,2.0,9.0,2.0,Finished,False,-7.0
2025,1,Melbourne,Australian Grand Prix,HAM,Lewis Hamilton,Ferrari,8.0,10.0,1.0,Finished,False,-2.0
2025,1,Melbourne,Australian Grand Prix,GAS,Pierre Gasly,Alpine,9.0,11.0,0.0,Finished,False,-2.0
2025,1,Melbourne,Australian Grand Prix,TSU,Yuki Tsunoda,Racing Bulls,5.0,12.0,0.0,Finished,False,-7.0
2025,1,Melbourne,Australian Grand Prix,OCO,Esteban Ocon,Haas F1 Team,19.0,13.0,0.0,Finished,False,6.0
2025,1,Melbourne,Australian Grand Prix,BEA,Oliver Bearman,Haas F1 Team,20.0,14.0,0.0,Finished,False,6.0
2025,1,Melbourne,Australian Grand Prix,LAW,Liam Lawson,Red Bull Racing,18.0,15.0,0.0,Retired,True,3.0
2025,1,Melbourne,Australian Grand Prix,BOR,Gabriel Bortoleto,Kick Sauber,15.0,16.0,0.0,Retired,True,-1.0
2025,1,Melbourne,Australian Grand Prix,ALO,Fernando Alonso,Aston Martin,12.0,17.0,0.0,Retired,True,-5.0
2025,1,Melbourne,Australian Grand Prix,SAI,Carlos Sainz,Williams,10.0,18.0,0.0,Retired,True,-8.0
2025,1,Melbourne,Australian Grand Prix,DOO,Jack Doohan,Alpine,14.0,19.0,0.0,Retired,True,-5.0
2025,1,Melbourne,Australian Grand Prix,HAD,Isack Hadjar,Racing Bulls,11.0,20.0,0.0,Retired,True,-9.0
2025,2,Shanghai,Chinese Grand Prix,PIA,Oscar Piastri,McLaren,1.0,1.0,25.0,Finished,False,0.0
2025,2,Shanghai,Chinese Grand Prix,NOR,Lando Norris,McLaren,3.0,2.0,18.0,Finished,False,1.0
2025,2,Shanghai,Chinese Grand Prix,RUS,George Russell,Mercedes,2.0,3.0,15.0,Finished,False,-1.0
2025,2,Shanghai,Chinese Grand Prix,VER,Max Verstappen,Red Bull Racing,4.0,4.0,12.0,Finished,False,0.0
2025,2,Shanghai,Chinese Grand Prix,OCO,Esteban Ocon,Haas F1 Team,11.0,5.0,10.0,Finished,False,6.0
2025,2,Shanghai,Chinese Grand Prix,ANT,Kimi Antonelli,Mercedes,8.0,6.0,8.0,Finished,False,2.0
2025,2,Shanghai,Chinese Grand Prix,ALB,Alexander Albon,Williams,10.0,7.0,6.0,Finished,False,3.0
2025,2,Shanghai,Chinese Grand Prix,BEA,Oliver Bearman,Haas F1 Team,17.0,8.0,4.0,Finished,False,9.0
2025,2,Shanghai,Chinese Grand Prix,STR,Lance Stroll,Aston Martin,14.0,9.0,2.0,Finished,False,5.0
2025,2,Shanghai,Chinese Grand Prix,SAI,Carlos Sainz,Williams,15.0,10.0,1.0,Finished,False,5.0
2025,2,Shanghai,Chinese Grand Prix,HAD,Isack Hadjar,Racing Bulls,7.0,11.0,0.0,Finished,False,-4.0
2025,2,Shanghai,Chinese Grand Prix,LAW,Liam Lawson,Red Bull Racing,20.0,12.0,0.0,Finished,False,8.0
2025,2,Shanghai,Chinese Grand Prix,DOO,Jack Doohan,Alpine,18.0,13.0,0.0,Finished,False,5.0
2025,2,Shanghai,Chinese Grand Prix,BOR,Gabriel Bortoleto,Kick Sauber,19.0,14.0,0.0,Lapped,True,5.0
2025,2,Shanghai,Chinese Grand Prix,HUL,Nico Hulkenberg,Kick Sauber,12.0,15.0,0.0,Lapped,True,-3.0
2025,2,Shanghai,Chinese Grand Prix,TSU,Yuki Tsunoda,Racing Bulls,9.0,16.0,0.0,Lapped,True,-7.0
2025,2,Shanghai,Chinese Grand Prix,ALO,Fernando Alonso,Aston Martin,13.0,17.0,0.0,Retired,True,-4.0
2025,2,Shanghai,Chinese Grand Prix,LEC,Charles Leclerc,Ferrari,6.0,18.0,0.0,Disqualified,True,-12.0
2025,2,Shanghai,Chinese Grand Prix,HAM,Lewis Hamilton,Ferrari,5.0,19.0,0.0,Disqualified,True,-14.0
2025,2,Shanghai,Chinese Grand Prix,GAS,Pierre Gasly,Alpine,16.0,20.0,0.0,Disqualified,True,-4.0
2025,3,Suzuka,Japanese Grand Prix,VER,Max Verstappen,Red Bull Racing,1.0,1.0,25.0,Finished,False,0.0
2025,3,Suzuka,Japanese Grand Prix,NOR,Lando Norris,McLaren,2.0,2.0,18.0,Finished,False,0.0
2025,3,Suzuka,Japanese Grand Prix,PIA,Oscar Piastri,McLaren,3.0,3.0,15.0,Finished,False,0.0
2025,3,Suzuka,Japanese Grand Prix,LEC,Charles Leclerc,Ferrari,4.0,4.0,12.0,Finished,False,0.0
2025,3,Suzuka,Japanese Grand Prix,RUS,George Russell,Mercedes,5.0,5.0,10.0,Finished,False,0.0
2025,3,Suzuka,Japanese Grand Prix,ANT,Kimi Antonelli,Mercedes,6.0,6.0,8.0,Finished,False,0.0
2025,3,Suzuka,Japanese Grand Prix,HAM,Lewis Hamilton,Ferrari,8.0,7.0,6.0,Finished,False,1.0
2025,3,Suzuka,Japanese Grand Prix,HAD,Isack Hadjar,Racing Bulls,7.0,8.0,4.0,Finished,False,-1.0
2025,3,Suzuka,Japanese Grand Prix,ALB,Alexander Albon,Williams,9.0,9.0,2.0,Finished,False,0.0
2025,3,Suzuka,Japanese Grand Prix,BEA,Oliver Bearman,Haas F1 Team,10.0,10.0,1.0,Finished,False,0.0
2025,3,Suzuka,Japanese Grand Prix,ALO,Fernando Alonso,Aston Martin,12.0,11.0,0.0,Finished,False,1.0
2025,3,Suzuka,Japanese Grand Prix,TSU,Yuki Tsunoda,Red Bull Racing,14.0,12.0,0.0,Finished,False,2.0
2025,3,Suzuka,Japanese Grand Prix,GAS,Pierre Gasly,Alpine,11.0,13.0,0.0,Finished,False,-2.0
2025,3,Suzuka,Japanese Grand Prix,SAI,Carlos Sainz,Williams,15.0,14.0,0.0,Finished,False,1.0
2025,3,Suzuka,Japanese Grand Prix,DOO,Jack Doohan,Alpine,19.0,15.0,0.0,Finished,False,4.0
2025,3,Suzuka,Japanese Grand Prix,HUL,Nico Hulkenberg,Kick Sauber,16.0,16.0,0.0,Finished,False,0.0
2025,3,Suzuka,Japanese Grand Prix,LAW,Liam Lawson,Racing Bulls,13.0,17.0,0.0,Finished,False,-4.0
2025,3,Suzuka,Japanese Grand Prix,OCO,Esteban Ocon,Haas F1 Team,18.0,18.0,0.0,Finished,False,0.0
2025,3,Suzuka,Japanese Grand Prix,BOR,Gabriel Bortoleto,Kick Sauber,17.0,19.0,0.0,Finished,False,-2.0
2025,3,Suzuka,Japanese Grand Prix,STR,Lance Stroll,Aston Martin,20.0,20.0,0.0,Lapped,True,0.0
2025,4,Sakhir,Bahrain Grand Prix,PIA,Oscar Piastri,McLaren,1.0,1.0,25.0,Finished,False,0.0
2025,4,Sakhir,Bahrain Grand Prix,RUS,George Russell,Mercedes,3.0,2.0,18.0,Finished,False,1.0
2025,4,Sakhir,Bahrain Grand Prix,NOR,Lando Norris,McLaren,6.0,3.0,15.0,Finished,False,3.0
2025,4,Sakhir,Bahrain Grand Prix,LEC,Charles Leclerc,Ferrari,2.0,4.0,12.0,Finished,False,-2.0
2025,4,Sakhir,Bahrain Grand Prix,HAM,Lewis Hamilton,Ferrari,9.0,5.0,10.0,Finished,False,4.0
2025,4,Sakhir,Bahrain Grand Prix,VER,Max Verstappen,Red Bull Racing,7.0,6.0,8.0,Finished,False,1.0
2025,4,Sakhir,Bahrain Grand Prix,GAS,Pierre Gasly,Alpine,4.0,7.0,6.0,Finished,False,-3.0
2025,4,Sakhir,Bahrain Grand Prix,OCO,Esteban Ocon,Haas F1 Team,14.0,8.0,4.0,Finished,False,6.0
2025,4,Sakhir,Bahrain Grand Prix,TSU,Yuki Tsunoda,Red Bull Racing,10.0,9.0,2.0,Finished,False,1.0
2025,4,Sakhir,Bahrain Grand Prix,BEA,Oliver Bearman,Haas F1 Team,20.0,10.0,1.0,Finished,False,10.0
2025,4,Sakhir,Bahrain Grand Prix,ANT,Kimi Antonelli,Mercedes,5.0,11.0,0.0,Finished,False,-6.0
2025,4,Sakhir,Bahrain Grand Prix,ALB,Alexander Albon,Williams,15.0,12.0,0.0,Finished,False,3.0
2025,4,Sakhir,Bahrain Grand Prix,HAD,Isack Hadjar,Racing Bulls,12.0,13.0,0.0,Finished,False,-1.0
2025,4,Sakhir,Bahrain Grand Prix,DOO,Jack Doohan,Alpine,11.0,14.0,0.0,Finished,False,-3.0
2025,4,Sakhir,Bahrain Grand Prix,ALO,Fernando Alonso,Aston Martin,13.0,15.0,0.0,Finished,False,-2.0
2025,4,Sakhir,Bahrain Grand Prix,LAW,Liam Lawson,Racing Bulls,17.0,16.0,0.0,Finished,False,1.0
2025,4,Sakhir,Bahrain Grand Prix,STR,Lance Stroll,Aston Martin,19.0,17.0,0.0,Finished,False,2.0
2025,4,Sakhir,Bahrain Grand Prix,BOR,Gabriel Bortoleto,Kick Sauber,18.0,18.0,0.0,Finished,False,0.0
2025,4,Sakhir,Bahrain Grand Prix,SAI,Carlos Sainz,Williams,8.0,19.0,0.0,Retired,True,-11.0
2025,4,Sakhir,Bahrain Grand Prix,HUL,Nico Hulkenberg,Kick Sauber,16.0,20.0,0.0,Disqualified,True,-4.0
2025,5,Jeddah,Saudi Arabian Grand Prix,PIA,Oscar Piastri,McLaren,2.0,1.0,25.0,Finished,False,1.0
2025,5,Jeddah,Saudi Arabian Grand Prix,VER,Max Verstappen,Red Bull Racing,1.0,2.0,18.0,Finished,False,-1.0
2025,5,Jeddah,Saudi Arabian Grand Prix,LEC,Charles Leclerc,Ferrari,4.0,3.0,15.0,Finished,False,1.0
2025,5,Jeddah,Saudi Arabian Grand Prix,NOR,Lando Norris,McLaren,10.0,4.0,12.0,Finished,False,6.0
2025,5,Jeddah,Saudi Arabian Grand Prix,RUS,George Russell,Mercedes,3.0,5.0,10.0,Finished,False,-2.0
2025,5,Jeddah,Saudi Arabian Grand Prix,ANT,Kimi Antonelli,Mercedes,5.0,6.0,8.0,Finished,False,-1.0
2025,5,Jeddah,Saudi Arabian Grand Prix,HAM,Lewis Hamilton,Ferrari,7.0,7.0,6.0,Finished,False,0.0
2025,5,Jeddah,Saudi Arabian Grand Prix,SAI,Carlos Sainz,Williams,6.0,8.0,4.0,Finished,False,-2.0
2025,5,Jeddah,Saudi Arabian Grand Prix,ALB,Alexander Albon,Williams,11.0,9.0,2.0,Finished,False,2.0
2025,5,Jeddah,Saudi Arabian Grand Prix,HAD,Isack Hadjar,Racing Bulls,14.0,10.0,1.0,Finished,False,4.0
2025,5,Jeddah,Saudi Arabian Grand Prix,ALO,Fernando Alonso,Aston Martin,13.0,11.0,0.0,Finished,False,2.0
2025,5,Jeddah,Saudi Arabian Grand Prix,LAW,Liam Lawson,Racing Bulls,12.0,12.0,0.0,Finished,False,0.0
2025,5,Jeddah,Saudi Arabian Grand Prix,BEA,Oliver Bearman,Haas F1 Team,15.0,13.0,0.0,Finished,False,2.0
2025,5,Jeddah,Saudi Arabian Grand Prix,OCO,Esteban Ocon,Haas F1 Team,19.0,14.0,0.0,Finished,False,5.0
2025,5,Jeddah,Saudi Arabian Grand Prix,HUL,Nico Hulkenberg,Kick Sauber,18.0,15.0,0.0,Lapped,True,3.0
2025,5,Jeddah,Saudi Arabian Grand Prix,STR,Lance Stroll,Aston Martin,16.0,16.0,0.0,Lapped,True,0.0
2025,5,Jeddah,Saudi Arabian Grand Prix,DOO,Jack Doohan,Alpine,17.0,17.0,0.0,Lapped,True,0.0
2025,5,Jeddah,Saudi Arabian Grand Prix,BOR,Gabriel Bortoleto,Kick Sauber,20.0,18.0,0.0,Lapped,True,2.0
2025,5,Jeddah,Saudi Arabian Grand Prix,TSU,Yuki Tsunoda,Red Bull Racing,8.0,19.0,0.0,Retired,True,-11.0
2025,5,Jeddah,Saudi Arabian Grand Prix,GAS,Pierre Gasly,Alpine,9.0,20.0,0.0,Retired,True,-11.0
2025,6,Miami Gardens,Miami Grand Prix,PIA,Oscar Piastri,McLaren,4.0,1.0,25.0,Finished,False,3.0
2025,6,Miami Gardens,Miami Grand Prix,NOR,Lando Norris,McLaren,2.0,2.0,18.0,Finished,False,0.0
2025,6,Miami Gardens,Miami Grand Prix,RUS,George Russell,Mercedes,5.0,3.0,15.0,Finished,False,2.0
2025,6,Miami Gardens,Miami Grand Prix,VER,Max Verstappen,Red Bull Racing,1.0,4.0,12.0,Finished,False,-3.0
2025,6,Miami Gardens,Miami Grand Prix,ALB,Alexander Albon,Williams,7.0,5.0,10.0,Finished,False,2.0
2025,6,Miami Gardens,Miami Grand Prix,ANT,Kimi Antonelli,Mercedes,3.0,6.0,8.0,Finished,False,-3.0
2025,6,Miami Gardens,Miami Grand Prix,LEC,Charles Leclerc,Ferrari,8.0,7.0,6.0,Finished,False,1.0
2025,6,Miami Gardens,Miami Grand Prix,HAM,Lewis Hamilton,Ferrari,12.0,8.0,4.0,Finished,False,4.0
2025,6,Miami Gardens,Miami Grand Prix,SAI,Carlos Sainz,Williams,6.0,9.0,2.0,Finished,False,-3.0
2025,6,Miami Gardens,Miami Grand Prix,TSU,Yuki Tsunoda,Red Bull Racing,10.0,10.0,1.0,Finished,False,0.0
2025,6,Miami Gardens,Miami Grand Prix,HAD,Isack Hadjar,Racing Bulls,11.0,11.0,0.0,Finished,False,0.0
2025,6,Miami Gardens,Miami Grand Prix,OCO,Esteban Ocon,Haas F1 Team,9.0,12.0,0.0,Finished,False,-3.0
2025,6,Miami Gardens,Miami Grand Prix,GAS,Pierre Gasly,Alpine,20.0,13.0,0.0,Finished,False,7.0
2025,6,Miami Gardens,Miami Grand Prix,HUL,Nico Hulkenberg,Kick Sauber,16.0,14.0,0.0,Lapped,True,2.0
2025,6,Miami Gardens,Miami Grand Prix,ALO,Fernando Alonso,Aston Martin,17.0,15.0,0.0,Lapped,True,2.0
2025,6,Miami Gardens,Miami Grand Prix,STR,Lance Stroll,Aston Martin,18.0,16.0,0.0,Lapped,True,2.0
2025,6,Miami Gardens,Miami Grand Prix,LAW,Liam Lawson,Racing Bulls,15.0,17.0,0.0,Retired,True,-2.0
2025,6,Miami Gardens,Miami Grand Prix,BOR,Gabriel Bortoleto,Kick Sauber,13.0,18.0,0.0,Retired,True,-5.0
2025,6,Miami Gardens,Miami Grand Prix,BEA,Oliver Bearman,Haas F1 Team,19.0,19.0,0.0,Retired,True,0.0
2025,6,Miami Gardens,Miami Grand Prix,DOO,Jack Doohan,Alpine,14.0,20.0,0.0,Retired,True,-6.0
2025,7,Imola,Emilia Romagna Grand Prix,VER,Max Verstappen,Red Bull Racing,2.0,1.0,25.0,Finished,False,1.0
2025,7,Imola,Emilia Romagna Grand Prix,NOR,Lando Norris,McLaren,4.0,2.0,18.0,Finished,False,2.0
2025,7,Imola,Emilia Romagna Grand Prix,PIA,Oscar Piastri,McLaren,1.0,3.0,15.0,Finished,False,-2.0
2025,7,Imola,Emilia Romagna Grand Prix,HAM,Lewis Hamilton,Ferrari,12.0,4.0,12.0,Finished,False,8.0
2025,7,Imola,Emilia Romagna Grand Prix,ALB,Alexander Albon,Williams,7.0,5.0,10.0,Finished,False,2.0
2025,7,Imola,Emilia Romagna Grand Prix,LEC,Charles Leclerc,Ferrari,11.0,6.0,8.0,Finished,False,5.0
2025,7,Imola,Emilia Romagna Grand Prix,RUS,George Russell,Mercedes,3.0,7.0,6.0,Finished,False,-4.0
2025,7,Imola,Emilia Romagna Grand Prix,SAI,Carlos Sainz,Williams,6.0,8.0,4.0,Finished,False,-2.0
2025,7,Imola,Emilia Romagna Grand Prix,HAD,Isack Hadjar,Racing Bulls,9.0,9.0,2.0,Finished,False,0.0
2025,7,Imola,Emilia Romagna Grand Prix,TSU,Yuki Tsunoda,Red Bull Racing,20.0,10.0,1.0,Finished,False,10.0
2025,7,Imola,Emilia Romagna Grand Prix,ALO,Fernando Alonso,Aston Martin,5.0,11.0,0.0,Finished,False,-6.0
2025,7,Imola,Emilia Romagna Grand Prix,HUL,Nico Hulkenberg,Kick Sauber,17.0,12.0,0.0,Finished,False,5.0
2025,7,Imola,Emilia Romagna Grand Prix,GAS,Pierre Gasly,Alpine,10.0,13.0,0.0,Finished,False,-3.0
2025,7,Imola,Emilia Romagna Grand Prix,LAW,Liam Lawson,Racing Bulls,15.0,14.0,0.0,Finished,False,1.0
2025,7,Imola,Emilia Romagna Grand Prix,STR,Lance Stroll,Aston Martin,8.0,15.0,0.0,Finished,False,-7.0
2025,7,Imola,Emilia Romagna Grand Prix,COL,Franco Colapinto,Alpine,16.0,16.0,0.0,Finished,False,0.0
2025,7,Imola,Emilia Romagna Grand Prix,BEA,Oliver Bearman,Haas F1 Team,19.0,17.0,0.0,Finished,False,2.0
2025,7,Imola,Emilia Romagna Grand Prix,BOR,Gabriel Bortoleto,Kick Sauber,14.0,18.0,0.0,Finished,False,-4.0
2025,7,Imola,Emilia Romagna Grand Prix,ANT,Kimi Antonelli,Mercedes,13.0,19.0,0.0,Retired,True,-6.0
2025,7,Imola,Emilia Romagna Grand Prix,OCO,Esteban Ocon,Haas F1 Team,18.0,20.0,0.0,Retired,True,-2.0
2025,8,Monaco,Monaco Grand Prix,NOR,Lando Norris,McLaren,1.0,1.0,25.0,Finished,False,0.0
2025,8,Monaco,Monaco Grand Prix,LEC,Charles Leclerc,Ferrari,2.0,2.0,18.0,Finished,False,0.0
2025,8,Monaco,Monaco Grand Prix,PIA,Oscar Piastri,McLaren,3.0,3.0,15.0,Finished,False,0.0
2025,8,Monaco,Monaco Grand Prix,VER,Max Verstappen,Red Bull Racing,4.0,4.0,12.0,Finished,False,0.0
2025,8,Monaco,Monaco Grand Prix,HAM,Lewis Hamilton,Ferrari,7.0,5.0,10.0,Finished,False,2.0
2025,8,Monaco,Monaco Grand Prix,HAD,Isack Hadjar,Racing Bulls,5.0,6.0,8.0,Lapped,True,-1.0
2025,8,Monaco,Monaco Grand Prix,OCO,Esteban Ocon,Haas F1 Team,8.0,7.0,6.0,Lapped,True,1.0
2025,8,Monaco,Monaco Grand Prix,LAW,Liam Lawson,Racing Bulls,9.0,8.0,4.0,Lapped,True,1.0
2025,8,Monaco,Monaco Grand Prix,ALB,Alexander Albon,Williams,10.0,9.0,2.0,Lapped,True,1.0
2025,8,Monaco,Monaco Grand Prix,SAI,Carlos Sainz,Williams,11.0,10.0,1.0,Lapped,True,1.0
2025,8,Monaco,Monaco Grand Prix,RUS,George Russell,Mercedes,14.0,11.0,0.0,Lapped,True,3.0
2025,8,Monaco,Monaco Grand Prix,BEA,Oliver Bearman,Haas F1 Team,20.0,12.0,0.0,Lapped,True,8.0
2025,8,Monaco,Monaco Grand Prix,COL,Franco Colapinto,Alpine,18.0,13.0,0.0,Lapped,True,5.0
2025,8,Monaco,Monaco Grand Prix,BOR,Gabriel Bortoleto,Kick Sauber,16.0,14.0,0.0,Lapped,True,2.0
2025,8,Monaco,Monaco Grand Prix,STR,Lance Stroll,Aston Martin,19.0,15.0,0.0,Lapped,True,4.0
2025,8,Monaco,Monaco Grand Prix,HUL,Nico Hulkenberg,Kick Sauber,13.0,16.0,0.0,Lapped,True,-3.0
2025,8,Monaco,Monaco Grand Prix,TSU,Yuki Tsunoda,Red Bull Racing,12.0,17.0,0.0,Lapped,True,-5.0
2025,8,Monaco,Monaco Grand Prix,ANT,Kimi Antonelli,Mercedes,15.0,18.0,0.0,Lapped,True,-3.0
2025,8,Monaco,Monaco Grand Prix,ALO,Fernando Alonso,Aston Martin,6.0,19.0,0.0,Retired,True,-13.0
2025,8,Monaco,Monaco Grand Prix,GAS,Pierre Gasly,Alpine,17.0,20.0,0.0,Retired,True,-3.0
2025,9,Barcelona,Spanish Grand Prix,PIA,Oscar Piastri,McLaren,1.0,1.0,25.0,Finished,False,0.0
2025,9,Barcelona,Spanish Grand Prix,NOR,Lando Norris,McLaren,2.0,2.0,18.0,Finished,False,0.0
2025,9,Barcelona,Spanish Grand Prix,LEC,Charles Leclerc,Ferrari,7.0,3.0,15.0,Finished,False,4.0
2025,9,Barcelona,Spanish Grand Prix,RUS,George Russell,Mercedes,4.0,4.0,12.0,Finished,False,0.0
2025,9,Barcelona,Spanish Grand Prix,HUL,Nico Hulkenberg,Kick Sauber,15.0,5.0,10.0,Finished,False,10.0
2025,9,Barcelona,Spanish Grand Prix,HAM,Lewis Hamilton,Ferrari,5.0,6.0,8.0,Finished,False,-1.0
2025,9,Barcelona,Spanish Grand Prix,HAD,Isack Hadjar,Racing Bulls,9.0,7.0,6.0,Finished,False,2.0
2025,9,Barcelona,Spanish Grand Prix,GAS,Pierre Gasly,Alpine,8.0,8.0,4.0,Finished,False,0.0
2025,9,Barcelona,Spanish Grand Prix,ALO,Fernando Alonso,Aston Martin,10.0,9.0,2.0,Finished,False,1.0
2025,9,Barcelona,Spanish Grand Prix,VER,Max Verstappen,Red Bull Racing,3.0,10.0,1.0,Finished,False,-7.0
2025,9,Barcelona,Spanish Grand Prix,LAW,Liam Lawson,Racing Bulls,13.0,11.0,0.0,Finished,False,2.0
2025,9,Barcelona,Spanish Grand Prix,BOR,Gabriel Bortoleto,Kick Sauber,12.0,12.0,0.0,Finished,False,0.0
2025,9,Barcelona,Spanish Grand Prix,TSU,Yuki Tsunoda,Red Bull Racing,19.0,13.0,0.0,Finished,False,6.0
2025,9,Barcelona,Spanish Grand Prix,SAI,Carlos Sainz,Williams,17.0,14.0,0.0,Finished,False,3.0
2025,9,Barcelona,Spanish Grand Prix,COL,Franco Colapinto,Alpine,18.0,15.0,0.0,Finished,False,3.0
2025,9,Barcelona,Spanish Grand Prix,OCO,Esteban Ocon,Haas F1 Team,16.0,16.0,0.0,Finished,False,0.0
2025,9,Barcelona,Spanish Grand Prix,BEA,Oliver Bearman,Haas F1 Team,14.0,17.0,0.0,Finished,False,-3.0
2025,9,Barcelona,Spanish Grand Prix,ANT,Kimi Antonelli,Mercedes,6.0,18.0,0.0,Retired,True,-12.0
2025,9,Barcelona,Spanish Grand Prix,ALB,Alexander Albon,Williams,11.0,19.0,0.0,Retired,True,-8.0
2025,10,Montréal,Canadian Grand Prix,RUS,George Russell,Mercedes,1.0,1.0,25.0,Finished,False,0.0
2025,10,Montréal,Canadian Grand Prix,VER,Max Verstappen,Red Bull Racing,2.0,2.0,18.0,Finished,False,0.0
2025,10,Montréal,Canadian Grand Prix,ANT,Kimi Antonelli,Mercedes,4.0,3.0,15.0,Finished,False,1.0
2025,10,Montréal,Canadian Grand Prix,PIA,Oscar Piastri,McLaren,3.0,4.0,12.0,Finished,False,-1.0
2025,10,Montréal,Canadian Grand Prix,LEC,Charles Leclerc,Ferrari,8.0,5.0,10.0,Finished,False,3.0
2025,10,Montréal,Canadian Grand Prix,HAM,Lewis Hamilton,Ferrari,5.0,6.0,8.0,Finished,False,-1.0
2025,10,Montréal,Canadian Grand Prix,ALO,Fernando Alonso,Aston Martin,6.0,7.0,6.0,Finished,False,-1.0
2025,10,Montréal,Canadian Grand Prix,HUL,Nico Hulkenberg,Kick Sauber,11.0,8.0,4.0,Finished,False,3.0
2025,10,Montréal,Canadian Grand Prix,OCO,Esteban Ocon,Haas F1 Team,14.0,9.0,2.0,Lapped,True,5.0
2025,10,Montréal,Canadian Grand Prix,SAI,Carlos Sainz,Williams,16.0,10.0,1.0,Lapped,True,6.0
2025,10,Montréal,Canadian Grand Prix,BEA,Oliver Bearman,Haas F1 Team,13.0,11.0,0.0,Lapped,True,2.0
2025,10,Montréal,Canadian Grand Prix,TSU,Yuki Tsunoda,Red Bull Racing,18.0,12.0,0.0,Lapped,True,6.0
2025,10,Montréal,Canadian Grand Prix,COL,Franco Colapinto,Alpine,10.0,13.0,0.0,Lapped,True,-3.0
2025,10,Montréal,Canadian Grand Prix,BOR,Gabriel Bortoleto,Kick Sauber,15.0,14.0,0.0,Lapped,True,1.0
2025,10,Montréal,Canadian Grand Prix,GAS,Pierre Gasly,Alpine,20.0,15.0,0.0,Lapped,True,5.0
2025,10,Montréal,Canadian Grand Prix,HAD,Isack Hadjar,Racing Bulls,12.0,16.0,0.0,Lapped,True,-4.0
2025,10,Montréal,Canadian Grand Prix,STR,Lance Stroll,Aston Martin,17.0,17.0,0.0,Lapped,True,0.0
2025,10,Montréal,Canadian Grand Prix,NOR,Lando Norris,McLaren,7.0,18.0,0.0,Retired,True,-11.0
2025,10,Montréal,Canadian Grand Prix,LAW,Liam Lawson,Racing Bulls,19.0,19.0,0.0,Retired,True,0.0
2025,10,Montréal,Canadian Grand Prix,ALB,Alexander Albon,Williams,9.0,20.0,0.0,Retired,True,-11.0
2025,11,Spielberg,Austrian Grand Prix,NOR,Lando Norris,McLaren,1.0,1.0,25.0,Finished,False,0.0
2025,11,Spielberg,Austrian Grand Prix,PIA,Oscar Piastri,McLaren,3.0,2.0,18.0,Finished,False,1.0
2025,11,Spielberg,Austrian Grand Prix,LEC,Charles Leclerc,Ferrari,2.0,3.0,15.0,Finished,False,-1.0
2025,11,Spielberg,Austrian Grand Prix,HAM,Lewis Hamilton,Ferrari,4.0,4.0,12.0,Finished,False,0.0
2025,11,Spielberg,Austrian Grand Prix,RUS,George Russell,Mercedes,5.0,5.0,10.0,Finished,False,0.0
2025,11,Spielberg,Austrian Grand Prix,LAW,Liam Lawson,Racing Bulls,6.0,6.0,8.0,Finished,False,0.0
2025,11,Spielberg,Austrian Grand Prix,ALO,Fernando Alonso,Aston Martin,11.0,7.0,6.0,Lapped,True,4.0
2025,11,Spielberg,Austrian Grand Prix,BOR,Gabriel Bortoleto,Kick Sauber,8.0,8.0,4.0,Lapped,True,0.0
2025,11,Spielberg,Austrian Grand Prix,HUL,Nico Hulkenberg,Kick Sauber,20.0,9.0,2.0,Lapped,True,11.0
2025,11,Spielberg,Austrian Grand Prix,OCO,Esteban Ocon,Haas F1 Team,17.0,10.0,1.0,Lapped,True,7.0
2025,11,Spielberg,Austrian Grand Prix,BEA,Oliver Bearman,Haas F1 Team,15.0,11.0,0.0,Lapped,True,4.0
2025,11,Spielberg,Austrian Grand Prix,HAD,Isack Hadjar,Racing Bulls,13.0,12.0,0.0,Lapped,True,1.0
2025,11,Spielberg,Austrian Grand Prix,GAS,Pierre Gasly,Alpine,10.0,13.0,0.0,Lapped,True,-3.0
2025,11,Spielberg,Austrian Grand Prix,STR,Lance Stroll,Aston Martin,16.0,14.0,0.0,Lapped,True,2.0
2025,11,Spielberg,Austrian Grand Prix,COL,Franco Colapinto,Alpine,14.0,15.0,0.0,Lapped,True,-1.0
2025,11,Spielberg,Austrian Grand Prix,TSU,Yuki Tsunoda,Red Bull Racing,18.0,16.0,0.0,Lapped,True,2.0
2025,11,Spielberg,Austrian Grand Prix,ALB,Alexander Albon,Williams,12.0,17.0,0.0,Retired,True,-5.0
2025,11,Spielberg,Austrian Grand Prix,VER,Max Verstappen,Red Bull Racing,7.0,18.0,0.0,Retired,True,-11.0
2025,11,Spielberg,Austrian Grand Prix,ANT,Kimi Antonelli,Mercedes,9.0,19.0,0.0,Retired,True,-10.0
2025,11,Spielberg,Austrian Grand Prix,SAI,Carlos Sainz,Williams,19.0,20.0,0.0,Did not start,True,-1.0
2025,12,Silverstone,British Grand Prix,NOR,Lando Norris,McLaren,3.0,1.0,25.0,Finished,False,2.0
2025,12,Silverstone,British Grand Prix,PIA,Oscar Piastri,McLaren,2.0,2.0,18.0,Finished,False,0.0
2025,12,Silverstone,British Grand Prix,HUL,Nico Hulkenberg,Kick Sauber,19.0,3.0,15.0,Finished,False,16.0
2025,12,Silverstone,British Grand Prix,HAM,Lewis Hamilton,Ferrari,5.0,4.0,12.0,Finished,False,1.0
2025,12,Silverstone,British Grand Prix,VER,Max Verstappen,Red Bull Racing,1.0,5.0,10.0,Finished,False,-4.0
2025,12,Silverstone,British Grand Prix,GAS,Pierre Gasly,Alpine,8.0,6.0,8.0,Finished,False,2.0
2025,12,Silverstone,British Grand Prix,STR,Lance Stroll,Aston Martin,17.0,7.0,6.0,Finished,False,10.0
2025,12,Silverstone,British Grand Prix,ALB,Alexander Albon,Williams,13.0,8.0,4.0,Finished,False,5.0
2025,12,Silverstone,British Grand Prix,ALO,Fernando Alonso,Aston Martin,7.0,9.0,2.0,Finished,False,-2.0
2025,12,Silverstone,British Grand Prix,RUS,George Russell,Mercedes,4.0,10.0,1.0,Finished,False,-6.0
2025,12,Silverstone,British Grand Prix,BEA,Oliver Bearman,Haas F1 Team,18.0,11.0,0.0,Finished,False,7.0
2025,12,Silverstone,British Grand Prix,SAI,Carlos Sainz,Williams,9.0,12.0,0.0,Finished,False,-3.0
2025,12,Silverstone,British Grand Prix,OCO,Esteban Ocon,Haas F1 Team,14.0,13.0,0.0,Finished,False,1.0
2025,12,Silverstone,British Grand Prix,LEC,Charles Leclerc,Ferrari,6.0,14.0,0.0,Finished,False,-8.0
2025,12,Silverstone,British Grand Prix,TSU,Yuki Tsunoda,Red Bull Racing,11.0,15.0,0.0,Lapped,True,-4.0
2025,12,Silverstone,British Grand Prix,ANT,Kimi Antonelli,Mercedes,10.0,16.0,0.0,Retired,True,-6.0
2025,12,Silverstone,British Grand Prix,HAD,Isack Hadjar,Racing Bulls,12.0,17.0,0.0,Retired,True,-5.0
2025,12,Silverstone,British Grand Prix,BOR,Gabriel Bortoleto,Kick Sauber,16.0,18.0,0.0,Retired,True,-2.0
2025,12,Silverstone,British Grand Prix,LAW,Liam Lawson,Racing Bulls,15.0,19.0,0.0,Retired,True,-4.0
2025,12,Silverstone,British Grand Prix,COL,Franco Colapinto,Alpine,20.0,20.0,0.0,Did not start,True,0.0
2025,13,Spa-Francorchamps,Belgian Grand Prix,PIA,Oscar Piastri,McLaren,2.0,1.0,25.0,Finished,False,1.0
2025,13,Spa-Francorchamps,Belgian Grand Prix,NOR,Lando Norris,McLaren,1.0,2.0,18.0,Finished,False,-1.0
2025,13,Spa-Francorchamps,Belgian Grand Prix,LEC,Charles Leclerc,Ferrari,3.0,3.0,15.0,Finished,False,0.0
2025,13,Spa-Francorchamps,Belgian Grand Prix,VER,Max Verstappen,Red Bull Racing,4.0,4.0,12.0,Finished,False,0.0
2025,13,Spa-Francorchamps,Belgian Grand Prix,RUS,George Russell,Mercedes,6.0,5.0,10.0,Finished,False,1.0
2025,13,Spa-Francorchamps,Belgian Grand Prix,ALB,Alexander Albon,Williams,5.0,6.0,8.0,Finished,False,-1.0
2025,13,Spa-Francorchamps,Belgian Grand Prix,HAM,Lewis Hamilton,Ferrari,18.0,7.0,6.0,Finished,False,11.0
2025,13,Spa-Francorchamps,Belgian Grand Prix,LAW,Liam Lawson,Racing Bulls,9.0,8.0,4.0,Finished,False,1.0
2025,13,Spa-Francorchamps,Belgian Grand Prix,BOR,Gabriel Bortoleto,Kick Sauber,10.0,9.0,2.0,Finished,False,1.0
2025,13,Spa-Francorchamps,Belgian Grand Prix,GAS,Pierre Gasly,Alpine,13.0,10.0,1.0,Finished,False,3.0
2025,13,Spa-Francorchamps,Belgian Grand Prix,BEA,Oliver Bearman,Haas F1 Team,12.0,11.0,0.0,Finished,False,1.0
2025,13,Spa-Francorchamps,Belgian Grand Prix,HUL,Nico Hulkenberg,Kick Sauber,14.0,12.0,0.0,Finished,False,2.0
2025,13,Spa-Francorchamps,Belgian Grand Prix,TSU,Yuki Tsunoda,Red Bull Racing,7.0,13.0,0.0,Finished,False,-6.0
2025,13,Spa-Francorchamps,Belgian Grand Prix,STR,Lance Stroll,Aston Martin,16.0,14.0,0.0,Finished,False,2.0
2025,13,Spa-Francorchamps,Belgian Grand Prix,OCO,Esteban Ocon,Haas F1 Team,11.0,15.0,0.0,Finished,False,-4.0
2025,13,Spa-Francorchamps,Belgian Grand Prix,ANT,Kimi Antonelli,Mercedes,19.0,16.0,0.0,Finished,False,3.0
2025,13,Spa-Francorchamps,Belgian Grand Prix,ALO,Fernando Alonso,Aston Martin,20.0,17.0,0.0,Finished,False,3.0
2025,13,Spa-Francorchamps,Belgian Grand Prix,SAI,Carlos Sainz,Williams,17.0,18.0,0.0,Finished,False,-1.0
2025,13,Spa-Francorchamps,Belgian Grand Prix,COL,Franco Colapinto,Alpine,15.0,19.0,0.0,Finished,False,-4.0
2025,13,Spa-Francorchamps,Belgian Grand Prix,HAD,Isack Hadjar,Racing Bulls,8.0,20.0,0.0,Lapped,True,-12.0
2025,14,Budapest,Hungarian Grand Prix,NOR,Lando Norris,McLaren,3.0,1.0,25.0,Finished,False,2.0
2025,14,Budapest,Hungarian Grand Prix,PIA,Oscar Piastri,McLaren,2.0,2.0,18.0,Finished,False,0.0
2025,14,Budapest,Hungarian Grand Prix,RUS,George Russell,Mercedes,4.0,3.0,15.0,Finished,False,1.0
2025,14,Budapest,Hungarian Grand Prix,LEC,Charles Leclerc,Ferrari,1.0,4.0,12.0,Finished,False,-3.0
2025,14,Budapest,Hungarian Grand Prix,ALO,Fernando Alonso,Aston Martin,5.0,5.0,10.0,Finished,False,0.0
2025,14,Budapest,Hungarian Grand Prix,BOR,Gabriel Bortoleto,Kick Sauber,7.0,6.0,8.0,Finished,False,1.0
2025,14,Budapest,Hungarian Grand Prix,STR,Lance Stroll,Aston Martin,6.0,7.0,6.0,Finished,False,-1.0
2025,14,Budapest,Hungarian Grand Prix,LAW,Liam Lawson,Racing Bulls,9.0,8.0,4.0,Finished,False,1.0
2025,14,Budapest,Hungarian Grand Prix,VER,Max Verstappen,Red Bull Racing,8.0,9.0,2.0,Finished,False,-1.0
2025,14,Budapest,Hungarian Grand Prix,ANT,Kimi Antonelli,Mercedes,15.0,10.0,1.0,Lapped,True,5.0
2025,14,Budapest,Hungarian Grand Prix,HAD,Isack Hadjar,Racing Bulls,10.0,11.0,0.0,Lapped,True,-1.0
2025,14,Budapest,Hungarian Grand Prix,HAM,Lewis Hamilton,Ferrari,12.0,12.0,0.0,Lapped,True,0.0
2025,14,Budapest,Hungarian Grand Prix,HUL,Nico Hulkenberg,Kick Sauber,18.0,13.0,0.0,Lapped,True,5.0
2025,14,Budapest,Hungarian Grand Prix,SAI,Carlos Sainz,Williams,13.0,14.0,0.0,Lapped,True,-1.0
2025,14,Budapest,Hungarian Grand Prix,ALB,Alexander Albon,Williams,19.0,15.0,0.0,Lapped,True,4.0
2025,14,Budapest,Hungarian Grand Prix,OCO,Esteban Ocon,Haas F1 Team,17.0,16.0,0.0,Lapped,True,1.0
2025,14,Budapest,Hungarian Grand Prix,TSU,Yuki Tsunoda,Red Bull Racing,20.0,17.0,0.0,Lapped,True,3.0
2025,14,Budapest,Hungarian Grand Prix,COL,Franco Colapinto,Alpine,14.0,18.0,0.0,Lapped,True,-4.0
2025,14,Budapest,Hungarian Grand Prix,GAS,Pierre Gasly,Alpine,16.0,19.0,0.0,Lapped,True,-3.0
2025,14,Budapest,Hungarian Grand Prix,BEA,Oliver Bearman,Haas F1 Team,11.0,20.0,0.0,Retired,True,-9.0
2025,15,Zandvoort,Dutch Grand Prix,PIA,Oscar Piastri,McLaren,1.0,1.0,25.0,Finished,False,0.0
2025,15,Zandvoort,Dutch Grand Prix,VER,Max Verstappen,Red Bull Racing,3.0,2.0,18.0,Finished,False,1.0
2025,15,Zandvoort,Dutch Grand Prix,HAD,Isack Hadjar,Racing Bulls,4.0,3.0,15.0,Finished,False,1.0
2025,15,Zandvoort,Dutch Grand Prix,RUS,George Russell,Mercedes,5.0,4.0,12.0,Finished,False,1.0
2025,15,Zandvoort,Dutch Grand Prix,ALB,Alexander Albon,Williams,15.0,5.0,10.0,Finished,False,10.0
2025,15,Zandvoort,Dutch Grand Prix,BEA,Oliver Bearman,Haas F1 Team,20.0,6.0,8.0,Finished,False,14.0
2025,15,Zandvoort,Dutch Grand Prix,STR,Lance Stroll,Aston Martin,19.0,7.0,6.0,Finished,False,12.0
2025,15,Zandvoort,Dutch Grand Prix,ALO,Fernando Alonso,Aston Martin,10.0,8.0,4.0,Finished,False,2.0
2025,15,Zandvoort,Dutch Grand Prix,TSU,Yuki Tsunoda,Red Bull Racing,12.0,9.0,2.0,Finished,False,3.0
2025,15,Zandvoort,Dutch Grand Prix,OCO,Esteban Ocon,Haas F1 Team,18.0,10.0,1.0,Finished,False,8.0
2025,15,Zandvoort,Dutch Grand Prix,COL,Franco Colapinto,Alpine,16.0,11.0,0.0,Finished,False,5.0
2025,15,Zandvoort,Dutch Grand Prix,LAW,Liam Lawson,Racing Bulls,8.0,12.0,0.0,Finished,False,-4.0
2025,15,Zandvoort,Dutch Grand Prix,SAI,Carlos Sainz,Williams,9.0,13.0,0.0,Finished,False,-4.0
2025,15,Zandvoort,Dutch Grand Prix,HUL,Nico Hulkenberg,Kick Sauber,17.0,14.0,0.0,Finished,False,3.0
2025,15,Zandvoort,Dutch Grand Prix,BOR,Gabriel Bortoleto,Kick Sauber,13.0,15.0,0.0,Finished,False,-2.0
2025,15,Zandvoort,Dutch Grand Prix,ANT,Kimi Antonelli,Mercedes,11.0,16.0,0.0,Finished,False,-5.0
2025,15,Zandvoort,Dutch Grand Prix,GAS,Pierre Gasly,Alpine,14.0,17.0,0.0,Finished,False,-3.0
2025,15,Zandvoort,Dutch Grand Prix,NOR,Lando Norris,McLaren,2.0,18.0,0.0,Retired,True,-16.0
2025,15,Zandvoort,Dutch Grand Prix,LEC,Charles Leclerc,Ferrari,6.0,19.0,0.0,Retired,True,-13.0
2025,15,Zandvoort,Dutch Grand Prix,HAM,Lewis Hamilton,Ferrari,7.0,20.0,0.0,Retired,True,-13.0
2025,16,Monza,Italian Grand Prix,VER,Max Verstappen,Red Bull Racing,1.0,1.0,25.0,Finished,False,0.0
2025,16,Monza,Italian Grand Prix,NOR,Lando Norris,McLaren,2.0,2.0,18.0,Finished,False,0.0
2025,16,Monza,Italian Grand Prix,PIA,Oscar Piastri,McLaren,3.0,3.0,15.0,Finished,False,0.0
2025,16,Monza,Italian Grand Prix,LEC,Charles Leclerc,Ferrari,4.0,4.0,12.0,Finished,False,0.0
2025,16,Monza,Italian Grand Prix,RUS,George Russell,Mercedes,5.0,5.0,10.0,Finished,False,0.0
2025,16,Monza,Italian Grand Prix,HAM,Lewis Hamilton,Ferrari,10.0,6.0,8.0,Finished,False,4.0
2025,16,Monza,Italian Grand Prix,ALB,Alexander Albon,Williams,14.0,7.0,6.0,Finished,False,7.0
2025,16,Monza,Italian Grand Prix,BOR,Gabriel Bortoleto,Kick Sauber,7.0,8.0,4.0,Finished,False,-1.0
2025,16,Monza,Italian Grand Prix,ANT,Kimi Antonelli,Mercedes,6.0,9.0,2.0,Finished,False,-3.0
2025,16,Monza,Italian Grand Prix,HAD,Isack Hadjar,Racing Bulls,19.0,10.0,1.0,Finished,False,9.0
2025,16,Monza,Italian Grand Prix,SAI,Carlos Sainz,Williams,13.0,11.0,0.0,Finished,False,2.0
2025,16,Monza,Italian Grand Prix,BEA,Oliver Bearman,Haas F1 Team,11.0,12.0,0.0,Finished,False,-1.0
2025,16,Monza,Italian Grand Prix,TSU,Yuki Tsunoda,Red Bull Racing,9.0,13.0,0.0,Finished,False,-4.0
2025,16,Monza,Italian Grand Prix,LAW,Liam Lawson,Racing Bulls,18.0,14.0,0.0,Finished,False,4.0
2025,16,Monza,Italian Grand Prix,OCO,Esteban Ocon,Haas F1 Team,15.0,15.0,0.0,Lapped,True,0.0
2025,16,Monza,Italian Grand Prix,GAS,Pierre Gasly,Alpine,20.0,16.0,0.0,Lapped,True,4.0
2025,16,Monza,Italian Grand Prix,COL,Franco Colapinto,Alpine,17.0,17.0,0.0,Lapped,True,0.0
2025,16,Monza,Italian Grand Prix,STR,Lance Stroll,Aston Martin,16.0,18.0,0.0,Lapped,True,-2.0
2025,16,Monza,Italian Grand Prix,ALO,Fernando Alonso,Aston Martin,8.0,19.0,0.0,Retired,True,-11.0
2025,16,Monza,Italian Grand Prix,HUL,Nico Hulkenberg,Kick Sauber,12.0,20.0,0.0,Did not start,True,-8.0
2025,17,Baku,Azerbaijan Grand Prix,VER,Max Verstappen,Red Bull Racing,1.0,1.0,25.0,Finished,False,0.0
2025,17,Baku,Azerbaijan Grand Prix,RUS,George Russell,Mercedes,5.0,2.0,18.0,Finished,False,3.0
2025,17,Baku,Azerbaijan Grand Prix,SAI,Carlos Sainz,Williams,2.0,3.0,15.0,Finished,False,-1.0
2025,17,Baku,Azerbaijan Grand Prix,ANT,Kimi Antonelli,Mercedes,4.0,4.0,12.0,Finished,False,0.0
2025,17,Baku,Azerbaijan Grand Prix,LAW,Liam Lawson,Racing Bulls,3.0,5.0,10.0,Finished,False,-2.0
2025,17,Baku,Azerbaijan Grand Prix,TSU,Yuki Tsunoda,Red Bull Racing,6.0,6.0,8.0,Finished,False,0.0
2025,17,Baku,Azerbaijan Grand Prix,NOR,Lando Norris,McLaren,7.0,7.0,6.0,Finished,False,0.0
2025,17,Baku,Azerbaijan Grand Prix,HAM,Lewis Hamilton,Ferrari,12.0,8.0,4.0,Finished,False,4.0
2025,17,Baku,Azerbaijan Grand Prix,LEC,Charles Leclerc,Ferrari,10.0,9.0,2.0,Finished,False,1.0
2025,17,Baku,Azerbaijan Grand Prix,HAD,Isack Hadjar,Racing Bulls,8.0,10.0,1.0,Finished,False,-2.0
2025,17,Baku,Azerbaijan Grand Prix,BOR,Gabriel Bortoleto,Kick Sauber,13.0,11.0,0.0,Finished,False,2.0
2025,17,Baku,Azerbaijan Grand Prix,BEA,Oliver Bearman,Haas F1 Team,15.0,12.0,0.0,Finished,False,3.0
2025,17,Baku,Azerbaijan Grand Prix,ALB,Alexander Albon,Williams,19.0,13.0,0.0,Finished,False,6.0
2025,17,Baku,Azerbaijan Grand Prix,OCO,Esteban Ocon,Haas F1 Team,20.0,14.0,0.0,Finished,False,6.0
2025,17,Baku,Azerbaijan Grand Prix,ALO,Fernando Alonso,Aston Martin,11.0,15.0,0.0,Finished,False,-4.0
2025,17,Baku,Azerbaijan Grand Prix,HUL,Nico Hulkenberg,Kick Sauber,17.0,16.0,0.0,Finished,False,1.0
2025,17,Baku,Azerbaijan Grand Prix,STR,Lance Stroll,Aston Martin,14.0,17.0,0.0,Finished,False,-3.0
2025,17,Baku,Azerbaijan Grand Prix,GAS,Pierre Gasly,Alpine,18.0,18.0,0.0,Lapped,True,0.0
2025,17,Baku,Azerbaijan Grand Prix,COL,Franco Colapinto,Alpine,16.0,19.0,0.0,Lapped,True,-3.0
2025,17,Baku,Azerbaijan Grand Prix,PIA,Oscar Piastri,McLaren,9.0,20.0,0.0,Retired,True,-11.0
2025,18,Marina Bay,Singapore Grand Prix,RUS,George Russell,Mercedes,1.0,1.0,25.0,Finished,False,0.0
2025,18,Marina Bay,Singapore Grand Prix,VER,Max Verstappen,Red Bull Racing,2.0,2.0,18.0,Finished,False,0.0
2025,18,Marina Bay,Singapore Grand Prix,NOR,Lando Norris,McLaren,5.0,3.0,15.0,Finished,False,2.0
2025,18,Marina Bay,Singapore Grand Prix,PIA,Oscar Piastri,McLaren,3.0,4.0,12.0,Finished,False,-1.0
2025,18,Marina Bay,Singapore Grand Prix,ANT,Kimi Antonelli,Mercedes,4.0,5.0,10.0,Finished,False,-1.0
2025,18,Marina Bay,Singapore Grand Prix,LEC,Charles Leclerc,Ferrari,7.0,6.0,8.0,Finished,False,1.0
2025,18,Marina Bay,Singapore Grand Prix,ALO,Fernando Alonso,Aston Martin,10.0,7.0,6.0,Finished,False,3.0
2025,18,Marina Bay,Singapore Grand Prix,HAM,Lewis Hamilton,Ferrari,6.0,8.0,4.0,Finished,False,-2.0
2025,18,Marina Bay,Singapore Grand Prix,BEA,Oliver Bearman,Haas F1 Team,9.0,9.0,2.0,Finished,False,0.0
2025,18,Marina Bay,Singapore Grand Prix,SAI,Carlos Sainz,Williams,18.0,10.0,1.0,Lapped,True,8.0
2025,18,Marina Bay,Singapore Grand Prix,HAD,Isack Hadjar,Racing Bulls,8.0,11.0,0.0,Lapped,True,-3.0
2025,18,Marina Bay,Singapore Grand Prix,TSU,Yuki Tsunoda,Red Bull Racing,13.0,12.0,0.0,Lapped,True,1.0
2025,18,Marina Bay,Singapore Grand Prix,STR,Lance Stroll,Aston Martin,15.0,13.0,0.0,Lapped,True,2.0
2025,18,Marina Bay,Singapore Grand Prix,ALB,Alexander Albon,Williams,20.0,14.0,0.0,Lapped,True,6.0
2025,18,Marina Bay,Singapore Grand Prix,LAW,Liam Lawson,Racing Bulls,12.0,15.0,0.0,Lapped,True,-3.0
2025,18,Marina Bay,Singapore Grand Prix,COL,Franco Colapinto,Alpine,16.0,16.0,0.0,Lapped,True,0.0
2025,18,Marina Bay,Singapore Grand Prix,BOR,Gabriel Bortoleto,Kick Sauber,14.0,17.0,0.0,Lapped,True,-3.0
2025,18,Marina Bay,Singapore Grand Prix,OCO,Esteban Ocon,Haas F1 Team,17.0,18.0,0.0,Lapped,True,-1.0
2025,18,Marina Bay,Singapore Grand Prix,GAS,Pierre Gasly,Alpine,19.0,19.0,0.0,Lapped,True,0.0
2025,18,Marina Bay,Singapore Grand Prix,HUL,Nico Hulkenberg,Kick Sauber,11.0,20.0,0.0,Lapped,True,-9.0
2025,19,Austin,United States Grand Prix,VER,Max Verstappen,Red Bull Racing,1.0,1.0,25.0,Finished,False,0.0
2025,19,Austin,United States Grand Prix,NOR,Lando Norris,McLaren,2.0,2.0,18.0,Finished,False,0.0
2025,19,Austin,United States Grand Prix,LEC,Charles Leclerc,Ferrari,3.0,3.0,15.0,Finished,False,0.0
2025,19,Austin,United States Grand Prix,HAM,Lewis Hamilton,Ferrari,5.0,4.0,12.0,Finished,False,1.0
2025,19,Austin,United States Grand Prix,PIA,Oscar Piastri,McLaren,6.0,5.0,10.0,Finished,False,1.0
2025,19,Austin,United States Grand Prix,RUS,George Russell,Mercedes,4.0,6.0,8.0,Finished,False,-2.0
2025,19,Austin,United States Grand Prix,TSU,Yuki Tsunoda,Red Bull Racing,13.0,7.0,6.0,Finished,False,6.0
2025,19,Austin,United States Grand Prix,HUL,Nico Hulkenberg,Kick Sauber,11.0,8.0,4.0,Finished,False,3.0
2025,19,Austin,United States Grand Prix,BEA,Oliver Bearman,Haas F1 Team,8.0,9.0,2.0,Finished,False,-1.0
2025,19,Austin,United States Grand Prix,ALO,Fernando Alonso,Aston Martin,10.0,10.0,1.0,Finished,False,0.0
2025,19,Austin,United States Grand Prix,LAW,Liam Lawson,Racing Bulls,12.0,11.0,0.0,Finished,False,1.0
2025,19,Austin,United States Grand Prix,STR,Lance Stroll,Aston Martin,19.0,12.0,0.0,Finished,False,7.0
2025,19,Austin,United States Grand Prix,ANT,Kimi Antonelli,Mercedes,7.0,13.0,0.0,Finished,False,-6.0
2025,19,Austin,United States Grand Prix,ALB,Alexander Albon,Williams,18.0,14.0,0.0,Finished,False,4.0
2025,19,Austin,United States Grand Prix,OCO,Esteban Ocon,Haas F1 Team,17.0,15.0,0.0,Finished,False,2.0
2025,19,Austin,United States Grand Prix,HAD,Isack Hadjar,Racing Bulls,20.0,16.0,0.0,Finished,False,4.0
2025,19,Austin,United States Grand Prix,COL,Franco Colapinto,Alpine,15.0,17.0,0.0,Lapped,True,-2.0
2025,19,Austin,United States Grand Prix,BOR,Gabriel Bortoleto,Kick Sauber,16.0,18.0,0.0,Lapped,True,-2.0
2025,19,Austin,United States Grand Prix,GAS,Pierre Gasly,Alpine,14.0,19.0,0.0,Lapped,True,-5.0
2025,19,Austin,United States Grand Prix,SAI,Carlos Sainz,Williams,9.0,20.0,0.0,Retired,True,-11.0
2025,20,Mexico City,Mexico City Grand Prix,NOR,Lando Norris,McLaren,1.0,1.0,25.0,Finished,False,0.0
2025,20,Mexico City,Mexico City Grand Prix,LEC,Charles Leclerc,Ferrari,2.0,2.0,18.0,Finished,False,0.0
2025,20,Mexico City,Mexico City Grand Prix,VER,Max Verstappen,Red Bull Racing,5.0,3.0,15.0,Finished,False,2.0
2025,20,Mexico City,Mexico City Grand Prix,BEA,Oliver Bearman,Haas F1 Team,9.0,4.0,12.0,Finished,False,5.0
2025,20,Mexico City,Mexico City Grand Prix,PIA,Oscar Piastri,McLaren,7.0,5.0,10.0,Finished,False,2.0
2025,20,Mexico City,Mexico City Grand Prix,ANT,Kimi Antonelli,Mercedes,6.0,6.0,8.0,Finished,False,0.0
2025,20,Mexico City,Mexico City Grand Prix,RUS,George Russell,Mercedes,4.0,7.0,6.0,Finished,False,-3.0
2025,20,Mexico City,Mexico City Grand Prix,HAM,Lewis Hamilton,Ferrari,3.0,8.0,4.0,Finished,False,-5.0
2025,20,Mexico City,Mexico City Grand Prix,OCO,Esteban Ocon,Haas F1 Team,11.0,9.0,2.0,Finished,False,2.0
2025,20,Mexico City,Mexico City Grand Prix,BOR,Gabriel Bortoleto,Kick Sauber,16.0,10.0,1.0,Finished,False,6.0
2025,20,Mexico City,Mexico City Grand Prix,TSU,Yuki Tsunoda,Red Bull Racing,10.0,11.0,0.0,Finished,False,-1.0
2025,20,Mexico City,Mexico City Grand Prix,ALB,Alexander Albon,Williams,17.0,12.0,0.0,Lapped,True,5.0
2025,20,Mexico City,Mexico City Grand Prix,HAD,Isack Hadjar,Racing Bulls,8.0,13.0,0.0,Lapped,True,-5.0
2025,20,Mexico City,Mexico City Grand Prix,STR,Lance Stroll,Aston Martin,19.0,14.0,0.0,Lapped,True,5.0
2025,20,Mexico City,Mexico City Grand Prix,GAS,Pierre Gasly,Alpine,18.0,15.0,0.0,Lapped,True,3.0
2025,20,Mexico City,Mexico City Grand Prix,COL,Franco Colapinto,Alpine,20.0,16.0,0.0,Lapped,True,4.0
2025,20,Mexico City,Mexico City Grand Prix,SAI,Carlos Sainz,Williams,12.0,17.0,0.0,Retired,True,-5.0
2025,20,Mexico City,Mexico City Grand Prix,ALO,Fernando Alonso,Aston Martin,14.0,18.0,0.0,Retired,True,-4.0
2025,20,Mexico City,Mexico City Grand Prix,HUL,Nico Hulkenberg,Kick Sauber,13.0,19.0,0.0,Retired,True,-6.0
2025,20,Mexico City,Mexico City Grand Prix,LAW,Liam Lawson,Racing Bulls,15.0,20.0,0.0,Retired,True,-5.0
2025,21,São Paulo,São Paulo Grand Prix,NOR,Lando Norris,McLaren,1.0,1.0,25.0,Finished,False,0.0
2025,21,São Paulo,São Paulo Grand Prix,ANT,Kimi Antonelli,Mercedes,2.0,2.0,18.0,Finished,False,0.0
2025,21,São Paulo,São Paulo Grand Prix,VER,Max Verstappen,Red Bull Racing,19.0,3.0,15.0,Finished,False,16.0
2025,21,São Paulo,São Paulo Grand Prix,RUS,George Russell,Mercedes,6.0,4.0,12.0,Finished,False,2.0
2025,21,São Paulo,São Paulo Grand Prix,PIA,Oscar Piastri,McLaren,4.0,5.0,10.0,Finished,False,-1.0
2025,21,São Paulo,São Paulo Grand Prix,BEA,Oliver Bearman,Haas F1 Team,8.0,6.0,8.0,Finished,False,2.0
2025,21,São Paulo,São Paulo Grand Prix,LAW,Liam Lawson,Racing Bulls,7.0,7.0,6.0,Finished,False,0.0
2025,21,São Paulo,São Paulo Grand Prix,HAD,Isack Hadjar,Racing Bulls,5.0,8.0,4.0,Finished,False,-3.0
2025,21,São Paulo,São Paulo Grand Prix,HUL,Nico Hulkenberg,Kick Sauber,10.0,9.0,2.0,Finished,False,1.0
2025,21,São Paulo,São Paulo Grand Prix,GAS,Pierre Gasly,Alpine,9.0,10.0,1.0,Finished,False,-1.0
2025,21,São Paulo,São Paulo Grand Prix,ALB,Alexander Albon,Williams,12.0,11.0,0.0,Finished,False,1.0
2025,21,São Paulo,São Paulo Grand Prix,OCO,Esteban Ocon,Haas F1 Team,20.0,12.0,0.0,Finished,False,8.0
2025,21,São Paulo,São Paulo Grand Prix,SAI,Carlos Sainz,Williams,15.0,13.0,0.0,Finished,False,2.0
2025,21,São Paulo,São Paulo Grand Prix,ALO,Fernando Alonso,Aston Martin,11.0,14.0,0.0,Finished,False,-3.0
2025,21,São Paulo,São Paulo Grand Prix,COL,Franco Colapinto,Alpine,16.0,15.0,0.0,Finished,False,1.0
2025,21,São Paulo,São Paulo Grand Prix,STR,Lance Stroll,Aston Martin,14.0,16.0,0.0,Finished,False,-2.0
2025,21,São Paulo,São Paulo Grand Prix,TSU,Yuki Tsunoda,Red Bull Racing,17.0,17.0,0.0,Finished,False,0.0
2025,21,São Paulo,São Paulo Grand Prix,HAM,Lewis Hamilton,Ferrari,13.0,18.0,0.0,Retired,True,-5.0
2025,21,São Paulo,São Paulo Grand Prix,LEC,Charles Leclerc,Ferrari,3.0,19.0,0.0,Retired,True,-16.0
2025,21,São Paulo,São Paulo Grand Prix,BOR,Gabriel Bortoleto,Kick Sauber,18.0,20.0,0.0,Retired,True,-2.0
2025,22,Las Vegas,Las Vegas Grand Prix,VER,Max Verstappen,Red Bull Racing,2.0,1.0,25.0,Finished,False,1.0
2025,22,Las Vegas,Las Vegas Grand Prix,RUS,George Russell,Mercedes,4.0,2.0,18.0,Finished,False,2.0
2025,22,Las Vegas,Las Vegas Grand Prix,ANT,Kimi Antonelli,Mercedes,17.0,3.0,15.0,Finished,False,14.0
2025,22,Las Vegas,Las Vegas Grand Prix,LEC,Charles Leclerc,Ferrari,9.0,4.0,12.0,Finished,False,5.0
2025,22,Las Vegas,Las Vegas Grand Prix,SAI,Carlos Sainz,Williams,3.0,5.0,10.0,Finished,False,-2.0
2025,22,Las Vegas,Las Vegas Grand Prix,HAD,Isack Hadjar,Racing Bulls,8.0,6.0,8.0,Finished,False,2.0
2025,22,Las Vegas,Las Vegas Grand Prix,HUL,Nico Hulkenberg,Kick Sauber,11.0,7.0,6.0,Finished,False,4.0
2025,22,Las Vegas,Las Vegas Grand Prix,HAM,Lewis Hamilton,Ferrari,19.0,8.0,4.0,Finished,False,11.0
2025,22,Las Vegas,Las Vegas Grand Prix,OCO,Esteban Ocon,Haas F1 Team,13.0,9.0,2.0,Finished,False,4.0
2025,22,Las Vegas,Las Vegas Grand Prix,BEA,Oliver Bearman,Haas F1 Team,14.0,10.0,1.0,Finished,False,4.0
2025,22,Las Vegas,Las Vegas Grand Prix,ALO,Fernando Alonso,Aston Martin,7.0,11.0,0.0,Finished,False,-4.0
2025,22,Las Vegas,Las Vegas Grand Prix,TSU,Yuki Tsunoda,Red Bull Racing,20.0,12.0,0.0,Finished,False,8.0
2025,22,Las Vegas,Las Vegas Grand Prix,GAS,Pierre Gasly,Alpine,10.0,13.0,0.0,Finished,False,-3.0
2025,22,Las Vegas,Las Vegas Grand Prix,LAW,Liam Lawson,Racing Bulls,6.0,14.0,0.0,Lapped,True,-8.0
2025,22,Las Vegas,Las Vegas Grand Prix,COL,Franco Colapinto,Alpine,15.0,15.0,0.0,Lapped,True,0.0
2025,22,Las Vegas,Las Vegas Grand Prix,ALB,Alexander Albon,Williams,16.0,16.0,0.0,Retired,True,0.0
2025,22,Las Vegas,Las Vegas Grand Prix,BOR,Gabriel Bortoleto,Kick Sauber,18.0,17.0,0.0,Retired,True,1.0
2025,22,Las Vegas,Las Vegas Grand Prix,STR,Lance Stroll,Aston Martin,12.0,18.0,0.0,Retired,True,-6.0
2025,22,Las Vegas,Las Vegas Grand Prix,NOR,Lando Norris,McLaren,1.0,19.0,0.0,Disqualified,True,-18.0
2025,22,Las Vegas,Las Vegas Grand Prix,PIA,Oscar Piastri,McLaren,5.0,20.0,0.0,Disqualified,True,-15.0
2025,23,Lusail,Qatar Grand Prix,VER,Max Verstappen,Red Bull Racing,3.0,1.0,25.0,Finished,False,2.0
2025,23,Lusail,Qatar Grand Prix,PIA,Oscar Piastri,McLaren,1.0,2.0,18.0,Finished,False,-1.0
2025,23,Lusail,Qatar Grand Prix,SAI,Carlos Sainz,Williams,7.0,3.0,15.0,Finished,False,4.0
2025,23,Lusail,Qatar Grand Prix,NOR,Lando Norris,McLaren,2.0,4.0,12.0,Finished,False,-2.0
2025,23,Lusail,Qatar Grand Prix,ANT,Kimi Antonelli,Mercedes,5.0,5.0,10.0,Finished,False,0.0
2025,23,Lusail,Qatar Grand Prix,RUS,George Russell,Mercedes,4.0,6.0,8.0,Finished,False,-2.0
2025,23,Lusail,Qatar Grand Prix,ALO,Fernando Alonso,Aston Martin,8.0,7.0,6.0,Finished,False,1.0
2025,23,Lusail,Qatar Grand Prix,LEC,Charles Leclerc,Ferrari,10.0,8.0,4.0,Finished,False,2.0
2025,23,Lusail,Qatar Grand Prix,LAW,Liam Lawson,Racing Bulls,12.0,9.0,2.0,Finished,False,3.0
2025,23,Lusail,Qatar Grand Prix,TSU,Yuki Tsunoda,Red Bull Racing,15.0,10.0,1.0,Finished,False,5.0
2025,23,Lusail,Qatar Grand Prix,ALB,Alexander Albon,Williams,14.0,11.0,0.0,Finished,False,3.0
2025,23,Lusail,Qatar Grand Prix,HAM,Lewis Hamilton,Ferrari,17.0,12.0,0.0,Finished,False,5.0
2025,23,Lusail,Qatar Grand Prix,BOR,Gabriel Bortoleto,Kick Sauber,19.0,13.0,0.0,Finished,False,6.0
2025,23,Lusail,Qatar Grand Prix,COL,Franco Colapinto,Alpine,20.0,14.0,0.0,Lapped,True,6.0
2025,23,Lusail,Qatar Grand Prix,OCO,Esteban Ocon,Haas F1 Team,16.0,15.0,0.0,Lapped,True,1.0
2025,23,Lusail,Qatar Grand Prix,GAS,Pierre Gasly,Alpine,9.0,16.0,0.0,Lapped,True,-7.0
2025,23,Lusail,Qatar Grand Prix,STR,Lance Stroll,Aston Martin,18.0,17.0,0.0,Retired,True,1.0
2025,23,Lusail,Qatar Grand Prix,HAD,Isack Hadjar,Racing Bulls,6.0,18.0,0.0,Retired,True,-12.0
2025,23,Lusail,Qatar Grand Prix,BEA,Oliver Bearman,Haas F1 Team,13.0,19.0,0.0,Retired,True,-6.0
2025,23,Lusail,Qatar Grand Prix,HUL,Nico Hulkenberg,Kick Sauber,11.0,20.0,0.0,Retired,True,-9.0
2025,24,Yas Island,Abu Dhabi Grand Prix,VER,Max Verstappen,Red Bull Racing,1.0,1.0,25.0,Finished,False,0.0
2025,24,Yas Island,Abu Dhabi Grand Prix,PIA,Oscar Piastri,McLaren,3.0,2.0,18.0,Finished,False,1.0
2025,24,Yas Island,Abu Dhabi Grand Prix,NOR,Lando Norris,McLaren,2.0,3.0,15.0,Finished,False,-1.0
2025,24,Yas Island,Abu Dhabi Grand Prix,LEC,Charles Leclerc,Ferrari,5.0,4.0,12.0,Finished,False,1.0
2025,24,Yas Island,Abu Dhabi Grand Prix,RUS,George Russell,Mercedes,4.0,5.0,10.0,Finished,False,-1.0
2025,24,Yas Island,Abu Dhabi Grand Prix,ALO,Fernando Alonso,Aston Martin,6.0,6.0,8.0,Finished,False,0.0
2025,24,Yas Island,Abu Dhabi Grand Prix,OCO,Esteban Ocon,Haas F1 Team,8.0,7.0,6.0,Finished,False,1.0
2025,24,Yas Island,Abu Dhabi Grand Prix,HAM,Lewis Hamilton,Ferrari,16.0,8.0,4.0,Finished,False,8.0
2025,24,Yas Island,Abu Dhabi Grand Prix,HUL,Nico Hulkenberg,Kick Sauber,18.0,9.0,2.0,Finished,False,9.0
2025,24,Yas Island,Abu Dhabi Grand Prix,STR,Lance Stroll,Aston Martin,15.0,10.0,1.0,Finished,False,5.0
2025,24,Yas Island,Abu Dhabi Grand Prix,BOR,Gabriel Bortoleto,Kick Sauber,7.0,11.0,0.0,Finished,False,-4.0
2025,24,Yas Island,Abu Dhabi Grand Prix,BEA,Oliver Bearman,Haas F1 Team,11.0,12.0,0.0,Finished,False,-1.0
2025,24,Yas Island,Abu Dhabi Grand Prix,SAI,Carlos Sainz,Williams,12.0,13.0,0.0,Finished,False,-1.0
2025,24,Yas Island,Abu Dhabi Grand Prix,TSU,Yuki Tsunoda,Red Bull Racing,10.0,14.0,0.0,Finished,False,-4.0
2025,24,Yas Island,Abu Dhabi Grand Prix,ANT,Kimi Antonelli,Mercedes,14.0,15.0,0.0,Finished,False,-1.0
2025,24,Yas Island,Abu Dhabi Grand Prix,ALB,Alexander Albon,Williams,17.0,16.0,0.0,Finished,False,1.0
2025,24,Yas Island,Abu Dhabi Grand Prix,HAD,Isack Hadjar,Racing Bulls,9.0,17.0,0.0,Lapped,True,-8.0
2025,24,Yas Island,Abu Dhabi Grand Prix,LAW,Liam Lawson,Racing Bulls,13.0,18.0,0.0,Lapped,True,-5.0
2025,24,Yas Island,Abu Dhabi Grand Prix,GAS,Pierre Gasly,Alpine,19.0,19.0,0.0,Lapped,True,0.0
2025,24,Yas Island,Abu Dhabi Grand Prix,COL,Franco Colapinto,Alpine,20.0,20.0,0.0,Lapped,True,0.0
